:020000040800F2
:100000000010001085FA000845EB00084DEB0008D1
:100010004FEB000851EB000853EB00080000000014
:1000200000000000000000000000000055EB000888
:1000300057EB00080000000059EB00085BEB0008DC
:1000400001FC000805FC000809FC00080DFC000884
:1000500011FC000815FC000819FC00081DFC000834
:1000600021FC000825FC000829FC00082DFC0008E4
:1000700031FC000835FC000839FC00083DFC000894
:1000800041FC000845FC000849FC00084DFC000844
:1000900051FC000855FC000859FC00085DFC0008F4
:1000A00061FC000865FC000869FC00086DFC0008A4
:1000B00071FC000875FC000879FC00087DFC000854
:1000C00081FC000885FC000889FC00088DFC000804
:1000D00091FC000895FC000899FC00089DFC0008B4
:1000E000A1FC0008A5FC0008A9FC0008ADFC000864
:1000F000B1FC0008B5FC0008B9FC0008BDFC000814
:10010000C1FC0008C5FC0008C9FC0008CDFC0008C3
:10011000D1FC0008D5FC0008D9FC0008DDFC000873
:10012000E1FC0008E5FC0008E9FC0008EDFC000823
:10013000F1FC000843B70008F5FC0008F9FC0008D2
:10014000FDFC000801FD000805FD000809FD000890
:100150000DFD000811FD000815FD000819FD00083F
:100160001DFD000821FD000825FD000829FD0008EF
:100170002DFD000831FD000835FD000800000000DD
:1001800039FD00083DFD00082DE9FE4F0500002D5A
:1001900008D1DFF87C3C8322DFF8D417DFF8D407DE
:1001A00001F03AFDDFF86C6C6868306068891428EB
:1001B00004DA280001F097FFBDE8F78FDFF8B87781
:1001C0003968786902F0AEF9002804D1387D10F062
:1001D000F000E02800D1ECE73068808902F01BFADB
:1001E00080B2000B81000800C0B2142805DB28890A
:1001F0000A00D2B292B2904200D2DAE7DFF87C472E
:100200000800C0B214382080DFF874870020C8F8D6
:10021000000068890A00D2B292B2904208D32088C6
:10022000DFF860271080C9B2280001F00FFF46E018
:100230002868002808D1DFF8D83BC222DFF8481729
:10024000DFF8300701F0E8FC1421280001F0FEFE81
:10025000DFF8300769890180218804880C1B018838
:10026000280001F0F3FE28684089210089B2884205
:100270009FD328684068C8F80000210089B2286828
:1002800001F0E4FE2889041B2C816889002808D02D
:10029000DFF87C3BDF22DFF8F416DFF8D80601F048
:1002A000BBFC288929680989884208D0DFF8603BAF
:1002B000E022DFF8DC16DFF8BC0601F0ADFC3068A8
:1002C000008802F0A8F9316808803068408802F0A0
:1002D000A2F9316848803168486802F0A4F93168B1
:1002E0004860DFF84C1C08603168886802F09BF9B0
:1002F00031688860DFF83C8CC8F800003068C0893D
:1003000002F089F93168C8813068808902F083F988
:1003100010F03F00DFF87C160870DFF81C9C28897D
:10032000A9F80000DFF86C06007810F0030F0AD07F
:10033000B9F80000401CA9F80000B9F800002989AC
:100340008842FFF436AF5FF0000BDFF8F0ABDAF86D
:10035000004001E0A346E468002C67D0207D00281F
:1003600008D1DFF8AC3AFB22DFF82C16DFF80406E0
:1003700001F052FC207D0A2808D1DFF8943AFC22D3
:10038000DFF81816DFF8EC0501F046FC207D0128A7
:1003900008D1DFF87C3AFD22DFF8A41BDFF8D40592
:1003A00001F03AFC207A002809D0207A796891F887
:1003B0003410491CC9B2884201D0A346CBE7208B38
:1003C000316809888842C5D1E08A31684988884205
:1003D000C0D1606839698842BCD120687969884297
:1003E000B8D1E068A04209D1DFF8243A40F20D12FA
:1003F000DFF8501BDFF87C0501F00EFCBBF1000FAD
:1004000007D0E068CBF80C00DAF80000E060CAF82A
:100410000040E068A04209D1DFF8F43940F215123B
:10042000DFF8C41BDFF84C0501F0F6FB002C71D19E
:10043000DFF8B80B046808E0207A796891F8341086
:10044000491CC9B2884212D0E468002C28D0207D13
:100450000A2809D0DFF8B83940F21F12DFF8901BE4
:10046000DFF8100501F0D8FB207A0028E4D1208BBA
:10047000316809888842E7D1E08A31684988884232
:10048000E2D1606839698842DED1206879698842A2
:10049000DAD1200000F01BFA280001F024FE8BE6E0
:1004A0000022DFF8503B186806E0002823D00168DE
:1004B000002920D00200C06800281CD0017A002941
:1004C0000CD0017AD7F804C09CF834C01CF1010CA0
:1004D0005FFA8CFC614501D00200ECE7C18AD6F8D6
:1004E00000C0BCF802C06145E4D10168D7F814C06F
:1004F0006145DAD1FFE700280CD0002A04D0C1689A
:10050000D1601968C160186000F043F9280001F05B
:10051000EAFD51E6002C00F0F080DFF88C7B002033
:100520003860288938817D603068F860DFF87C6B3E
:1005300000203060DFF8788B002088F80000DFF8BA
:1005400074BB0020ABF80000DFF848040078000717
:1005500003D5687B50F001006873A06F002813D0AA
:10056000200002F0D8FD10F10D0F06D0A06F00287A
:100570000AD0B9F80000002806D0608D002802D10A
:10058000200003F0F3FFA9E0DFF82C5B2C602000D3
:1005900000F006FA40B210F10D0F00F09F8098F8BD
:1005A0000000000711D5D4F89000002805D07FF096
:1005B0000D012069D4F8902090472100504602F0A8
:1005C00093FF200002F065F888E00020BBF80000EF
:1005D000002815D0BBF80020D4F88000002806D0F1
:1005E00092B221002069D4F88030984700E00020C2
:1005F0007FF00C0140B2884270D00020ABF80000C0
:10060000200000F09BF8002868D13068002833D023
:10061000A06F002809D0DFF8F8374FF4F372DFF845
:100620009C1ADFF8500301F0F7FAA07EC00606D549
:10063000306801F058FD200002F032FA4EE0D4F8A4
:100640008400002807D00023326821002069D4F8F4
:1006500084C0E04705E0002332682100002002F05A
:10066000EBFD01007FF00C0249B2914236D040B25E
:10067000002801D03068A06798F80000800608D5EF
:10068000A06F00280DD0A06F407B50F02000A16F1C
:10069000487300202860200000F050F800281AD08D
:1006A0001CE0208DB0F5066F02D0208D401C208507
:1006B000D4F88400002807D00023002221002069FC
:1006C000D4F884C0E04700E000207FF00C0140B285
:1006D0008842DED102E0200003F0DEFA0020DFF8DD
:1006E000D8190860002030607868002825D0786824
:1006F00001F0F9FC002078601FE03068808901F08B
:100700008AFF400716D4306800880290306840881D
:10071000019017F11000009017F11403DFF8100892
:100720000068B9F8001010FA81F2D8F80010002023
:1007300003F0D1FE280001F0D6FC3DE510B5040021
:10074000002C08D1DFF8C83640F25A22DFF87019C1
:10075000884801F061FADFF858090078C00616D51C
:10076000A07EC00609D4D4F89000002805D07FF000
:100770000E012069D4F8902090472100DFF8BC07D3
:1007800002F0B2FE200001F084FF012000E0002012
:1007900010BDFEB505007F4C2078400700F1968023
:1007A000002D08D1DFF8683640F28122DFF81419F5
:1007B000704801F031FA2078C0061BD56E48DFF88A
:1007C00054160A681288029209684988019110F14A
:1007D0001001009110F11403DFF854070068DFF8EE
:1007E000581709884218DFF84C070168280003F001
:1007F00072FE6BE02078800768D5687D02F0D6FD38
:100800000400002C0CD1A869002806D05FF0FF324C
:1008100000212869AB69984701E07FF00F0055E09F
:1008200055484169216000696060E88AE082DFF82C
:10083000E46530680088208303202075DFF8F076B7
:100840003868401C6062606AE062200002F0B0FE1E
:10085000A06520656064E0653868401E60652869B1
:100860002061E567687A10F00C006072287A2072C7
:10087000DFF8C8060168E160046003F0CCFF0120E6
:10088000DFF844180870200001F038F93068C0899A
:10089000A4F86000B4F86000A4F86200201D04F021
:1008A0008BF80100221D608E02F09CFE60861221F2
:1008B000200003F02DF940B2002804D000212000D0
:1008C00002F067F802E0200003F0E6F9F7BD3EB55C
:1008D0000400304D2878400748D4002C08D1DFF8B8
:1008E000303540F2EE22DFF8E417224801F094F9A7
:1008F0002878800727D5DFF838160A68606A121A48
:10090000002A27D40A68606A121A208D121A012A56
:1009100020DA1948DFF8FC2413681B880293126858
:100920005288019210F11002009210F1140308682D
:10093000DFF8041609884218DFF8F805016820007E
:1009400003F0C9FD12E02878C00703D5DFF880075F
:1009500000682062DFF8E0050088002806D0608B80
:1009600050F002006083200003F096F937BD0000CC
:1009700048F600083CE40008E8830020D484002006
:10098000A8840020D684002024FA0008A0FB0008D8
:10099000A8ED0008E784002064E4000874DF000884
:1009A0007FB5050000240020002D09D1DFF8603458
:1009B0004FF44772DFF81C17DFF81C0701F02CF921
:1009C000DFF8246A3078400742D5287D022807D115
:1009D000DFF860050068296D884219D1012417E00D
:1009E000DFF84C1508686A6A904201D101240FE0D3
:1009F0000A68686A121A002A0AD40968686A091A19
:100A0000288D091A012903DA688B50F002006883E7
:100A1000E4B2002C1AD0287D002809D1DFF8F03389
:100A20004FF44E72DFF8B416DFF8AC0601F0F4F8BC
:100A3000DFF87C06017851F008010170698B4FF6F0
:100A4000FE70014069837FF00D006EE200206CE2D1
:100A5000307880070BD5287D022808D0287D032810
:100A600005D0688B50F00200688300205DE2A87E0C
:100A7000C00603D4DFF8580600682862002085F815
:100A80009B00002085F89A00280001F037F8287DA7
:100A9000022814D0C0F04882042800F07081C0F011
:100AA000D280062800F0CD81C0F07881082800F0BF
:100AB000F681C0F06481092800F0228234E23078A7
:100AC00010F01200122840F09680DFF868140868D1
:100AD0006A6C521C904240F08E80DFF85404026829
:100AE000521C6A626A6AEA6209686964DFF8241360
:100AF0000968C989A5F86010B5F86010A5F86210FA
:100B00000068401E686504202875281D03F054FF06
:100B100001002A1D688E02F065FD688641F21D10F5
:100B2000698E4900814202D3698E490001E041F299
:100B30001C116A8E92008A4203D2688E80B28000B5
:100B400009E0698E4900814203D3688E80B240007B
:100B500001E041F21C10A5F84800B5F86600002835
:100B600008D1AB4B4FF45B72DFF87415DFF8680502
:100B700001F052F8B5F86600401EA5F866002C6F2B
:100B8000002C0ED1EC6E002C08D1A14B4FF45D72FD
:100B9000DFF85015DFF8400501F03EF82068E86600
:100BA00001E020682867200002F016FB286F00286B
:100BB00003D15FF0FF30288604E000202886002063
:100BC00085F84200D5F88800002807D000222900C7
:100BD0002869D5F888309847010000E000217FF0AF
:100BE0000C00020049B2914200F09F81688B50F0E6
:100BF0000200688326E03078C00623D5DFF8E804D9
:100C000084490A681288029209684988019110F1A2
:100C10001001009110F11403DFF814030068DFF8ED
:100C2000181309884218DFF80C030168280003F044
:100C300052FC95F84200062804DA00202886280095
:100C400003F0B0FA70E13078C00640F18B80B9490A
:100C50000A68686C121A521E002A6BD40A68286D42
:100C6000121A012A66DA04202875E86F002802D1DA
:100C70007FF005011AE0E86F8069002808D1644B15
:100C80004FF46A72DFF86414DFF84C0400F0C4FF1C
:100C9000E86F8069002807D0002229002869EB6FDF
:100CA0009B699847010001E07FF00F01080040B206
:100CB000002809D049B211F10D0F02D0280001F02F
:100CC000EFFE7FF00C0030E1280000F011FADFF8B1
:100CD000E4130888002802D00888401E088041F2EA
:100CE0001D10698E4900814202D3698E490001E0DE
:100CF00041F21C116A8E92008A4203D2688E80B241
:100D0000800009E0698E4900814203D3688E80B279
:100D1000400001E041F21C10A5F84800DFF8900304
:100D2000007880062AD5688B50F00200688307207F
:100D3000287523E0DFF8B003364A13681B88029356
:100D400012685288019210F11002009210F11403FF
:100D500077480068784A128882180968280003F0EA
:100D6000BAFB0BE03078800708D571480068696AE3
:100D7000491E884202D1280003F02CFAD4E0280052
:100D800000F0B6F9DFF828030078800605D5688BF7
:100D900050F00200688307202875C5E0280000F0A5
:100DA000A7F9C348007880063DD53078C00633D512
:100DB00060480068296D88422ED1E86E00282BD14A
:100DC000688B50F002006883280002F051FB5B48FA
:100DD0000168A94203D10168C968016009E000689F
:100DE00000E0C068002804D0C168A942F9D1E968D0
:100DF000C1600020E8600120B34908700A2028750E
:100E00007A480168E960056003F005FD18E000BF5D
:100E100054D40008A4840020688B50F0020068833A
:100E2000082028750CE03078C00609D541480068D4
:100E3000296D884204D1E86E002801D1062028756A
:100E400072E0280000F054F999480078800625D512
:100E5000688B50F002006883280002F009FB3748D5
:100E60000168A94203D10168C968016009E000680E
:100E700000E0C068002804D0C168A942F9D1E9683F
:100E8000C1600020E86001208F4908700A202875A1
:100E900056480168E960056003F0BDFC44E02800A5
:100EA00000F026F93078C00629D522480068296D5F
:100EB000884224D1E86E002821D1280002F0D8FA17
:100EC0001E480168A94203D10168C968016009E0B0
:100ED000006800E0C068002804D0C168A942F9D1C8
:100EE000E968C1600020E8600120774908700A20A5
:100EF00028753E480168E960056003F08CFC13E04A
:100F0000280000F0F5F83078C0060CD509480068D4
:100F1000296D884207D1E86E002804D16448017821
:100F200051F010010170FFE7002004B070BD000017
:100F3000AC840020B0840020DC8400209C8400204D
:100F40008CE40008A0DF000838B505000C00002D77
:100F500008D1DFF8503C40F21F42DFF89C1B5E488E
:100F600000F05AFEE868808901F055FBC00716D5ED
:100F7000200002F028F9002434E0E068808901F0C4
:100F80004AFBC00707D5012001F045FBE9688989C4
:100F90000843E96888812000246802F01DF9002CCC
:100FA0000BD0E0684168DFF8000C00682A898018DF
:100FB000411A2089091A0029DFD5002C12D0E068D7
:100FC0004168DFF8E40B02682B89D218511A012915
:100FD00008DBE26851680068091A29812989686874
:100FE00000F093FF2C6031BDCCDF0008A08400200E
:100FF00058DD0008988400202DE9F04106000C001F
:101000001D0033E027002468786801F0D9F8804695
:10101000B6F86600414689B2884208D2DFF8843BC0
:1010200040F25742DFF8841B2B4800F0F5FDB6F87C
:101030006600B0EB0808A6F866801E490A88388961
:1010400082180A80380002F0C7F8B6F86600002857
:101050000CD0002C0AD1002D08D1DFF8483B40F21B
:101060006242DFF84C1B1C4800F0D6FD002C17D064
:10107000E168486801F0D7FA0700E068808901F06C
:10108000CAFA10F0030F01D0012100E000212089ED
:1010900038180918DFF81C0B0068091A0129B1DBA0
:1010A0002000BDE8F081000024840020B4840020EA
:1010B000E8840020DA840020B8840020F0F20008E0
:1010C000B4E40008C8ED0008E4840020E8ED00085E
:1010D000908400200CF300083CE4000808EE0008AF
:1010E00060F60008DCF80008E883002028EE00081D
:1010F0002DE9F84306000024002E09D1DFF8A43AB8
:1011000040F27B42DFF8B01ADFF8B00A00F084FD4D
:10111000307D042809DADFF88C3A40F27C42DFF8AF
:10112000A01ADFF8980A00F077FDAF480078C006F3
:1011300040F19B81B6F86000B16D0918DFF8682AAC
:10114000736D10681B1A002B18D4706D13689842C9
:1011500006D1B36DDFF85C0A00681B1A002B0DD4B2
:10116000B06DDFF8503A1B6898421DD1B6F86000A8
:10117000DFF8503A1B68DB89984215D2DFF8440A41
:101180000068C089A6F86000B6F86200B6F8603062
:10119000984203D2B6F86000A6F862001068706545
:1011A000DFF8100A0068B065DFF8085A2A68706C2A
:1011B000121A012A46DADFF8100A008800283AD10C
:1011C000B06DB6F860208018884234D1B6F930008E
:1011D000002830D4706C296888422CD1012496F8FC
:1011E000430096F84310491CC9B2884204D296F8CD
:1011F0004300401C86F8430096F84300042813DBA4
:10120000B6F84810708E4118B6F8480089B281428D
:1012100006D3B6F84810708E4118A6F8481003E0BF
:101220004FF6FF70A6F8480096F84300032802DB4B
:10123000300003F019F8002C40F0EA80002086F816
:101240004300E5E02968706C091A491E002900F185
:10125000DC802968306D091A012980F2D680B07EC1
:1012600040070BD5718B4FF6FB7001407183B6F8C8
:101270004A00A6F848000020A6F86A00002086F878
:101280004200B6F93C00C010B6F93E104018A6F86E
:1012900040002868716C411A002086F843002868D5
:1012A0007064307D04285EDBB6F84800B6F84A204A
:1012B000904225D2708B000501D5012200E0022268
:1012C0000B001400E4B2708E44439BB2A4B2A3425C
:1012D00003D3D2B2708E12FB00F1B6F848000818A2
:1012E000B6F8482080B2904205D3B6F848000918F5
:1012F000A6F8481003E04FF6FF70A6F8480032E069
:10130000B6F86A000818B6F86A2080B2904205D391
:10131000B6F86A000918A6F86A1003E04FF6FF70E5
:10132000A6F86A00B6F86A00B6F8481088421AD3E0
:10133000B6F86A10B6F84800091AA6F86A10B6F8A6
:101340004810708E4118B6F8480089B2814206D321
:10135000B6F84810708E4118A6F8481003E04FF612
:10136000FF70A6F84800F36EDFF86028316F300098
:10137000FFF742FE3067336FDFF85428F16E30001C
:10138000FFF73AFEF066306F002803D15FF0FF30C0
:10139000308601E00020308600203077F06E002893
:1013A00002D10020A6F86800B6F86410DFF824081F
:1013B00000884118A6F86410708B000528D5306F9E
:1013C000002813D1F06E002808D0F06EC16848687C
:1013D00001F029F9F16C081A012819DA718B4FF222
:1013E000FF700140718313E0E7840020306FC16813
:1013F000486801F018F9F16C081A012808DA718BB5
:101400004FF2FF700140718302E0300003F0AEF84C
:10141000706B002829D0B16B2868091A002924D5DF
:10142000DFF8B4070168706B081A00B2B6F93C1017
:10143000B0EBE100B18F4118B187010009B200297A
:1014400001D500B2404200B2B6F93E10B0EBA100A7
:10145000F18F4018F087B6F93C00C010B6F93E1085
:101460004018A6F8400000207063DFF85C87B8F8E9
:101470000000002800F00E83307D072880F20A83E8
:10148000DFF82477716A3868091A491E00295CD48C
:10149000716A3868091AB8F80000091A491C01294C
:1014A00053DADFF838476568706AD7F80090B0EB18
:1014B00009096068002809D1DFF8E83640F2945243
:1014C000DFF81C17DFF8F40600F0A6FB4FF6FF70FC
:1014D000814509D3DFF8CC3640F29552DFF8041786
:1014E000DFF8D80600F098FB60680089494689B2A9
:1014F000884209D2DFF8AC3640F29752DFF8E8169E
:10150000DFF8B80600F088FB2089B0EB09002081E5
:1015100060680189B1EB090106E06889B9EB00094F
:101520002981002068812D6868894A4692B29042DC
:10153000F3D31FFA89F94946280000F087FD706A45
:101540003860E0683968416008E03968706A091AF3
:10155000002903D5708B50F0020070833968706ADF
:10156000091A002900F192823968706A091A308DCF
:10157000091A491C012980F28982706A39688842F7
:1015800040F09D81DFF85456E868808901F043F807
:1015900010F0030F01D0012000E00020298940183D
:1015A000A8F80000308DB8F80010884247D2E868EB
:1015B000808901F030F8C00710D5E868808901F013
:1015C0002AF8C0B210F03E0001F025F8E9688A89D7
:1015D0004CF2FF010A401043E9688881308D288170
:1015E000E868808901F017F8800702D52889401E35
:1015F00028812989686800F088FCE868808901F002
:101600000AF810F0030F01D0012000E00020298922
:101610004018A8F800003868B8F8001010FA81F0F7
:10162000716A328D8918884209D0DFF8783540F226
:10163000CC52DFF8B815DFF8840500F0EDFA706FD2
:10164000002800F08680E868808900F0E4FFC00789
:1016500009D5706F00287CD0706F716F0968716751
:1016600001F0BAFDF5E7746F25E000201BE0E068AB
:10167000808900F0D0FFC00719D5E868808900F0A4
:10168000CAFF800713D4012000F0C5FFE9688989EB
:101690000843E9688881E868808900F0BCFF10F0A1
:1016A000030FE2D0012029894018A8F8000020008B
:1016B000246801F091FD002C0BD0E0684168386887
:1016C000B8F8002010FA82F0411A2089091A00297E
:1016D000CDD5002C3CD0E16848683968B8F80020C6
:1016E00011FA82F1081A012832DBE0684168386893
:1016F000091A2981E868808900F08DFF800702D5EA
:101700002889401E28812989686800F0FEFBE86866
:10171000808900F080FF10F0030F01D0012000E06D
:10172000002029894018A8F80000E1684868396855
:10173000B8F8002011FA82F1814209D0DFF8643450
:1017400040F2FD52DFF8A814DFF8700400F064FAEC
:1017500074673868B8F8001010FA81F07062308D44
:10176000B8F80010884209D2DFF8383440F2076236
:10177000DFF88014DFF8440400F04EFA318DB8F839
:101780000000091A3185300001F08FF9686800897E
:10179000002805D06868DFF86014086000206860E1
:1017A000E868808900F037FFC00737D5DFF84C04C0
:1017B000017851F02001017030E06068106015E0A0
:1017C0000021328D2089121A511A3185300001F022
:1017D0006CF96068008900280AD0DFF81C241068C2
:1017E0000028EAD06168106800F007FD0020606002
:1017F000E068808900F00FFFC0070AD5DFF8FC031E
:10180000017851F020010170307D042801D10720BA
:10181000307520687067200001F0DEFC706F0028D2
:101820003BD0706FC1684868716A884235D1746F67
:10183000706FC16848683860E068808900F0EBFE2E
:1018400010F0030F01D0012000E00020716A22890E
:10185000801841187162E068808900F0DCFE10F0A9
:10186000030F01D0012000E00020318D2289801873
:10187000814209D2DFF82C3340F22C62DFF880136A
:10188000DFF8380300F0C8F9E068808900F0C3FE93
:1018900010F0030F94D0012193E7B07EC00709D563
:1018A000718B4FF6FE7001407183708B50F0020017
:1018B000708303E0708B50F001007083FCE0706F68
:1018C000002805D1DFF8140301F095FC7067D9E01A
:1018D0000024756F0AE02C002868002805D1E9680B
:1018E00048683968081A01285ADA2D68002D00F076
:1018F000C980E96848683968814211D0002C22D13A
:10190000E96848683968081A0028E4D5B34801F046
:1019100072FC002803D070672900FFF715FBB1E0C7
:10192000AE482989028991420CD201F064FC00285A
:1019300007D0002C01D0206000E070672900FFF77D
:1019400003FB9FE09EE0E16848683968081A401E82
:101950000028C0D4E96848683968081A401C012882
:10196000B9DA9E4801F047FC8046B8F1000F16D066
:10197000E1684868218941183868091A012908DB9B
:10198000E16848683968081A20812189606800F098
:10199000BCFAC4F8008029004046FFF7D5FA71E090
:1019A000E868808900F037FEC0076BD48B4801F0EF
:1019B00022FC28602868002864D0E96848682989E2
:1019C00041183868091A012908DBE968486839684C
:1019D000081A28812989686800F097FAB8F8000089
:1019E000396811FA80F1706A091A308D091A0129D3
:1019F00048DB2868C068808900F00DFEC00713D559
:101A00002868C068808900F006FEC0B210F03E0071
:101A100000F001FE2968C9688A894CF2FF010A407A
:101A200010432968C9688881716A308D4118386807
:101A3000091A28680181286801892868406800F02F
:101A400064FA2868C068808900F0E5FD10F0030F93
:101A500001D0012000E00020296809894018A8F879
:101A600000003868B8F8001010FA81F0716A328D01
:101A70008918884206D04B4B40F2F9625B494F48C7
:101A800000F0CAF8300002F071FD15E0300002F0FD
:101A90006DFD11E044490A68706A121A002A07D4E1
:101AA0000968706A091A308D091A491C012903DB7B
:101AB000708B50F002007083BDE8F18310B4514880
:101AC00001880288521C02804F4A1068002805D005
:101AD0004E480B0004889BB2A34205D239480068E7
:101AE000143089B2405C04E00088091A1068C9B259
:101AF000405C10BC70470000DCE40008F8B504004E
:101B0000002C06D1274B40F27D7241492B4800F052
:101B100083F8404D288800283DD03A4E0020308080
:101B2000FFE730882988884235D2FFF7C7FFC0B267
:101B300000280ED002280DD0F3D3FFF7BFFF01001D
:101B4000C9B2022926DB3188C0B2801E411831801B
:101B5000E7E720E0FFF7B2FF042804D128883188A6
:101B6000891C884200DA16E0FFF7A8FF07003F0251
:101B7000FFF7A4FF0743380080B240F219218842E2
:101B800003DA380080B2002802D14FF40677FFE76D
:101B90006786C6E7FFE7F1BD1848017851F01001EC
:101BA0000170704754D40008AC84002004E500089C
:101BB00048EE0008B084002028F300083CE4000848
:101BC00044F30008A4840020DC840020E4FB000827
:101BD000ECFB0008DA84002090840020248400209C
:101BE00034FA000844FA000854FA000868D90008DA
:101BF000D8D7000868EE0008B4840020E8840020EC
:101C00002CE50008D8840020A8840020D684002079
:101C100060F30008D48400200EB4C0B5024603A8C7
:101C200000210190009101AB0121044878440C305F
:101C300003F0B6F806BC5DF810FB00BF15DB000032
:101C400080B50020DFF82C180870DFF868080068FD
:101C500000E0C068002805D0416F0029F9D001F0EC
:101C60006FFDFFE701BD0120DFF80818087070471D
:101C700070B4BDF90C50049C0026066041600281DE
:101C8000438105734473012181730021C17370BCCA
:101C900070472DE9FC470E009046C0B20500404653
:101CA00000B2012808D0412806D0B0F5C17F0ED07F
:101CB000B0F5207F7BD0C8E0424612B2310089B235
:101CC000002000F0CEF804002000BDE8F6870024D4
:101CD0005FF000093700082003F0ABFF0600002E7C
:101CE00045D039002A0092B2D21C4FF6FC70024057
:101CF000D2F5147289B292B2914241D2BA46002012
:101D00000190404600B2009053469BB23A0092B216
:101D1000280080B2304410F11001C91C89088900E4
:101D20003000FFF7A5FF307910F0030F09D0DFF87E
:101D3000883740F20112DFF88417DFF88407FFF7D5
:101D40006BFFADB2ED1CAD08AD00D5F51475002DDF
:101D500009D1DFF8643740F20312DFF86817DFF8C3
:101D60006007FFF759FF002C16D1340016E0FFF78B
:101D70007AFF002C02D0200000F0B5F90020A4E783
:101D8000AA461FFA8AFA1AF1030A4FF6FC7010EA03
:101D90000A0ADAF5147AB2E7C9F80060B146B7EB7F
:101DA0000A070025380080B2002894D18CE729006A
:101DB00089B2C91C4FF6FC700140320092B2D21CAD
:101DC0004FF6FC700240511811F1100089B2320038
:101DD00092B2D21C92089200914208D3010089B2BB
:101DE000320092B2D21C92089200914201D200209D
:101DF0006BE780B204F069F90400002C01D10020E7
:101E000063E7002001900FFA88F8CDF800803300D6
:101E10009BB2320092B2ADB204EB050010F110019A
:101E2000C91C890889002000FFF722FF207910F0E3
:101E3000030F09D0DFF8803640F22312DFF888164E
:101E4000DFF87C06FFF7E8FE3EE7DFF86C3640F28D
:101E50002712DFF87816DFF86806FFF7DDFE0020AE
:101E600033E7FEB505000E001700380000B2412828
:101E70000DD0380000B2012809D0DFF83C364FF40D
:101E8000A572DFF84C16DFF83806FFF7C5FE07200D
:101E900003F0CFFE0400002C01D100200CE0002054
:101EA00001903FB2009733009BB2320092B22900FA
:101EB0002000FFF7DDFE2000FEBD3EB51C00079BA5
:101EC000C0B29BB20500ADB2ED1CAD08AD0015FA75
:101ED00081F5AB4201D2002016E0069B002B05D015
:101EE00080B2C01C80088000184400E0002002235B
:101EF000019312B200920B009BB20A0092B2010051
:101F00002000FFF7B5FE20003EBD70B504000D00B7
:101F1000002C09D1DFF8A0354FF4CC72DFF8B415EE
:101F2000DFF89C05FFF778FE2800218980B28842FF
:101F300044D22689761B11E060892D1A2089801BE6
:101F400020812468002C09D1DFF86C3540F2AF12F3
:101F5000DFF88415DFF86805FFF75EFE6089290069
:101F600089B28842E8D3207B10F00F0F1BD12800E4
:101F7000618980B2884216D0607B800713D4616883
:101F8000091B691889B2200003F0E1FF0400002C4E
:101F900009D1DFF8243540F2BD12DFF84015DFF833
:101FA0002005FFF739FE65816089208120680028BF
:101FB00002D0206800F097F80020206070BD70B556
:101FC00004000D001600002C09D1DFF8EC3440F2BB
:101FD000DF12DFF80C15DFF8E804FFF71DFE002C18
:101FE00002D0B5F5803F01D3012027E0002D01D1BB
:101FF000002023E02900208940180A0080B292B214
:10200000904201D2012019E0207B000608D56068CB
:102010006D42284414F11002904207D201200DE0D5
:10202000F6B2002E0BD060686D4228446060608973
:1020300008186081208909182181002070BD0120C5
:10204000FCE780B50022FFF7BAFF02BD38B50400F7
:102050000D00002C09D1DFF8603440F24B22DFF88C
:102060008014DFF85C04FFF7D7FD002C02D0B5F533
:10207000803F01D3012020E0002D01D100201CE091
:10208000290060890A0092B290420BD2DFF828340E
:1020900040F25522DFF84C14DFF82404FFF7BCFDB2
:1020A00001200AE060686068284460606089401A26
:1020B00060812089411A2181002032BD80B50B004A
:1020C0001BB2002B04D509B24942FFF7BFFF03E062
:1020D000D2B209B2FFF773FF02BD80B5012209B287
:1020E000FFF7ECFF02BDF8B50400002C0DD1002C69
:1020F00009D1DFF8C4334FF43772DFF8E413DFF8A7
:10210000C003FFF789FD002059E000250BE0DFF850
:10211000A83340F20F32DFF8D013DFF8A403FFF743
:102120007BFD6D1C3400002C47D0A07B002809D11A
:10213000DFF8843340F2F122DFF8B013DFF88003D8
:10214000FFF76AFDA07B401EA073A07BC0B20028F1
:1021500031D12668207B10F00F00617B890711D5F3
:1021600027003869002809D1DFF84C3340F2FF22FC
:10217000DFF87C13DFF84803FFF74EFD20003969D4
:102180008847CEE70100C9B2022904D12100082006
:1021900003F08EFDC5E70100C9B2012904D1210079
:1021A000072003F085FDBCE7C0B20028AFD12000B6
:1021B00003F079FEB5E70024B5E72800C0B2F2BD10
:1021C0000100002001E0401C09680029FBD180B219
:1021D000704780B500280FD0817B491C8173807BBC
:1021E000002809D1DFF8D03240F24232DFF8041380
:1021F000DFF8CC02FFF710FD01BD38B504000D007B
:10220000002C01D0002D0AD1DFF8AC3240F25A3256
:10221000DFF8E412DFF8A802FFF7FEFC28E004E094
:102220002189288941182181246820680028F7D154
:1022300020896189884209D0DFF87C3240F262321D
:10224000DFF8B812DFF87802FFF7E6FC2068002814
:1022500009D0DFF8643240F26332DFF8A412DFF80D
:102260006002FFF7D9FC2189288941182181256066
:1022700031BD10B50C002100FFF7BFFF2000FFF7B4
:10228000A8FF10BD2DE9F84305000C00002600272B
:10229000002D05D0002C03D02889218988420CD23A
:1022A000DFF8143240F2CA32DFF85812DFF81002B9
:1022B000FFF7B2FC7FF00F0059E06889801B61894D
:1022C000C91B884204D3B4F80A80B8EB070803E0BE
:1022D000B5F80A80B8EB06084246606800EB0701D3
:1022E000686800EB0609484603F0DCFF18EB0606B9
:1022F00018EB07076889B04209D2DFF8BC3140F219
:10230000D932DFF80412DFF8B801FFF785FC6089E5
:10231000B84209D2DFF8A03140F2DA32DFF8EC112E
:10232000DFF89C01FFF778FC6089874201D3002722
:1023300024686889864205D100262D68002D01D1C8
:10234000002C16D1002C06D060892189884202D148
:10235000206800281AD1002D06D068892989884272
:1023600002D1286800281ED1002CA6D10020BDE88B
:10237000F283DFF844314FF47972DFF89411DFF81B
:102380004001FFF749FC7FF00F00F0E7DFF828314C
:1023900040F2EA32DFF87C11DFF82401FFF73CFC61
:1023A0007FF00500E3E7DFF8103140F2EF32DFF8AD
:1023B0006411DFF80C01FFF72FFC7FF00500D6E772
:1023C0002DE9F04704000D00904600260027002C60
:1023D0000BD1DFF8E43040F20A42DFF83C11DFF8BD
:1023E000E000FFF719FC002042E0002D0BD1DFF8E0
:1023F000C83040F20B42DFF82411DFF8C400FFF7C9
:102400000BFC002034E02BE0B4F80A90B9EB030990
:102410004046494680B289B2884200D2C1464A4607
:1024200092B260689BB200EB0301300080B205EB12
:10243000000A504603F036FF19EB070719EB0606B2
:10244000B8EB090800230AE0180080B20028DBD0AE
:102450001800618980B28842D6D360891B1A24682B
:10246000404680B2002801D0002CEDD1380080B267
:10247000BDE8F087E384002038B515000A0012B2E9
:102480002989C0B2FFF705FC0400002C01D100200F
:102490000EE029002000FFF7F5FE40B2002806D02C
:1024A000054B40F224521E490548FFF7B5FB2000BA
:1024B00032BD00009C8400207CD3000868DC00084A
:1024C000FCE20008A8DA00086CDE000884F10008CD
:1024D00078F8000870F5000888F50008A0F10008F9
:1024E00088FB000828ED00088CF80008A0F500081B
:1024F0004CE90008A0F80008F8D8000898DC0008AB
:10250000C4F90008C8DC0008B8F50008BCF10008F0
:10251000D4F9000898DE000848ED000870E90008CA
:10252000B4F8000810B40300C243002A01D0002808
:1025300001D101201AE091F83120920701D4002046
:1025400014E04A68904201D100200FE08A681340ED
:102550004C688A681440A34207D18A68904389680E
:10256000C943884201D1012000E0002010BC70471F
:1025700080B51022014900F003F802BD1484002048
:10258000FCB50023006800900C006D46002604E0B6
:102590002E202070641C6D1C761C3000C0B20428F4
:1025A00034DA002795F800C05FF00A0E9CFBFEF0BD
:1025B0000EFB10C095F800C05FF00A0E9CFBFEFCFD
:1025C00085F800C00DF1040C3030BE465FFA8EFE77
:1025D0000CF80E007F1C28780028E3D13800471E35
:1025E000C0B200280CD01800431C904206DA380014
:1025F000C0B21CF800002070641CEFE7002009E066
:102600001800431C9042C3DB002003E0601E002240
:1026100002700800F6BD0100080080B2000A50EA0E
:10262000012080B270470100080210F47F0050EAD8
:1026300001600A00120A12F47F42104350EA11604E
:10264000704730B4002513E050F8042BD30744BF83
:10265000A9F101039A18091F042942F8045BFAD270
:1026600013468C0744BF15809B1CC90748BF1D70CB
:1026700050F8041B0029E7D130BC704780B503F047
:1026800065FE8004800CB0F58040DFF810150880EE
:1026900001BD10B50400207D012808D1DFF8003508
:1026A000D422DFF80015DFF80005FFF7B5FA2100A6
:1026B000012003F0FDFA10BD10B50400207D0128B3
:1026C00008D1DFF8DC34DF22DFF8E014DFF8D804CB
:1026D000FFF7A2FA2100022003F0EAFA10BD80B54C
:1026E00000F0DAFCDFF8C8040178491C01700078BA
:1026F000C00701D500F076FA01BD38B504000D0021
:10270000002D08D1DFF89834FF22DFF8A814DFF895
:102710009804FFF781FA05E0E06FA84201D100209C
:10272000E067E468002CF7D131BD38B50400002C17
:1027300009D1DFF86C3440F21112DFF87C14DFF8B5
:102740006804FFF769FA207D012809D0DFF85034CA
:102750004FF48972DFF86414DFF84C04FFF75CFA79
:10276000012508E02100DFF8580450F82500006832
:10277000FFF7C3FF6D1C042DF4D331BD3EB504003B
:102780000D00002C09D1DFF818344FF4AF72DFF8D8
:102790003414DFF81404FFF73FFAEDB2002D4ED0E9
:1027A000207D042802D0207D072848D1A06F002872
:1027B00003D1208DB0F5066F41D0A07EC00609D4AC
:1027C000DFF8DC334FF4B272DFF8FC13DFF8D80324
:1027D000FFF722FA208B0290E08A0190201D0090E2
:1027E0002300626A216D200001F075FE200000F0D8
:1027F0003FFEDFF8D8030168A14203D10168C96830
:10280000016009E0006800E0C068002804D0C168E9
:10281000A142F9D1E168C1600020E0600120DFF849
:10282000B0130870DFF8AC030068A04202D1FFF7D4
:10283000B3F902E02000FFF72CFF002022E0207D0A
:10284000002803D002282AD01DD335E0E08A0028D2
:1028500014D0DFF884030168A14203D10168C9687C
:10286000016009E0006800E0C068002804D0C16889
:10287000A142F9D1E168C1600020E0602000FFF7CB
:1028800008FF00203EBD2000FFF74FFF2100DFF8CA
:102890004C0300F029FE2000FFF70EFFF1E72100B6
:1028A000DFF8280300F020FE0120DFF82413087071
:1028B0002000FFF7EEFEE4E7200000F001F8E1E77A
:1028C00038B50400002C09D1DFF8D4324FF4CE72B1
:1028D000DFF8E412DFF8D002FFF79EF9207D03282D
:1028E00004D0042816D007281FD029E0200001F0CA
:1028F000D6F80500280040B2002801D10520207537
:10290000280040B200281DD1200001F0C5F92800A0
:1029100040B232BD200001F0C2F80500280040B2EC
:10292000002801D105202075EAE7200001F0B7F862
:102930000500280040B2002801D109202075DFE7FA
:102940000020E6E728005FF0FF3140B28842DED188
:10295000608B50F0080060830020DAE780B5002823
:102960000CD1DFF83C324FF4F472DFF87412DFF868
:102970001807FFF751F97FF00F0009E0017D0129E9
:1029800003D0418B51F0100141830121FFF7F6FE86
:1029900002BD2DE9FE4F04008B46002C0AD1DFF862
:1029A000003240F23D22DFF8E416DFF8FC01FFF7C9
:1029B00033F973E0207D012809D1DFF8E43140F2DA
:1029C0004122DFF8CC16DFF8E001FFF725F9207D82
:1029D0000A2808D12100DFF8BC0600F085FD2000A0
:1029E000FFF757FE5AE000250026276DD4F8248013
:1029F000D4F89090D4F810A0207D002818D1E08A57
:102A0000002820D0DFF8D0010168A14203D101687D
:102A1000C968016009E0006800E0C068002804D0CF
:102A2000C168A142F9D1E168C1600020E0600AE01C
:102A30005D46E68A2100DFF8940100F055FD012093
:102A4000DFF88C110870206F002802D0206F00F092
:102A5000BAFBE06E002802D0E06E00F0B4FB606FBD
:102A6000002802D0606F00F0AEFB002D0BD0208B51
:102A70000290B6B20196201D009023004246390014
:102A8000200001F028FD207D2000FFF702FE4846CF
:102A9000002803D07FF00C015046C847BDE8F78FEF
:102AA00080B50121FFF775FF01BD38B50400002C8A
:102AB00008D13B4B40F2A632DFF8E418DFF8C80536
:102AC000FFF7AAF8606A218D4018618E40F231420A
:102AD000914202DB4FF4866100E0618EE26A821A65
:102AE000511A002904D4218D6185E16A401A18E049
:102AF000616AE06A091A012902DB002060850FE0A3
:102B0000E06A656A451BB5F5803F08D3244B40F267
:102B1000B632DFF89018DFF87005FFF77DF86585AD
:102B2000002032BD38B504000D00002C09D11C4B2B
:102B300040F2CF32DFF87018DFF84C05FFF76CF881
:102B40002AE0207D012808D1154B40F2D332DFF86E
:102B50001C19DFF83405FFF75FF8208D2D182800C9
:102B600080B240F66101884204DA2800218D80B2EB
:102B7000884203D24FF40660208500E025852000BE
:102B8000FFF793FFB0F5067F06D3608B50F002008D
:102B90006083200001F080F831BD00009800002023
:102BA000E8D30008C8F8000824E30008D8F10008BA
:102BB000E58400204CE3000894FB0008D0F50008F1
:102BC00014FA000868ED0008F4F100089C84002065
:102BD000E4840020B884002094840020988400209D
:102BE000E8F500082DE9FE4F0020DFF8F098D9F84D
:102BF0000000401CC9F80000DFF8E4A89AF80000C3
:102C0000401C8AF8000035E0DBF80000A84209D03B
:102C1000DFF8243A40F27152DFF8C818DFF8680490
:102C2000FEF7FAFFE868CBF80000F6B2002E0BD0F2
:102C3000288B0290E88A0190281D00902B006A6A78
:102C4000296D280001F047FC2E69287D2800ED68D9
:102C5000FFF71FFDDFF87C89002088F800003800AE
:102C6000002803D07FF00C013000B84798F800002E
:102C7000002807D00024DFF834B9DBF8005001E069
:102C80002C00ED68002D00F0B681287D002809D1C8
:102C9000DFF8A43940F2BE42DFF83C19DFF8E80360
:102CA000FEF7BAFF287D012809D1DFF88C3940F200
:102CB000BF42DFF82819DFF8D003FEF7ADFF287D0B
:102CC0000A2809D1DFF870394FF49862DFF810193B
:102CD000DFF8B403FEF7A0FFA87F9AF8001088423F
:102CE000CED09AF80000A87700270026287D022879
:102CF00005D195F84200062801DB7F1CCEE095F84F
:102D000042000C2801DB7F1CC8E095F899000028E0
:102D100063D0286F002809D0DFF81C3940F2D44274
:102D2000DFF81819DFF86003FEF776FFE86E002879
:102D300009D1DFF8043940F2D542DFF83C19DFF859
:102D40004803FEF769FF95F89A000C2801DB7F1C09
:102D5000A4E0DFF8280995F89910084410F8010C50
:102D600095F898100200D2B2914204D295F89810CA
:102D7000491C85F8981095F89810C0B28142C0F0AF
:102D80008D805FF00108B5F86000002807D12800A9
:102D900001F080FC002810D05FF000080DE0B5F8CD
:102DA0006010280000F079FD002806D1280000F00E
:102DB00073FF002801D15FF00008B8F1000F6DD05B
:102DC000002085F8980095F89900072866D295F8B4
:102DD0009900401C85F8990060E0B5F930000028A2
:102DE00008D4B5F9300047F6FF71884202D0288E2A
:102DF000401C2886B5F93000B5F9401088424DDBFB
:102E0000280001F069F9002805D0286F002845D175
:102E1000E86E002842D0287D02281AD095F842009A
:102E20000C2802D295F8420000E00C20B5F93C10C5
:102E3000C910B5F93E208918DFF88C28C0B21056A9
:102E400011FA00F047F6FF71884200DB0800A5F890
:102E5000400000202886B5F84800B5F86010884288
:102E600002D2B5F8480001E0B5F8600080B2400831
:102E7000A5F84A00B5F84A00698E490089B288422F
:102E800003D2688E4000A5F84A00688EA5F8480075
:102E90000020A5F86A00280001F069F9287D0628BD
:102EA00009D1A87EC00606D5D9F80010286A091AEB
:102EB000292900D37F1C687A000734D5287D04288F
:102EC00002D0287D07282ED1D5F89410DFF8FC0712
:102ED00041184FF4FA70B1FBF0F1D9F80020286ADC
:102EE000121A914202D27F1C761C1CE0D5F8941075
:102EF00095F89B20DFF8D80700FB02114FF4FA7019
:102F0000B1FBF0F1D9F80020286A121A91420AD2D6
:102F1000280001F089FB40B2002804D195F89B00FD
:102F2000401C85F89B00686F00280DD0D9F8001070
:102F3000286A091AB5F94000062210FB02F0814206
:102F400002D3280000F0FCFB287D032806D1D9F825
:102F50000010286A091A292900D37F1C287D092816
:102F600006D1D9F80010286A091AF12900D37F1C6C
:102F7000FFB2002F17D0D5F89070280000F078FA33
:102F8000002C3FF441AEDBF80000854208D1DFF8A9
:102F9000A83640F26D52DFF83C173B48FEF73CFE86
:102FA000E868E06041E62C00ED68207F401C207757
:102FB000207F617F8842FFF465AE00202077DFF834
:102FC000146600203070D4F88C00002806D0210050
:102FD0002069D4F88C209047010000E0002130786F
:102FE00000287FF447AE49B200297FF44BAE2000A1
:102FF00000F052FE46E60024264E356811E03068A7
:10300000A84208D0DFF8303640F2B352DFF8C816D5
:103010001D48FEF701FEE86830602800ED68FFF704
:1030200038FB002D2DD0287D0A2808D0DFF808367F
:1030300040F2A152DFF8A4161348FEF7EDFD002080
:10304000D9F80020296A521AF12A00D3401CC0B2D4
:10305000002813D0280000F00BFA002CCFD03068E5
:10306000854208D1DFF8D03540F2AF52DFF8701654
:103070000548FEF7D1FDE868E060CEE72C00ED687A
:10308000CFE7BDE8F78F000024E3000810F2000846
:10309000DCDA0008A0840020F8B5DFF84454287872
:1030A000401C287029E02878A077A07EC0070BD5A7
:1030B000608B50F002006083200000F0EDFD618B1A
:1030C0004FF6FC7001406183A07E000707D5618B3D
:1030D0004FF6F770014061832000FFF7F1FBE668CF
:1030E000A06F00280DD0DFF8EC74002038702000AD
:1030F00000F011F83878002803D0DFF8E8050468FC
:1031000000E03400002C05D0A07F29788842CAD185
:10311000E468F7E7F1BDF8B50400002C0CD1DFF846
:10312000183540F20962DFF8C015DFF8C005FEF778
:1031300073FD7FF00F0045E0A06F467BA56F002078
:10314000A067D4F88400002807D000232A002100BB
:103150002069D4F88470B84705E000232A002100D4
:10316000002000F069F8010049B200291DD1B00625
:1031700027D5208DB0F5066F02D0208D401C20850C
:10318000D4F88400002808D0002300222100206900
:10319000D4F88440A047010000E000217FF00C003B
:1031A000020049B291420CD10CE07FF00C010A0000
:1031B00040B2904201D1080004E0A5677FF004000E
:1031C00000E00020F2BD10B503E0046800F004F850
:1031D00020000028F9D110BD10B50400002C09D042
:1031E0006068002802D06068FEF77DFF21000320A0
:1031F00002F05EFD10BD70B50500002D09D1DFF8AD
:10320000383440F28262DFF8E814DFF8E004FEF7B9
:1032100003FD032002F00DFD0400002C01D100206D
:1032200009E0102226002900300003F03BF8606816
:10323000FEF7CFFF200070BD10B508001400002875
:103240000CD1DFF8B0344FF4D362DFF8AC14DFF800
:103250009C04FEF7E1FC7FF00F0008E0002C07D093
:103260002189FFF75FFC2000FEF73DFF002010BD25
:103270005BB2002BFAD1FFF771FBF8E7000038B51D
:103280000100C9B2802901DB7F20FFE70100C9B23C
:10329000002923D0441E00230020DFF848140968C9
:1032A00016E04A7D2500EDB2AA420AD34A7D2500E8
:1032B000EDB2AA420BD1894A15680A6AAD1A9D423D
:1032C00005D3864800680B6AC31A08004C7DC9689C
:1032D0000029E6D1002801D0FFF7E2FB31BD70B52F
:1032E00004002000C0B208280DD02000C0B2092878
:1032F00009D0DFF8003440F2DD62DFF80014DFF8B7
:10330000EC03FEF789FC00230022DFF8D8030068F5
:103310000FE0017D2500EDB2A94209D16F4D2E6865
:10332000016A761A9E4203D32968036ACB1A020007
:10333000C0680028EDD1002A03D000211000FFF75B
:1033400028FB70BD38B500230020DFF8B4130968EE
:103350000AE0624C25680A6AAD1A9D4203D32068D0
:103360000B6AC31A0800C9680029F2D1002801D0ED
:10337000FFF796FB31BD10B5DFF8680300680BE07E
:10338000C468817E090706D5428B4FF6F7710A4063
:103390004283FFF795FA20000028F1D110BD00000C
:1033A00094E900082CF2000800F6000870B505004A
:1033B000012002F03EFC0400002C23D1FFF7DBFFCC
:1033C000FFF7C0FF012002F034FC0400002C19D1EB
:1033D0000920FFF784FF012002F02BFC0400002CE1
:1033E00010D10820FFF77BFF012002F022FC04002F
:1033F000002C07D12800C0B2FFF741FF012002F0E6
:1034000018FC0400002C2FD09C2100222600300044
:1034100002F0EEFF65754FF48660A4F864004FF487
:1034200006616185618D2185FF21E1724FF406718E
:1034300061860621A4F840100621E1875FF0FF3184
:1034400021860121A4F848102449096821622449F1
:103450000978A177A4F84A00DFF8A802C4F884002C
:10346000DFF8A402C4F89400200070BD74E30008E3
:1034700010B50400002C07D16F4B40F65102A34950
:103480009A48FEF7C9FB26E0207D002823D0207D46
:103490000A2820D0207D01281DD0A06F002804D04C
:1034A000A06FFEF720FE0020A067606F002802D00A
:1034B000200000F045F95FF0FF302086E06EFFF756
:1034C00082FE206FFFF77FFE0020E066E06E20673F
:1034D0000020A4F8680010BD0000000090840020C7
:1034E000E684002048DF000838B505000C00002CF9
:1034F00006D1804B40F6830285497C48FEF78CFB61
:10350000002D06D17B4B40F6840282497748FEF7B6
:1035100083FB2868A04203D12868C068286009E0BE
:10352000286800E0C068002804D0C168A142F9D131
:10353000E168C1600020E0602000FFF799FF207D76
:103540000A280CD0207D012809D0A07EC00706D50E
:10355000608B50F002006083200000F09DFB207D16
:1035600001281DD0E06E002806D0624B40F6930281
:1035700069495E48FEF750FB206F002806D05D4B7E
:1035800040F6940265495948FEF746FB606F0028F3
:1035900006D0584B40F6960261495448FEF73CFB72
:1035A000002020750020E08231BD00009C840020B6
:1035B00080B5002806D14F4B40F6AF0259494B4821
:1035C000FEF72AFB58490A685848006882180A60C2
:1035D000086802BDE4840020C4DE0008F0DE0008B4
:1035E000F8DC000838B505000C00002A06D1414B74
:1035F00040F6C5024E493D48FEF70EFB002C02D1B5
:10360000280080B217E0218D080080B2002810D079
:10361000282002000B0092B29BB29A4201D2081AF3
:1036200000E000202900020089B292B2914200D34A
:103630000500280080B232BDE8D3000810DB000886
:1036400070B505000C00002D06D12A4B4FF4106216
:1036500038492648FEF7E0FA04E0E6682000FFF764
:103660001FFA3400002C05D0206829688842F4D065
:10367000E468F7E770BD000030D90008DCFB000803
:1036800038B504000D00002C1DD0206800281AD089
:10369000144801682000FFF7D3FF27480168200085
:1036A000FFF7CEFF002D0ED0286800280BD023484E
:1036B000006806E001682268914201D12968016032
:1036C000C0680028F6D131BD04FA0008B84C0A00E1
:1036D000F82401001CDF0008C4E3000828DD00080E
:1036E0009CE300089C840020ECE3000824E300082D
:1036F00048F20008E8D3000864F20008F4F9000872
:10370000A08400203932000800DD6D0080F200083E
:103710009CF2000888ED000818F60008B8F20008CE
:1037200030F60008D4F200089400002090840020B5
:1037300014E4000844DB00089484002098840020EE
:1037400010B50400606F002804D0606FFFF73BFDE8
:103750000020606710BD0268531C03601170704741
:1037600080B5002806D0017A002903D0007A03F042
:1037700052F802E0100001F01FF902BD2DE9F047F8
:1037800005000E0091469A46002D08D1DFF86C33F3
:10379000A322DFF86C13DFF86C03FEF73DFA002E6E
:1037A00008D1DFF85833A422DFF85C13DFF85403A4
:1037B000FEF732FA089FF80702D55FF0040801E02F
:1037C0005FF00008B80701D5002000E000203907AD
:1037D00001D5002100E00021FA0601D5002200E019
:1037E000002210EB080811EB080812EB0808032070
:1037F00002F01FFA0400002C04D13000FEF773FC25
:10380000002048E0A77200202060666030894146B1
:10381000C9B289B2884208D2DFF8E032B022DFF8BC
:10382000EC12DFF8E002FEF7F7F931894046C0B24A
:10383000091A218114213000FEF703FC002804D06E
:103840002000FFF7C9FC002025E060684068E060C8
:10385000E88AFEF7E0FEE1680880288BFEF7DBFED1
:10386000E16848805046FEF7DEFEE16848605FFA96
:1038700088F8042098FBF0F0401D5FFA89F959EAB6
:103880000039484680B2FEF7C6FEE1688881002014
:10389000E16848822000BDE8F0872DE9F84F060076
:1038A0008846002400200020002E07D1934B40F2D0
:1038B0004B32DFF83C1B9348FEF7AEF9F76E002F52
:1038C00002D15FF0FF306FE0404680B200280AD19D
:1038D0008A4B40F25332DFF81C1B8A48FEF79CF9F2
:1038E0007FF0050060E04046398980B2884201D30C
:1038F000002059E0708E414689B2884207D27F4B42
:1039000040F25B32DFF8F01A7E48FEF785F938891D
:10391000002807D1794B4FF45772DFF8E01A794845
:10392000FEF77AF997F80A905FEAC97002D55FF05E
:10393000040B01E05FF0000B5FEA897001D5002005
:1039400000E000205FEA097101D5002100E00021BC
:103950005FEAC96201D5002200E0002210EB0B0BE8
:1039600011EB0B0B12EB0B0BB7F808A0BAEB080A24
:103970004FF420725AFA8BF189B23620FEF789F99A
:103980000500002D12D1002C07D05C4B4FF476724D
:10399000DFF8DC1A5B48FEF73FF9002D02D0280063
:1039A000FEF7A1FB5FF0FF30BDE8F28F7868008979
:1039B0003B89C31A18EB03039BB2524692B2686864
:1039C0005FFA8BFB00EB0B017868FEF7F9FC5146C0
:1039D00089B28842D7D1F8688089FEF71CFE8346F9
:1039E0001BF03F0B00245FEA0B7003D51BF0F70BB5
:1039F00054F008045FEACB7003D51BF0FE0B54F0C3
:103A00000104F9684868FEF70EFE5FFA89F9CDF8FF
:103A1000009010FA88F32200D2B229003000FFF79C
:103A2000ADFE0400002CAED07868FEF7C9FBB6F8F6
:103A30006610081AA6F8660078680189B1EB0A01D9
:103A400089B27868FEF761FA3889B0EB0A0AA7F8FC
:103A500008A05FFA8BFB584680B2FEF7DCFDF968E0
:103A600089890843F96888817868FEF7A9FBB6F868
:103A700066104018A6F866006068FEF7A1FBB6F86D
:103A800066104018A6F86600386820603C60206820
:103A9000002802D10020A6F86800002084E738B58D
:103AA0000400002C07D1154B40F2EB32DFF8B81AB6
:103AB0001448FEF7B1F8E06E00281AD0E56E00E079
:103AC0002D6828680028FBD1E8688089FEF7A3FDEF
:103AD00010F0070F0DD10120FEF79DFDE9688989DF
:103AE0000843E9688881608B50F0200060830020E3
:103AF00003E00121200000F00BF832BDECD00008FB
:103B000088EE000854E50008B8E9000878F60008D7
:103B10002DE9FC4104000D000026002015F0030FE4
:103B200009D1DFF8F83A40F21242DFF8F41ADFF870
:103B3000540BFEF771F8002C09D1DFF8E03A40F29F
:103B40001342DFF8E01ADFF83C0BFEF765F8A80730
:103B500000D50126F00701D5042700E00027B007B3
:103B600001D5002000E00020310701D5002100E050
:103B70000021F20601D5002200E00022C719CF196A
:103B8000D7194FF420723900C9B289B23620FEF736
:103B900080F88046002806D1608B50F0800060835A
:103BA0005FF0FF3075E0B8F80A00FFB2BFB2B8426C
:103BB00009D2DFF8683A40F23A42DFF8CC1ADFF86F
:103BC000C40AFEF729F8F6B20096E36D2A00D2B2D5
:103BD00041462000FFF7D2FD0600002806D1608B89
:103BE00050F0800060835FF0FF3052E0307B10F0D7
:103BF000030F09D0DFF8243A40F24242DFF88C1A72
:103C0000DFF8800AFEF708F83089002809D0DFF8CD
:103C10000C3A40F24342DFF8781ADFF8680AFDF701
:103C2000FBFFE06E002801D1E66606E0E16E00E0F1
:103C3000096808680028FBD10E600020A4F868001D
:103C400015F0030F02D0E06D401CE065E80703D5D6
:103C5000608B50F0200060837068FEF7B1FAB4F812
:103C600066104018A4F86600B4F8660000280FD06B
:103C7000206F00280CD1E06E002809D1DFF89C39B4
:103C800040F26642DFF8F81ADFF8F809FDF7C4FFE2
:103C90000020BDE8F68100002DE9F0470500002D69
:103CA00009D1DFF8783940F2E142DFF8D81ADFF8BD
:103CB000D409FDF7B1FF287D012809D1DFF85C396F
:103CC00040F2E442DFF8C01ADFF8B809FDF7A4FFBC
:103CD000DFF8B80A0068A84201D10020F8E0B5F882
:103CE0006000B5F84810884202D2B5F8608001E063
:103CF000B5F84880EC6E002C07D1A87E800703D56C
:103D0000280000F033FCE3E0DCE02A1D2900280055
:103D1000FFF726FD0600002E02D17FF00300D7E05A
:103D2000002D02D0286800280BD1002E01D0301DB4
:103D300000E00020002802D17FF00300C8E0006806
:103D40002860E1684868FEF76EFC696C401A2189BA
:103D5000401880451BD2B5F8600080450FD1286F10
:103D600000280CD195F89900002808D1002085F88A
:103D70009800012085F89900002085F89A00A87E17
:103D8000800703D5280000F0F1FBA1E09AE00020B5
:103D900085F899002F6F002F04D000E03F68386845
:103DA0000028FBD1002C00F08780E1684868FEF70E
:103DB0003AFC696C401A2189401880457CD3E06840
:103DC0008089FEF728FC400709D5DFF8503840F21B
:103DD0003752DFF8BC19DFF8AC08FDF71DFF286F7C
:103DE000002817D0A87E10F0440F13D1E86E0028E9
:103DF00008D0E86E006800280CD1E86E0089698E52
:103E0000884207D2B5F86400002803D0B5F86600F0
:103E1000092801DB012000E00020002803D1A87E52
:103E200010F0A00F48D0287D022807D01020FEF700
:103E3000F2FBE16889890843E16888813200290042
:103E4000200000F09BF8010049B2002942D120680F
:103E5000E866287D022804D0698B4FF6FC7001408B
:103E60006983E1684868FEF7DEFB8146E068808987
:103E7000FEF7D1FB10F0030F32D00121208919EB9E
:103E800000000818296D091A002900D52865E06886
:103E90008089FEF7C0FB10F0030F23D00120218999
:103EA0004018002850D000202060286F00281BD127
:103EB0002C672700EC6E75E7E86E002802D1002021
:103EC000A5F86800698B4FF67F7001406983002078
:103ED000BDE8F087698B51F08001698340B2F7E754
:103EE0000021CBE70020DAE7E1684868FEF79BFB9A
:103EF0008146F9684868FEF796FBB9EB0009B9F10D
:103F0000000F1ED515F1700901E0D9F80090D9F81D
:103F1000000000280FD0D9F80000C1684868FEF7FB
:103F200082FB8246E1684868FEF77DFBBAEB000A37
:103F3000BAF1000FE9D4D9F800002060C9F80040B8
:103F4000B8E73C603F68B5E72000FFF745F9B1E707
:103F500010B50400002C09D1DFF8C03640F29A52A7
:103F6000DFF83018DFF81C07FDF756FE6068807B2D
:103F7000012801D0012000E0002010BDFEB50400A2
:103F80000D001600002C09D1DFF890364FF4B7620F
:103F9000DFF80418DFF8EC06FDF73EFE002D09D12E
:103FA000DFF8783640F2B952DFF8F017DFF8D406C0
:103FB000FDF732FE002E09D1DFF8603640F2BA522A
:103FC000DFF8DC17DFF8BC06FDF726FE2000FFF760
:103FD000BFFF002801D000207DE0686AFEF723FBC8
:103FE000E1688860688DFEF716FBE168C881686A41
:103FF000698D4018E862E06810F11407A07AC007E4
:104000000CD52A1D31004FF40670FFF7EBFA80B291
:1040100050F00170FEF707FB38603F1DB5F9300026
:10402000002801D500202886686B002808D1DFF819
:10403000740700686863E1684868FEF7F4FAA863EB
:10404000E16860684068081A61684989091A62680D
:10405000518161680989081A61680881E0686168AE
:1040600048600020E1680882A07AC00701D50420DA
:1040700000E00020A17A890701D5002100E000219D
:10408000A27A120701D5002200E00022A37ADB0603
:1040900001D5002300E00023D4F80CC0604408449C
:1040A000104418441430874209D0DFF8703540F2CC
:1040B0001C62DFF8F416DFF8CC05FDF7ADFD0296C3
:1040C00006200190A87A0090EB7A2A1D29006068EA
:1040D00000F0C7FD40B2FEBD70B50400002C09D150
:1040E000DFF8383540F26362DFF8C016DFF8940578
:1040F000FDF792FD206F002802D17FF0050035E02A
:10410000256F00E02D682868002807D02800FFF7F9
:104110001FFF0028F6D07FF0050027E02800FFF7FA
:1041200017FF002802D07FF005001FE0E06E286036
:10413000206FE06600202067608B50F40060608391
:10414000E9684868FEF76FFA0600E8688089FEF7BC
:1041500062FA10F0030F01D0012000E0002029894D
:1041600071184018E06400206063002070BD10B535
:104170000400002C09D1DFF8A4344FF4D362DFF837
:104180003016DFF80005FDF747FD94F84200FF28E0
:1041900004D094F84200401C84F842002000FFF74D
:1041A0007BFD10BD10B50400002C09D1DFF86C3484
:1041B00040F2AD62DFF8FC15DFF8C804FDF72CFD16
:1041C0002000FFF789FF002802D12000FFF7CFFF72
:1041D00010BD0000F8B50400002C09D1DFF83C3414
:1041E00040F2C162DFF8D015DFF89804FDF714FD46
:1041F000206F002802D17FF0050033E0256F2800F2
:10420000FFF7A6FE002802D07FF005002AE028680C
:10421000206714F16C0600E03668306800280CD086
:104220003068C1684868FEF7FEF90700E968486829
:10423000FEF7F9F93F1A002FEED430682860356098
:104240002868002802D10020A4F8680094F84200F1
:10425000FF2804D094F84200401C84F8420000205B
:1042600060630020F2BD000010B50400002C09D1ED
:10427000DFF8A83340F2F962DFF84015DFF80404F4
:10428000FDF7CAFC206F002830D0A07E40072DD457
:104290002000FFF79FFF002828D1B4F84800B4F8A9
:1042A0006010884202D2B4F8480001E0B4F860001F
:1042B000022190FBF1F0A4F84A00B4F84A00618EA4
:1042C000B0EB410F04D2608E80B24000A4F84A00E7
:1042D000B4F84A10628E032042435018A4F84800F4
:1042E000608B50F0040060830020208610BD000029
:1042F0002DE9F84F82468846110099464FF4207206
:1043000011EB0801143189B22220FDF7C2FC040030
:10431000002C41D06089414689B21431884208DAC4
:10432000BE4B40F22472DFF89814DFF85803FDF713
:1043300073FC0D9D0C9E0B9F0A98D4F804B080B2BC
:10434000FEF769F9ABF80000380080B2FEF763F9B8
:10435000ABF80200CBF804905046FEF764F9CBF8B6
:1043600008001FFA88F8042098FBF0F0401DF6B210
:1043700056EA0036300080B2FEF74DF9ABF80C007B
:10438000280080B2FEF747F9ABF80E000020ABF82A
:1043900010000020ABF812002000BDE8F28FF8B545
:1043A00084B004000D0016001F00002C07D19B4BA9
:1043B00040F24272DFF80C14B248FDF72DFC608D1C
:1043C000039010200290208B0190E08A00903B0027
:1043D000320092B2290089B2606AFFF789FF002893
:1043E00003D0616A628D8918E16205B0F0BD0000FA
:1043F000DCE9000800EA000864FA000874FA000822
:1044000070B50C0016000025002C07D1834B40F23C
:104410005672DFF8B4139B48FDF7FEFB616811F19B
:104420001400F20701D5042200E00022B30701D5F1
:10443000002300E00023340701D5002400E000241D
:10444000F60601D5002600E00026ADB201EB85019D
:1044500011441944214431441431884206D06F4B31
:1044600040F27572D0498748FDF7D6FB70BD000059
:10447000ACFB0008FEB505000C0016001F00002C68
:1044800006D1664B40F28772D0497E48FDF7C4FBE7
:104490003A0031002800FFF763F9002802D17FF0CD
:1044A000030512E0002D02D0EB7AA97A01E0FF2388
:1044B0000021029006200190C9B20091DBB23A00BF
:1044C0003100200000F0CDFB05002000FDF70BFEC1
:1044D000280040B2FEBD2DE9F84F84B080468A46E0
:1044E00091461C00002C06D14C4B40F2C472B849D6
:1044F0006448FDF791FB0E9D002D06D1474B40F21D
:10450000C572B4495F48FDF787FB109E0F9F504668
:104510005FF0000A46F2080BFEF785F81FFA8BFBE6
:10452000CDF80CB014210291B6B20196BFB200973B
:10453000030000225146C9B289B24846FFF7D8FEAF
:104540000600002E0CD05346DBB20022310040465C
:10455000FFF756FF2B00220031004046FFF78AFF8D
:1045600005B0BDE8F08F00007CF30008F8B504004A
:1045700000260027002C06D1284B40F2EA7296490B
:104580004048FDF749FBF00701D5042500E0002570
:10459000B00701D5002000E00020310701D500213F
:1045A00000E00021F20601D5002200E000224519BA
:1045B0004D195519206DFEF736F803000022EDB2B3
:1045C000290089B22000FFF7EAFE0500002D06D180
:1045D000608B50F0030060837FF001001CE03B0023
:1045E000DBB23200D2B229002000FFF709FF231D01
:1045F000220029002000FFF73DFF010049B20029F9
:1046000004D0618B51F00301618304E0628B4FF6AB
:10461000FC710A40628340B2F2BD0000ECD0000899
:104620002CD50008A8EE000870B505000026002D66
:1046300006D16A4B40F6240269491248FDF7ECFAAC
:10464000286D401EFDF7EFFF030000223100C9B2C4
:1046500089B22800FFF7A3FE0400002C02D15FF00E
:10466000FF300DE03300DBB2002221002800FFF70D
:10467000C7FE2B1D2A0021002800FFF7FBFE40B2D9
:1046800070BD000054E5000814D8000890F600083A
:10469000F8DF00082DE9F84304005FF00008002C63
:1046A00006D14E4B40F64F024E494F48FDF7B4FA43
:1046B000E66E002E01D100205FE094F89A00FF28FA
:1046C00004D094F89A00401C84F89A00F06880891D
:1046D000FDF7A1FFC00704D53089002801D10127CB
:1046E00000E000273800C0B2002801D0002200E01E
:1046F0000122F068436892B24146C9B289B22000F3
:10470000FFF74DFE0500002D02D15FF0FF3034E0D1
:10471000D5F80490FFB2002F0BD01120FDF77BFFDE
:10472000B9F80C204CF2FF010A401043A9F80C0024
:104730000BE0686810F114017068038930891B1A56
:104740009BB201227068FDF73BFEF1684868FDF7F7
:104750006AFF401C216D091A002900D520654346D7
:10476000DBB2002229002000FFF74AFE231D2200B1
:1047700029002000FFF77EFE40B2BDE8F283000072
:104780007CE50008A8F60008A4E50008B88400202D
:10479000C0F60008CCE50008C8EE0008E8EE000806
:1047A00024EA000890840020F0F8000848EA000895
:1047B0006CEA000898F30008D8F6000808EF000833
:1047C00088DD0008F4E500081CE6000824E0000885
:1047D000B4F30008D0F3000828EF0008ECD000087C
:1047E000ECF3000890EA000854E5000880B5FDF7F6
:1047F00076FF64480068002803D1634800680028F9
:1048000005D000226149FA2000F080F802E0002083
:104810005F49086001BD80B55D49086800280ED178
:1048200058480068002803D157480068002806D07F
:104830000120086000225549FA2000F067F801BD08
:1048400070B504000D001600062001F0F2F90028F2
:1048500008D1002805D14F4BBE224F494F48FDF7E4
:10486000DBF927E0002101608560C66044604C4AA6
:104870001168002901D110601CE043681168496883
:104880005B1AB3F1004F03D311680160106011E0AF
:10489000126800E01268002A0CD01168002906D0C6
:1048A0004368116849685B1AB3F1004FF2D311688D
:1048B0000160106070BD38B504002500686880474D
:1048C00002F0E7F837490B682968CB18191AB1F1DB
:1048D000004F06D3220034492B681818FFF7B0FFA9
:1048E00004E0220030491800FFF7AAFF31BD10B5DF
:1048F000012408E02D4800EBC4022B4950F8340095
:1049000000F004F8641C052CF4D310BD70B504004D
:104910000D001600B4F1804F06D31E4B40F2291251
:1049200023491E48FDF778F902F0B3F82418320045
:1049300029002000FFF784FF70BD70B502F0A9F8D0
:10494000040013E04A68A21AB2F1004F19D20A68B3
:1049500002608D68CE684868124A1060062001F037
:10496000A7F92800002801D03000A8471148007896
:10497000002801D0FDF764F9094801680029E1D158
:10498000FFE770BD9C840020A0840020ED47000854
:10499000C48400205CD1000820D7000844E6000849
:1049A000BC840020C0840020B74800086CE60008E2
:1049B000A0D90008E384002010B4DFF8C013096810
:1049C00008E091F83120920703D40268CB689A423C
:1049D00015D00968002914D091F8312012F0050291
:1049E000052AF6D14A68002AF3D003688A68134082
:1049F0004C688A681440A342E3D1080019E008001B
:104A000017E0DFF87C23116800290FD0116891F8B6
:104A1000311011F00501052908D1116849680029F4
:104A200004D0007800F0FF007F2801D1002000E0D2
:104A3000106810BC704780B5010091F83100C007C4
:104A40000FD5486800280CD0DFF8380342694B685E
:104A50009A4204D04069FDF765FD002801D001208D
:104A600000E0002002BD2DE9F04705008A4601263E
:104A70006F683878C0B20009C0B2042804D028009A
:104A8000FDF731FB0020EAE0387810F00F005FEA14
:104A900080085FFA88F87888FDF7BDFD04002000E3
:104AA000298980B2884204D2210089B22800FDF70A
:104AB0002CFA6889414689B2884207D32889A4B272
:104AC000A04203D3404680B2142804DA2800FDF740
:104AD0000AFB0020C3E03869DFF8A892C9F8140087
:104AE000F868C9F8100099F8140010F0F000E028F8
:104AF0000BD19AF83100C00705D5DAF80400002878
:104B000001D054461CE000241AE05046FFF793FF02
:104B1000002801D0544613E0002499F8140000F056
:104B2000FF007F280CD09548046800E02468002C22
:104B300006D05445FAD02000FFF77DFF0028F5D0BD
:104B4000002C0BD1787A112808D1404680B2384425
:104B50004088B0F5884F01D154460026002E15D06C
:104B6000D9F81000002811D05146D9F81000FDF7EF
:104B7000D9FC002805D199F8100010F0F000E028C9
:104B800004D12800FDF7AFFA002068E0002C04D122
:104B90002800FDF7A8FA002061E0F8884FF63F7181
:104BA000084208D0280002F0FCFA0500002D01D1CF
:104BB000002054E06F68C9F80040C9F804A0C9F8A3
:104BC0000870387810F00F008000C0B2A9F80C000F
:104BD000414689B22800FDF739FA787A01280DD0CC
:104BE000062806D011280ED15146280002F0F3FD08
:104BF00022E051462800FBF7C7FA1DE05146280085
:104C000003F008F918E02100D9F81400FDF78AFC38
:104C100000280ED199F8140010F0F000E02808D018
:104C2000414609B22800FDF758FA0221280003F096
:104C3000C8F92800FDF757FA0020C9F80000002045
:104C4000C9F804000020C9F808000020A9F80C00E9
:104C50000020C9F810000020C9F814000020BDE8A9
:104C6000F0877FB50A9E0C00002A05D0002902D0EB
:104C70000968002900D1341D0999089D0296C9B21E
:104C80000191EDB20095DBB2210000F002F804B012
:104C900070BD2DE9F84306000D0014009846B07B66
:104CA000012806D0384B4FF4557238493848FCF784
:104CB000B3FF002C42D05FF0140914213000FDF73F
:104CC000C0F9002802D07FF0010054E077687089B5
:104CD000142806D22C4B40F289322E492C48FCF77E
:104CE0009BFF0998089987F80880787220683861D6
:104CF0001FFA89F9042099FBF0F050F04000387059
:104D000079703089FDF787FC78800020F880DFF823
:104D10008880B8F80000FDF77EFCB880B8F8000085
:104D2000401CA8F80000002D03D11C480068F86062
:104D300001E02868F8600020788109E07089142873
:104D400002DA7FF0010016E07068016900916C469C
:104D50000A9B188D002809D0188D3189884205D208
:104D600022001900300002F074FB04E02200310040
:104D700018005B699847BDE8F28300008484002036
:104D800088840020E88300207CD00008D4FA000842
:104D90000CE20008A8DB0008D0840020F4FB000827
:104DA0002DE9F0439FB000BF65A6269CDFF8B48ACA
:104DB0008DF83B40029100240B944FF0FF370446DE
:104DC00091461D460AE019F8011B0298A0470028E9
:104DD000029000F0A1800B98401C0B9099F8000005
:104DE00050B12528EFD100210022059106920791AC
:104DF000089209910A9203E00B98A5E041F00101A5
:104E000019F8010F2028F9D023280CD02B2804D022
:104E10002D2805D0302809D080E041F00201EFE7CD
:104E200041F00401ECE741F00801E9E741F010012D
:104E3000E6E70D920AE00D98404505DA00EB8000A8
:104E400002EB4002303A0D9209F1010999F8002075
:104E5000A2F130000A28EED399F800002E2818BFDE
:104E60000C9726D119F8010F2A2808D12868286044
:104E700009F1010950F8042B28600C9219E02D2843
:104E80000CBF09F10109002000220C920BE040B98F
:104E90000C9A424505DA02EB820203EB4203303BF7
:104EA0000C9309F1010999F80030A3F130020A2AA4
:104EB000EDD3ADF83810304699F8001003F0E0F863
:104EC00008B119F8010B8DF83A009DF83A006828EE
:104ED00005D199F8000068280CD1622106E06C2801
:104EE00004BF99F800006C2804D171218DF83A10A4
:104EF00009F1010910A804902A4619F8013B6946F6
:104F0000204600F061F838B910AA6946204600F042
:104F10008FF900287FF562AF384615E02A2888D13E
:104F20002A682A6052F8040B2A6000280D9003D5E5
:104F300040420D9041F0040109F101098CE70000A5
:104F4000686A6C747A4C00001FB0BDE8F083622878
:104F500020D0682811D06A2803D06C2827D0712867
:104F600025D10868C01D20F007000860D0E90023A3
:104F700008300860194610467047002A0A680A601F
:104F8000106803D0121D0A6000B217E0121D0A60FB
:104F900080B217E0002A0A680A60106803D0121D68
:104FA0000A6040B20AE0121D0A60C0B20AE0002A9C
:104FB0000A680A60106803D0121D0A60C1177047A2
:104FC000121D0A600021704770B51C460D46B4F1F1
:104FD00025002E69114600F019811C3868D0001F89
:104FE000022865D9133842D0093861D0801E16D006
:104FF000401E1ED0401E02285AD9001F19D0401F43
:1050000000F08180401E32D0401E00F0CB80C01ED8
:1050100000F0DA80801E2AD0C01E28D0FCE068692B
:10502000421C6A610A680A6052F8043B0A60335401
:10503000FCE095F83A000122FFF789FFC5E900017D
:10504000002904D56869411C69612D220DE0288F73
:10505000810704D56869411C69612B2205E0C007FE
:1050600021D56869411C6961202232541BE095F802
:105070003A000022FFF76BFFC5E9000195F8380000
:10508000010710D5D5E90023002B08BF002A0AD05C
:1050900044F02000782806D1686930213154401C42
:1050A000421C6A613454214668693044E86087E0F4
:1050B0000868C01D20F007000860D0E90023083010
:1050C0000860C5E90023D5E90001C80F04D068696C
:1050D000411C69612D220DE0288F810704D5686984
:1050E000411C69612B2205E0C00704D56869411C99
:1050F00069612022325468693044E86021462846BC
:1051000000F0C4F992E005F13A02507820B14FF076
:10511000FF340FF6202062E01078622808D068285B
:1051200024D06A2812D06C282ED071280ED02BE003
:105130000A680A6052F8040B0A6020B94FF0FF3485
:105140000FF608204BE0E96A01706FE00A680A6018
:1051500052F8040B0A6020B94FF0FF340FF6EC1040
:105160003DE0EA6AD317C0E900235FE00A680A60FD
:1051700052F8040B0A6020B94FF0FF340FF6CC1040
:105180002DE0E96A018051E00A680A6052F8040BD8
:105190000A6020B94FF0FF340FF6B0101FE0E96A43
:1051A000016043E00A680A6052F8040B0A600021BB
:1051B00020F0000221F0FF33C5E90023EE607821E2
:1051C000284600F0BBF831E00868086050F8044B4E
:1051D0000860EC603CB94FF0FF340FF6881002F025
:1051E0005BFF201A70BD2E6B002E04D5204602F006
:1051F00073FF044608E032460021204602F088FF93
:10520000002814BF041B3446AC610FE06869411CE0
:1052100069612522325409E06969481C68612522C8
:105220007254210002D0431C6B613454002070BDC5
:105230002DE9FC410F46064690467A6B7869396A3B
:10524000BC6A121AB869521A796A121AF869521AA3
:10525000121A97F83800141B41070FD42020002C95
:105260008DF800000ADD254601236A46394630469E
:1052700000F048FC00285DD16D1EF5D17B694246E7
:105280003946304600F03EFC002853D130208DF8DE
:1052900000003D6A002D09DD01236A46394630468B
:1052A00000F030FC002845D16D1EF5D1BB69FA68CD
:1052B0003946304600F026FC00283BD130208DF8DE
:1052C00000007D6A002D08DD01236A46394630461C
:1052D00000F018FC70BB6D1EF6D1F868B969FB6967
:1052E00042183946304600F00DFC18BB30208DF8CE
:1052F0000000BD6A002D08DD01236A4639463046AC
:1053000000F000FCB0B96D1EF6D197F838004107E7
:105310000DD52020002C8DF8000008DD01236A4601
:105320003946304600F0EEFB20B9641EF6D100206D
:10533000BDE8F6814FF0FF30BDE8F6812DE9FC4372
:1053400007466F293E6908BF082405D041F02000B8
:10535000782814BF0A2410243C25D7E900236429A7
:1053600018BF69299046994605D1002B03D5D8F17D
:10537000000869EB4909B9F1000F08BFB8F1000F47
:105380001FD1386BE8B9082C4CD197F838000107C9
:1053900048D530203B2586F83B0043E000280ED559
:1053A00097F8380000F01400102808D17B6B796959
:1053B000386A5B1A1B1A9A1A002AC8BF3A62BDE8FB
:1053C000F3838DF80010404649462246E31702F069
:1053D000CBFE3032D0B26D1E3A28019504DB9DF829
:1053E0000000A0F151018A187255404649462246F4
:1053F000E31702F0B9FE80465FEA010908BFB8F181
:10540000000F03D0F86871198842DCD3082C09D149
:1054100097F83800010705D5705D302802D06D1E61
:1054200030207055C5F13C02BA617119F960386BD2
:105430008242B3DA821A3A624FF6EF70398F014036
:105440003987BDE8F3832DE9D04306460F4614465D
:105450004FF00008DFF8109412E0E00707D542464D
:105460004B463046394602F097FF06460F46404607
:10547000494642464B4602F08FFF641080468946FB
:10548000002CEAD130463946BDE8D0832DE9F84FEB
:1054900005468A464AF020048EB0D5E90089612C81
:1054A00002AE09D0286B002848BF062003D408BFED
:1054B000672C01D101202863D5E900014A0052156B
:1054C000521C0DD10B030BD0AAF1610103201A2944
:1054D000A86102D20FF2A86110E00FF2A8610DE0FE
:1054E0004A005215521C0ED10B030CD1AAF16101D6
:1054F00003201A29A86116D30FF29061E8680322ED
:1055000000F0D0FEC0E1CDE90C01DDE90C2323F071
:105510000043B3F5801F0DD20027002B08BF002ADF
:10552000019703D111E00FF26061E7E701AA03F0F0
:1055300005F80AE0CD48CE4900EB1350DDE90C2315
:1055400001900B40CB4910461943C5E90001612C7D
:105550000DD1E86830210170821CBAF1610FEA6058
:105560000CBF7821582141706869801C6861D5E9B9
:105570000001CDE90C01DDE90C2333F0004104BF4B
:105580000028002300F04881612C40F0A080286BA7
:10559000494600284CBF4FF0210B00F1010B40465B
:1055A00000220023DDE90C8903F000F801990BF1DA
:1055B000010738BF89F00049091F002F01918DF8BC
:1055C00008200DF1090040F33581A94900910646F4
:1055D000404649460022002303F000F880F029816C
:1055E0004800400D00F11C0211D0002A0FDD40F2EE
:1055F000FF739A4205DBA04909F0004001430020F7
:1056000011E0009B194041EA025140460BE028F0AE
:10561000000039F0004108BF00280FBF49461C2296
:10562000494602F0F3FF8046894603F08DF8FF1FDC
:10563000002F044609DD03F0A5F802460B4640465C
:10564000494603F0B1F880468946F01D072104E081
:1056500004F00F0200F8012D2411002C01DD491E79
:10566000F6D5491E5CBF002200F8012DF9D5DCE01B
:105670000020194602AA0A4400E05B1E12F8014904
:10568000491E8442F9D00F2804D10DF10900425C73
:10569000521C4254002904D50198001D02AE5B1C27
:1056A0000190581E0CD43118AAF13A040A7830320D
:1056B000D7B23A2FA8BFA218401E01F80129F5D58C
:1056C000286B002840F1A780591E2963A3E00199A7
:1056D0006A4A47F29750414391FBF2F2019229F056
:1056E0000046D2F1070204DD40463146FFF7ABFE2B
:1056F0000AE0524200206249FFF7A5FE02460B462F
:105700004046314603F0C2F88046662C286B06BF3F
:10571000019F0A3706273F18142FC8BF14273020CF
:105720008DF8080089460DF1090000E03046002F91
:1057300034DD06464046494603F0CCF901460A46A8
:1057400006F1080304200A26B2FBF6F606EB860EE5
:10575000A2EB4E02303203F8012C0A22B6FBF2F221
:1057600002EB820EA6EB4E063036401E03F8026DA9
:10577000E9D1083F002F03F10806D7DD084603F002
:10578000BDF902460B464046494603F00DF800229B
:105790003C4B02F001FE80468946CBE70DF1090142
:1057A000401A0DF1090604E00199491E401E0191BD
:1057B000761C31783029F7D0662C02D10199491C2A
:1057C00003E0652C0CBF012100212B6BCB18984204
:1057D000B8BF431E002B1ED4834204DAF05C352888
:1057E000A8BF392000DA30201946721E02EB0108EA
:1057F00000E05B1E18F80199491E8145F9D039284F
:1058000002D1705C401C7054002904D50198401CE2
:1058100016465B1C0190019800B200901BB2324604
:105820005146284600F034F82EE0C61D002F3FF701
:10583000CFAE30460DF10901401A03465845C8BFA6
:105840005B46002B0DF109063FF53AAF8342BFF6E8
:105850000FAF0DF10900C15C07297FF709AF0F20D9
:1058600007E70000CBCCCC0C0000244002FCFFFF7B
:10587000FFFF0F800000E03F0000F07FA0860100E6
:105880000000F03F84D797410FB0BDE8F08F0000D3
:105890002DE9F84783B006468A461746984603F036
:1058A0003BF9B8F1000F406A356B90F8009002DCCC
:1058B0004FF00108B6A74AF02000BDF93040662835
:1058C00008BF641C15D0672840F0848014F1040FD1
:1058D000C0F28680AC4280F2838096F83800641C67
:1058E000010702D4A845B8BF454620B22D1A48BFCB
:1058F00000250FFA84FAF068B169BAF1000F25DCCF
:105900004A1C30234354002D03DC96F8380001076D
:1059100003D5F06800F80290521C15EB0A0FB8BFCF
:105920006C4220B2441941424445B8BFA046B2611E
:1059300071620FFA88F5F561F068B3692A46394655
:10594000184400F0AFFC641BB462C4E022B290457E
:10595000084417DA4246394600F0A4FCB0694044D6
:10596000B061AAEB0801002D716203DC96F83810D3
:105970000A0705D5F16801F80090F069401CF06154
:10598000B562A8E0394600F08DFCB069002D5044A6
:10599000A8EB040803DC96F838100A0703D5F16871
:1059A00001F80090401CB0610FFA88F08542F3685E
:1059B000B069B8BFA8460FFA88F207EB0A0118448D
:1059C00000F070FCB1690FFA88F00144B161281A47
:1059D000706280E0BAF1610F14D14FF0700A16E0E6
:1059E000A84504DA96F838100A0758BF45466D1ED8
:1059F00048BF0025BAF1670F14BF4FF0450A4FF0BA
:105A0000650A04E0BAF1410F08BF4FF0500AB169CE
:105A1000F368481CB061002D17F8012B5A5403DCC1
:105A200096F838100A071BD5F168431CB36101F8DA
:105A30000090002D14DDA8F101080FFA88F0394616
:105A40008542F768B8BFA8460FFA88F2F81800F048
:105A500029FCB0690FFA88F108446D1AB0617562CB
:105A6000F068B1690844002C80F800A003D42B2210
:105A70004270811C03E02D2141706442811C002092
:105A80006A460AE023460A2493FBF4F404EB8405F7
:105A9000A3EB450302F8013B401C24B2002CF1DCCF
:105AA000012806DC4AF02002652A04BF302201F8F2
:105AB000012B48B9302001F8010B07E0401E1DF80A
:105AC0000030303301F8013B0028F7DCF268B069A0
:105AD0001044091AF16196F8380000F014001028FB
:105AE0000DD17269B169706A8A18F1698218B06A59
:105AF0008A188218706B8242BCBF821A326204B06C
:105B0000BDE8F087F8B505460E4617461C4600204E
:105B100074B117F8011BB068A847B06030B1F06AE3
:105B2000401CF0620020641EF3D1F2BD4FF0FF3044
:105B3000F2BD00007072696E74665F733A20256E64
:105B400020646973616C6C6F776564007072696E54
:105B500074663A2062616420256E20617267756DFB
:105B6000656E74007072696E74665F733A2062616C
:105B70006420257320617267756D656E7400000086
:105B80006E616E004E414E00696E6600494E4600E1
:105B9000300000000021826811604268D21C920827
:105BA0009200002107E083681B68136083681A6015
:105BB00003881A44491C43889942F4DB704710B5A6
:105BC000002407E04548210089B250F82100FFF782
:105BD000E1FF641C200080B20928F3D310BD10B58A
:105BE00081680C68002C0FD021688068016014F077
:105BF0000300002806D03A4B40F2191239493A48BE
:105C0000FCF70AF8200000E0002010BD10B50400E9
:105C1000002C06D1324B4FF49E7234493248FBF7C8
:105C2000FBFF002C01D1002002E02000FFF7D7FF8E
:105C300010BD80B50100C9B2092908DB284B40F22C
:105C400057122B492848FBF7E7FF002005E02349BE
:105C5000C0B251F82000FFF7C2FF02BD38B5040002
:105C60000D0015F00300002806D01D4B40F26D1208
:105C700020491D48FBF7D0FFA06800682860A06895
:105C8000056031BD38B504000D00002C06D1144B61
:105C900040F2951215491448FBF7BEFF002C01D0C5
:105CA000002D00D103E029002000FFF7D7FF31BD10
:105CB00080B50200D2B2092A07DB094B4FF4D57236
:105CC0000D490948FBF7A8FF07E0002905D0034A62
:105CD000C0B252F82000FFF7C1FF01BD98E80008EC
:105CE000A4D2000874E80008ACE2000850F80008EC
:105CF000C8EC0008E8EC000830F10008DFF85015A7
:105D0000096880B208447047DFF844150968401AF2
:105D100080B2704738B50400DFF83405006884426B
:105D200009D2DFF8303540F2DF12DFF82C15DFF84A
:105D30002C05FBF771FFDFF828552868844209D34A
:105D4000DFF810354FF4F072DFF81815DFF80C05A6
:105D5000FBF762FF2079002809D0DFF8F83440F221
:105D6000E112DFF80415DFF8F404FBF755FF208893
:105D700040F24161884209D3DFF8D8344FF4F2721F
:105D8000DFF8E814DFF8D404FBF746FF2088FFF7BC
:105D9000B5FF01008C4219D00879002816D1286877
:105DA000814213D0DFF8C80402688A4200D104603F
:105DB000088820800888B0F5C86F07D00888FFF7EA
:105DC0009DFF05002000FFF79FFF68806088FFF7B8
:105DD00095FF0500A54216D02879002813D1DFF8D9
:105DE00090040168A14200D10560208828802088A5
:105DF000B0F5C86F07D02088FFF780FF04002800A7
:105E0000FFF782FF608031BD70B5DFF84444DFF8F2
:105E1000640480088000206020684FF4C865058015
:105E20000021418000210171DFF834644FF4C86023
:105E3000FFF764FF30600120316808713068058029
:105E4000306845802068DFF82814086070BD70B5A0
:105E500006003000FFF758FF05003088FFF74EFFBF
:105E600004007088FFF74AFF40F2416132888A429D
:105E700015D272888A4212D271882A0092B2914257
:105E800004D00088290089B2884208D1DFF8D00305
:105E90000068844205D06088ADB2A84201D00020DD
:105EA00000E0012070BD10B500284FD010F00301B4
:105EB00000290AD0DFF89C3340F27322DFF8B813D0
:105EC000DFF89803FBF7A8FE40E0B0F10804DFF824
:105ED000801309688C4205D3DFF8841309680C30FD
:105EE00081420AD2DFF86C3340F27F22DFF88C1354
:105EF000DFF86803FBF790FE28E0207900280AD13C
:105F0000DFF850334FF42372DFF87413DFF84C03DB
:105F1000FBF782FE1AE02000FFF799FF00280AD164
:105F2000DFF8303340F29522DFF85813DFF82C0306
:105F3000FBF772FE0AE000202071DFF834030168ED
:105F40008C4200D204602000FFF7E4FE10BD2DE972
:105F5000F0470D00ADB2ED1C4FF6FC7215402A0063
:105F600092B20C2A00D20C252A0092B240F2416370
:105F70009A4204D22A0092B289B28A4201D2002007
:105F8000A1E00400B24E3068844203D3B4480068F4
:105F9000844206D3AF4B40F2D222BB49AF48FBF755
:105FA0003BFE3068844203D3AD480068844201D38D
:105FB000200088E0B4F108073800FFF7A5FE0600CE
:105FC0003888801BB0F108094846290080B289B2A0
:105FD000884206D29F4B4FF43972AC499F48FBF779
:105FE0001BFE4846290080B289B2884201D20020B7
:105FF00069E02800494680B289B2884201D1200078
:1060000061E03888FFF77AFE804698F8040000289F
:106010002DD13888B0F5C86F06D18E4B40F2F522ED
:106020009B498E48FBF7F8FDB8F80090AD1908358C
:10603000DFF83CA2DAF80000404505D1280080B224
:10604000FFF75CFECAF80000280080B2FFF756FE9A
:1060500000210171A0F8009046803D800188B1F5D3
:10606000C86F2FD00088FFF749FE45802AE01FFA4D
:1060700089F9280080B21430814523D3AD19083541
:106080003888B0F5C86F06D1724B40F2163280499D
:106090007248FBF7C1FD280080B2FFF72FFE74495C
:1060A0000A68904200D2086000210171398801809D
:1060B00046803D800188B1F5C86F03D00088FFF7A6
:1060C0001DFE45802000BDE8F0872DE9F04101006C
:1060D00089B2002901D10020B8E00400A4B2E41C78
:1060E0004FF6FC710C40210089B20C2900D20C241F
:1060F000210089B240F24162914204D2210089B26A
:1061000080B2814201D20020A0E0594E3068FFF7F2
:10611000FBFD070004E0380080B2FFF7EFFD0788C1
:10612000380080B2210089B2D1F5C861884280F080
:106130008C80380080B2FFF7E1FD05002879002847
:10614000E9D12988380080B2091A0839200080B2C4
:106150008142E0D32988380080B2091A083920002A
:1061600080B21430814226D314EB070818F10808D6
:10617000404680B2B0F5C86F06D1364B40F2873248
:1061800043493648FBF748FD404680B2FFF7B6FD6D
:1061900000210171298801804780A5F80080012134
:1061A00029710188B1F5C86F07D00088FFF7A6FDF7
:1061B000A0F8028001E001202871306885421DD1DD
:1061C000316803E00888FFF799FD0100087900288D
:1061D00003D0234800688142F4D1316030682049FF
:1061E000096888420AD030680079002806D0194B27
:1061F00040F2B53227491948FBF70EFD18480068F0
:1062000015FA84F10831884206D2124B40F2BA32B4
:1062100021491248FBF700FD15F00300002806D0C5
:106220000C4B4FF46F721D490C48FBF7F5FC15F051
:106230000300002806D0074B40F2BE321849074839
:10624000FBF7EAFC15F1080000E00020BDE8F08152
:106250005484002038D2000840F500085CE20008B1
:1062600058840020C0F00008DCF0000840DE000880
:106270005C8400202B7000202CE80008F8F0000857
:1062800084E2000874DA000858F50008A8EC000859
:106290003CF8000814F10008D8DB000808DC00080E
:1062A00050E8000862B38B0708D0521E11F8013B7A
:1062B00000F8013B00F024808B07F6D1830740F003
:1062C000208000BF103A07D330B4B1E83810103A3C
:1062D000A0E83810F9D230BC530724BFB1E8081049
:1062E000A0E8081044BF51F8043B40F8043BD20733
:1062F00024BF31F8022B20F8022B44BF0B78037027
:106300007047121F17D35B0009D151F8043B20F8E6
:10631000023B1B0C121F20F8023BF6D20BE051F897
:10632000043B00F8013B1B0A20F8023B1B0C121F28
:1063300000F8013BF3D238BF121D521E24BF11F8E2
:10634000013B00F8013BF8D870470000F0B5244C41
:10635000244A2078244B6FF0004150BB0820656828
:1063600003FB05250E46B5FBF6F601FB1655401E50
:106370006560F4D11D4D2E461020676803FB07278A
:106380008C46B7FBFCFC01FB1C77676046F8047B7E
:106390008E4603FB0727B7FBFEFE01FB1E776760F7
:1063A000401E46F8047BE8D1E86FC5F8800001255F
:1063B0002570606803FB00220B46B2FBF3F301FB80
:1063C00013210A4A616092F8803003F01F0352F8EB
:1063D0002300C2F8800042F8231020F04040F0BDB6
:1063E000800000205FF36E3C0D661900EC810020F8
:1063F00062F30F2262F31F42401810F0030308D02B
:10640000C91A1FD3DB0748BF00F8012D28BF20F8A9
:10641000022D130030B414461546103928BF20E968
:106420003C00FAD8490728BF20E90C0048BF40F8D3
:10643000042D890028BF20F8022D48BF00F8012D47
:1064400030BC7047C91818BF00F8012DCB0728BF12
:1064500000F8012D7047000070472DE9F84F070044
:10646000002F0BD1DFF8DC3340F22712DFF8DC130A
:10647000DFF8D403FBF7D0FB002097E0DDF82C8099
:10648000404600280BD1DFF8BC334FF49472DFF89C
:10649000C013DFF8B403FBF7BFFB002086E00E005B
:1064A000002E01D1DFF8AC631500002D01D1DFF81B
:1064B000A4531C00002C01D1DFF89843DDF8309084
:1064C000DDF828A0002078600020B8600020F86087
:1064D0000FF23D30786100203885002087F83100C8
:1064E0000421002217F1240B5846FFF781FF0020FA
:1064F000F861C7F820A0DFF860A39AF8000087F8D9
:106500003400C7F8109023002A003100380000F052
:10651000ADF83800C047002801D0002046E097F8C9
:106520003400FF2802D1002087F834000026DFF86D
:106530002C532C6800E02468002C24D0BC4209D1E4
:10654000DFF8003340F28B12DFF81413DFF8F802A3
:10655000FBF762FB761CB6F5807F09DBDFF8E432DF
:1065600040F28D12DFF8FC12DFF8DC02FBF754FB7F
:1065700094F8340097F834108842DCD197F834004E
:10658000401C87F83400002CC9D197F83400FE284D
:1065900003D100208AF8000004E097F83400401C82
:1065A0008AF80000286838602F603800BDE8F28F54
:1065B00038B504000D0029002000FDF761F829001E
:1065C000200001F0DAFB31BD7CB506000C0015009F
:1065D000002C09D1DFF86C3240F2CB12DFF88812C0
:1065E000DFF86402FBF718FB002D09D1DFF8543205
:1065F0004FF4E672DFF87012DFF84C02FBF70CFB89
:1066000020687168884213D0206800907068286004
:1066100069462800FFF7CCFF002C01D1002000E0E4
:10662000206870600121300000F071F8012000E066
:10663000002076BD0A6883689A4207D0002901D1FC
:10664000002100E009688160012000E0002070471F
:106650000A68C3689A4207D0002901D1002100E0EE
:106660000968C160012000E0002070472DE9FC4767
:1066700082460C0017001E005FF000085FF0000962
:10668000002C00D1734C002F00D1724F002E00D18E
:10669000704E002C02D02068002801D1012500E0B6
:1066A0000025002D04D06A4621005046FFF78CFFDC
:1066B000424639005046FFF7BDFF4A46310050467A
:1066C000FFF7C6FF002D04D16A4621005046FFF7B0
:1066D0007BFFBDE8F38765490860704780B50028F7
:1066E00007D1584B4FF4547261495748FBF794FA5D
:1066F0000CE090F83110C90708D490F8311051F02F
:10670000010180F83110032100F001F801BD38B516
:1067100004000D00002C06D14A4B40F26D32554961
:106720004948FBF779FA94F8310010F00500052884
:106730000CD1E8070AD56068002807D094F831002A
:10674000000703D5211D200002F004FF31BD80B5F4
:10675000002807D13B4B40F29B3247493A48FBF7B0
:106760005BFA0FE090F83110C9070BD590F83110A3
:1067700011F0FE0180F8311090F83110090701D5B1
:1067800002F0CCFB01BD10B50400002C07D12D4B4D
:106790004FF4787239492C48FBF73EFA16E094F82A
:1067A0003100400712D494F8310050F0040084F80E
:1067B0003100200003F0D5F903212000FFF7A7FFE7
:1067C000E069002802D02000E169884710BD80B54B
:1067D000002807D11B4B40F2064229491A48FBF713
:1067E0001BFA0EE090F8311049070AD590F83110E5
:1067F00011F0FB0180F83110C169002901D0C16995
:10680000884701BD002800D0C1617047000000002A
:106810007FF00B00704701000800C0B200280ED0C6
:106820000E48006800E00068002808D00A0090F8D0
:1068300034305B1CD2B2DBB29A42F4D100E00020CB
:106840007047000010D30008D4E200084CF10008A3
:10685000BCE80008F4FB0008E284002084840020E7
:1068600064F8000838DC0008B4F9000888840020C7
:1068700068F10008E0E8000808ED000804E90008F5
:1068800028E90008FEB50400DFF84C54DFF84C049A
:10689000286002208DF80000684600214170002128
:1068A00081700021C1700021017100214171684691
:1068B00068605FF40000A860DFF82404E860DFF897
:1068C000240428614FF4C0606861280004F048F98E
:1068D000C0B200280AD1DFF81004FBF79DF994F844
:1068E000310050F0040084F8310003E0DFF8FC03CD
:1068F000FBF792F938210022DFF8F4633700380003
:10690000FFF776FD212030605FF4400070610020C9
:106910003061DFF8E003FFF73DF9062084F830002E
:106920006868007884F82A006868407884F82B004A
:106930006868807884F82C006868C07884F82D0036
:106940006868007984F82E006868407984F82F0020
:1069500040F2DC50208594F8310050F00A0084F8B1
:10696000310004F092FE200000F033F9F7BDF8B5D5
:106970008CB00D000024002000266846302105F070
:106980000BF8302100226F463800FFF731FD280058
:1069900022E00C2241686B4602FB04F7D951418981
:1069A0006B4602FB04F73B445960002C09D0694652
:1069B00002FB04F319446B4602FB04F73B4443F823
:1069C000041C0168002905D100216B4602FB04F27A
:1069D0001A449160641C0068002804D0042CD8D3A9
:1069E0007FF00B000BE0C249288948606846886048
:1069F0004D631422B84804F04FF9300040B20DB096
:106A0000F0BD80B500200090BB480078002803D17D
:106A10006946B14804F0A7F9009802BD38B50500F1
:106A200000202800FFF7EDFF0400002C08D029000B
:106A300020002A699047002802D02000FBF753FB72
:106A4000002CEED131BD10B50400002C06D1AB4BAB
:106A50004FF4B072AA49AB48FBF7DEF8732084F814
:106A60003200742084F83300A7486061A748A06111
:106A70002000FFF707FF002010BD80B501009D48F2
:106A8000FFF700F99C480178012901D1002101702C
:106A900001BD80B504F084FF02BD80B59C48FFF7BE
:106AA000BDFF01BD10B586B0002005909948016872
:106AB00051F001010160016811F001010591059992
:106AC00000210591016851F004010160016811F095
:106AD00004010591059900210591016851F0020119
:106AE0000160016811F002010591059900210591ED
:106AF000016851F040010160016811F04001059109
:106B0000059900210591016851F00071016001684B
:106B100011F000710591059900210591016851F06E
:106B200080610160016811F0806105910599002183
:106B30000591016851F000610160006810F000608B
:106B400005900598744C01220421200005F019F8E5
:106B50000420009001200190002002900220039068
:106B60006946200004F022FF3220009002200190AC
:106B700000200290032003900B2004906946674890
:106B800004F014FF86200090022001900020029063
:106B9000032003900B2004906946614804F006FF2F
:106BA0004FF4D0400090022001900020029003207A
:106BB00003900B20049069465A4804F0F7FE002227
:106BC00001213D2005F06FF83D2005F07DF806B06D
:106BD00010BDF0B599B005006846642104F0DCFEF4
:106BE00000240026002704F061FD95F831104907C4
:106BF0000FD502280DD24C48FBF70EF82800FFF7FE
:106C0000A6FD2800FFF7E3FD48494148FFF7FAFDDC
:106C100041E095F8311049073DD402283BD30228C2
:106C200006D019D304280ED008D3052810D013E0BD
:106C30004FF400674FF4804601240DE000274FF425
:106C40008046012408E04FF400670026012403E099
:106C5000002700260124FFE7002C1CD01E4C6946AB
:106C6000200004F0B7F90697059632003900304845
:106C7000FAF7D2FF6946200004F02DFA200003F055
:106C8000CBFF2800FFF72AFD2800FFF77CFD2749EE
:106C90001F48FFF7B7FD19B0F0BD1CB5040015483B
:106CA000FEF7B4FF0300002B0FD013F1200020608B
:106CB000204818614FF4C060019020680090412284
:106CC00000210020FBF7F9F804E001200A490870D0
:106CD0000020206013BD0000D47E00200080024010
:106CE000C88000202880002064F9000874F900089A
:106CF00058830020C8FA0008E184002084D50008E9
:106D000084F9000894E100080F9100086F690008F9
:106D10009083002030380240000402400008024006
:106D2000000002400018024028F5000819B90008C8
:106D300000F800087B6A000810B40024B2F12004B7
:106D4000002222600022228163810268002A01D190
:106D5000046001E00A6814600C60006803E00189C7
:106D60005918018100680028F9D110BC7047000053
:106D700038B50025DFF80009046804E0E07F401E14
:106D8000E07725002468002C08D0E07F0028F5D1AA
:106D900020002468290000F002F8F4E731BD2DE955
:106DA000F84306000D000027B54208D1DFF8CC38C3
:106DB000AB22DFF8CC18DFF8CC08FAF72DFF002D56
:106DC0000BD02868B04208D0DFF8B038AD22DFF829
:106DD000B818DFF8B008FAF71FFF706841688888B4
:106DE000002827D1746808687060142216F1080121
:106DF000D4F804804046FFF755FA0121200001F045
:106E0000E7F82000FBF7DCF98046404680B210FA34
:106E100087F0B0F5803F08DBDFF86038BC22DFF890
:106E20006C18DFF86008FAF7F7FE18EB0707200088
:106E3000FBF759F974681BE06068A0460468404697
:106E4000FBF7BEF98146484680B210FA87F0B0F5EC
:106E5000803F08DBDFF82438CC22DFF83018DFF879
:106E60002408FAF7D9FE19EB07074046FBF73BF970
:106E7000002CE1D12900300000F085F8DFF810483F
:106E80002088390089B2884208D2DFF8F037D22250
:106E9000DFF80018DFF8EC07FAF7BEFE2088C01B09
:106EA0002080BFB23800BDE8F283F8B504000D00C1
:106EB000002600205FF0000C00230027DFF8B81741
:106EC000096814E0C27F91F81FE072450AD30800F8
:106ED000634607E00022002A04D07F1C0028F1D17D
:106EE000080063460A68002A00D08C460968002919
:106EF00010D0E268D1F814E0964509D12269D1F8A2
:106F000018E0964504D18A89B4F804E07245E1D0CE
:106F10000122E0E7002803D01900FFF740FF86199F
:106F2000AE4201DA022FC4DA3000F2BD70B50500BE
:106F30000E000420FEF77DFE0400002C0DD1310070
:106F40002800FFF7B2FFB04203DB0420FEF771FE1A
:106F50000400002C01D1002014E020210022260092
:106F60003000FFF745FA0F20E077DFF80C070168E3
:106F700021600460142214F1080629003000FFF794
:106F800091F9200070BD38B505000C00DFF8E80667
:106F90000168A94202D1296801600DE0002C09D1E5
:106FA000DFF8D83640F24512DFF8EC16DFF8D406E9
:106FB000FAF732FE2868206029000420FEF778FEE8
:106FC00031BD2DE9F0470600894690460024012591
:106FD000D9F804707888FBF71EFB8246387810F0E9
:106FE0000F00C0B2800051460200D2B289B292B204
:106FF000914202D25FF0FF30D1E0C0B2BAEB000A9A
:10700000F888FBF708FBC004C00C80B2C000D9F8B8
:10701000047000213960B8801AEB000AA7F806A0B6
:10702000F98880B2814202D25FF0FF30B7E0706829
:1070300010E0B8888A8890424CD0B888CA889042BC
:107040004BD3002C04D0E0888A88904200D00025E1
:1070500008680C00002823D04168BA888B889A42BF
:10706000E7D23860002C12D0BA88E3889A4203D362
:107070008988FA88914202D25FF0FF308FE0C4F82D
:107080000090E188BA8891420AD0002508E08988FA
:10709000FA88914202D25FF0FF3080E0C6F8049097
:1070A00000282CD1002C1BD0B888E188884209D256
:1070B000DFF8C8354FF4DB72DFF8E015DFF8C40500
:1070C000FAF7AAFDC4F80090E088B988884216D083
:1070D000002514E05FF0FF3061E05FF0FF305EE01C
:1070E0007068002809D0DFF8943540F2BF12DFF84D
:1070F000B015DFF89005FAF78FFDC6F8049040460A
:10710000002802D1B07FC00748D5002D40D070685C
:10711000002804D0706840688088002801D00025CD
:1071200036E03900386801E039003868002805D0B9
:107130004768C888B9888842F6D00025002D27D036
:107140007068002809D1DFF8343540F2DF12DFF82B
:107150005415DFF83005FAF75FFD70684068B842F3
:1071600009D1DFF8183540F2E112DFF83815DFF801
:107170001405FAF751FD3868002809D0DFF8FC340F
:1071800040F2E312DFF82015DFF8F804FAF744FDC7
:10719000002D01D0012000E0002000E00020BDE82B
:1071A000F0872DE9F84F8046D8F80450287810F081
:1071B0000F008000C0B2142840F0A180E888FBF7DF
:1071C0002AFAC004C00C80B25FEAC0096888FBF7E5
:1071D00022FA297811F00F01C9B2890002000B00D0
:1071E000DBB292B29BB29A42C0F08980C9B2401A17
:1071F000ADF800004046FAF7E3FF8246DFF89064FE
:10720000308810FA8AF00B280CDB514689B228002E
:10721000FFF74BFE002804D0308810FA8AF00B28C4
:1072200000DB6CE0DFF850743C6800E02468002C60
:1072300010D0E8686169814209D12869A169814259
:1072400005D1A089A988884201D1012000E0002051
:107250000028EBD0002C08D1514689B22800FFF756
:1072600065FE0400002C11D149E0E888FBF7D3F952
:10727000C0040BD1E089FBF7CEF9C00406D014227C
:10728000290014F1080B5846FFF70CF8E888C0F302
:10729000401515F0010595F00105EDB2002D34D033
:1072A000BDF8000010EB090001004A4689B292B215
:1072B000914204D380B24FF6EC71884225DB002C5A
:1072C00009D1DFF8B8334FF42A72DFF8E013DFF8A2
:1072D000B403FAF7A1FC6068002810D13868844232
:1072E00009D0DFF8983340F2AB22DFF8C413DFF89F
:1072F0009403FAF791FC00212000FFF744FE40467A
:10730000FAF7F1FE0020BDE8F28F2A004146200086
:10731000FFF757FE10F1010FD1D031881AEB010AA7
:10732000A6F800A0002D09D0BDF8001011EB090946
:10733000A4F81C90A17F51F00101A177012852D13E
:10734000B4F81C8018F1140860684068056860682B
:10735000D0F80490142214F10801CA465046FEF7F2
:10736000A1FF404680B2FBF756F9A9F802000020C1
:10737000A9F806000020A9F80A00D4F804800BE060
:10738000D5F8049014212800FAF760FE2900404641
:10739000FAF733FFD9F80050002DF1D13868844254
:1073A00001D1002107E0396800E00968002902D016
:1073B0000868A042F9D12000FFF7E5FD4046FAF742
:1073C000FFFE04003088210089B2884206D2AB4B10
:1073D00040F29B22B749AB48FAF71EFC3088041BE9
:1073E000348040468FE700208DE780B50520FEF70A
:1073F00020FC02BD10B50400002C06D19F4B4FF4B9
:107400003172AD499F48FAF707FC21000520FEF7CD
:107410004FFC10BD38B505002C00002C06D1974B51
:1074200040F2CE22A5499748FAF7F6FBAC4206D0C7
:10743000924B40F2CF22A2499248FAF7EDFB6069E5
:10744000002802D06069FAF74EFE2000FFF7D2FF55
:1074500031BD2DE9F24F88B0824614005FF0000B79
:107460000898008D1438082190FBF1F0ADF80C005D
:107470005FF01409DAF8040005900598017811F01E
:107480000F018900C9B2142902D07FF0050090E0F5
:10749000BAF80A10142909DA784B4FF43F72894977
:1074A0007848FAF7B9FB7FF0050082E0C088FBF767
:1074B000B2F8C104C90CADF80A1080B210F4005043
:1074C0000690BAF80800B0F1140807943BE00020D9
:1074D00009E01BEB09090898008D1438414689B270
:1074E0008842F4DB0120BDF80A10C904C90C002849
:1074F00002D00698002801D051F40051080080B253
:10750000FBF789F80499C880BDF80800143080B2F0
:10751000FBF781F804994880002004994881079A74
:1075200031000898089B5B6998473000FAF7DBFD4B
:10753000BDF80800B8EB0008BDF80A10BDF80C0053
:107540004118ADF80A10404680B2002800F0928041
:107550004046BDF80C10C90080B289B2884202D200
:10756000ADF8088005E0BDF80C0080B2C000ADF8B1
:1075700008004FF4207214210E20FAF78AFB06004F
:10758000002E14D07089142806DA3C4B40F22532C4
:107590004D493C48FAF740FB1422059974682000D5
:1075A000FEF780FE70680490BDF8087008E05FF098
:1075B000FF3009B0BDE8F08F5FF00009DAF800A0F5
:1075C000380080B2002884D0BAF80AB0BBEB090BAF
:1075D000BAF80A00494689B2884206D2274B40F2DF
:1075E0002D323A492748FAF717FB3800594680B23E
:1075F00089B2884201D2BB46FFE7584680B20028D4
:10760000DAD0FFF7F2FE0400002C03D13000FAF7C5
:107610006AFDCCE7584680B20190DAF8040049468A
:1076200089B20844009023004122594689B20020C3
:10763000FAF743FC0500002D06D12000FFF7DAFE23
:107640003000FAF750FDB2E75046FAF7C2FDC4F831
:1076500014A01F48206129003000FAF7CEFDB7EBD7
:107660000B07380080B20028AAD05FF00009DAF8D2
:1076700000A0A5E700209CE750840020B8CE0008B9
:10768000E0FA000834E2000814F8000828EC0008CA
:10769000D2840020E4E700086CF0000848EC000801
:1076A000C0D8000894F9000808E80008ECFA0008BF
:1076B00068EC000888F00008F8FA000804FB0008ED
:1076C00010FB0008A4F0000888EC0008A4F90008EA
:1076D0001574000880B5FEF739FE8004800CB0F503
:1076E0008040DFF8C816088001BD10B40021FFE714
:1076F000DFF8B8261088431C13804FF6FF7380B262
:10770000984202D14FF440401080DFF8A406006890
:1077100000E0C06800280BD0438A1488A342F8D147
:10772000491C080080B2B0F5804FE1DB002000E08A
:10773000108810BC704770B504000D001600002CB6
:1077400008D1DFF870368722DFF86C16DFF86C0698
:10775000FAF762FA002D08D1DFF858368822DFF8F0
:107760006016DFF85806FAF757FA207A00280BD08F
:10777000207ADFF85016496891F83410491CC9B2D4
:10778000884201D0002025E0F6B2002E14D0002C53
:1077900010D0206800280DD0DFF82816486910F1B5
:1077A000010F07D02268A86802404969A868014013
:1077B0008A420ED101200DE0002C08D0206800285C
:1077C00005D02068DFF8FC154969884201D1012005
:1077D00000E0002070BD2DE9FE4F06000F000020E4
:1077E000002E08D1DFF8CC35CF22DFF8DC15DFF82A
:1077F000CC05FAF711FA002F08D1DFF8B835D022FE
:10780000DFF8C815DFF8B405FAF706FA708908281A
:1078100003DA3000FAF767FCB5E07468DFF8A49586
:10782000D9F80010D9F81400FAF77CFE82462088B7
:10783000FAF7F1FEADF804006088FAF7ECFEADF857
:10784000000000205FF000080025DFF864B5DBF8D9
:10785000004001E0A046E468002C3DD0608ABDF8FD
:1078600000108842F6D15246D2B239002000FFF70C
:1078700062FF0028EED0207C400715D4002D01D1F6
:10788000250011E05046C0B200280DD0D9F81400F0
:1078900010F1010F08D128687968884204D0206867
:1078A0007968884200D12500A08ABDF8041088427A
:1078B000D0D16068002804D06068D9F810108842E0
:1078C000C8D1B8F1000F07D0E068C8F80C00DBF8A9
:1078D0000000E060CBF80040002C00D12C00002C10
:1078E00001D0012007E07868D9F81410884201D14E
:1078F000012000E00020C0B2002841D00821300063
:10790000FAF7A4FB00280DD0DFF8A8344FF4B872C2
:10791000DFF8BC14DFF8A404FAF77EF93000FAF7B8
:10792000E2FB30E0002C11D0A06900280AD0BDF89D
:107930000400009019F1100332002100E069A469ED
:10794000A04720E03000FAF7CEFB1CE05FFA8AFA8D
:10795000BAF1000F10D199F8140010F0F000E028EF
:107960000AD0B9F90C10083109B23000FAF7B5FBAA
:107970000321300000F025FB3000FAF7B4FB02E0F1
:107980003000FAF7B0FBBDE8F78F7CB500280CD1CA
:10799000DFF820344FF42072DFF83814DFF81C04CD
:1079A000FAF73AF97FF00F0046E000290CD1DFF832
:1079B000043440F28122DFF82014DFF80004FAF7E3
:1079C0002BF97FF00F0037E0002A0CD1DFF8E43309
:1079D00040F28222DFF80414DFF8E003FAF71CF922
:1079E0007FF00F0028E0069D002D0CD1DFF8C43396
:1079F00040F28322DFF8E813DFF8C003FAF70CF94E
:107A00007FF00F0018E0002807D00468002C04D095
:107A1000047814F0F004E02C01D12C1D07E0046878
:107A20006E68B44202D07FF0030005E004000194C8
:107A300000959BB200F001F876BD2DE9FE4F0600DF
:107A40009846002E0CD1DFF86C3340F2D122DFF8DB
:107A50009413DFF86803FAF7DFF87FF00F00ACE06B
:107A60000D00002D0CD1DFF84C3340F2D222DFF8AC
:107A70007813DFF84803FAF7CFF87FF00F009CE0A7
:107A80001400002C0CD1DFF82C3340F2D322DFF8A5
:107A90005C13DFF82803FAF7BFF87FF00F008CE0E3
:107AA000DDF83490B9F1000F0CD1DFF808334FF452
:107AB0003572DFF83C13DFF80403FAF7ADF87FF016
:107AC0000F007AE00C9F002F0CD1DFF8E83240F273
:107AD000D522DFF82013DFF8E402FAF79DF87FF0F3
:107AE0000F006AE0708A00280AD1728A31003000E3
:107AF00000F065F8010049B2002901D040B25CE015
:107B000028890830298980B2884202D25FF0FF308C
:107B100053E008212800FAF794FA002814D04FF413
:107B2000207208212220FAF7B4F88246BAF1000F39
:107B300002D15FF0FF3040E02889002805D02900FD
:107B40005046FAF796FB00E0AA46BAF80A00082861
:107B500007D2984B40F20E32DFF89C129748FAF7A2
:107B60005BF8DAF804B0708AFAF755FDABF800005C
:107B7000404680B2FAF74FFDABF802000020ABF8A8
:107B80000600BAF80800FAF746FDABF80400112029
:107B9000F37A0297C0B20190B07A0090DBB2220073
:107BA00049465046FDF775F80400AA4503D05046F3
:107BB000FAF799FA0020200040B2BDE8FE8FF8B530
:107BC00005000C00002C00D18C4C002D09D1794B04
:107BD00040F2B7328A497948FAF71EF87FF00F0071
:107BE00042E00026724F386800E0C068002802D0EA
:107BF0008542FAD10126100080B2002809D1FFF792
:107C000074FD0200100080B200281FD17FF0070031
:107C10002AE0386800E0C068002817D08542FAD012
:107C2000418A13009BB29942F5D1016823689942B9
:107C300009D0002C07D02168002904D0002802D0E8
:107C400001680029E7D17FF007000DE0002C01D189
:107C5000002000E0206828606A82F6B2002E02D17F
:107C60003868E8603D600020F2BD70B505000C008A
:107C70001600002D09D14F4B40F2354261494F4863
:107C8000F9F7CAFF7FF00F0032E0002C09D1494B11
:107C900040F236425C494948F9F7BEFF7FF00F00D9
:107CA00026E0688A00280AD16A8A29002800FFF79E
:107CB00086FF010049B2002901D040B218E0002C33
:107CC00001D1002000E020686860AE82287C50F07E
:107CD000040028743649086800E0C068002803D012
:107CE0008542FAD1002003E00868E8600D600020BA
:107CF00070BD80B5002807D12E4B40F28A4243491F
:107D00002E48F9F789FF01E08161C26101BD80B5AC
:107D10000100002907D1274B40F2A1423C492748E6
:107D2000F9F77AFF17E0224802688A4203D1026815
:107D3000D26802600CE0026800E0D268002A07D036
:107D4000D0680028F9D0D0688842F6D1C868D060E1
:107D50000020FDF7ADFF01BD38B50020FDF769FF3C
:107D60000400002C07D02021002225002800FEF767
:107D70003FFBFF20E072200032BD10B4002813D07A
:107D80000268002A10D000290ED00A68002A0BD001
:107D9000074A126806E013680468A34201D10B6821
:107DA0001360D268002AF6D110BC70479A000020F8
:107DB000C8840020C0D40008B4EA000894E6000893
:107DC000BCE60008E8830020F0F6000808F400088C
:107DD00024F4000840F400085CF4000848EF0008B0
:107DE00068EF000888EF0008A8EF0008D8EA00084C
:107DF000FCEA000820EB0008B8DD0008F4FB0008EE
:107E000008F7000878F4000894F4000820F7000848
:107E100038F700082DE9FE4F06000D00924FD7F805
:107E200008A09AF8000010F00F005FEA80095FFADE
:107E300089F9484680B2142803DA3000FAF753F97A
:107E400016E070890428F8D3706800780100C9B280
:107E5000002902D0082901D091E0AEE017F1140802
:107E6000387D10F0F000E02804D13000FAF73BF93B
:107E7000BDE8F78F39687869FAF754FB0028F4D128
:107E800030890828D9D3494689B20E313000FAF733
:107E9000D8F8002864D0318919EB01010800328933
:107EA00080B29042E1D34FF4207289B20E20F9F7EC
:107EB000F0FE0400002CD8D06089494689B2083110
:107EC000884203D22000FAF70EF9CEE74A4692B272
:107ED000D4F804B051465846FEF7E4F9494689B251
:107EE0002000FAF7B3F8002809D0604BB6226049A9
:107EF0006048F9F791FE2000FAF7F5F8B5E7310090
:107F00002000FAF7BFF9002803D02000FAF7EBF8B9
:107F1000ABE73000FAF7E7F8260074681FFA89F932
:107F200049463000FAF78DF8002818D17068D8F863
:107F30000010C16039690161002121700021618058
:107F4000FF21017200214181029501200190002052
:107F50000090FF23002241463000FCF782FE2CE017
:107F6000494689B20E313000FAF770F80028D4D0B3
:107F70003E4BC72240493F48F9F74EFE75E70100E6
:107F8000C9B2032919D00100C9B20B2915D00100CB
:107F9000C9B20C2911D00100C9B204290DD00100C9
:107FA000C9B2052909D00100C9B20D2905D00100C7
:107FB000C9B20E2901D0C0B211283000FAF793F8E7
:107FC00056E780B50A00D2B2032100F008F801BDDF
:107FD00080B50A00D2B20B2100F001F801BD2DE9F5
:107FE000F84384B00700884691464FF4207224215C
:107FF0002220F9F74EFE0400002C32D0608924289C
:1080000006D21A4B40F269121C491A48F9F704FECD
:108010007E68656885F8008085F801900020A8805A
:108020000020E8801C227968606810F10807380099
:10803000FEF738F9F068039003A8FCF7BDFC0028B0
:108040000CD0002169800290012001900020009056
:10805000FF2303AA00212000FCF703FE2000FAF70B
:1080600042F805B0BDE8F083E88300200CD000089A
:1080700088D80008BCE1000840DA000814DE0008D7
:10808000C9B202788A421AB11CBF10F8012FF9E771
:1080900018BF00207047000080B500B906A0054950
:1080A0000B681BB122220021984701E003F039FE42
:1080B000222002BDCC840020636F6E7374726169EC
:1080C0006E742068616E646C65723A20626164202F
:1080D0006D6573736167650000F10103810704D06A
:1080E00010F8011B820781B1FAD10268A2F10131B7
:1080F000914311F0803104BF50F8042FF6E709BA1C
:10810000B1FA81F100EBD100401CC01A70470000A9
:10811000C9B2830706D0521E22D310F8013B994200
:10812000F7D11FE0083A13D302F1040241EA01211A
:1081300041EA014150F8043B121F21BF4B40A3F11B
:10814000013C2CEA030C1CF0803FF3D0C9B2001FA5
:10815000083210F8013B521E28BF91EA030FF8D8ED
:1081600018BF0120401E7047BBBBE1B1B2F5803F94
:1081700080F07E80022A1ED98C46B1FBF2F102FB10
:1081800011C31B0443EA1043B3FBF2FC02FB1C3394
:1081900080B240EA0343B3FBF2F002FB103240EA44
:1081A0000C4000237047022A05D98446B0FBF2F048
:1081B00002FB10C270474AB105D100F00102490824
:1081C0005FEA3000704700220023704703F0ACBD27
:1081D0000B000200002100207047904271EB030C5D
:1081E000F6D3B3F5803F2FD2F0B5B3FA83F7B1FAE7
:1081F00081F4A7F10F0E3D1B5340CEF1200602FA89
:108200000EF2F3415340B5F10F0746D80F3C2C4412
:108210004140C4F12006A040F1414140B1FBF3F6DA
:1082200003FB1611A2FB0645001BA94102D2761ED4
:108230008018594180EA010221FA0EF362FA0EF227
:1082400000215A403046F0BD30B4B1FBF3FC03FBD3
:108250001C11A2FB0C45001BA94103D2ACF1010C7F
:108260008018594130BC02460B46604600217047D9
:10827000B2F1807F65D3F0B5B2FA82F7B1FA81F43A
:10828000C7F10F063D1B22FA06F307F1110EF2416A
:1082900020355A40B5F10F07B8D94140C4F1200646
:1082A000A040F1414140B1FBF3FC03FB1C11A2FBD8
:1082B0000C45001BA94103D2BCF1010C80185941A7
:1082C0000F2F12D30F3FC90341EA5041B1FBF3F620
:1082D00003FB1611A2FB0645D4EBC030A94102D224
:1082E000761E8018594146EACC3C07B34140C7F19D
:1082F0002006B840F1414140B1FBF3F603FB1611F3
:10830000A2FB0645001BA94102D2761E80185941E6
:1083100080EA010221FA0EF3C7F1200462FA0EF29C
:108320000CFA07F05A402CFA04F13043F0BD80EA11
:10833000010221FA0EF3002162FA0EF260465A4061
:10834000F0BD8C46B1FBF2F102FB11C31B0243EA04
:108350001063B3FBF2FC02FB1C331B024CEA00204F
:1083600043EA1063B3FBF2FC02FB1C331B024CEA32
:10837000002043EA1063B3FBF2FC02FB1C331B0238
:108380004CEA002043EA1063B3FBF2FC02FB1C3210
:108390004CEA002000237047B0B581EA030C0CF0D2
:1083A000004C40F2FF7515EA11541DBF15EA135732
:1083B000AC42AF4239E0E41923EA455343F4801359
:1083C000C90241F0004141EA505EC7021100A7FB1B
:1083D000020200284FF00000EEFB01204FF00001E8
:1083E000E3FB072118BF42F0010240180021494178
:1083F000E3FB0E01A4F580640F0302D2520040415A
:10840000494154F101046CDD470872F1004250F11A
:10841000000051EB0451A1F580115CBF41EA0C0151
:10842000B0BD4CEA05510020B0BD05EA1357AC427F
:1084300014BFAF4241E050EA410E1CBF52EA430E66
:1084400002E061460020B0BD24423C441BD15FEAFB
:10845000070EF6D0090302BF01460020AEF1140E4C
:10846000B1FA81F7AEEB070401FA07FE0C37C7F14A
:10847000200100FA07F7C8404EEA000E23EA4553F0
:1084800043F48013A2E733F00043B3FA83F704BF49
:10849000B2FA82FE77440B3FE41BB7F1200E2FBFE8
:1084A00002FA0EF3BB40C7F1200E22FA0EFE38BFCF
:1084B00043EA0E03BA40641C82E750EA410E14BF3F
:1084C00052EA430E6FF000014FF4001717EB430F11
:1084D0008ABF194617EB410FB5E74CEA055100205A
:1084E000B0BDD4F10104B4F120070FDAC4F12007C4
:1084F000520828BF42F0010210FA07F501FA07F707
:10850000E1BF2A43E0403843E1400FE0352C98DCDE
:10851000C7F1200452EA400220FA07F218BF42F0E5
:10852000010231FA07F0A1400A43002172F1004232
:1085300050F1000051EB0C01B0BD000010B5144625
:1085400000F002F8226010BDC1F30A5343B14A00A3
:1085500012F5001F28D2A3F2FE32A1EB02517047A0
:1085600050EA410C20D001F0004C31EA0C01B1FA84
:1085700081F204BFB0FA80F3D2180B3AB2F12003B3
:108580002CBF00FA03F1914041EA0C013EBFC2F159
:10859000200C20FA0CF319439040524240F2FD3374
:1085A000D21A01EB03517047002270474FF4001CB0
:1085B0001CEB410F94BF1CEB430F09E041EA030C95
:1085C00050EA4C0C52EA0C0C03D2994208BF90427C
:1085D000704714BF8B428242704700004FF4001C6A
:1085E0001CEB410F94BF1CEB430F09E041EA030C65
:1085F00050EA4C0C52EA0C0C03D28B4208BF824268
:10860000704714BF9942904270470000124254D400
:1086100040F2FF7C1CEA11530FD0634531D09B1808
:1086200063453CBF01EB0251704701F0004141EA54
:108630000C510020AFF30080704750EA410320D076
:1086400001F0004C91EA0C011CD0B1FA81F30B3B14
:108650009A420DD9D21A994051EA0C01C3F1200C6B
:1086600020FA0CFC61449840531C40F2FF7CD7E791
:10867000914041EA0C01C2F1200C20FA0CF319439D
:1086800090407047B0FA80F31533202BE0D3202AB6
:10869000EED3203A203B9A4209D9D21A00FA03F1CC
:1086A00041EA0C010020531C40F2FF7CB8E700FABD
:1086B00002F141EA0C0100207047524240F2FF7C77
:1086C0001CEA11530DD06345DBD0B2EB030C3CBF69
:1086D000A1EB025170470CF1010221EA035141F470
:1086E000801150EA410CCCD001F0004C352A27DC37
:1086F00030B481EA0C01B2F1200309DAC2F120039F
:10870000044601FA03F5D0402843D1409C400CE0D8
:10871000C3F12002450020FA03F418BF44F001041D
:1087200021FA03F091400C43002174F1004550F10F
:10873000000051EB0C01244230BC7FF47BAF70474A
:108740006146002076E70000C1F30A5340F2FE3292
:108750009B1A14DDD3F120034FEAE17208DDC90250
:1087600041EA505141F00040D840801850407047D5
:1087700003F2E13010B1D24382F000407047002094
:1087800070470000C11768B14840401AB0FA80F243
:108790009040D21CC907C2F5846241EA025202EB42
:1087A000D02140057047000070B44FF0004591EAB9
:1087B000030F43F1BB826B40841A71EB030603D2B3
:1087C000001BB141121973414FF4001C1CEB410F07
:1087D00034BF7CEB430442E00C0DA4EB1356352E62
:1087E0004FDC45EAC323DB0A45EAC121C912B6F1D1
:1087F00020050DDD63FA05F6EB4086EA030512421B
:1088000018BF45F00105C01851F100010CD213E06A
:1088100062FA06F5F2405540F3415A40B340F34046
:108820005A408018594107D349085FEA30005FEA8F
:10883000350528BF45F0010501F58011420875F1A5
:10884000004250F1000041EB04514E0016F5001FAC
:1088500070BC38BF70470020090D090570471CEB3C
:10886000410F10D252EA43060BD0BCEB410F05D8A2
:108870000C0DAB43661E342EB6DD02E0AB43801810
:10888000594170BC704770BC70470000F0B540F2B1
:10889000FF7581EA030C0CF0004C15EA11541DBF62
:1088A00015EA1357AC42AF42E5E0BC41C1F31301F6
:1088B000C3F31303801A994143F4801304D2641E56
:1088C0004000494180185941C90241EA5051B1FB69
:1088D000F3F603FB1611A2FB0675D7EBC020A941E6
:1088E00002D2761E80185941C90241EA5051B1FBAB
:1088F000F3FE03FB1E11A2FB0E75D7EBC020A941AE
:1089000003D2AEF1010E80185941890241EA90511B
:10891000760546EA8E2EB1FBF3F603FB1611A2FB99
:108920000675D7EB8020A94102D2761E80185941E6
:10893000C90241EA50514EEA060EB1FBF3F603FBC1
:108940001611A2FB0675D7EBC020A94102D2761EF4
:1089500080185941C90241EA5051B1FBF3F703FBBA
:108960001711A2FB0735D3EBC020A94167F100071F
:108970000CBF004247F0010766F3D5274FEA1E31CE
:10898000B80814F5806412DDBD0775F1004250EBA4
:108990000E5051EB045111F5801F5CBF41EA0C01F0
:1089A000F0BD4CF07F6141F0E0410020F0BDBD071B
:1089B0006D0840EA0E5041F48011D4F10104B4F185
:1089C00020060ADAC4F120060200E04001FA06F3AC
:1089D000E1401843B24015430EE0342C13DCC6F1DD
:1089E000200445EA40056D0820FA06F2154321FAF5
:1089F00006F0A1400D43002175F1004250F1000046
:108A000051EB0C01F0BD00205FEA0C01F0BDCFB9C5
:108A100092185B41B3FA83F704BFB2FA82F6BF192A
:108A20000B3FB7F120062FBF02FA06F3BB40C7F198
:108A3000200622FA06F638BF3343BA401CB1E419C7
:108A4000641E33E77F4231F00041B1FA81F404BF84
:108A5000B0FA80F6A4190B3CB4F120062FBF00FA3F
:108A600006F1A140C4F1200620FA06F638BF3143D2
:108A7000A0403C1B1AE7AC421ABF05EA1357AF42AD
:108A800012E050EA41061CBF52EA4306BFE750EA33
:108A90004107304661461CBF41EA0551F0BD52EA2C
:108AA000430C08BFC143F0BD00204FF4001616EB85
:108AB000410F98BF16EB430F08BF16EB410F24BFC1
:108AC000C14305E016EB430F0CBF61464CEA05516C
:108AD000F0BD0000400D491840EA81200CD2490D3C
:108AE000A1F58061491C40F0004005DBD1F11F0178
:108AF00054BFC840C017704700207047014648B1B6
:108B0000B0FA80F18840C91CC1F58461090501EB08
:108B1000D021400570470000004870474800002001
:108B200070B504001825DFF8386A05FB04F03058EA
:108B3000002808D005FB04F03058F9F7D4FA0020DB
:108B400005FB04F1705000206C4306EB040108752E
:108B500070BD10B500241EE002FB04F01844007D37
:108B6000012817D102FB04F01844011D02FB04F296
:108B700003EB0200806800F0EDFC0BE002FB04F068
:108B80001844007D0428E7D1022002FB04F203EB25
:108B900002010875641C0A2C36DA1822DFF8C03985
:108BA00002FB04F01844007DC0B20028F2D002FBA2
:108BB00004F01844408A401C02FB04F11944488226
:108BC00002FB04F01844408AB0F5967F0BDA02FBF2
:108BD00004F01844007D012809D102FB04F0184478
:108BE000408A052803DB2000FFF79AFFD2E702FB4B
:108BF00004F01844007D0328C0D1042002FB04F2D5
:108C000003EB02010875C5E710BD2DE9F74F82B0EF
:108C10000A20ADF804000A20ADF802005FF00A084F
:108C200000200A20ADF800000024002600250027BF
:108C300022E05FFA89F9B9F1020F1CDB17FB0AF099
:108C40005844408A290089B2884214D3ADF8027092
:108C500017FB0AF05844458A0DE017FB0AF0584408
:108C6000408A310089B2884205D3ADF8047017FB01
:108C70000AF05844468A7F1C380000B20A2859DAA4
:108C80005FF0180ADFF8D8B817FB0AF0584490F8DC
:108C90001490404600B20A2805D14846C0B20028C8
:108CA00001D1B846E7E74846C0B20028E3D04846BD
:108CB000C0B201280DD04846C0B2022809DADFF858
:108CC000A4384FF49272DFF8A018DFF8A008F8F784
:108CD000A3FF0298002811D00298006817FB0AF140
:108CE00059444968884209D1049800281FD0049843
:108CF00017FB0AF159448968884218D04846C0B227
:108D0000012896D117FB0AF05BF800000028A4D0D8
:108D100017FB0AF05844408A210089B28842AAD33E
:108D2000ADF8007017FB0AF05844448AA3E73800F6
:108D300000B270E09DF80C00810705D4414609B2ED
:108D40000A2904D1C00702D45FF0FF3063E0404637
:108D500000B20A2829DBBDF902000A285EDABDF953
:108D60000280DFF8FC07182118FB01F140580028A9
:108D700009D0DFF8F03740F26D12DFF8F417DFF8B2
:108D8000EC07F8F749FF404600B20A2809DBDFF894
:108D9000D43740F27F12DFF8DC17DFF8D007F8F79E
:108DA0003BFF404600B2FFF7BBFE404600B20A2838
:108DB00009DBDFF8B03740F28312DFF8B817DFF8CD
:108DC000AC07F8F729FF1824DFF8945718FB04F0D4
:108DD0002844007D002809D0DFF8883740F285124A
:108DE000DFF89417DFF88407F8F716FF02980028D9
:108DF00005D018FB04F0284402990968416018FB6B
:108E000004F028440021418218FB04F0284404990E
:108E10008160404600B205B0BDE8F08FBDF90400A6
:108E20000A2802DABDF90480ADE7BDF900000A287E
:108E300002DABDF90080A6E75FF0FF30EBE72DE92D
:108E4000F84306000C0015001F0096F830000628B5
:108E500009D0DFF8103740F2A912DFF82017DFF849
:108E60000C07F8F7D9FE002C0DD0206800280AD096
:108E700031002068F9F756FB002804D1207810F063
:108E8000F000E02802D17FF00F0045E03200390009
:108E9000C9B22000FFF7B9FE0400200000B200288C
:108EA00002D5200040B237E01827DFF8B48614FB63
:108EB00007F040440221017514FB07F0404486602E
:108EC0000622290014FB07F0404410F10C09484623
:108ED000FDF7E8F914FB07F040440021418214FB40
:108EE00007F058F80000002815D014FB07F058F8D8
:108EF0000090002014FB07F148F801004FF40060D7
:108F000000902B0016F12A024946300003F01EF8AB
:108F10004846F9F7E8F80020BDE8F28338B50400C8
:108F2000002514E01821DFF8382601FB05F0104475
:108F3000007DC0B2002809D001FB05F102EB010061
:108F40008068A04202D12800FFF7EAFD6D1C0A2DBF
:108F5000E8DB31BDF8B586B007000C00002C0AD163
:108F6000DFF8003640F28A22DFF81816DFF8FC0539
:108F7000F8F752FE60E07E683088B0F5807F08D157
:108F80003079062805D17079042802D17088082824
:108F900003D03800F9F7A7F84EE0042216F10E01CD
:108FA00004AD2800FDF77EF9042216F1180105AD85
:108FB0002800FDF777F96068002801D1002506E058
:108FC00005986168884201D1012500E0002528004C
:108FD000C0B2002801D0012300E00223DBB216F169
:108FE000080204A92000FFF72AFFF088B0F5807F6F
:108FF00003D0B0F5007F17D01BE0EDB2002D12D0EA
:109000000220039004A8029016F108000190201D90
:10901000009014F12A0316F1080214F12A0120002D
:1090200000F013FAFFE704E004A9200000F0C0FDFF
:10903000FFE73800F9F757F807B0F0BD2DE9FC411C
:1090400080460C0017001825DFF814653800C0B200
:1090500068433044007D022809DADFF8083540F221
:10906000EF22DFF82415DFF80405F8F7D5FD380006
:10907000C0B268433044007D022837D13800C0B206
:1090800068433044408A40F21D11884210DB3800AA
:10909000C0B268433044011D404600F05BFA00282E
:1090A00024D13800C0B268433044032101751DE06B
:1090B0003800C0B268433044408AB0F5877F15DB82
:1090C0003800C0B26843304410F10C023800C0B21E
:1090D00068433044011D404600F02CFA002805D1B9
:1090E0003800C0B268433044032101754FF400607A
:1090F0000090FFB26F4306EB070010F10C0318F16C
:109100002A022100404602F021FFBDE8F681FEB5AB
:1091100004000D0016003700002C09D1DFF844349C
:1091200040F21E32DFF85C14DFF84004F8F774FDFB
:10913000002D09D1DFF82C3440F21F32DFF84C1437
:10914000DFF82804F8F768FD002E09D1DFF81434A1
:109150004FF44872DFF82814DFF81004F8F75CFDCC
:1091600021003068F9F7DEF900280BD0DFF8203451
:109170004FF40060009014F12A022900200002F050
:10918000E5FEFEBD307810F0F000E02815D101209A
:109190008DF8040000208DF805005E208DF8060093
:1091A000707810F07F008DF80700B0788DF8080017
:1091B000F0788DF8090001ABDAE73168A06801406A
:1091C0006268A068024091420AD0306880B24FF6CF
:1091D000A961884204D0E06800281FD014F10C0770
:1091E0001820DFF8B013DFF878330A7842431A44C6
:1091F000127D022A15DB0A7842431A449268A24281
:109200000FD13A680E7846431E447668B24208D1C0
:109210000A7829002000FFF711FFB2E77FF0030072
:10922000AFE7002200E0521C1600F6B20A2E1FDA49
:109230001600F6B246431E44367D022EF3DB1600BE
:10924000F6B246431E44B668A642ECD13E68944648
:109250005FFA8CFC00FB0CFC9C44DCF804C0664507
:10926000E1D10A70D2B229002000FFF7E7FE88E7BB
:109270002A003900200000F001F882E72DE9FE4FB6
:1092800082460D0014001AF12A0001905FF0FF3BA6
:10929000002651462868F9F745F9002809D12878B1
:1092A00010F0F000E02804D0002D02D0286800283B
:1092B00002D17FF00F00C6E0524601212800FFF7DF
:1092C000A4FC0700380000B2002802D5380040B2E4
:1092D000B9E0380000B27F2806D3A24B40F2C13279
:1092E000AD49A248F8F798FC5FF01808DFF87092D3
:1092F0003800C0B208FB00F04844007D00280ED1C1
:1093000001263800C0B208FB00F048440121017575
:109310003800C0B208FB00F04844C0F808A038008C
:10932000C0B208FB00F04844007D01280ED0380090
:10933000C0B208FB00F04844007D022806DA894BE1
:1093400040F2CF3295498948F8F766FC002E01D1EA
:10935000002C09D12900504600F0FCF88346002C6F
:1093600002D1584640B26EE0002C06D17D4B40F24F
:10937000E13286497D48F8F74FFC3800C0B208FB5F
:1093800000F04844007D022812DB824807704FF449
:1093900000600090FFB208FB07F709EB070010F12F
:1093A0000C03019A2100504602F0D0FD834648E0AC
:1093B0003800C0B208FB00F04844007D012840D1CD
:1093C0000026250000E02D68002D11D0688929892C
:1093D000884209D12868002806D0624B40F2F13259
:1093E0006F496248F8F718FC287B4006EBD5012648
:1093F000002E07D022004FF420710E20F9F73CF820
:10940000040002E02000F8F7E4FE002C17D038003A
:10941000C0B208FB00F059F80000002807D038005F
:10942000C0B208FB00F059F80000F8F75CFEFFB28C
:1094300008FB07F749F807405FF0000B01E05FF019
:10944000FF3B584640B2BDE8FE8F2DE9F14F82B098
:10945000894690469B4600208DF80400029800281B
:1094600006D1404B40F2574246494048F8F7D4FBFA
:109470004FF420721C210E20F8F70BFC0400002C86
:1094800002D15FF0FF3053E060891C2806DA354BCB
:1094900040F2634243493548F8F7BEFB0F986768CE
:1094A00080B2F9F7B8F8F880029890F830000628F2
:1094B00006D02C4B40F26A423B492C48F8F7ACFBF3
:1094C0000E9DDDF834A00C9E5946062217F1080BBC
:1094D0005846FCF7E7FE0622514617F1120A50469D
:1094E000FCF7E0FE0422310017F10E063000FCF715
:1094F000D9FE0422290017F118052800FCF7D2FE36
:109500004FF480703880082078800620387104205D
:10951000787140F60600009043464A4621000298C2
:1095200002F014FD2000F8F7DEFD00209DF9040094
:10953000BDE8FE8FF8B50123039302911B49019109
:10954000011D009110F12A0310F12A01FFF77DFFA0
:1095500005B000BD80B50E4AFFF7ECFF02BD00006C
:10956000007D002044CE0008E0D600081CE1000881
:1095700010F50008ECF70008E8DD0008C0E7000877
:1095800034F9000844F9000878DB0008BCFA000848
:10959000C4FB0008E084002054F9000844E10008FE
:1095A00050F00008D8D9000818D60008CCFB0008F5
:1095B00070B5DFF8F449207800282ED1DFF8EC5997
:1095C0002868002808D0DFF8E839E522DFF8E41938
:1095D000DFF8E409F8F720FBFEF7BEFB28602868F7
:1095E000002802D15FF0FF301BE02868407A50F07D
:1095F000200029684872DFF8C469442231002868D5
:10960000FEF7DDFA432231002868FEF72EFB002228
:10961000DFF89C1A2868FEF76CFB2078401C20704D
:10962000002070BD10B5DFF880492078002808D1EF
:10963000DFF87C39FF22DFF87C1ADFF87C09F8F7C5
:10964000EBFA2078401E20702078002806D1DFF841
:109650005C492068FEF75BFB0020206010BD10B560
:109660000400606A0C2100F02DFEDFF850190B0099
:109670000A002000FCF7FAFF200000F008FB10BDF4
:1096800038B50400656A0821280000F01BFE00229E
:1096900015F11C012000FFF7F1FDA879FF2802D089
:1096A000A879401CA8714FF4FA7080B200F2F31050
:1096B0004FF4FA7190FBF1F0288131BD70B50400D0
:1096C0000D00666ADFF8F009807800280CD00020D1
:1096D0003081DFF80C0B8068F8F7A5FFB0612869CE
:1096E000F061200000F001F870BD2DE9FF41040099
:1096F000002C0CD1DFF8B83840F27712DFF8BC1933
:10970000DFF8B408F8F788FA7FF00F00B5E0656A73
:10971000002D0CD1DFF8983840F27912DFF8C41A26
:10972000DFF89408F8F778FA7FF00500A5E001214A
:10973000280000F0C7FD02AB03222900200001F041
:109740000DF90600002E78D077680223392217F130
:10975000F001BDF8080000F0C0FDADF80800228D52
:1097600017F1F001BDF8080000F0F1FDADF80800B8
:109770000423322217F1F001BDF8080000F0ADFD1E
:10978000ADF80800E869F8F74EFF020017F1F001A4
:10979000BDF8080000F0FCFDADF8080004233622F7
:1097A00017F1F001BDF8080000F097FDADF80800D2
:1097B000A869F8F738FF020017F1F001BDF80800BA
:1097C00000F0E6FDADF808000323372217F1F001A1
:1097D000BDF8080000F081FDADF808005FF000085A
:1097E0000EE0DFF8040A4146C9B2425C17F1F0010D
:1097F000BDF8080000F092FDADF8080018F101086E
:109800004046C0B20328ECD3320017F1F001BDF896
:10981000080001F06FF9DFF8A407019000944323DA
:10982000DFF8942A3100DFF884070068FEF705F9B5
:1098300004003000F8F757FC01E05FF0FF34A8792E
:10984000FF2802D0A879401CA871A879062805DA5B
:10985000012195F9060011FA00F000E03C204FF4D8
:109860007A7110FB01F080B200F2F3104FF4FA713C
:1098700090FBF1F02881200040B204B0BDE8F081F7
:1098800010B5DFF8680B046819E0C889002815D006
:10989000C889421ECA8180B201280FD1200000F081
:1098A0007EF80BE0088A0028EFD0088A421E0A8260
:1098B00080B20128E9D1200000F08EF82468002C45
:1098C00016D0616A0029F9D048790028F6D0888A34
:1098D0000028E7D0488A401C4882488A8A8A9042F9
:1098E000E0D1200000F082FC200000F0D6F8E5E78F
:1098F00010BD10B5DFF8F40A046813E001890129EE
:109900000FD10189491E0181200000F00EF808E006
:10991000606A002805D001890229EFDB0189491E10
:1099200001812468002CF3D110BD10B50400606AD9
:1099300041790C2902D04179062903D1200000F099
:10994000A6F92BE0417901290DD18079062803DAA7
:109950002000FFF7CAFE21E0200000F047FC2000B5
:1099600000F09BF81AE0417908290AD18079022891
:1099700003DA2000FFF784FE10E0200000F005FA73
:109980000CE04179032909D18079022803DA20000B
:1099900000F096FB02E0200000F079F910BD10B550
:1099A000446A6179012905D061790A2902D0617977
:1099B000052910D100F07EFAA189608A091A0220D7
:1099C00091FBF0F0012806DBA189608A091A0220C8
:1099D00091FBF0F0E08110BD10B5446A6179012976
:1099E00008D061790A2905D06179052902D0617909
:1099F000042910D100F0E4FAA18A608A091A022031
:109A000091FBF0F0012806DBA18A608A091A022086
:109A100091FBF0F0208210BD38B5446A002020622E
:109A200000206062DFF89056E878002803D0DFF865
:109A3000B007C068A0622879002804D0DFF8A0072A
:109A40000069E06202E0A06A4008E06268790028EC
:109A500004D0DFF88C074069206304E0A26A072085
:109A60004243D20822630869E061A879002808D03F
:109A7000DFF86C078069F8F7D6FD20620120E071FD
:109A800001E00020E071E879002805D0DFF85007F8
:109A9000C069F8F7C8FD606231BD70B50500002DE2
:109AA0000CD1DFF80C3540F2E722DFF84419DFF87B
:109AB0000805F8F7B1F87FF00F0051E095F8310094
:109AC000C0070CD4DFF8E8344FF43A72DFF82419F9
:109AD000DFF8E404F8F7A0F87FF00F0040E06C6ACC
:109AE000288DB0F5107F02DA5FF0FF3038E0002CEF
:109AF0000AD13420FCF7E9FA0400002C02D15FF00F
:109B0000FF302DE06C6204E02079002801D0FFF7DF
:109B100089FD3421002226003000FCF769FCFFF7A4
:109B200047FD002802D05FF0FF3019E001202071CE
:109B300095F83100400705D40221200000F0C2FB57
:109B400000200DE0280000F0A2F8010049B2002931
:109B500005D0280000F04AFB5FF0FF3000E040B283
:109B600070BD38B505006C6A002C20D060790028E3
:109B70000AD0C01E022801D9C01F06D10020A07142
:109B8000280000F09DFA12E011E060790D2809DB51
:109B9000DFF81C3440F26D32DFF85C18DFF818048F
:109BA000F8F73AF80020A071280000F070F831BDF5
:109BB00080B500280AD1DFF8F83340F28B32DFF8A5
:109BC0003018DFF8F403F8F727F80BE0426A002AB0
:109BD00008D05379082B05D10968D269914201D187
:109BE00000F001F801BDFEB50600756A0C212800E1
:109BF00000F068FB02AB04222900300000F0AEFE4A
:109C00000400002C2ED067680423322217F1F001E3
:109C1000BDF8080000F061FBADF80800E869F8F74E
:109C200002FD020017F1F001BDF8080000F0B0FBE2
:109C3000ADF80800220017F1F001BDF8080000F0AF
:109C400059FFDFF87803019000964323DFF8682678
:109C50002100D6480068FDF7F0FE06002000F8F766
:109C600042FA01E05FF0FF36A879FF2802D0A87918
:109C7000401CA87142F2107080B200F2F3104FF451
:109C8000FA7190FBF1F02881300040B2FEBD2DE961
:109C9000FE4305006E6A00270020F06106213000B7
:109CA00000F010FB02AB01223100280000F056FE4C
:109CB0000400002C49D0D4F804800223392218F182
:109CC000F001BDF8080000F008FBADF808002A8D8F
:109CD00018F1F001BDF8080000F039FBADF80800FC
:109CE0000323372218F1F001BDF8080000F0F5FA5F
:109CF000ADF808005FF000090EE0DFF8EC0449461B
:109D0000C9B2425C18F1F001BDF8080000F006FB92
:109D1000ADF8080019F101094846C0B20328ECD398
:109D2000220018F1F001BDF8080000F0E3FEA3489E
:109D3000019000954323DFF8802521009B480068AF
:109D4000FDF77BFE2000F8F7CEF9B079FF2802D0AE
:109D5000B079401CB071B079062805DA012196F976
:109D6000060011FA00F000E03C204FF47A7110FB7D
:109D700001F080B200F2F3104FF4FA7190FBF1F0B1
:109D80003081380040B2BDE8FE833EB50400002CAF
:109D900008D1874B40F21542DFF8B81B8648F7F729
:109DA0003BFF86E0656A002D08D1814B40F21742E7
:109DB000DFF8A41B8048F7F72FFF7AE000206882C5
:109DC000A86A10F1010F0FD0A86A1E303C21B0FB29
:109DD000F1F0B0F5803F01D34FF6FF70A882A88A5A
:109DE000002801D10120A882E86A10F1010F11D0EA
:109DF000E86A1E303C21B0FBF1F0B0F5803F01D3A2
:109E00004FF6FF7068816889002801D101206881C0
:109E10006889E881286B10F1010F11D0286B1E3082
:109E20003C21B0FBF1F0B0F5803F01D34FF6FF705D
:109E3000A881A889002801D10120A881A8892882A9
:109E40006889A989884204D3A889002801D0002004
:109E50006881E879002802D0286A019011E0287F03
:109E60000100C9B2802902DAFF20019009E0C0B2E6
:109E7000C02803DB7FF07F40019002E04FF6FF70C7
:109E80000190686A00900098002807D1E96901985C
:109E900001400091009850F0807000900A21280045
:109EA00000F010FA6B4601AA15F11C012000FCF726
:109EB000DDFB37BD2DE9FC4105006E6A0521300050
:109EC00000F000FA01AB03223100280000F046FD4B
:109ED0000400002C48D067680223392217F1F001F2
:109EE000BDF8040000F0F9F9ADF804002A8D17F16F
:109EF000F001BDF8040000F02AFAADF804000323D5
:109F0000372217F1F001BDF8040000F0E6F9ADF8D2
:109F100004005FF000080DE0B3484146C9B2425C5E
:109F200017F1F001BDF8040000F0F8F9ADF80400F5
:109F300018F101084046C0B20328EDD3220017F102
:109F4000F001BDF8040000F0D5FD0095432316F1A3
:109F500018022100DFF83C0B0068FDF716FD050034
:109F60002000F8F7C0F801E05FF0FF35B079FF2876
:109F700002D0B079401CB071B0790A2805DAB07906
:109F80004FF4FA6110FB01F001E044F6206080B26A
:109F900000F2F3104FF4FA7190FBF1F030812800D9
:109FA00040B2BDE8F6810000DF8400204484002038
:109FB0002CCF0008F4E00008CCE00008F4FB000817
:109FC0002DE9FC4105006E6A0421300000F07AF9A9
:109FD00001AB03223100280000F0C0FC0400002C7B
:109FE00047D067680223392217F1F001BDF8040059
:109FF00000F073F9ADF804002A8D17F1F001BDF8F7
:10A00000040000F0A4F9ADF804000323372217F18F
:10A01000F001BDF8040000F060F9ADF804005FF055
:10A0200000080DE070484146C9B2425C17F1F001EA
:10A03000BDF8040000F072F9ADF8040018F1010851
:10A040004046C0B20328EDD3220017F1F001BDF85D
:10A05000040000F04FFD00954323974A2100DFF8EC
:10A06000340A0068FDF791FC05002000F8F73BF882
:10A0700001E05FF0FF35B079FF2802D0B079401CD5
:10A08000B071B0790A2805DAB0794FF47A7110FB13
:10A0900001F001E042F2107080B200F2F3104FF4D0
:10A0A000FA7190FBF1F03081280040B2BDE8F681F2
:10A0B00049A8000878E7000834840020FCEF000875
:10A0C0002DE9FC4105006E6A0321300000F0FAF82A
:10A0D00001AB03223100280000F040FC0400002CFA
:10A0E0005ED067680223392217F1F001BDF8040041
:10A0F00000F0F3F8ADF804004FF4107217F1F0011E
:10A10000BDF8040000F023F9ADF804000423322266
:10A1100017F1F001BDF8040000F0DFF8ADF804001D
:10A12000F069F8F780FA020017F1F001BDF80400B9
:10A1300000F02EF9ADF804000323372217F1F001E7
:10A14000BDF8040000F0C9F8ADF804005FF00008A5
:10A150000DE025484146C9B2425C17F1F001BDF857
:10A16000040000F0DBF8ADF8040018F101084046E7
:10A17000C0B20328EDD3220017F1F001BDF80400AE
:10A1800000F0B8FC009543234B4A2100DFF8040996
:10A190000068FDF7FAFB05002000F7F7A4FF01E0D7
:10A1A0005FF0FF35B079FF2802D0B079401CB07164
:10A1B000B0790A2805DAB0794FF47A7110FB01F012
:10A1C00001E042F2107080B200F2F3104FF4FA7125
:10A1D00090FBF1F03081280040B2BDE8F68100002C
:10A1E000C883002018F0000888000020FEB5060093
:10A1F000746A002C5FD0607900285CD0A06902905E
:10A200000020A0610020E061002020620020606248
:10A2100000202063E062A0620020A0826082208291
:10A22000E081300000F085FC002832D001AB07222D
:10A230002100300000F092FB0500002D29D06F684E
:10A240000423362217F1F001BDF8040000F045F8B0
:10A25000ADF804000298F8F7E6F9020017F1F001F2
:10A26000BDF8040000F094F8ADF804002A0017F1DE
:10A27000F001BDF8040000F03DFC0096432302AA63
:10A280002900DFF810080068FDF77FFB2800F7F7CA
:10A290002AFFDFF804180B000A003000FCF7E6F98B
:10A2A0000021200000F00EF82079002803D0FFF7ED
:10A2B000B9F900202071F7BDF8FB000880B5FFF761
:10A2C00095FF01BD0A004379D2B29A4204D0417190
:10A2D00000218171002101817047F8B504000D0053
:10A2E00016001F003800C0B210FA84F0801C452808
:10A2F00009D3DFF8A83740F29A52DFF8A417DFF845
:10A30000A407F7F789FC200080B22E54641C2000BB
:10A3100080B22F54641C200080B2F2BD70B50400DE
:10A320000D001600200080B2442809D3DFF86C37F6
:10A3300040F2A652DFF87017DFF86807F7F76CFCF9
:10A34000200080B22E54641C200080B270BD70B515
:10A3500004000D001600200080B2801C452809D39F
:10A36000DFF8383740F2AE52DFF84017DFF8340735
:10A37000F7F752FC300080B2000A210089B268541D
:10A38000641C200080B22E54641C200080B270BD7A
:10A3900070B504000D001600200080B2001D452895
:10A3A00009D3DFF8F83640F2B752DFF80417DFF8C8
:10A3B000F406F7F731FC3000000E210089B2685432
:10A3C000641C3000000C210089B26854641C300009
:10A3D000000A210089B26854641C200080B22E5407
:10A3E000641C200080B270BD000000008484002046
:10A3F00024F900089CE7000888F700082DE9F14FD0
:10A4000086B0002003900020029008210022DFF88F
:10A41000A4462000FBF7ECFF069840892C2802D2C6
:10A420007FF001000DE206984068F025069801894A
:10A4300003E0002003906C25EC21069C04E0608979
:10A440002D1A6089091A2468002C04D0280062891A
:10A4500080B29042F3D2002C02D17FF00100F0E1F3
:10A46000A946ADF800106068049001E060680490AF
:10A47000002C00F0C1814846BDF8001080B288422F
:10A4800080F0BA810498494689B2405CFF2800F008
:10A49000B3810498494689B2415C00205FF0FF37E0
:10A4A00019F1020840464A4680B292B2904202D266
:10A4B0007FF00100C5E1484680B2401C62899042AD
:10A4C00005DA04984A4692B21044407807E02068C2
:10A4D000002803D020684068007800E000200600D3
:10A4E0000A00D2B2002A12D0012A13D0032A24D0A3
:10A4F000332A38D0342A49D0352A6BD0362A7CD03A
:10A500003A2A00F08D803B2A00F09D80AEE00020CA
:10A510000600ACE00200D2B2042A0CD0DFF87C3591
:10A5200040F22E62DFF89015DFF87805F7F774FB3C
:10A530007FF0050085E1062799E00426020033003C
:10A54000D2B2DBB29A420CD2DFF8503540F233621D
:10A55000DFF86815DFF84C05F7F75EFB7FF00500C4
:10A560006FE1072783E00200D2B2042A0CD0DFF8A3
:10A570002C3540F24162DFF84015DFF82805F7F787
:10A580004BFB7FF005005CE1032770E00200D2B2D4
:10A59000012A0CD0DFF8043540F24F62DFF82015B5
:10A5A000DFF80005F7F738FB7FF0050049E12A00E6
:10A5B00092B2F02A0CD0DFF8E43440F25162DFF8B6
:10A5C0000415DFF8E004F7F727FB7FF0050038E11A
:10A5D00000274CE00200D2B2012A0CD0DFF8BC34D4
:10A5E00040F25562DFF8D814DFF8B804F7F714FB2F
:10A5F0007FF0050025E1012739E00200D2B2042AEC
:10A600000CD0DFF8983440F25962DFF8AC14DFF870
:10A610009404F7F701FB7FF0050012E1022726E022
:10A620000200D2B2042A0CD0DFF8703440F25D622E
:10A63000DFF88414DFF86C04F7F7EEFA7FF005001A
:10A64000FFE0042713E00200D2B2042A0CD0DFF8A6
:10A650004C3440F26162DFF86014DFF84804F7F729
:10A66000DBFA7FF00500ECE0052700E00026C9B228
:10A67000002902D119F1010998E00100C9B211FACB
:10A6800089F1891CB1F5803F02DB7FF00100D8E041
:10A69000C0B2801C10EB09093000C0B2002800F0E5
:10A6A00085800020019021E03000C0B2052859DBF0
:10A6B0003000C0B2042190FBF1F201FB120000282F
:10A6C00040D101200AF807000198F7F7ACFFDFF846
:10A6D000F81341F82700361F18F10400010089B271
:10A6E0001FFA88F841453AD380467F1C381E082857
:10A6F00009D3DFF8A8334FF4CF62DFF8D013DFF8C7
:10A70000A403F7F789FADFF8ACA31AF807000028CA
:10A710004CD13000C0B2042803DAB3465FFA8BFB99
:10A7200001E05FF0040B43469BB25A4692B201A986
:10A730002000F7F745FE1FFA8BFB5845B4D07FF099
:10A7400001007EE0DFF8543340F28162DFF88013CD
:10A75000DFF85003F7F760FA7FF0050071E07FF053
:10A7600001006EE03000C0B2042804D10198F7F770
:10A770005AFF019012E0F6B2012E0CD0DFF81C3324
:10A780004FF4D262DFF84C13DFF81803F7F744FAFE
:10A790007FF0050055E09DF80400019001200AF8C3
:10A7A00007000198DFF8201341F827004846618927
:10A7B00080B28842FFF45CAE6089B9EB0009BDF855
:10A7C00000106089091AADF800104846BDF8001065
:10A7D00080B288420DD22468002C7FF447AEAF4B84
:10A7E00040F29D62BC49AF48F7F716FA7FF00500CA
:10A7F00027E07FF0010024E0AE490878002813D05C
:10A80000B148006800220A70012802D1012003909B
:10A810000AE0022802D10120029005E0032803D1BA
:10A820000120029001200390039800287FF401AEDC
:10A830000298002804D0002002902C256C21FCE511
:10A84000002007B0BDE8F08F70B51500A34846683A
:10A85000746A6968002C02D02079002800D174E065
:10A8600068892C2871DB087802286ED1002000E06E
:10A87000401C020096F83030D2B29A420FD2020049
:10A88000D2B2062A0BD20200D2B2324492F82A2067
:10A890000300DBB20B441B7F9A42E9D055E04868C5
:10A8A000F7F7C1FE216888424FD121002800FFF749
:10A8B000A5FD002849D17F484078002845D0696827
:10A8C000814840680200D2B2052A21D1607901286E
:10A8D0000ED13000FFF7A0F896F83100000703D53D
:10A8E0003000FEF7CDFE30E03000FFF74EFA2CE0EE
:10A8F0006079032805D06079042802D060790528A2
:10A9000023D13000FFF788F83000FFF73EFA1CE053
:10A910000200D2B2062A0FD16279032A08D06279E6
:10A92000012A05D06279042A02D06279052A03D16E
:10A930003000FEF794FE08E0C0B2022805D160792D
:10A94000062802D13000FEF7B9FE2800F7F7CBFB4E
:10A9500070BD000034F00008C8F400082DE9F0478D
:10A9600006000F0090461C00002E08D14B4B40F211
:10A9700069725B494B48F7F74FF9002088E0002FD8
:10A9800008D1464B40F26A7256494648F7F744F9F7
:10A9900000207DE04FF420724FF49A713620F7F7D3
:10A9A00078F90500002D01D1002071E06889B0F52B
:10A9B0009A7F06D2394B40F272724B493948F7F709
:10A9C0002BF94046C0B2032802D17879032809D177
:10A9D000B879002803D1FBF7B9FC44490860434823
:10A9E00000683860D5F804904FF49A710022CA4686
:10A9F0005046FBF7FDFC012089F80000012089F892
:10AA0000010096F8300089F802003868F7F70BFE6D
:10AA1000C9F804004046C0B2082811D04046C0B270
:10AA200004280DD04046C0B2072809D04046C0B225
:10AA3000032808D17879052802D07879042802D132
:10AA40007068C9F80C00002009E0010089B23144A7
:10AA500091F82A10020092B24A441177401C01007A
:10AA600089B20629F1D32248C9F8EC000123352226
:10AA700019F1F0010020FFF730FC4246D2B219F183
:10AA8000F00180B2FFF74AFC002C00D020802800A3
:10AA9000BDE8F08744840020F4FB00082CCF0008B8
:10AAA000D4D50008CCE0000850D8000860D70008D2
:10AAB0009CD7000834840020A4FA00089CF7000802
:10AAC000B0FA0008E0F40008C8830020B0F70008DE
:10AAD000F8F40008C4F70008D8F70008E88300205D
:10AAE000E8EB000808EC0008A0D600084884002025
:10AAF0006382536310B5FF230400A4B20B55401CBE
:10AB000004E000230400A4B20B55401C03009BB2D8
:10AB1000442B03D3030013F0030F03D003009BB2B5
:10AB2000442BEED3F030010089B21000F7F7EDF9B5
:10AB300010BD002811D0416A00290ED0406A417929
:10AB40000A2905D04179052902D04079042801D18C
:10AB5000012000E00020C0B200E0002070470000AB
:10AB60007CB50400002C01D1012054E0D4F884000D
:10AB7000002805D12320C4F884002000FBF792FFB1
:10AB800000200090DFF86C05016851F480410160FD
:10AB9000006810F4804000900098DFF85C150868A9
:10ABA00030F4000008600A68A06802430A60086880
:10ABB0004FF480552068405950F0010021684851F9
:10ABC00000F0EEFE060020684059C0070ED500F0E8
:10ABD000E7FE801B40F2F5118842F4D30420C4F84C
:10ABE0008800E020C4F88400012014E0200000F078
:10ABF00071FB200000F0FCFB200000F02BFC6268E1
:10AC00000021200000F0D4FB0020C4F888001020B0
:10AC1000C4F88400002076BD38B50400D4F8840060
:10AC2000102837D12320C4F884000420E0662000D7
:10AC300000F028F92068006850F0080021680860DA
:10AC400020680568012001F0BDF9206805602068D2
:10AC5000006850F004002168086020680568012041
:10AC600001F0B0F920680560200000F047FA41F2D9
:10AC700018002168095851F40051226811502168C8
:10AC8000095851F00201226811502320C4F88400B1
:10AC9000002000E0012032BDF8B5050014000029B5
:10ACA00007D1D5F8880050F00100C5F888000120D0
:10ACB00058E0D5F88400232853D10022280000F062
:10ACC00009FC002807D0D5F8880050F00200C5F82C
:10ACD0008800012046E0BFF34F8FA86A05EB800093
:10ACE0008669A86A401CA862A86A042802D3A86AD8
:10ACF000001FA862A86A05EB80008069296841F2FC
:10AD00000402885000F04CFE07003068002826D569
:10AD100041F214002968095889040BD5D5F8881028
:10AD200051F00801C5F8881029680858C5F88C004A
:10AD3000012017E014F1010FE7D000F031FEC01B35
:10AD4000844201D3002CE0D1D5F8880050F00400F3
:10AD5000C5F888005FF040503060012002E000201C
:10AD600000E00120F2BD2DE9F84F05000C0000269F
:10AD70005FF0000B002C07D1D5F8880050F00100DF
:10AD8000C5F8880001207BE0D5F88400232801D095
:10AD9000012075E0EF6D05EB8700D0F84880D5F80D
:10ADA0006C90D9F104094BE0D8F80000C00505D536
:10ADB000D8F81800A867D8F81C006867D8F8000011
:10ADC000800502D4E86F002831D0D8F80000800553
:10ADD00003D50020286600206866D5F814A0D8F8AE
:10ADE0000000C0050AD5D8F80000C0F30D4ABAF13A
:10ADF000040AD8F8000028675FF0010BD8F80800B3
:10AE0000C8F8200053469BB2D8F8202015F18001E5
:10AE100015F17C00FBF790FF286E401C2866686ED9
:10AE20001AEB000AC5F864A00020C8F820007F1CB7
:10AE3000042F00D33F1F05EB8700D0F84880761C15
:10AE4000D8F80000002805D44E4503D25846C0B2B9
:10AE50000028A9D0E86E3618EE66E86E002802D009
:10AE6000280000F00FF8EF655FFA8BFBBBF1010FD4
:10AE700005D1E86F20600020E867002000E0012095
:10AE8000BDE8F28F2DE9FC4105000020009001266D
:10AE9000AF6E05EB8700D0F84880EC6E14E044F20A
:10AEA000F850C8F80400BFF35F8FD8F8000050F0E6
:10AEB0000040C8F800007F1C042F00D33F1F05EBA3
:10AEC0008700D0F84880641E002C21D03000C0B22A
:10AED00000281DD0D8F8200000280DD16846FBF7C7
:10AEE000DCFE0098002801D1002605E00098C8F893
:10AEF00020000098C8F808003000C0B20028E3D055
:10AF0000A86D0028CBD1DFF8D404C8F80400CAE744
:10AF1000E86EA04206D00020296841F2080288505D
:10AF2000AF66EC66BDE8F381F8B504000E001D00C5
:10AF30002068006910F01C00F60216F478460643FB
:10AF4000920112F4F862164336F0020656F001063A
:10AF50002068066100F024FD070001E02068066912
:10AF6000F00707D500F01CFDC01BB0F5803FF5D3FE
:10AF7000012004E02068406980B228600020F2BD12
:10AF800070B504000D002068006910F01C00ED028F
:10AF900015F478450543920112F4F862154355F013
:10AFA000020555F001059BB22068436120680561E8
:10AFB00000F0F6FC060001E020680569E80707D507
:10AFC00000F0EEFC801BB0F5803FF5D3012000E0DF
:10AFD000002070BD002901D101207BE002681268C9
:10AFE000120912F0010281F828200268126812F09A
:10AFF00060024A6202681268520A12F0010292F07C
:10B00000010281F8202002681268120C12F001027D
:10B01000CA7702681268520B12F0010292F0010224
:10B020008A7702681268120B12F001020A7702682E
:10B03000126812F400628A610268126812F4804297
:10B040004A6102681268920D12F0010292F0010248
:10B050004A7402681268D20D12F0010292F00102E5
:10B060000A7402681268D20912F00102CA730268F7
:10B07000126812F460228A6002681268920A12F062
:10B0800001020A7102689269520812F0010281F805
:10B09000542002689269D20912F0010292F0010272
:10B0A00081F84C200268926912F030020A65026849
:10B0B0009269120C8A6402689269920812F0010285
:10B0C00081F8562000688069C00810F0010081F8FE
:10B0D00055000020704780B5002901D1012008E00B
:10B0E000D0F88420102A03D100F01EF8002000E0E0
:10B0F000012002BD443802400438014038B5040044
:10B100000020009041F218052068405950F480104A
:10B1100021684851206840590090012000F052FFFA
:10B1200000982168485131BDF8B504000D00206831
:10B130000168AB480140287C002801D1012300E0D0
:10B140000023687C002801D1012200E00022A87FB2
:10B15000002801D1012600E0002695F820000028F3
:10B1600001D1012700E00027920552EAC352A868E6
:10B170000243E87F52EA00426869024352EA4632DB
:10B18000287F52EA0032A8690243287952EA8022D5
:10B1900052EA4722E87B52EAC012686A024395F8F5
:10B1A000280052EA001211432068016020680668F6
:10B1B000012000F007FF20680660206881694FF6D3
:10B1C0004170014095F84C00002801D1012200E0B7
:10B1D000002295F85500012801D1012300E0002349
:10B1E00095F85600012801D1012600E0002695F8C7
:10B1F0005400012801D1012700E00027A86CD201EA
:10B2000052EA0042286D024352EAC30252EA860221
:10B2100052EA470211432068816120688569012054
:10B2200000F0D0FE20688561F1BDF8B504000D0086
:10B2300041F21806206881596A480140287B00289D
:10B2400001D1012200E00022687F002801D1012005
:10B2500000E000206B7B5B0653EA826353EA0053F5
:10B26000A87B53EA405368690343287F53EAC0131D
:10B27000A87F53EA8013286A034395F8240053EA11
:10B28000800319432068815120688759012000F00C
:10B2900099FE206887514FF480562879A96851EAB1
:10B2A0004061A86901432869014395F8250051EAE6
:10B2B000C011A86A51EA80012868014351F40001D5
:10B2C0002068815120688559012000F07BFE2068AC
:10B2D0008551F1BD10B5A4B0040001208DF83C00EB
:10B2E00001208DF83D0000200D9000208DF84B00CE
:10B2F00001208DF84A0000208DF8480001208DF8CB
:10B30000300000208DF84C0000208DF83B0000201C
:10B31000149000208DF8540000201D9000208DF81E
:10B32000780000201F9000208DF8820000208DF80A
:10B3300080004FF4804010904FF400601190002086
:10B340008DF881000BA92000FFF7EEFE01208DF89B
:10B350000C0001208DF80D0001208DF81D0001204A
:10B360008DF80E000020059000208DF81C000020B4
:10B370008DF81E000020089001208DF82400012087
:10B380008DF804005FF4803002905FF48000069036
:10B390004FF40050049001208DF8250000200A9001
:10B3A0000020009069462000FFF73FFF24B010BD49
:10B3B0005379107950EA03200B4B5B181860D07852
:10B3C00093781B0453EA0063507853EA0023107803
:10B3D0000343064841180B6070470000F8450080A1
:10B3E0000F8120FF233FDEF840800240448002406E
:10B3F00010B4002123E0C368D3601BE02823C26897
:10B4000003FB01F42244002414600024546000244F
:10B4100094600024D46000EB8104A261146854F4A9
:10B42000801414600329E6D2C46803FB01F32344AB
:10B430002833D360136853F440031360491C042974
:10B44000DCD300218162C168006841F210028150A2
:10B4500010BC704710B4002129E00269DA6025E0D1
:10B460002822036902FB01F4234400241C60002409
:10B470005C6000249C600024DC6000241C620024CA
:10B480005C625FF000441C6044F2F8545C605C68ED
:10B4900024F000445C6000EB8104A3640329DCD247
:10B4A000046902FB01F222442832DA60491C0429B3
:10B4B000D6D30021C16500210166002181660021EB
:10B4C000C166002181650169006841F20C0281506A
:10B4D00010BC70472DE9F04110F118031C69D3F836
:10B4E00010C05FF0000E53F824508E6800272868C3
:10B4F000002804D403EB84004069002801D0022016
:10B50000A1E01EF1010E3068A860D5F804805FEA62
:10B5100058385FEA4838706850EA0808C5F804806F
:10B520000878C00708D5D5F8008038F44008486985
:10B5300050EA0808C5F800800878800608D5D5F8D4
:10B54000008038F04068086950EA0808C5F80080B3
:10B550000878400703D5286850F0800028602868E4
:10B5600050F080502860BFF35F8F286850F0004093
:10B57000286011E01EF1010EB6683068A8606968A5
:10B58000490B49037068014369607F1CBFF35F8FFB
:10B59000286850F000402860B068002838D028683B
:10B5A00030F000502860002A04D0286850F0804015
:10B5B000286003E0286830F080402860641C042C78
:10B5C00000D3241F53F82450286830F0805028609E
:10B5D0002868002804D403EB840040690028C9D0FF
:10B5E00053F82C1000200FE0BFF35F8F0A6822F0A1
:10B5F00000420A601CF1010CBCF1040F01D3BCF144
:10B60000040C53F82C10401C7045EDD302201AE0B6
:10B61000002A04D0286850F08040286003E02868A1
:10B6200030F080402860286850F000502860586A48
:10B6300003EB840148611C6172B6986A7F1C3F1855
:10B640009F6262B60020BDE8F081000080B5020074
:10B650000B0092B20021BC48FFF766FC002802D024
:10B660005FF0FF3000E0002002BD80B502000B005B
:10B670009BB292B20021B448FFF782FC002802D0AE
:10B680005FF0FF3000E0002002BD80B50020009098
:10B6900069460020FFF7DAFF009850F480500090D0
:10B6A000009989B20020FFF7E0FF01BD80B50020BE
:10B6B000009069460120FFF7C9FF69460120FFF7A6
:10B6C000C5FF0098400701D4012039E069460020F9
:10B6D000FFF7BCFF0098C00413D4009810F4045086
:10B6E000B0F5045F01D102202AE00098800401D562
:10B6F000032025E00098C00501D5042020E00520A6
:10B700001EE069461F20FFF7A1FF0098C00401D486
:10B71000062015E0009810F01C00182801D1022026
:10B720000EE0009810F01C00082801D1032007E06B
:10B73000009810F01C00142801D1042000E005201E
:10B7400002BD80B5FBF7A9F941F214007E495FF410
:10B7500080320B681A50402209680A5001BD70B54A
:10B7600086B00400002000200020784D28780128B1
:10B7700005D002280CD0052800F0808084E002204B
:10B7800028702000FEF789F97148F6F745FA7BE04A
:10B7900029787048F6F740FA2000FFF7CAF9002828
:10B7A0004CD00320287066686B4D0020E8700020A4
:10B7B000A8700020687002202870E8780090AB78AC
:10B7C0006A7829786548F6F727FA3000000E687223
:10B7D0003000000C28723000000AE871AE71687AFF
:10B7E00000902B7AEA79A9795D48F6F715FAA068F6
:10B7F0000100090E69730100090C29730100090A8F
:10B80000E972A872687B00902B7BEA7AA97A554886
:10B81000F6F702FAE0680100090E69740100090CEC
:10B8200029740100090AE973A873687C00902B7CD5
:10B83000EA7BA97B4C48F6F7EFF91EE0606A807955
:10B8400005281ADB042028702000FEF737FD474842
:10B8500060607FF07F40A0604548E060201DF6F703
:10B8600087FE020037A101A800F0C0FB4148F6F7AF
:10B87000D3F901A94048F6F7CFF905E02000FEF71B
:10B880001DFD00202870FFE706B070BD38B504002C
:10B8900000F086F8394D2968401AB0F5FA7F05D3D3
:10B8A00000F07EF828602000FFF759FF31BD38B561
:10B8B000040000F075F8324D2968401A642805D359
:10B8C00000F06EF828602000FBF783F931BD10B559
:10B8D00086B000F0ABFB0020059000200490002013
:10B8E0000390284C2848029028480190002000909E
:10B8F00003AB04AA05A92000FAF7AFFD2000FAF770
:10B90000EAFE200000F008F80FF20D012000FAF71F
:10B9100079FF06B010BD000080B590F831004007F7
:10B9200009D51B48F6F778F9012008490870154831
:10B93000FEF7B3F805E00520044908701548F6F74E
:10B940006BF901BD25730000D47E0020DE84002049
:10B950007CE0000804F90008008400200CE70008DF
:10B96000C8EB000830E7000854E70008C0A801341D
:10B97000C0A8010174F70008B0F400083C8400205E
:10B98000408400209083002099BE0008476A000888
:10B9900014F90008A4E00008002200F069BB0000D0
:10B9A00001480068704700BF8C840020F8B4002272
:10B9B00000220022002337E0082704E0DFF8D82126
:10B9C0009042F9D10727FFB213F00302D2B29200DE
:10B9D00097403E431A00920845F82260DFF8BC51B8
:10B9E0002A68A2434E68F60200D522432A60DFF897
:10B9F000B0512A68A2434E68B60200D522432A609D
:10BA0000DFF8A0512A68A2434E68B60300D522434E
:10BA10002A60DFF894512A68A2434E68F60301D5E4
:10BA2000144322002A605B1C102B80F0A8800125A3
:10BA300015FA03F20C6814409442F4D10A7912F01A
:10BA40000302012A04D00A7912F00302022A16D155
:10BA5000866803271A00D2B252009740BE43CF68CF
:10BA60001A00D2B2520097403E43866042689D4021
:10BA7000AA434D68C5F300159D402A4342600A79E8
:10BA800012F00302032A0DD0C56803261A00D2B2B1
:10BA900052009640B5438E681A00D2B252009640CA
:10BAA0003543C5600A7912F00302022A17D11A0041
:10BAB000D20800EB8202156A0F2613F00702D2B2F9
:10BAC00092009640B5430E6913F00702D2B292007D
:10BAD000964035431A00D20800EB820215620568D1
:10BAE00003261A00D2B252009640B5430E7916F0E2
:10BAF00003061A00D2B252009640354305604A68E8
:10BB000012F4403F8FD000220092284A156855F465
:10BB100080451560126812F480420092009A244D0C
:10BB20001A00920855F822600F2713F00302D2B2D0
:10BB300092009740BE431F4A904201D1002742E73E
:10BB40001D4A904201D101273DE71C4A904201D194
:10BB5000022738E71A4A904201D1032733E7194AEE
:10BB6000904201D104272EE7174A904201D10527C0
:10BB700029E7164A90427FF421AF062723E7F1BC5C
:10BB80007047D2B2002A02D089B2816102E089B244
:10BB90000904816170470000001C0240083C01401C
:10BBA0000C3C0140043C0140003C01404438024050
:10BBB0000838014000000240000402400008024032
:10BBC000000C024000100240001402400018024025
:10BBD00010F00700484B1A684FF6FF010A4047492A
:10BBE00051EA00210A431A60704743480068C0F3D5
:10BBF00002207047010049B2002908D4012210F048
:10BC00001F018A403E4940B2400941F82020704758
:10BC1000020052B2002A04D409013A4A40B2115437
:10BC200007E00901384A40B210F00F00104400F854
:10BC3000041C704710B410F00700D0F10703052B67
:10BC400001D3042301E0D0F10703041D072C01D226
:10BC5000002000E0C01E012414FA03F35B1E19400B
:10BC6000814014FA00F0401E1040084310BC704799
:10BC700080B5411EB1F1807F01D301200EE0401E4E
:10BC8000224908600F215FF0FF30FFF7C1FF00205D
:10BC90001F49086007201F490860002002BD80B5C9
:10BCA000FFF796FF01BD70B504000D0016000020DF
:10BCB000FFF79BFF32002900FFF7BCFF01002000C7
:10BCC00040B2FFF7A5FF70BD80B540B2FFF792FF0D
:10BCD00001BD80B5FFF7CCFF02BD042805D10D489A
:10BCE000016851F00401016004E00A48016831F084
:10BCF00004010160704700000CED00E00000FA054F
:10BD000000E100E000E400E018ED00E014E000E0F5
:10BD100018E000E010E000E080B500F001F801BD9F
:10BD20007047012000F0BEB970470000841A71EB23
:10BD3000030604D26E40001BB141121973414FF447
:10BD4000001C1CEB410F34BF7CEB430683E00C0D61
:10BD5000A4EB1356362E00F37C80012E45EAC32354
:10BD600041DC43EA525312BFD20292025B0824051F
:10BD700045EAC12141EA5051D2EBC020994125D476
:10BD800007D1B0FA80F610FA06F162D00020203612
:10BD900008E0B1FA81F6B140C6F1200220FA02F2C1
:10BDA0001143B0404FEAF474B4EB465434F001064A
:10BDB0004FEA74040AD8D6F50016760D04F0004454
:10BDC000F04061FA06F25040F1404840C00A40EAB3
:10BDD000415021F0004128BF5FEA500550F10000BA
:10BDE00044EBD12135E0DB0A45EAC121C90AB6F1AD
:10BDF00020050EDD42EA0242120CC5F1200603FACC
:10BE000006F6EB4042EA06056D42984161F10001F9
:10BE10000DE062FA06F5F240554063FA06FC82EA4C
:10BE20000C02F3405A406D42904161EB030111F462
:10BE3000801F05D1641E620502D06D00404149415A
:10BE400021F48011430875F1004350F1000041EBEB
:10BE5000045170BC70471CEB410F15D223F0004316
:10BE600052EA43060BD04FEA4C0CBCEB410F04D80E
:10BE70000C0D661E342EB7DDEBE7801A994150EAAF
:10BE8000410608BF0021E4E708BF1CEB430F28BFB1
:10BE90006FF00001DDE70000F8B504000E000E258C
:10BEA00060890F2804DA2000F6F71DF90020F2BDA2
:10BEB000E07B002803D196F83400401CE0736368EF
:10BEC0009F891878C00718D5187801280AD15878A2
:10BED000002812D198785E280FD1607B50F01000B6
:10BEE00060730AE006223349180000F0E1F80028E8
:10BEF00003D1607B50F008006073BFB2082F03D0FD
:10BF0000B7F5C16F11D020E096F831000007CAD50F
:10BF1000ADB229002000F6F799F80028C3D131000E
:10BF20002000F8F7A0FD0020C1E796F831000007D7
:10BF3000B9D5ADB229002000F6F788F80028B2D1B3
:10BF400031002000FDF706F8EDE7ACE72DE9F843F6
:10BF500004000D0016009846089880B2F6F75BFBC7
:10BF600081460E212800F6F76CF8002802D07FF0F9
:10BF700001001DE06F68A7F80C900622B946414603
:10BF80004846FAF78FF90622BF1D31003800FAF74C
:10BF900089F994F83000062806D0074B40F2331296
:10BFA00006490748F5F738FE29002000A2699047A6
:10BFB000BDE8F283C4FB00089CCF00080CDA00083F
:10BFC0006CE1000838B50400FFF7EAFC050014F145
:10BFD000010F02D0044800782418FFF7E1FC401B51
:10BFE000A042FAD331BD00BF9C0000200CB430B594
:10BFF00083B00A4606A902910446002501940095E3
:10C0000002AB01A9084878441E30F8F7C9FE019A2E
:10C01000157000284EBF04460198041B204603B04B
:10C0200030BC5DF80CFB00BF2F77FFFF80B5002010
:10C03000009068466946884206D00A4B40F2511289
:10C0400009490A48F5F7E8FDF9F7DEFEF9F7B7FD0B
:10C05000FAF702FAFBF73EFBF6F710FBF8F747FC9E
:10C0600001BD00BFCCD100085CD60008E4E10008A7
:10C0700000B500BF130096469446103928BFA0E8CB
:10C080000C50FAD85FEA417C28BF0CC048BF40F88A
:10C09000042BC90728BF20F8022B48BF00F8012B4A
:10C0A00000BD00002021090326311820ABBEF9E7AE
:10C0B0000300002013F0030F09D0521E22BF13F813
:10C0C000010B11F801CBB0EB0C00F3D0704711F06D
:10C0D000030F14D1121F22BF53F8040B51F804CBE5
:10C0E0006045F7D0121D0AD200BA9CFA8CFCB0EB66
:10C0F0000C0038BF6FF0000088BF01207047521E4F
:10C1000022BF13F8010B11F801CBB0EB0C00F6D0F5
:10C11000521C08BF1046704710B50400002C01D116
:10C12000012033E0A0690028FFD194F83D000028E9
:10C1300005D1002084F83C00200000F04DFA2420B6
:10C1400084F83D002068C06830F400502168C86061
:10C15000200000F0C7F82068006930F490402168A2
:10C1600008612068406930F02A0021684861206831
:10C17000C06850F400502168C8600020206420206E
:10C1800084F83D00202084F83E00002010BD2DE9F9
:10C19000FC4106000D0014001F00002096F83D0031
:10C1A000202857D1002D03D0200080B2002801D1D3
:10C1B000012050E096F83C00012801D102204AE01D
:10C1C000012086F83C0000203064212086F83D00E4
:10C1D000FFF7E6FB8046B484F484B068B0F5805F76
:10C1E00004D13069002801D1002401E02C00002591
:10C1F000002086F83C000FE0207831684860641C1D
:10C2000007E0002CF8D12888C005C00D31684860CF
:10C21000AD1CF08C401EF084F08C00280AD00097F2
:10C22000434600228021300000F017F80028E8D0B3
:10C23000032010E00097434600224021300000F028
:10C240000CF8002801D0032005E0202086F83D00EE
:10C25000002000E00220BDE8F6812DE9F041050054
:10C260000E0090461F00069C286800683040B042CF
:10C2700001D1012000E000204146C9B288422ED100
:10C2800014F1010FF0D0002C04D0FFF789FBC01B84
:10C290008442E9D228680C3050E8001F31F4D07194
:10C2A000286810F10C0242E800100028F2D128683A
:10C2B000143050E8001F49084900286810F11402A2
:10C2C00042E800100028F2D1202085F83D0020200F
:10C2D00085F83E00002085F83C00032000E00020A7
:10C2E000BDE8F0812DE9FE4F05002868016931F4B1
:10C2F0004051E868014328680161A9682869014341
:10C3000068690143E86901432868C268AF48024090
:10C3100011432868C1602868416931F44071A869F7
:10C320000143286841612868A949884203D02868E8
:10C33000A849884203D100F060FA040002E000F04E
:10C3400051FA0400E869B0F5004F40F09F805FF0BB
:10C35000640A022600275FF019085FF00009220036
:10C360000023A8FB020108FB031109FB0211CDE920
:10C37000000168680021A6FB002306FB013307FBD0
:10C380000033DDE90001FBF7EFFE6421B0FBF1F0C3
:10C39000029022000023A8FB020108FB031109FB05
:10C3A0000211CDE9000168680021A6FB002306FB0D
:10C3B000013307FB0033DDE90001FBF7D5FE8346BF
:10C3C00022000023A8FB020108FB031109FB021154
:10C3D000CDE9000168680021A6FB002306FB0133BC
:10C3E00007FB0033DDE90001FBF7BEFE6421B0FB73
:10C3F000F1F00AFB10B0C00032306421B0FBF1F064
:10C40000400010F4F870029910EB01100290220025
:10C410000023A8FB020108FB031109FB0211CDE96F
:10C42000000168680021A6FB002306FB013307FB1F
:10C430000033DDE90001FBF797FE83462000002171
:10C4400002000B00A8FB020108FB031109FB02110B
:10C450006A68002390469946A6FB082306FB093329
:10C4600007FB0833FBF780FE6421B0FBF1F00AFB09
:10C4700010BA5FEACA0032306421B0FBF1F111F06A
:10C48000070102980918286881609CE004260027AB
:10C490005FF0640A5FF019085FF0000922000023D2
:10C4A000A8FB020108FB031109FB0211CDE9000101
:10C4B00068680021A6FB002306FB013307FB00335D
:10C4C000DDE90001FBF750FE6421B0FBF1F00290C2
:10C4D00022000023A8FB020108FB031109FB021143
:10C4E000CDE9000168680021A6FB002306FB0133AB
:10C4F00007FB0033DDE90001FBF736FE834622002F
:10C500000023A8FB020108FB031109FB0211CDE97E
:10C51000000168680021A6FB002306FB013307FB2E
:10C520000033DDE90001FBF71FFE6421B0FBF1F0F1
:10C530000AFB10B0000132306421B0FBF1F010F0C2
:10C54000F000029910EB0110029022000023A8FBDA
:10C55000020108FB031109FB0211CDE90001686823
:10C560000021A6FB002306FB013307FB0033DDE9B6
:10C570000001FBF7F9FD83462000002102000B00BB
:10C58000A8FB020108FB031109FB02116A680023E2
:10C5900090469946A6FB082306FB093307FB0833A0
:10C5A000FBF7E2FD6421B0FBF1F00AFB10BA5FEA91
:10C5B0000A1032306421B0FBF1F111F00F01029842
:10C5C000091828688160BDE8F78F0000F369FFFF54
:10C5D000001001400014014010B586B000682A49DF
:10C5E000884222D1002000902848016851F400219F
:10C5F0000160006810F40020009000984FF4806003
:10C600000190022002900120039003200490082052
:10C6100005901F4C01A92000FFF7C8F94FF40060F6
:10C62000019001A92000FFF7C1F906B010BD80B547
:10C63000002000901748016851F004010160006873
:10C6400010F004000090009813480F4901605FF457
:10C65000E1314160002181600021C1600021016160
:10C660000C214161002181610021C161FFF754FD6E
:10C6700001BD01B54FF6FF73012269460648FFF779
:10C6800086FD009802BD0000004C0040403802408A
:10C690000008024030380240148300202DE9F041A8
:10C6A00004000E00002C01D1012092E05E4D2868AC
:10C6B00010F00700B04207D22E70286810F0070073
:10C6C000B04201D0012084E02078800716D5207880
:10C6D000400704D55548016851F4E05101602078C5
:10C6E000000704D55148016851F4604101604F4989
:10C6F0000A6832F0F002A06802430A602078C0079E
:10C7000035D56068012805D149480068800313D4F5
:10C7100001205EE06068022802D06068032805D12D
:10C7200043480068800107D4012052E04048006877
:10C73000800701D401204CE03C4F3968890889000A
:10C74000606801433960FFF72BF98046386810F0C4
:10C750000C006168B0EB810F09D0FFF721F9B0EB55
:10C76000080041F289318842F0D3032031E0286883
:10C7700010F00700864207D22E70286810F00700DC
:10C78000B04201D0012024E02078400706D5274997
:10C790000A6832F4E052E06802430A602078000739
:10C7A00007D52248016831F46041226951EAC2018B
:10C7B000016000F04DF81F491C4A1268C2F30312D1
:10C7C000895CC8401C4908601C48006800F080F87B
:10C7D0000020BDE8F0810120194908607047164823
:10C7E0000068704780B5FFF7FAFF16490F4A1268D4
:10C7F000C2F38222895CC84002BD80B5FFF7EFFF1B
:10C8000010490A4A1268C2F34232895CC84002BD2C
:10C8100080B50D480068000604D500F07FF8802040
:10C820000A49087001BD0000003C0240083802407F
:10C8300000380240E4F90008900000208C0000203D
:10C840004C004742D4FB00080C3802400E3802402E
:10C8500010B500200020002000201948006810F0CA
:10C860000C00002804D0042804D0082804D025E0B7
:10C87000144824E0144822E0144C226812F03F02CD
:10C880002068400209D52068C0F388100E49A1FB3A
:10C8900000010023FBF768FC08E02068C0F3881063
:10C8A0000849A1FB00010023FBF75EFC2168C1F3EE
:10C8B0000141491C4900B0FBF1F000E0014810BD06
:10C8C000083802400024F40000127A0004380240C4
:10C8D00010B504004FF47A700D490978B0FBF1F0FF
:10C8E0000C490968B1FBF0F0FFF7F3F9002801D01B
:10C8F00001200CE0102C09D2002221005FF0FF3053
:10C90000FFF7D1F904480460002000E0012010BDC9
:10C910009C000020900000208C0000207047000048
:10C920002DE9FC410400002C01D10120C4E1207854
:10C93000C0075FD5DFF88403016811F00C010429FA
:10C9400009D0006810F00C0008280ED1DFF8700341
:10C950000068400209D5DFF86C030068800349D500
:10C960006068002846D10120A6E16068B0F5803FEC
:10C9700006D1DFF85003016851F48031016018E0FE
:10C980006068B0F5A02F0AD1DFF83803016851F4D0
:10C9900080210160016851F48031016009E0DFF815
:10C9A0002403016831F480310160016831F4802191
:10C9B0000160606800280ED0FEF7F2FF0500DFF886
:10C9C00004030068800315D4FEF7EAFF401B6528C6
:10C9D000F5D3032070E1FEF7E3FF0500DFF8E40282
:10C9E0000068800306D5FEF7DBFF401B6528F5D302
:10C9F000032061E1207880071DD5B048016811F05F
:10CA00000C0F08D0006810F00C0008282AD1AC48A0
:10CA10000068400226D4AB480168890704D5E16864
:10CA2000012901D0012047E1016831F0F8012269B4
:10CA300051EAC20101602078000751D560690028E1
:10CA40003DD00120A0490860FEF7AAFF05009F48DD
:10CA50000068800744D4FEF7A3FF401B0328F6D3E9
:10CA6000032029E1E068002818D0012098490860D7
:10CA7000FEF796FF050093480168890706D4FEF784
:10CA80008FFF401B0328F6D3032015E1016831F026
:10CA9000F801226951EAC2010160CCE700208C490B
:10CAA0000860FEF77DFF0500864800688007C2D554
:10CAB000FEF776FF401B0328F6D30320FCE000209E
:10CAC00081490860FEF76CFF050080480068800718
:10CAD00006D5FEF765FF401B0328F6D30320EBE0E5
:10CAE000207840076FD500267A4D2868C0000BD407
:10CAF00000200090286850F080502860286810F0CE
:10CB00008050009000980126734F3868C00511D4FA
:10CB1000386850F480703860FEF742FF804638680D
:10CB2000C00507D4FEF73CFFB0EB08000328F6D39E
:10CB30000320C1E0A068012805D16848016851F0D0
:10CB40000101016015E0A068052809D1634801686A
:10CB500051F004010160016851F00101016008E039
:10CB60005E480168490849000160016831F004012C
:10CB70000160A06800280FD0FEF712FF0700574899
:10CB80000068800718D4FEF70BFFC01B41F2893103
:10CB90008842F4D303208FE0FEF702FF07004F48DE
:10CBA0000068800708D5FEF7FBFEC01B41F2893103
:10CBB0008842F4D303207FE0F6B2012E03D1286827
:10CBC00030F080502860A069002874D03B4800688D
:10CBD00010F00C00082843D0A06902282FD1404E45
:10CBE00000203060FEF7DCFE0700364D286880012B
:10CBF00006D5FEF7D5FEC01B0328F6D303205BE065
:10CC0000E169206A0143606A51EA8011A06A400824
:10CC1000401E51EA0041E06A51EA00612848016083
:10CC200001203060FEF7BCFE04002868800142D479
:10CC3000FEF7B6FE001B0328F7D303203CE00020DC
:10CC400027490860FEF7ACFE04001E48006880011A
:10CC500031D5FEF7A5FE001B0328F6D303202BE0F9
:10CC6000A069012801D1012026E015480068A169CA
:10CC700001291ED010F48001E269914219D110F00F
:10CC80003F01226A914214D147F6C0710140626AA5
:10CC9000B1EB821F0DD110F44031A26A5208521E2E
:10CCA000B1EB024F05D110F07060E16AB0EB016F9B
:10CCB00001D0012000E00020BDE8F68108380240E4
:10CCC0000438024000380240800E47427438024067
:10CCD0000000474240380240007000407038024077
:10CCE0006000474210B500F073F800F014F8FFF749
:10CCF0009EFC3348F4F790FFFEF7E9FD314C20002D
:10CD0000F9F78CFEF7F719FE2000FEF7D0FD2000A2
:10CD1000FEF7BCFDF2E780B592B0002000902A48F3
:10CD2000016851F080510160006810F0805000905F
:10CD30000098002000902548016851F4804101606E
:10CD4000006810F4804000900098012006905FF485
:10CD50008030079002200C905FF480000D90082036
:10CD60000E904FF4A8700F900220109007201190A1
:10CD700006A8FFF7D5FD0F200190022002900020A9
:10CD800003904FF4A05004904FF48050059005217B
:10CD900001A8FFF783FCFFF71EFDFFF720FD4FF40E
:10CDA0007A71B0FBF1F0FEF794FF0420FEF795FFD7
:10CDB000002200215FF0FF30FEF775FF13B000BDC9
:10CDC00028F800089083002040380240007000409E
:10CDD00080B50B48016851F400710160016851F49D
:10CDE00080610160016851F4807101600320FEF7E9
:10CDF00056FF0F20FFF76CFD00F004F8002002BD85
:10CE0000003C024081B0002000900C48016851F4C1
:10CE100080410160006810F480400090009800207C
:10CE200000900748016851F080510160006810F0DF
:10CE300080500090009801B0704700BF4438024015
:10CE400040380240483A5C46342032303232E6966E
:10CE5000B0E69DBF5C4C776970E4BE8BE7A88B5C45
:10CE6000595346345354445F48414C5F4554482D10
:10CE70003030312E204261736963202050696E6723
:10CE80005C4D6964646C6577617265735C54686954
:10CE900072645F50617274795C4C7749505C737254
:10CEA000635C636F72655C697076345C657468613D
:10CEB00072702E6300000000483A5C463420323025
:10CEC0003232E696B0E69DBF5C4C776970E4BE8B6B
:10CED000E7A88B5C595346345354445F48414C5F38
:10CEE0004554482D3030312E204261736963202033
:10CEF00050696E675C4D6964646C657761726573D7
:10CF00005C54686972645F50617274795C4C7749F3
:10CF1000505C7372635C636F72655C697076345CDD
:10CF20006970345F667261672E630000483A5C4640
:10CF3000342032303232E696B0E69DBF5C4C7769E1
:10CF400070E4BE8BE7A88B5C595346345354445F5E
:10CF500048414C5F4554482D3030312E204261739A
:10CF60006963202050696E675C4D6964646C657705
:10CF7000617265735C54686972645F506172747940
:10CF80005C4C7749505C7372635C636F72655C697B
:10CF90007076345C646863702E630000483A5C46C7
:10CFA000342032303232E696B0E69DBF5C4C776971
:10CFB00070E4BE8BE7A88B5C595346345354445FEE
:10CFC00048414C5F4554482D3030312E204261732A
:10CFD0006963202050696E675C4D6964646C657795
:10CFE000617265735C54686972645F5061727479D0
:10CFF0005C4C7749505C7372635C6E657469665C07
:10D0000065746865726E65742E630000483A5C460C
:10D01000342032303232E696B0E69DBF5C4C776900
:10D0200070E4BE8BE7A88B5C595346345354445F7D
:10D0300048414C5F4554482D3030312E20426173B9
:10D040006963202050696E675C4D6964646C657724
:10D05000617265735C54686972645F50617274795F
:10D060005C4C7749505C7372635C636F72655C699A
:10D070007076345C69636D702E630000483A5C46DC
:10D08000342032303232E696B0E69DBF5C4C776990
:10D0900070E4BE8BE7A88B5C595346345354445F0D
:10D0A00048414C5F4554482D3030312E2042617349
:10D0B0006963202050696E675C4D6964646C6577B4
:10D0C000617265735C54686972645F5061727479EF
:10D0D0005C4C7749505C7372635C636F72655C692A
:10D0E0007076345C6970342E63000000483A5C4608
:10D0F000342032303232E696B0E69DBF5C4C776920
:10D1000070E4BE8BE7A88B5C595346345354445F9C
:10D1100048414C5F4554482D3030312E20426173D8
:10D120006963202050696E675C4D6964646C657743
:10D13000617265735C54686972645F50617274797E
:10D140005C4C7749505C7372635C636F72655C74AE
:10D1500063705F6F75742E6300000000483A5C4690
:10D16000342032303232E696B0E69DBF5C4C7769AF
:10D1700070E4BE8BE7A88B5C595346345354445F2C
:10D1800048414C5F4554482D3030312E2042617368
:10D190006963202050696E675C4D6964646C6577D3
:10D1A000617265735C54686972645F50617274790E
:10D1B0005C4C7749505C7372635C636F72655C743E
:10D1C000696D656F7574732E63000000483A5C46A4
:10D1D000342032303232E696B0E69DBF5C4C77693F
:10D1E00070E4BE8BE7A88B5C595346345354445FBC
:10D1F00048414C5F4554482D3030312E20426173F8
:10D200006963202050696E675C4D6964646C657762
:10D21000617265735C54686972645F50617274799D
:10D220005C4C7749505C7372635C636F72655C69D8
:10D230006E69742E63000000483A5C463420323038
:10D240003232E696B0E69DBF5C4C776970E4BE8BE7
:10D25000E7A88B5C595346345354445F48414C5FB4
:10D260004554482D3030312E2042617369632020AF
:10D2700050696E675C4D6964646C65776172657353
:10D280005C54686972645F50617274795C4C774970
:10D29000505C7372635C636F72655C6D656D2E6369
:10D2A00000000000483A5C46342032303232E696C4
:10D2B000B0E69DBF5C4C776970E4BE8BE7A88B5CE1
:10D2C000595346345354445F48414C5F4554482DAC
:10D2D0003030312E204261736963202050696E67BF
:10D2E0005C4D6964646C6577617265735C546869F0
:10D2F00072645F50617274795C4C7749505C7372F0
:10D30000635C636F72655C6D656D702E6300000019
:10D31000483A5C46342032303232E696B0E69DBF61
:10D320005C4C776970E4BE8BE7A88B5C595346343C
:10D330005354445F48414C5F4554482D3030312EA2
:10D34000204261736963202050696E675C4D696497
:10D35000646C6577617265735C54686972645F5070
:10D36000617274795C4C7749505C7372635C636F73
:10D3700072655C6E657469662E630000483A5C46AF
:10D38000342032303232E696B0E69DBF5C4C77698D
:10D3900070E4BE8BE7A88B5C595346345354445F0A
:10D3A00048414C5F4554482D3030312E2042617346
:10D3B0006963202050696E675C4D6964646C6577B1
:10D3C000617265735C54686972645F5061727479EC
:10D3D0005C4C7749505C7372635C636F72655C7020
:10D3E0006275662E63000000483A5C463420323095
:10D3F0003232E696B0E69DBF5C4C776970E4BE8B36
:10D40000E7A88B5C595346345354445F48414C5F02
:10D410004554482D3030312E2042617369632020FD
:10D4200050696E675C4D6964646C657761726573A1
:10D430005C54686972645F50617274795C4C7749BE
:10D44000505C7372635C636F72655C7463702E63AF
:10D4500000000000483A5C46342032303232E69612
:10D46000B0E69DBF5C4C776970E4BE8BE7A88B5C2F
:10D47000595346345354445F48414C5F4554482DFA
:10D480003030312E204261736963202050696E670D
:10D490005C4D6964646C6577617265735C5468693E
:10D4A00072645F50617274795C4C7749505C73723E
:10D4B000635C636F72655C7463705F696E2E63009A
:10D4C000483A5C46342032303232E696B0E69DBFB0
:10D4D0005C4C776970E4BE8BE7A88B5C595346348B
:10D4E0005354445F48414C5F4554482D3030312EF1
:10D4F000204261736963202050696E675C4D6964E6
:10D50000646C6577617265735C54686972645F50BE
:10D51000617274795C4C7749505C7372635C636FC1
:10D5200072655C7564702E63000000007463705F48
:10D53000656E71756575655F666C6167733A206EBF
:10D5400065656420656974686572205443505F5353
:10D55000594E206F72205443505F46494E20696EE9
:10D5600020666C616773202870726F6772616D6DE1
:10D5700065722076696F6C6174657320415049292A
:10D5800000000000483A5C46342032303232E696E1
:10D59000B0E69DBF5C4C776970E4BE8BE7A88B5CFE
:10D5A000595346345354445F48414C5F4554482DC9
:10D5B0003030322E2042617369632020444843504A
:10D5C0005C5372635C65746865726E657469662E1F
:10D5D00063000000646863705F6F7074696F6E3A17
:10D5E000206F7074696F6E735F6F75745F6C656EBA
:10D5F000202B2032202B206F7074696F6E5F6C655A
:10D600006E203C3D20444843505F4F5054494F4E9C
:10D61000535F4C454E0000006E657469662D3E6890
:10D6200077616464725F6C656E206D7573742062DF
:10D6300065207468652073616D65206173204554B1
:10D64000485F4857414444525F4C454E20666F72D4
:10D650002065746861727021000000004C574950C9
:10D660005F434F4E53545F43415354206E6F7420B9
:10D67000696D706C656D656E74656420636F727240
:10D680006563746C792E20436865636B20796F75D0
:10D6900072206C77495020706F72742E0000000069
:10D6A000646863705F6372656174655F6D73673A28
:10D6B00020636865636B20746861742066697273A7
:10D6C0007420706275662063616E20686F6C6420E0
:10D6D00073747275637420646863705F6D73670040
:10D6E0007374617465203D3D204554484152505F3C
:10D6F00053544154455F50454E44494E47207C7C2D
:10D70000207374617465203E3D2045544841525059
:10D710005F53544154455F535441424C450000000F
:10D720007379735F74696D656F75743A2074696D90
:10D73000656F757420213D204E554C4C2C20706F28
:10D740006F6C204D454D505F5359535F54494D45C3
:10D750004F555420697320656D7074790000000086
:10D76000646863705F6F7074696F6E5F73686F7207
:10D77000743A206F7074696F6E735F6F75745F6C4D
:10D78000656E202B2032203C3D20444843505F4FA3
:10D790005054494F4E535F4C454E000064686370CF
:10D7A0005F6F7074696F6E5F6C6F6E673A206F7039
:10D7B00074696F6E735F6F75745F6C656E202B207C
:10D7C00034203C3D20444843505F4F5054494F4E15
:10D7D000535F4C454E0000007463705F7265636573
:10D7E0006976653A207365676D656E74206E6F7437
:10D7F000207472696D6D656420636F727265637405
:10D800006C7920746F206F6F736571207175657509
:10D81000650A00007463705F656E71756575655F9C
:10D82000666C6167733A20636865636B2074686136
:10D830007420666972737420706275662063616E0D
:10D8400020686F6C64206F70746C656E000000005F
:10D85000646863705F6F7074696F6E5F627974651E
:10D860003A206F7074696F6E735F6F75745F6C656B
:10D870006E203C20444843505F4F5054494F4E5314
:10D880005F4C454E0000000069636D705F696E700B
:10D8900075743A206D6F76696E6720722D3E7061E7
:10D8A000796C6F616420746F2069636D70206865A6
:10D8B00061646572206661696C65640A000000003D
:10D8C0006E6F2070726576696F757320667261671E
:10D8D0006D656E742C2074686973206D7573742087
:10D8E000626520746865206669727374206672616F
:10D8F000676D656E74210000286820213D204E551B
:10D900004C4C2920262620287420213D204E554CA1
:10D910004C29202870726F6772616D6D6572207678
:10D92000696F6C61746573204150492900000000E3
:10D930007463705F736C6F7774696D723A20706591
:10D940007273697374207469636B696E6720776999
:10D95000746820656D7074792073656E64206275DB
:10D9600066666572000000007463705F72656365CF
:10D970006976653A207365676D656E74206E6F74A5
:10D98000207472696D6D656420636F727265637473
:10D990006C7920746F207263765F776E640A000082
:10D9A00054696D656F75742074696D6520746F6F4F
:10D9B000206C6F6E672C206D6178206973204C5746
:10D9C00049505F55494E5433325F4D41582F3420F2
:10D9D0006D73656373000000636865636B20746832
:10D9E0006174206669727374207062756620636169
:10D9F0006E20686F6C642073747275637420657434
:10DA0000686172705F686472000000006E6574691E
:10DA1000662D3E6877616464725F6C656E206D751B
:10DA20007374206265203620666F722065746865A5
:10DA3000726E65745F6F75747075742100000000FC
:10DA400069636D705F696E7075743A207265737486
:10DA50006F72696E67206F726967696E616C2070A2
:10DA60002D3E7061796C6F6164206661696C6564DC
:10DA70000A0000006D656D5F667265653A20696C2D
:10DA80006C6567616C206D656D6F72793A206E6FA1
:10DA90006E2D6C696E6B65643A20646F75626C659F
:10DAA0002066726565000000504255465F504F4F3A
:10DAB0004C5F42554653495A45206D757374206238
:10DAC0006520626967676572207468616E204D45E4
:10DAD0004D5F414C49474E4D454E5400646F6E2793
:10DAE000742063616C6C207463705F61626F727428
:10DAF0002F7463705F6162616E646F6E20666F7217
:10DB0000206C697374656E2D706362730000000091
:10DB10007463705F736C6F7774696D723A207065AF
:10DB20007273697374207469636B696E67207769B7
:10DB3000746820696E2D666C69676874206461740E
:10DB4000610000007463705F6E657469665F697080
:10DB50005F616464725F6368616E6765645F706370
:10DB6000626C6973743A20696E76616C6964206FC7
:10DB70006C645F61646472006172705F7461626C96
:10DB8000655B6172705F6964785D2E737461746542
:10DB9000203E3D204554484152505F535441544526
:10DBA0005F535441424C4500636865636B20746861
:10DBB0006174206669727374207062756620636197
:10DBC0006E20686F6C642073747275637420697062
:10DBD0005F686472000000006D656D5F6D616C6C64
:10DBE0006F633A20616C6C6F6361746564206D656E
:10DBF0006D6F7279206E6F742061626F766520722E
:10DC0000616D5F656E642E006D656D5F6D616C6C3E
:10DC10006F633A20616C6C6F6361746564206D653D
:10DC20006D6F72792070726F7065726C7920616CA3
:10DC300069676E65642E0000746F6F206D616E7988
:10DC4000206E65746966732C206D61782E20737563
:10DC500070706F72746564206E756D626572206994
:10DC60007320323535000000706275665F616C6C40
:10DC70006F633A207062756620712D3E7061796C19
:10DC80006F61642070726F7065726C7920616C696D
:10DC9000676E656400000000702D3E746F745F6CE9
:10DCA000656E203D3D20702D3E6C656E20286F66B0
:10DCB000206C617374207062756620696E206368E1
:10DCC00061696E2900000000706275665F636F70A5
:10DCD000793A20746172676574206E6F742062698E
:10DCE0006720656E6F75676820746F20686F6C645D
:10DCF00020736F75726365007463705F736C6F7708
:10DD0000746D723A20616374697665207063622D68
:10DD10003E737461746520213D2054494D452D5753
:10DD20004149540A000000007463705F736C6F77A0
:10DD3000746D723A2054494D452D57414954207015
:10DD400063622D3E7374617465203D3D2054494DDE
:10DD5000452D5741495400007463705F696E7075BA
:10DD6000743A2054494D452D5741495420706362FF
:10DD70002D3E7374617465203D3D2054494D452D01
:10DD80005741495400000000636865636B20746864
:10DD900061742066697273742070627566206361B5
:10DDA0006E20686F6C642073747275637420746382
:10DDB000705F686472000000636865636B2074685C
:10DDC0006174206669727374207062756620636185
:10DDD0006E20686F6C642073747275637420756450
:10DDE000705F6864720000006172705F7461626CE1
:10DDF000655B695D2E7374617465203D3D204554FB
:10DE0000484152505F53544154455F454D50545919
:10DE100000000000636865636B20746861742066AD
:10DE20006972737420706275662063616E20686F1A
:10DE30006C642069636D70206D6573736167650044
:10DE4000706C75675F686F6C65733A206D656D2DDA
:10DE50003E6E657874203C3D204D454D5F53495AD8
:10DE6000455F414C49474E4544000000706275666D
:10DE70005F616C6C6F633A20706275662D3E7061F5
:10DE8000796C6F61642070726F7065726C7920615B
:10DE90006C69676E65640000706275665F636F70C1
:10DEA00079282920646F6573206E6F7420616C6C13
:10DEB0006F77207061636B6574207175657565732C
:10DEC000210000007463705F736C6F77746D723A39
:10DED00020616374697665207063622D3E7374619E
:10DEE000746520213D20434C4F5345440A000000F7
:10DEF0007463705F736C6F77746D723A20616374D2
:10DF0000697665207063622D3E73746174652021AB
:10DF10003D204C495354454E0A0000007463705F25
:10DF2000736C6F77746D723A206D6964646C6520F0
:10DF300074637020213D207463705F61637469763F
:10DF4000655F7063627300007463705F736C6F77FA
:10DF5000746D723A20666972737420706362203D3A
:10DF60003D207463705F6163746976655F7063629E
:10DF7000730000007463705F696E7075743A20619D
:10DF80006374697665207063622D3E737461746595
:10DF900020213D2054494D452D5741495400000052
:10DFA0007463705F696E7075743A207063622D3EA1
:10DFB0006E65787420213D2070636220286265665A
:10DFC0006F72652063616368652900007463705F28
:10DFD000696E7075743A207063622D3E6E65787458
:10DFE00020213D2070636220286166746572206381
:10DFF00061636865290000007463705F656E717508
:10E000006575655F666C6167733A20696E76616CF1
:10E010006964207365676D656E74206C656E6774E6
:10E02000680000007463705F6F75747075745F636F
:10E030006F6E74726F6C5F7365676D656E743A2096
:10E04000696E76616C69642070627566000000001C
:10E0500030B450F8041B79B10268436802440830B8
:10E06000DC0744BFA9F10104E31852F8045B43F84C
:10E07000045B091FF9D1ECE730BC704720205374D2
:10E080006174653A204C6F6F6B696E6720666F72C2
:10E09000204448435020736572766572202E2E2EE0
:10E0A0000A000000546865206E6574776F726B20FB
:10E0B0006361626C65206973206E6F7420636F6E9C
:10E0C0006E6563746564200A000000004173736527
:10E0D0007274696F6E2022257322206661696C65F7
:10E0E00064206174206C696E6520256420696E204F
:10E0F00025730A00646863705F696E635F706362B2
:10E100005F726566636F756E7428293A206D656D60
:10E110006F7279206C65616B00000000417373655C
:10E120007274696F6E2022257322206661696C65A6
:10E1300064206174206C696E6520256420696E20FE
:10E1400025730A006172705F7461626C655B695D62
:10E150002E7374617465203D3D2050454E44494EF8
:10E1600047206F7220535441424C45004173736500
:10E170007274696F6E2022257322206661696C6556
:10E1800064206174206C696E6520256420696E20AE
:10E1900025730A00417373657274696F6E202225BE
:10E1A0007322206661696C6564206174206C696EFD
:10E1B0006520256420696E2025730A00417373650C
:10E1C0007274696F6E2022257322206661696C6506
:10E1D00064206174206C696E6520256420696E205E
:10E1E00025730A00417373657274696F6E2022256E
:10E1F0007322206661696C6564206174206C696EAD
:10E200006520256420696E2025730A0041737365BB
:10E210007274696F6E2022257322206661696C65B5
:10E2200064206174206C696E6520256420696E200D
:10E2300025730A00417373657274696F6E2022251D
:10E240007322206661696C6564206174206C696E5C
:10E250006520256420696E2025730A00417373656B
:10E260007274696F6E2022257322206661696C6565
:10E2700064206174206C696E6520256420696E20BD
:10E2800025730A006D656D5F667265653A20696C7D
:10E290006C6567616C206D656D6F72793A20646F93
:10E2A00075626C6520667265650000004173736578
:10E2B0007274696F6E2022257322206661696C6515
:10E2C00064206174206C696E6520256420696E206D
:10E2D00025730A00417373657274696F6E2022257D
:10E2E0007322206661696C6564206174206C696EBC
:10E2F0006520256420696E2025730A0041737365CB
:10E300007274696F6E2022257322206661696C65C4
:10E3100064206174206C696E6520256420696E201C
:10E3200025730A00417373657274696F6E2022252C
:10E330007322206661696C6564206174206C696E6B
:10E340006520256420696E2025730A007463705F60
:10E3500072656D6F76655F6C697374656E65723A30
:10E3600020696E76616C6964206C697374656E6592
:10E3700072000000646F6E27742063616C6C2074FF
:10E3800063705F72656376656420666F72206C6986
:10E390007374656E2D706362730000007463705F48
:10E3A000736C6F77746D723A206D6964646C65206C
:10E3B00074637020213D207463705F74775F7063B5
:10E3C000627300007463705F736C6F77746D723A80
:10E3D00020666972737420706362203D3D2074630F
:10E3E000705F74775F706362730000007463705FC6
:10E3F00070726F636573735F726566757365645F72
:10E40000646174613A20696E76616C69642070633E
:10E41000620000007463705F6566665F73656E64BA
:10E420005F6D73735F6E657469663A20696E7661BD
:10E430006C6964206473745F697000004173736574
:10E440007274696F6E2022257322206661696C6583
:10E4500064206174206C696E6520256420696E20DB
:10E4600025730A007463705F696E7075743A206179
:10E470006374697665207063622D3E7374617465A0
:10E4800020213D20434C4F53454400007463705F8E
:10E49000696E7075743A2061637469766520706383
:10E4A000622D3E737461746520213D204C495354A4
:10E4B000454E00007463705F696E7075745F6465CB
:10E4C0006C617965645F636C6F73653A20696E7621
:10E4D000616C696420706362000000007463705FA7
:10E4E0006F6F735F696E736572745F7365676D6577
:10E4F0006E743A20696E76616C6964206373656737
:10E50000000000007063622D3E736E645F7175657C
:10E5100075656C656E203E3D20706275665F636C4C
:10E52000656E286E6578742D3E7029007463705F87
:10E53000726563656976653A206F6F7365712074E3
:10E5400063706C656E203E207263765F776E640A3E
:10E5500000000000417373657274696F6E2022259C
:10E560007322206661696C6564206174206C696E39
:10E570006520256420696E2025730A007463705F2E
:10E58000656E71756575655F666C6167733A206964
:10E590006E76616C6964207175657565206C656E59
:10E5A00067746800646F6E27742063616C6C2074FC
:10E5B00063705F6F757470757420666F72206C691C
:10E5C0007374656E2D706362730000007463705F16
:10E5D0006F75747075745F7365676D656E745F6277
:10E5E0007573793A20696E76616C6964207365672A
:10E5F000000000007463705F6F75747075745F6104
:10E600006C6C6F635F6865616465723A20696E76F1
:10E61000616C696420706362000000007463705F65
:10E620006F75747075745F66696C6C5F6F70746918
:10E630006F6E733A20696E76616C696420706275E2
:10E6400066000000417373657274696F6E20222545
:10E650007322206661696C6564206174206C696E48
:10E660006520256420696E2025730A00FA000000E9
:10E67000DF260008E8030000716D0008E8030000D1
:10E68000538B000860EA000081980008F401000044
:10E69000F3980008417373657274696F6E202225C8
:10E6A0007322206661696C6564206174206C696EF8
:10E6B0006520256420696E2025730A007564705FEB
:10E6C000696E7075745F6C6F63616C5F6D617463AC
:10E6D000683A20696E76616C6964206E657469665B
:10E6E0000000000010B5074979441831064C7C44FD
:10E6F000163404E00A68081D114488470146A14207
:10E70000F8D110BDA0040000C0040000204D41431A
:10E710002020B5D8D6B73A20202020202020202045
:10E7200025642025642025642025640A000000005B
:10E7300020444843502047455420D7D3CDF8D1DA60
:10E74000C2EB3A2025642025642025642025640A34
:10E750000000000020444843502047455420C4ACEA
:10E76000C8CFCDF8B9D83A20256420256420256487
:10E770002025640A00000000646863705F706362B3
:10E780005F726566636F756E7428293A20726566DC
:10E79000636F756E74206572726F72006E65746956
:10E7A00066206973206E6F742075702C206F6C6406
:10E7B000207374796C6520706F72743F00000000E4
:10E7C0006E657469662D3E6877616464725F6C651E
:10E7D0006E203D3D204554485F4857414444525FB8
:10E7E0004C454E0069705F72656173735F7062754E
:10E7F00066636F756E74203E3D2070627566735F50
:10E80000667265656400000076616C6964617465B8
:10E810005F646174616772616D3A6E6578745F7090
:10E82000627566213D4E554C4C0000006D656D5F74
:10E83000667265653A2073616E69747920636865F4
:10E84000636B20616C69676E6D656E74000000001B
:10E850006D656D5F6D616C6C6F633A2073616E699D
:10E86000747920636865636B20616C69676E6D65A0
:10E870006E7400006D656D705F6D616C6C6F633AF6
:10E88000206D656D702070726F7065726C7920619B
:10E890006C69676E656400001CFB000828FB0008BB
:10E8A00034FB000840FB00084CFB000858FB000844
:10E8B00064FB000870FB00087CFB00086E6574694F
:10E8C000665F6164643A204E6F20696E69742066E9
:10E8D000756E6374696F6E20676976656E000000FF
:10E8E0006E657469665F69737375655F7265706F75
:10E8F0007274733A20696E76616C6964206E657417
:10E90000696600006E657469665F7365745F6C6943
:10E910006E6B5F75703A20696E76616C6964206E0B
:10E9200065746966000000006E657469665F7365F2
:10E93000745F6C696E6B5F646F776E3A20696E7698
:10E94000616C6964206E65746966000070632D3EB9
:10E95000637573746F6D5F667265655F66756E6310
:10E9600074696F6E20213D204E554C4C0000000014
:10E97000706275665F636F70795F706172746961F0
:10E980006C3A20696E76616C6964206461746170B0
:10E99000747200007463705F7570646174655F7297
:10E9A00063765F616E6E5F776E643A20696E766142
:10E9B0006C696420706362007463705F6372656188
:10E9C00074655F7365676D656E743A20696E766114
:10E9D0006C69642070627566000000007463705F8B
:10E9E00073706C69745F756E73656E745F73656761
:10E9F0003A20696E76616C69642070636200000081
:10EA000043616E27742073706C6974207365676D41
:10EA1000656E7420696E746F206C656E6774682013
:10EA2000300000007463705F6F75747075745F738D
:10EA300065676D656E743A20696E76616C696420F5
:10EA40006E657469660000007463705F7265786D4E
:10EA500069745F72746F5F707265706172653A207D
:10EA6000696E76616C696420706362007463705FC4
:10EA70007265786D69745F72746F5F636F6D6D69D5
:10EA8000743A20696E76616C69642070636200007C
:10EA90007463705F7A65726F5F77696E646F775FBA
:10EAA00070726F62653A20696E76616C696420707D
:10EAB000636200007564705F696E7075745F6C6F7F
:10EAC00063616C5F6D617463683A20696E76616C36
:10EAD00069642070636200007564705F73656E64C2
:10EAE000746F5F69665F7372633A20696E76616CFA
:10EAF0006964206473745F69700000007564705FFE
:10EB000073656E64746F5F69665F7372633A2069E0
:10EB10006E76616C6964207372635F6970000000D7
:10EB20007564705F73656E64746F5F69665F73723E
:10EB3000633A20696E76616C6964206E65746966FB
:10EB40000000000080B5FDF763FEFEE7FEE7FEE78C
:10EB5000FEE7FEE770477047704780B500F004F8A5
:10EB6000FDF7DAF801BD000003480168034A127896
:10EB700089180160704700BF8C8400209C00002031
:10EB80004EF68851CEF20001086840F4700008602B
:10EB9000BFF34F8FBFF36F8F4FF00070E1EE100A9D
:10EBA000704700009F3AFFFF4C840000A000002047
:10EBB000000000009DF4FFFFA00000008411000091
:10EBC000000000200000000020444843502047453A
:10EBD000542049503A2020202020202564202564FC
:10EBE0002025642025640A00646863705F63726591
:10EBF0006174655F6D73673A206E65746966202184
:10EC00003D204E554C4C0000646863705F63726534
:10EC10006174655F6D73673A206468637020213D9D
:10EC2000204E554C4C00000070627566735F667232
:10EC3000656564202B20636C656E203C3D20307838
:10EC40006666666600000000636865636B20667236
:10EC500061676D656E747320646F6E2774206F76C4
:10EC600065726C61700000006E6F7420666972736B
:10EC700074616C74686F756768206A757374206559
:10EC80006E7175657565640074686973206E65657D
:10EC900064732061207062756620696E206F6E65F6
:10ECA00020706965636521006D656D5F7472696DC3
:10ECB0002063616E206F6E6C7920736872696E6B71
:10ECC000206D656D6F7279006D656D705F6D616C43
:10ECD0006C6F633A2074797065203C204D454D502F
:10ECE0005F4D4158000000006D656D705F66726594
:10ECF000653A206D656D2070726F7065726C792059
:10ED0000616C69676E6564006E657469665F7365E2
:10ED1000745F646F776E3A20696E76616C69642007
:10ED20006E65746966000000696E6372656D656E7C
:10ED3000745F6D61676E6974756465203C3D207019
:10ED40002D3E6C656E000000706275665F636F70CB
:10ED5000795F7061727469616C3A20696E76616C7A
:10ED600069642062756600007463705F636C6F7322
:10ED7000655F73687574646F776E3A20696E76614B
:10ED80006C696420706362007463705F7063625FBB
:10ED900072656D6F76653A20696E76616C69642084
:10EDA0007063626C69737400702D3E746F745F6C75
:10EDB000656E203D3D20702D3E6E6578742D3E744D
:10EDC0006F745F6C656E00007463705F6C69737460
:10EDD000656E5F696E7075743A20696E76616C69F4
:10EDE00064207063620000007463705F74696D6515
:10EDF000776169745F696E7075743A20696E7661C7
:10EE00006C696420706362007463705F696E707512
:10EE1000743A207063622D3E737461746520213DE5
:10EE200020434C4F534544007063622D3E6C697320
:10EE300074656E65722D3E61636365707420213D5B
:10EE4000204E554C4C0000007463705F7265636522
:10EE50006976653A2076616C6964207175657565BF
:10EE6000206C656E677468007463705F72656365BB
:10EE70006976653A207463706C656E203E2072631B
:10EE8000765F776E640A00007463705F6372656119
:10EE900074655F7365676D656E743A20696E76613F
:10EEA0006C696420706362007463705F656E717575
:10EEB0006575655F666C6167733A20696E76616C33
:10EEC00069642070636200007463705F6F757470B2
:10EED00075745F7365676D656E743A20696E7661EF
:10EEE0006C696420736567007463705F6F7574701C
:10EEF00075745F7365676D656E743A20696E7661CF
:10EF00006C696420706362007463705F7265786D11
:10EF100069745F666173743A20696E76616C6964C6
:10EF200020706362000000007463705F73656E643C
:10EF30005F656D7074795F61636B3A20696E7661AD
:10EF40006C696420706362007564705F73656E64E1
:10EF5000746F5F69663A20696E76616C69642064DB
:10EF600073745F69700000007564705F73656E6430
:10EF7000746F5F69663A20696E76616C6964206EB1
:10EF800065746966000000007564705F73656E6487
:10EF9000746F5F69665F7372633A20696E76616C45
:10EFA00069642070636200007564705F73656E64ED
:10EFB000746F5F69665F7372633A20696E76616C25
:10EFC000696420706275660000F00DF8002801D0B9
:10EFD000FFF788FBAFF300800020AFF30080FDF760
:10EFE00081FE00F002F80120704700F001B8000037
:10EFF00007463846FDF756F8FBE700006468637083
:10F000005F73656C6563743A206E65746966202170
:10F010003D204E554C4C0000646863705F73656C16
:10F020006563743A206468637020213D204E554C1E
:10F030004C000000646863705F62696E643A206E21
:10F040006574696620213D204E554C4C000000003F
:10F050006E6F207061636B65742071756575657383
:10F0600020616C6C6F7765642100000073616E69CC
:10F07000747920636865636B206C696E6B656420CE
:10F080006C6973740000000069705F72656173736E
:10F090005F70627566636F756E74203E3D20636CB1
:10F0A000656E00006970345F6672616728293A20D6
:10F0B0007062756620746F6F2073686F72740000E1
:10F0C000706C75675F686F6C65733A206D656D2055
:10F0D0003C2072616D5F656E64000000706C756746
:10F0E0005F686F6C65733A206D656D2D3E75736555
:10F0F00064203D3D203000006D656D5F6672656582
:10F100003A20696C6C6567616C206D656D6F727912
:10F11000000000006D656D5F6D616C6C6F633A207F
:10F12000216C667265652D3E757365640000000094
:10F130006D656D705F667265653A207479706520E3
:10F140003C204D454D505F4D415800006E6574693F
:10F15000665F6164643A20696E76616C6964206EF2
:10F1600065746966000000006E657469665F7365AA
:10F17000745F75703A20696E76616C6964206E65A3
:10F1800074696600706275665F616C6C6F633A20CB
:10F190006572726F6E656F757320747970650000AB
:10F1A0006D656D5F7472696D2072657475726E65E0
:10F1B000642071203D3D204E554C4C006F666673B7
:10F1C00065745F66726F6D203C3D20705F66726F84
:10F1D0006D2D3E6C656E00007463705F66726565D0
:10F1E0005F6C697374656E3A20214C495354454EE7
:10F1F000000000007063622D3E666C61677320261C
:10F200002054465F5258434C4F5345440000000081
:10F210007463705F6162616E646F6E3A20696E76CE
:10F22000616C696420706362000000006E65775F46
:10F230007263765F616E6E5F776E64203C3D203056
:10F2400078666666660000007463705F7365675F6A
:10F25000636F70793A20696E76616C6964207365BA
:10F26000670000007463705F726563765F6E756C33
:10F270006C3A20696E76616C69642070636200008C
:10F280007463705F7063625F70757267653A20695E
:10F290006E76616C69642070636200007463705FF5
:10F2A0007063625F72656D6F76653A20696E766134
:10F2B0006C69642070636200756E61636B656420C5
:10F2C0007365676D656E7473206C65616B696E67DD
:10F2D000000000007463705F6E6578745F6973731B
:10F2E0003A20696E76616C69642070636200000088
:10F2F0007063622D3E726566757365645F646174E8
:10F3000061203D3D204E554C4C0000007463705F01
:10F3100070726F636573733A20696E76616C6964AD
:10F3200020706362000000007463705F7265636543
:10F330006976653A20696E76616C696420706362F3
:10F34000000000007463705F726563656976653AFA
:10F350002077726F6E67207374617465000000001F
:10F360007463705F70617273656F70743A20696E58
:10F3700076616C6964207063620000007463705F82
:10F3800073656E645F66696E3A20696E76616C695A
:10F3900064207063620000007463705F7265786D52
:10F3A00069745F72746F3A20696E76616C6964206B
:10F3B000706362007463705F7273743A20696E7672
:10F3C000616C6964206C6F63616C5F697000000040
:10F3D0007463705F7273743A20696E76616C6964ED
:10F3E0002072656D6F74655F697000007463705F93
:10F3F0006B656570616C6976653A20696E76616CE3
:10F4000069642070636200007564705F696E707576
:10F41000743A20696E76616C6964206E6574696601
:10F4200000000000706275665F72656D6F76655FE3
:10F43000686561646572206661696C65640A0000D4
:10F440007564705F73656E64746F5F69663A206996
:10F450006E76616C69642070636200007564705F31
:10F4600073656E64746F5F69663A20696E76616C6D
:10F4700069642070627566007564705F636F6E6E9C
:10F480006563743A20696E76616C696420706362AA
:10F49000000000007564705F636F6E6E6563743AA0
:10F4A00020696E76616C69642069706164647200C1
:10F4B0005374617469632049502061646472657398
:10F4C000733A2025730A0000646863705F62696E96
:10F4D000643A206468637020213D204E554C4C00F6
:10F4E0006F7665726C6F616420696E2066696C6509
:10F4F0002F736E616D6500006465636F64655F6C9A
:10F50000656E2025252034203D3D20300000000080
:10F510006172705F7461626C655B695D2E71203D24
:10F520003D204E554C4C0000B6CFBFAACDF8CFDFE2
:10F53000A3ACD0E8D6D8C1ACC1ACBDD30A000000A2
:10F54000706C75675F686F6C65733A206D656D20D0
:10F550003E3D2072616D00006D656D5F7472696D76
:10F560003A206C6567616C206D656D6F7279000083
:10F57000706275665F7265616C6C6F633A207020B3
:10F58000213D204E554C4C00706275665F7265617E
:10F590006C6C6F633A207120213D204E554C4C001D
:10F5A000706275665F667265653A20702D3E7265A1
:10F5B00066203E20300000006F66667365745F74DD
:10F5C0006F203C3D20705F746F2D3E6C656E0000B7
:10F5D0007063622D3E7374617465203D3D204C491B
:10F5E0005354454E000000007463705F636C6F738A
:10F5F000653A20696E76616C696420706362000010
:10F600007463705F7265637665643A20696E7661D3
:10F610006C69642070636200756E73656E7420732C
:10F6200065676D656E7473206C65616B696E6700EC
:10F630006F6F736571207365676D656E7473206C91
:10F6400065616B696E6700007463705F696E7075E9
:10F65000743A20696E76616C696420706275660028
:10F660007063622D3E736E645F71756575656C6560
:10F670006E203E2030000000702D3E746F745F6C71
:10F68000656E203E3D206F70746C656E000000005A
:10F690007365672D3E746370686472206E6F7420AA
:10F6A000616C69676E6564007463705F6F75747018
:10F6B00075743A20696E76616C69642070636200CB
:10F6C000525354206E6F742065787065637465645E
:10F6D00020686572652100007463705F7265786DE3
:10F6E00069743A20696E76616C69642070636200A7
:10F6F0007564705F696E7075743A20696E76616CBE
:10F7000069642070627566007564705F62696E641A
:10F710003A20696E76616C69642070636200000053
:10F720007564705F726563763A20696E76616C69A4
:10F7300064207063620000007564705F72656D6FB5
:10F7400076653A20696E76616C6964207063620048
:10F7500038B504460D46284600F006F8A84218BF02
:10F760000024204632BD00000149FCF782BF00BFE3
:10F7700000000020444843502054696D656F757443
:10F78000202121200A000000696E76616C696420E6
:10F79000646863702D3E7374617465006C656E20DF
:10F7A0003E3D206465636F64655F6C656E000000BC
:10F7B000636865636B206465636F64655F69647823
:10F7C00000000000696E76616C6964206465636F97
:10F7D00064655F6C656E00006E657874207062759C
:10F7E0006620776173206E756C6C000069203C2088
:10F7F0004152505F5441424C455F53495A450000C5
:10F800006475706C65783D25782073706565643D1E
:10F8100025780A00707265762D3E6E657874203DFD
:10F820003D20697072000000D3B2CAAF4C77697096
:10F830002044484350B2E2CAD40A0000696E76619F
:10F840006C6964206E65787420707472000000002A
:10F85000696E76616C696420706F6F6C206465738B
:10F86000630000006E6574696620616C7265616496
:10F870007920616464656400696E76616C696420F6
:10F88000706275665F74797065000000696E7661FC
:10F890006C69642070627566207479706500000080
:10F8A0007062756620726566206F766572666C6F31
:10F8B00077000000706275665F636F707920666123
:10F8C000696C6564000000007463705F6672656552
:10F8D0003A204C495354454E000000006E6F20738F
:10F8E00065676D656E7420746F20667265650000D3
:10F8F0006F7074696F6E73206E6F742066696C6CC4
:10F9000065640000444843505F73746174653D252D
:10F91000640A0000B3C9B9A6C1ACBDD3CDF8BFA875
:10F920000A0000006E6574696620213D204E554C2A
:10F930004C00000069706164647220213D204E55C6
:10F940004C4C00006E6574696620213D204E554C7C
:10F950004C00000074797065206F766572666C6F7C
:10F9600077000000455448B3F5CABCBBAFB3C9B972
:10F97000A60A0000455448B3F5CABCBBAFCAA7B03D
:10F98000DC0A00006E6574696620213D204E554CEE
:10F990004C00000073616E69747920636865636B65
:10F9A00000000000702D3E6C656E203E3D20706FA3
:10F9B00066660000696E76616C696420706F696EBE
:10F9C00074657200702D3E6E657874203D3D204E4A
:10F9D000554C4C00705F746F20213D204E554C4CAF
:10F9E000000000000000000000000000010203040D
:10F9F00006070809696E76616C6964207374617426
:10FA00006500000001020304050607070707070752
:10FA10000700000098840020948400209C8400202B
:10FA2000A0840020702D3E6E65787420213D204E0C
:10FA3000554C4C00696E7365672E7020213D204E39
:10FA4000554C4C00696E73616E65206F6666736518
:10FA5000742100007062756620746F6F2073686F88
:10FA60007274210073706C6974203C3D206D737357
:10FA700000000000757365672D3E6C656E203E20AA
:10FA800030000000014880470148004795FA00080F
:10FA9000B9FB00080248016851F470010160704729
:10FAA00088ED00E06C656E203D3D203400000000D4
:10FAB0006C656E203D3D2031000000007120213D2D
:10FAC000204E554C4C00000020060C00A0000020E9
:10FAD0004C840020702D3E726566203D3D20310033
:10FAE0007072657620213D20697072006970722005
:10FAF000213D204E554C4C007020213D204E554C50
:10FB00004C00000070637220213D204E554C4C008B
:10FB1000706372203D3D2070000000002000040052
:10FB200068810020608400209C0005007C76002015
:10FB3000648400201C000800F07D00206884002000
:10FB400010001000F87A00206C84002020000500CE
:10FB5000847F00207084002018000F008C79002022
:10FB6000748400201000050070820020788400203A
:10FB700010001000FC7B00207C840020600210003C
:10FB8000244A0020808400207020213D204E554CC6
:10FB90004C00000070636220213D204E554C4C000B
:10FBA000702D3E6C656E203D3D20300073656720F2
:10FBB0003D3D204E554C4C00AFF30080FEF7E0FF7A
:10FBC000FFF702FAFFFFFFFFFFFF00000000000049
:10FBD00000000000000000000102030403060C18EE
:10FBE00030607800756E61636B656400756E736577
:10FBF0006E74000000000000FFFFFFFF00002E00F9
:10FC0000FFF7FEBFFFF7FEBFFFF7FEBFFFF7FEBF28
:10FC1000FFF7FEBFFFF7FEBFFFF7FEBFFFF7FEBF18
:10FC2000FFF7FEBFFFF7FEBFFFF7FEBFFFF7FEBF08
:10FC3000FFF7FEBFFFF7FEBFFFF7FEBFFFF7FEBFF8
:10FC4000FFF7FEBFFFF7FEBFFFF7FEBFFFF7FEBFE8
:10FC5000FFF7FEBFFFF7FEBFFFF7FEBFFFF7FEBFD8
:10FC6000FFF7FEBFFFF7FEBFFFF7FEBFFFF7FEBFC8
:10FC7000FFF7FEBFFFF7FEBFFFF7FEBFFFF7FEBFB8
:10FC8000FFF7FEBFFFF7FEBFFFF7FEBFFFF7FEBFA8
:10FC9000FFF7FEBFFFF7FEBFFFF7FEBFFFF7FEBF98
:10FCA000FFF7FEBFFFF7FEBFFFF7FEBFFFF7FEBF88
:10FCB000FFF7FEBFFFF7FEBFFFF7FEBFFFF7FEBF78
:10FCC000FFF7FEBFFFF7FEBFFFF7FEBFFFF7FEBF68
:10FCD000FFF7FEBFFFF7FEBFFFF7FEBFFFF7FEBF58
:10FCE000FFF7FEBFFFF7FEBFFFF7FEBFFFF7FEBF48
:10FCF000FFF7FEBFFFF7FEBFFFF7FEBFFFF7FEBF38
:10FD0000FFF7FEBFFFF7FEBFFFF7FEBFFFF7FEBF27
:10FD1000FFF7FEBFFFF7FEBFFFF7FEBFFFF7FEBF17
:10FD2000FFF7FEBFFFF7FEBFFFF7FEBFFFF7FEBF07
:10FD3000FFF7FEBFFFF7FEBFFFF7FEBFFFF7FEBFF7
:10FD400002040101C482002014830020C482002028
:10FD5000C482002000000000C482002000000000D7
:10FD600044000020300000200000000000000000DF
:10FD70000000000000000000000000000000000083
:10FD80000000000000000000FCFB0008FCFB000875
:10FD9000FCFB0008FCFB0008FCFB0008FCFB000867
:10FDA000FCFB0008FFFFFFFFFFFFFFFFFEFB00085B
:10FDB000FCFB0008FCFB0008FFFFFFFFFFFF00004B
:10FDC000000000000100000001031C001000000002
:10FDD0000024F4006E19000000C000C00100000003
:040000050800FBB93B
:00000001FF
