:020000040800F2
:100000000010001031F9000825EA00082DEA000868
:100010002FEA000831EA000833EA00080000000077
:1000200000000000000000000000000035EA0008A9
:1000300037EA00080000000039EA00083BEA00083F
:10004000ADFA0008B1FA0008B5FA0008B9FA0008DC
:10005000BDFA0008C1FA0008C5FA0008C9FA00088C
:10006000CDFA0008D1FA0008D5FA0008D9FA00083C
:10007000DDFA0008E1FA0008E5FA0008E9FA0008EC
:10008000EDFA0008F1FA0008F5FA0008F9FA00089C
:10009000FDFA000801FB000805FB000809FB000849
:1000A0000DFB000811FB000815FB000819FB0008F8
:1000B0001DFB000821FB000825FB000829FB0008A8
:1000C0002DFB000831FB000835FB000839FB000858
:1000D0003DFB000841FB000845FB000849FB000808
:1000E0004DFB000851FB000855FB000859FB0008B8
:1000F0005DFB000861FB000865FB000869FB000868
:100100006DFB000871FB000875FB000879FB000817
:100110007DFB000881FB000885FB000889FB0008C7
:100120008DFB000891FB000895FB000899FB000877
:100130009DFB000857B70008A1FB0008A5FB0008BD
:10014000A9FB0008ADFB0008B1FB0008B5FB0008E7
:10015000B9FB0008BDFB0008C1FB0008C5FB000897
:10016000C9FB0008CDFB0008D1FB0008D5FB000847
:10017000D9FB0008DDFB0008E1FB000800000000DF
:10018000E5FB0008E9FB00082DE9FE4F0500002D06
:1001900008D1DFF87C3C8322DFF8D417DFF8D407DE
:1001A00001F03AFDDFF86C6C6868306068891428EB
:1001B00004DA280001F097FFBDE8F78FDFF8B87781
:1001C0003968786902F0AEF9002804D1387D10F062
:1001D000F000E02800D1ECE73068808902F01BFADB
:1001E00080B2000B81000800C0B2142805DB28890A
:1001F0000A00D2B292B2904200D2DAE7DFF87C472E
:100200000800C0B214382080DFF874870020C8F8D6
:10021000000068890A00D2B292B2904208D32088C6
:10022000DFF860271080C9B2280001F00FFF46E018
:100230002868002808D1DFF8D83BC222DFF8481729
:10024000DFF8300701F0E8FC1421280001F0FEFE81
:10025000DFF8300769890180218804880C1B018838
:10026000280001F0F3FE28684089210089B2884205
:100270009FD328684068C8F80000210089B2286828
:1002800001F0E4FE2889041B2C816889002808D02D
:10029000DFF87C3BDF22DFF8F416DFF8D80601F048
:1002A000BBFC288929680989884208D0DFF8603BAF
:1002B000E022DFF8DC16DFF8BC0601F0ADFC3068A8
:1002C000008802F0A8F9316808803068408802F0A0
:1002D000A2F9316848803168486802F0A4F93168B1
:1002E0004860DFF84C1C08603168886802F09BF9B0
:1002F00031688860DFF83C8CC8F800003068C0893D
:1003000002F089F93168C8813068808902F083F988
:1003100010F03F00DFF87C160870DFF81C9C28897D
:10032000A9F80000DFF86C06007810F0030F0AD07F
:10033000B9F80000401CA9F80000B9F800002989AC
:100340008842FFF436AF5FF0000BDFF8F0ABDAF86D
:10035000004001E0A346E468002C67D0207D00281F
:1003600008D1DFF8AC3AFB22DFF82C16DFF80406E0
:1003700001F052FC207D0A2808D1DFF8943AFC22D3
:10038000DFF81816DFF8EC0501F046FC207D0128A7
:1003900008D1DFF87C3AFD22DFF8A41BDFF8D40592
:1003A00001F03AFC207A002809D0207A796891F887
:1003B0003410491CC9B2884201D0A346CBE7208B38
:1003C000316809888842C5D1E08A31684988884205
:1003D000C0D1606839698842BCD120687969884297
:1003E000B8D1E068A04209D1DFF8243A40F20D12FA
:1003F000DFF8501BDFF87C0501F00EFCBBF1000FAD
:1004000007D0E068CBF80C00DAF80000E060CAF82A
:100410000040E068A04209D1DFF8F43940F215123B
:10042000DFF8C41BDFF84C0501F0F6FB002C71D19E
:10043000DFF8B80B046808E0207A796891F8341086
:10044000491CC9B2884212D0E468002C28D0207D13
:100450000A2809D0DFF8B83940F21F12DFF8901BE4
:10046000DFF8100501F0D8FB207A0028E4D1208BBA
:10047000316809888842E7D1E08A31684988884232
:10048000E2D1606839698842DED1206879698842A2
:10049000DAD1200000F01BFA280001F024FE8BE6E0
:1004A0000022DFF8503B186806E0002823D00168DE
:1004B000002920D00200C06800281CD0017A002941
:1004C0000CD0017AD7F804C09CF834C01CF1010CA0
:1004D0005FFA8CFC614501D00200ECE7C18AD6F8D6
:1004E00000C0BCF802C06145E4D10168D7F814C06F
:1004F0006145DAD1FFE700280CD0002A04D0C1689A
:10050000D1601968C160186000F043F9280001F05B
:10051000EAFD51E6002C00F0F080DFF88C7B002033
:100520003860288938817D603068F860DFF87C6B3E
:1005300000203060DFF8788B002088F80000DFF8BA
:1005400074BB0020ABF80000DFF848040078000717
:1005500003D5687B50F001006873A06F002813D0AA
:10056000200002F0D8FD10F10D0F06D0A06F00287A
:100570000AD0B9F80000002806D0608D002802D10A
:10058000200003F0F3FFA9E0DFF82C5B2C602000D3
:1005900000F006FA40B210F10D0F00F09F8098F8BD
:1005A0000000000711D5D4F89000002805D07FF096
:1005B0000D012069D4F8902090472100504602F0A8
:1005C00093FF200002F065F888E00020BBF80000EF
:1005D000002815D0BBF80020D4F88000002806D0F1
:1005E00092B221002069D4F88030984700E00020C2
:1005F0007FF00C0140B2884270D00020ABF80000C0
:10060000200000F09BF8002868D13068002833D023
:10061000A06F002809D0DFF8F8374FF4F372DFF845
:100620009C1ADFF8500301F0F7FAA07EC00606D549
:10063000306801F058FD200002F032FA4EE0D4F8A4
:100640008400002807D00023326821002069D4F8F4
:1006500084C0E04705E0002332682100002002F05A
:10066000EBFD01007FF00C0249B2914236D040B25E
:10067000002801D03068A06798F80000800608D5EF
:10068000A06F00280DD0A06F407B50F02000A16F1C
:10069000487300202860200000F050F800281AD08D
:1006A0001CE0208DB0F5066F02D0208D401C208507
:1006B000D4F88400002807D00023002221002069FC
:1006C000D4F884C0E04700E000207FF00C0140B285
:1006D0008842DED102E0200003F0DEFA0020DFF8DD
:1006E000D8190860002030607868002825D0786824
:1006F00001F0F9FC002078601FE03068808901F08B
:100700008AFF400716D4306800880290306840881D
:10071000019017F11000009017F11403DFF8100892
:100720000068B9F8001010FA81F2D8F80010002023
:1007300003F0D1FE280001F0D6FC3DE510B5040021
:10074000002C08D1DFF8C83640F25A22DFF87019C1
:10075000884801F061FADFF858090078C00616D51C
:10076000A07EC00609D4D4F89000002805D07FF000
:100770000E012069D4F8902090472100DFF8BC07D3
:1007800002F0B2FE200001F084FF012000E0002012
:1007900010BDFEB505007F4C2078400700F1968023
:1007A000002D08D1DFF8683640F28122DFF81419F5
:1007B000704801F031FA2078C0061BD56E48DFF88A
:1007C00054160A681288029209684988019110F14A
:1007D0001001009110F11403DFF854070068DFF8EE
:1007E000581709884218DFF84C070168280003F001
:1007F00072FE6BE02078800768D5687D02F0D6FD38
:100800000400002C0CD1A869002806D05FF0FF324C
:1008100000212869AB69984701E07FF00F0055E09F
:1008200055484169216000696060E88AE082DFF82C
:10083000E46530680088208303202075DFF8F076B7
:100840003868401C6062606AE062200002F0B0FE1E
:10085000A06520656064E0653868401E60652869B1
:100860002061E567687A10F00C006072287A2072C7
:10087000DFF8C8060168E160046003F0CCFF0120E6
:10088000DFF844180870200001F038F93068C0899A
:10089000A4F86000B4F86000A4F86200201D04F021
:1008A0008BF80100221D608E02F09CFE60861221F2
:1008B000200003F02DF940B2002804D000212000D0
:1008C00002F067F802E0200003F0E6F9F7BD3EB55C
:1008D0000400304D2878400748D4002C08D1DFF8B8
:1008E000303540F2EE22DFF8E417224801F094F9A7
:1008F0002878800727D5DFF838160A68606A121A48
:10090000002A27D40A68606A121A208D121A012A56
:1009100020DA1948DFF8FC2413681B880293126858
:100920005288019210F11002009210F1140308682D
:10093000DFF8041609884218DFF8F805016820007E
:1009400003F0C9FD12E02878C00703D5DFF880075F
:1009500000682062DFF8E0050088002806D0608B80
:1009600050F002006083200003F096F937BD0000CC
:1009700008F5000888E30008E8830020BC84002014
:1009800090840020BE840020D0F800084CFA0008B3
:1009900068EC0008CE840020B0E30008E8DE000820
:1009A0007FB5050000240020002D09D1DFF8603458
:1009B0004FF44772DFF81C17DFF81C0701F02CF921
:1009C000DFF8246A3078400742D5287D022807D115
:1009D000DFF860050068296D884219D1012417E00D
:1009E000DFF84C1508686A6A904201D101240FE0D3
:1009F0000A68686A121A002A0AD40968686A091A19
:100A0000288D091A012903DA688B50F002006883E7
:100A1000E4B2002C1AD0287D002809D1DFF8F03389
:100A20004FF44E72DFF8B416DFF8AC0601F0F4F8BC
:100A3000DFF87C06017851F008010170698B4FF6F0
:100A4000FE70014069837FF00D006EE200206CE2D1
:100A5000307880070BD5287D022808D0287D032810
:100A600005D0688B50F00200688300205DE2A87E0C
:100A7000C00603D4DFF8580600682862002085F815
:100A80009B00002085F89A00280001F037F8287DA7
:100A9000022814D0C0F04882042800F07081C0F011
:100AA000D280062800F0CD81C0F07881082800F0BF
:100AB000F681C0F06481092800F0228234E23078A7
:100AC00010F01200122840F09680DFF868140868D1
:100AD0006A6C521C904240F08E80DFF85404026829
:100AE000521C6A626A6AEA6209686964DFF8241360
:100AF0000968C989A5F86010B5F86010A5F86210FA
:100B00000068401E686504202875281D03F054FF06
:100B100001002A1D688E02F065FD688641F21D10F5
:100B2000698E4900814202D3698E490001E041F299
:100B30001C116A8E92008A4203D2688E80B28000B5
:100B400009E0698E4900814203D3688E80B240007B
:100B500001E041F21C10A5F84800B5F86600002835
:100B600008D1AB4B4FF45B72DFF87415DFF8680502
:100B700001F052F8B5F86600401EA5F866002C6F2B
:100B8000002C0ED1EC6E002C08D1A14B4FF45D72FD
:100B9000DFF85015DFF8400501F03EF82068E86600
:100BA00001E020682867200002F016FB286F00286B
:100BB00003D15FF0FF30288604E000202886002063
:100BC00085F84200D5F88800002807D000222900C7
:100BD0002869D5F888309847010000E000217FF0AF
:100BE0000C00020049B2914200F09F81688B50F0E6
:100BF0000200688326E03078C00623D5DFF8E804D9
:100C000084490A681288029209684988019110F1A2
:100C10001001009110F11403DFF814030068DFF8ED
:100C2000181309884218DFF80C030168280003F044
:100C300052FC95F84200062804DA00202886280095
:100C400003F0B0FA70E13078C00640F18B80B9490A
:100C50000A68686C121A521E002A6BD40A68286D42
:100C6000121A012A66DA04202875E86F002802D1DA
:100C70007FF005011AE0E86F8069002808D1644B15
:100C80004FF46A72DFF86414DFF84C0400F0C4FF1C
:100C9000E86F8069002807D0002229002869EB6FDF
:100CA0009B699847010001E07FF00F01080040B206
:100CB000002809D049B211F10D0F02D0280001F02F
:100CC000EFFE7FF00C0030E1280000F011FADFF8B1
:100CD000E4130888002802D00888401E088041F2EA
:100CE0001D10698E4900814202D3698E490001E0DE
:100CF00041F21C116A8E92008A4203D2688E80B241
:100D0000800009E0698E4900814203D3688E80B279
:100D1000400001E041F21C10A5F84800DFF8900304
:100D2000007880062AD5688B50F00200688307207F
:100D3000287523E0DFF8B003364A13681B88029356
:100D400012685288019210F11002009210F11403FF
:100D500077480068784A128882180968280003F0EA
:100D6000BAFB0BE03078800708D571480068696AE3
:100D7000491E884202D1280003F02CFAD4E0280052
:100D800000F0B6F9DFF828030078800605D5688BF7
:100D900050F00200688307202875C5E0280000F0A5
:100DA000A7F9C348007880063DD53078C00633D512
:100DB00060480068296D88422ED1E86E00282BD14A
:100DC000688B50F002006883280002F051FB5B48FA
:100DD0000168A94203D10168C968016009E000689F
:100DE00000E0C068002804D0C168A942F9D1E968D0
:100DF000C1600020E8600120B34908700A2028750E
:100E00007A480168E960056003F005FD18E000BF5D
:100E100038D300088C840020688B50F0020068836F
:100E2000082028750CE03078C00609D541480068D4
:100E3000296D884204D1E86E002801D1062028756A
:100E400072E0280000F054F999480078800625D512
:100E5000688B50F002006883280002F009FB3748D5
:100E60000168A94203D10168C968016009E000680E
:100E700000E0C068002804D0C168A942F9D1E9683F
:100E8000C1600020E86001208F4908700A202875A1
:100E900056480168E960056003F0BDFC44E02800A5
:100EA00000F026F93078C00629D522480068296D5F
:100EB000884224D1E86E002821D1280002F0D8FA17
:100EC0001E480168A94203D10168C968016009E0B0
:100ED000006800E0C068002804D0C168A942F9D1C8
:100EE000E968C1600020E8600120774908700A20A5
:100EF00028753E480168E960056003F08CFC13E04A
:100F0000280000F0F5F83078C0060CD509480068D4
:100F1000296D884207D1E86E002804D16448017821
:100F200051F010010170FFE7002004B070BD000017
:100F30009484002098840020C484002084840020AD
:100F4000D8E3000814DF000838B505000C00002DB8
:100F500008D1DFF8503C40F21F42DFF89C1B5E488E
:100F600000F05AFEE868808901F055FBC00716D5ED
:100F7000200002F028F9002434E0E068808901F0C4
:100F80004AFBC00707D5012001F045FBE9688989C4
:100F90000843E96888812000246802F01DF9002CCC
:100FA0000BD0E0684168DFF8000C00682A898018DF
:100FB000411A2089091A0029DFD5002C12D0E068D7
:100FC0004168DFF8E40B02682B89D218511A012915
:100FD00008DBE26851680068091A29812989686874
:100FE00000F093FF2C6031BD40DF000888840020B2
:100FF000CCDC0008808400202DE9F04106000C00C4
:101000001D0033E027002468786801F0D9F8804695
:10101000B6F86600414689B2884208D2DFF8843BC0
:1010200040F25742DFF8841B2B4800F0F5FDB6F87C
:101030006600B0EB0808A6F866801E490A88388961
:1010400082180A80380002F0C7F8B6F86600002857
:101050000CD0002C0AD1002D08D1DFF8483B40F21B
:101060006242DFF84C1B1C4800F0D6FD002C17D064
:10107000E168486801F0D7FA0700E068808901F06C
:10108000CAFA10F0030F01D0012100E000212089ED
:1010900038180918DFF81C0B0068091A0129B1DBA0
:1010A0002000BDE8F0810000108400209C84002016
:1010B000CF840020C2840020A0840020B0F100086A
:1010C00000E4000888EC0008CB840020A8EC0008AD
:1010D00078840020CCF1000888E30008C8EC000800
:1010E00020F5000888F70008E8830020E8EC0008F5
:1010F0002DE9F84306000024002E09D1DFF8A43AB8
:1011000040F27B42DFF8B01ADFF8B00A00F084FD4D
:10111000307D042809DADFF88C3A40F27C42DFF8AF
:10112000A01ADFF8980A00F077FDAF480078C006F3
:1011300040F19B81B6F86000B16D0918DFF8682AAC
:10114000736D10681B1A002B18D4706D13689842C9
:1011500006D1B36DDFF85C0A00681B1A002B0DD4B2
:10116000B06DDFF8503A1B6898421DD1B6F86000A8
:10117000DFF8503A1B68DB89984215D2DFF8440A41
:101180000068C089A6F86000B6F86200B6F8603062
:10119000984203D2B6F86000A6F862001068706545
:1011A000DFF8100A0068B065DFF8085A2A68706C2A
:1011B000121A012A46DADFF8100A008800283AD10C
:1011C000B06DB6F860208018884234D1B6F930008E
:1011D000002830D4706C296888422CD1012496F8FC
:1011E000430096F84310491CC9B2884204D296F8CD
:1011F0004300401C86F8430096F84300042813DBA4
:10120000B6F84810708E4118B6F8480089B281428D
:1012100006D3B6F84810708E4118A6F8481003E0BF
:101220004FF6FF70A6F8480096F84300032802DB4B
:10123000300003F019F8002C40F0EA80002086F816
:101240004300E5E02968706C091A491E002900F185
:10125000DC802968306D091A012980F2D680B07EC1
:1012600040070BD5718B4FF6FB7001407183B6F8C8
:101270004A00A6F848000020A6F86A00002086F878
:101280004200B6F93C00C010B6F93E104018A6F86E
:1012900040002868716C411A002086F843002868D5
:1012A0007064307D04285EDBB6F84800B6F84A204A
:1012B000904225D2708B000501D5012200E0022268
:1012C0000B001400E4B2708E44439BB2A4B2A3425C
:1012D00003D3D2B2708E12FB00F1B6F848000818A2
:1012E000B6F8482080B2904205D3B6F848000918F5
:1012F000A6F8481003E04FF6FF70A6F8480032E069
:10130000B6F86A000818B6F86A2080B2904205D391
:10131000B6F86A000918A6F86A1003E04FF6FF70E5
:10132000A6F86A00B6F86A00B6F8481088421AD3E0
:10133000B6F86A10B6F84800091AA6F86A10B6F8A6
:101340004810708E4118B6F8480089B2814206D321
:10135000B6F84810708E4118A6F8481003E04FF612
:10136000FF70A6F84800F36EDFF86028316F300098
:10137000FFF742FE3067336FDFF85428F16E30001C
:10138000FFF73AFEF066306F002803D15FF0FF30C0
:10139000308601E00020308600203077F06E002893
:1013A00002D10020A6F86800B6F86410DFF824081F
:1013B00000884118A6F86410708B000528D5306F9E
:1013C000002813D1F06E002808D0F06EC16848687C
:1013D00001F029F9F16C081A012819DA718B4FF222
:1013E000FF700140718313E0CE840020306FC1682C
:1013F000486801F018F9F16C081A012808DA718BB5
:101400004FF2FF700140718302E0300003F0AEF84C
:10141000706B002829D0B16B2868091A002924D5DF
:10142000DFF8B4070168706B081A00B2B6F93C1017
:10143000B0EBE100B18F4118B187010009B200297A
:1014400001D500B2404200B2B6F93E10B0EBA100A7
:10145000F18F4018F087B6F93C00C010B6F93E1085
:101460004018A6F8400000207063DFF85C87B8F8E9
:101470000000002800F00E83307D072880F20A83E8
:10148000DFF82477716A3868091A491E00295CD48C
:10149000716A3868091AB8F80000091A491C01294C
:1014A00053DADFF838476568706AD7F80090B0EB18
:1014B00009096068002809D1DFF8E83640F2945243
:1014C000DFF81C17DFF8F40600F0A6FB4FF6FF70FC
:1014D000814509D3DFF8CC3640F29552DFF8041786
:1014E000DFF8D80600F098FB60680089494689B2A9
:1014F000884209D2DFF8AC3640F29752DFF8E8169E
:10150000DFF8B80600F088FB2089B0EB09002081E5
:1015100060680189B1EB090106E06889B9EB00094F
:101520002981002068812D6868894A4692B29042DC
:10153000F3D31FFA89F94946280000F087FD706A45
:101540003860E0683968416008E03968706A091AF3
:10155000002903D5708B50F0020070833968706ADF
:10156000091A002900F192823968706A091A308DCF
:10157000091A491C012980F28982706A39688842F7
:1015800040F09D81DFF85456E868808901F043F807
:1015900010F0030F01D0012000E00020298940183D
:1015A000A8F80000308DB8F80010884247D2E868EB
:1015B000808901F030F8C00710D5E868808901F013
:1015C0002AF8C0B210F03E0001F025F8E9688A89D7
:1015D0004CF2FF010A401043E9688881308D288170
:1015E000E868808901F017F8800702D52889401E35
:1015F00028812989686800F088FCE868808901F002
:101600000AF810F0030F01D0012000E00020298922
:101610004018A8F800003868B8F8001010FA81F0F7
:10162000716A328D8918884209D0DFF8783540F226
:10163000CC52DFF8B815DFF8840500F0EDFA706FD2
:10164000002800F08680E868808900F0E4FFC00789
:1016500009D5706F00287CD0706F716F0968716751
:1016600001F0BAFDF5E7746F25E000201BE0E068AB
:10167000808900F0D0FFC00719D5E868808900F0A4
:10168000CAFF800713D4012000F0C5FFE9688989EB
:101690000843E9688881E868808900F0BCFF10F0A1
:1016A000030FE2D0012029894018A8F8000020008B
:1016B000246801F091FD002C0BD0E0684168386887
:1016C000B8F8002010FA82F0411A2089091A00297E
:1016D000CDD5002C3CD0E16848683968B8F80020C6
:1016E00011FA82F1081A012832DBE0684168386893
:1016F000091A2981E868808900F08DFF800702D5EA
:101700002889401E28812989686800F0FEFBE86866
:10171000808900F080FF10F0030F01D0012000E06D
:10172000002029894018A8F80000E1684868396855
:10173000B8F8002011FA82F1814209D0DFF8643450
:1017400040F2FD52DFF8A814DFF8700400F064FAEC
:1017500074673868B8F8001010FA81F07062308D44
:10176000B8F80010884209D2DFF8383440F2076236
:10177000DFF88014DFF8440400F04EFA318DB8F839
:101780000000091A3185300001F08FF9686800897E
:10179000002805D06868DFF86014086000206860E1
:1017A000E868808900F037FFC00737D5DFF84C04C0
:1017B000017851F02001017030E06068106015E0A0
:1017C0000021328D2089121A511A3185300001F022
:1017D0006CF96068008900280AD0DFF81C241068C2
:1017E0000028EAD06168106800F007FD0020606002
:1017F000E068808900F00FFFC0070AD5DFF8FC031E
:10180000017851F020010170307D042801D10720BA
:10181000307520687067200001F0DEFC706F0028D2
:101820003BD0706FC1684868716A884235D1746F67
:10183000706FC16848683860E068808900F0EBFE2E
:1018400010F0030F01D0012000E00020716A22890E
:10185000801841187162E068808900F0DCFE10F0A9
:10186000030F01D0012000E00020318D2289801873
:10187000814209D2DFF82C3340F22C62DFF880136A
:10188000DFF8380300F0C8F9E068808900F0C3FE93
:1018900010F0030F94D0012193E7B07EC00709D563
:1018A000718B4FF6FE7001407183708B50F0020017
:1018B000708303E0708B50F001007083FCE0706F68
:1018C000002805D1DFF8140301F095FC7067D9E01A
:1018D0000024756F0AE02C002868002805D1E9680B
:1018E00048683968081A01285ADA2D68002D00F076
:1018F000C980E96848683968814211D0002C22D13A
:10190000E96848683968081A0028E4D5B34801F046
:1019100072FC002803D070672900FFF715FBB1E0C7
:10192000AE482989028991420CD201F064FC00285A
:1019300007D0002C01D0206000E070672900FFF77D
:1019400003FB9FE09EE0E16848683968081A401E82
:101950000028C0D4E96848683968081A401C012882
:10196000B9DA9E4801F047FC8046B8F1000F16D066
:10197000E1684868218941183868091A012908DB9B
:10198000E16848683968081A20812189606800F098
:10199000BCFAC4F8008029004046FFF7D5FA71E090
:1019A000E868808900F037FEC0076BD48B4801F0EF
:1019B00022FC28602868002864D0E96848682989E2
:1019C00041183868091A012908DBE968486839684C
:1019D000081A28812989686800F097FAB8F8000089
:1019E000396811FA80F1706A091A308D091A0129D3
:1019F00048DB2868C068808900F00DFEC00713D559
:101A00002868C068808900F006FEC0B210F03E0071
:101A100000F001FE2968C9688A894CF2FF010A407A
:101A200010432968C9688881716A308D4118386807
:101A3000091A28680181286801892868406800F02F
:101A400064FA2868C068808900F0E5FD10F0030F93
:101A500001D0012000E00020296809894018A8F879
:101A600000003868B8F8001010FA81F0716A328D01
:101A70008918884206D04B4B40F2F9625B494F48C7
:101A800000F0CAF8300002F071FD15E0300002F0FD
:101A90006DFD11E044490A68706A121A002A07D4E1
:101AA0000968706A091A308D091A491C012903DB7B
:101AB000708B50F002007083BDE8F18310B4514880
:101AC00001880288521C02804F4A1068002805D005
:101AD0004E480B0004889BB2A34205D239480068E7
:101AE000143089B2405C04E00088091A1068C9B259
:101AF000405C10BC7047000028E40008F8B5040002
:101B0000002C06D1274B40F27D7241492B4800F052
:101B100083F8404D288800283DD03A4E0020308080
:101B2000FFE730882988884235D2FFF7C7FFC0B267
:101B300000280ED002280DD0F3D3FFF7BFFF01001D
:101B4000C9B2022926DB3188C0B2801E411831801B
:101B5000E7E720E0FFF7B2FF042804D128883188A6
:101B6000891C884200DA16E0FFF7A8FF07003F0251
:101B7000FFF7A4FF0743380080B240F219218842E2
:101B800003DA380080B2002802D14FF40677FFE76D
:101B90006786C6E7FFE7F1BD1848017851F01001EC
:101BA0000170704738D300089484002050E4000886
:101BB00008ED000898840020E8F1000888E3000898
:101BC00004F200088C840020C484002090FA0008ED
:101BD00098FA0008C2840020788400201084002035
:101BE000E0F80008F0F8000800F900084CD80008F8
:101BF000BCD6000828ED00089C840020CF8400207B
:101C000078E40008C084002090840020BE84002076
:101C100020F20008BC8400200EB4C0B5024603A820
:101C200000210190009101AB0121044878440C305F
:101C300003F0B6F806BC5DF810FB00BFD5D9000074
:101C400080B50020DFF82C180870DFF868080068FD
:101C500000E0C068002805D0416F0029F9D001F0EC
:101C60006FFDFFE701BD0120DFF80818087070471D
:101C700070B4BDF90C50049C0026066041600281DE
:101C8000438105734473012181730021C17370BCCA
:101C900070472DE9FC470E009046C0B20500404653
:101CA00000B2012808D0412806D0B0F5C17F0ED07F
:101CB000B0F5207F7BD0C8E0424612B2310089B235
:101CC000002000F0CEF804002000BDE8F6870024D4
:101CD0005FF000093700082003F0ABFF0600002E7C
:101CE00045D039002A0092B2D21C4FF6FC70024057
:101CF000D2F5147289B292B2914241D2BA46002012
:101D00000190404600B2009053469BB23A0092B216
:101D1000280080B2304410F11001C91C89088900E4
:101D20003000FFF7A5FF307910F0030F09D0DFF87E
:101D3000883740F20112DFF88417DFF88407FFF7D5
:101D40006BFFADB2ED1CAD08AD00D5F51475002DDF
:101D500009D1DFF8643740F20312DFF86817DFF8C3
:101D60006007FFF759FF002C16D1340016E0FFF78B
:101D70007AFF002C02D0200000F0B5F90020A4E783
:101D8000AA461FFA8AFA1AF1030A4FF6FC7010EA03
:101D90000A0ADAF5147AB2E7C9F80060B146B7EB7F
:101DA0000A070025380080B2002894D18CE729006A
:101DB00089B2C91C4FF6FC700140320092B2D21CAD
:101DC0004FF6FC700240511811F1100089B2320038
:101DD00092B2D21C92089200914208D3010089B2BB
:101DE000320092B2D21C92089200914201D200209D
:101DF0006BE780B204F069F90400002C01D10020E7
:101E000063E7002001900FFA88F8CDF800803300D6
:101E10009BB2320092B2ADB204EB050010F110019A
:101E2000C91C890889002000FFF722FF207910F0E3
:101E3000030F09D0DFF8803640F22312DFF888164E
:101E4000DFF87C06FFF7E8FE3EE7DFF86C3640F28D
:101E50002712DFF87816DFF86806FFF7DDFE0020AE
:101E600033E7FEB505000E001700380000B2412828
:101E70000DD0380000B2012809D0DFF83C364FF40D
:101E8000A572DFF84C16DFF83806FFF7C5FE07200D
:101E900003F0CFFE0400002C01D100200CE0002054
:101EA00001903FB2009733009BB2320092B22900FA
:101EB0002000FFF7DDFE2000FEBD3EB51C00079BA5
:101EC000C0B29BB20500ADB2ED1CAD08AD0015FA75
:101ED00081F5AB4201D2002016E0069B002B05D015
:101EE00080B2C01C80088000184400E0002002235B
:101EF000019312B200920B009BB20A0092B2010051
:101F00002000FFF7B5FE20003EBD70B504000D00B7
:101F1000002C09D1DFF8A0354FF4CC72DFF8B415EE
:101F2000DFF89C05FFF778FE2800218980B28842FF
:101F300044D22689761B11E060892D1A2089801BE6
:101F400020812468002C09D1DFF86C3540F2AF12F3
:101F5000DFF88415DFF86805FFF75EFE6089290069
:101F600089B28842E8D3207B10F00F0F1BD12800E4
:101F7000618980B2884216D0607B800713D4616883
:101F8000091B691889B2200003F0E1FF0400002C4E
:101F900009D1DFF8243540F2BD12DFF84015DFF833
:101FA0002005FFF739FE65816089208120680028BF
:101FB00002D0206800F097F80020206070BD70B556
:101FC00004000D001600002C09D1DFF8EC3440F2BB
:101FD000DF12DFF80C15DFF8E804FFF71DFE002C18
:101FE00002D0B5F5803F01D3012027E0002D01D1BB
:101FF000002023E02900208940180A0080B292B214
:10200000904201D2012019E0207B000608D56068CB
:102010006D42284414F11002904207D201200DE0D5
:10202000F6B2002E0BD060686D4228446060608973
:1020300008186081208909182181002070BD0120C5
:10204000FCE780B50022FFF7BAFF02BD38B50400F7
:102050000D00002C09D1DFF8603440F24B22DFF88C
:102060008014DFF85C04FFF7D7FD002C02D0B5F533
:10207000803F01D3012020E0002D01D100201CE091
:10208000290060890A0092B290420BD2DFF828340E
:1020900040F25522DFF84C14DFF82404FFF7BCFDB2
:1020A00001200AE060686068284460606089401A26
:1020B00060812089411A2181002032BD80B50B004A
:1020C0001BB2002B04D509B24942FFF7BFFF03E062
:1020D000D2B209B2FFF773FF02BD80B5012209B287
:1020E000FFF7ECFF02BDF8B50400002C0DD1002C69
:1020F00009D1DFF8C4334FF43772DFF8E413DFF8A7
:10210000C003FFF789FD002059E000250BE0DFF850
:10211000A83340F20F32DFF8D013DFF8A403FFF743
:102120007BFD6D1C3400002C47D0A07B002809D11A
:10213000DFF8843340F2F122DFF8B013DFF88003D8
:10214000FFF76AFDA07B401EA073A07BC0B20028F1
:1021500031D12668207B10F00F00617B890711D5F3
:1021600027003869002809D1DFF84C3340F2FF22FC
:10217000DFF87C13DFF84803FFF74EFD20003969D4
:102180008847CEE70100C9B2022904D12100082006
:1021900003F08EFDC5E70100C9B2012904D1210079
:1021A000072003F085FDBCE7C0B20028AFD12000B6
:1021B00003F079FEB5E70024B5E72800C0B2F2BD10
:1021C0000100002001E0401C09680029FBD180B219
:1021D000704780B500280FD0817B491C8173807BBC
:1021E000002809D1DFF8D03240F24232DFF8041380
:1021F000DFF8CC02FFF710FD01BD38B504000D007B
:10220000002C01D0002D0AD1DFF8AC3240F25A3256
:10221000DFF8E412DFF8A802FFF7FEFC28E004E094
:102220002189288941182181246820680028F7D154
:1022300020896189884209D0DFF87C3240F262321D
:10224000DFF8B812DFF87802FFF7E6FC2068002814
:1022500009D0DFF8643240F26332DFF8A412DFF80D
:102260006002FFF7D9FC2189288941182181256066
:1022700031BD10B50C002100FFF7BFFF2000FFF7B4
:10228000A8FF10BD2DE9F84305000C00002600272B
:10229000002D05D0002C03D02889218988420CD23A
:1022A000DFF8143240F2CA32DFF85812DFF81002B9
:1022B000FFF7B2FC7FF00F0059E06889801B61894D
:1022C000C91B884204D3B4F80A80B8EB070803E0BE
:1022D000B5F80A80B8EB06084246606800EB0701D3
:1022E000686800EB0609484603F0DCFF18EB0606B9
:1022F00018EB07076889B04209D2DFF8BC3140F219
:10230000D932DFF80412DFF8B801FFF785FC6089E5
:10231000B84209D2DFF8A03140F2DA32DFF8EC112E
:10232000DFF89C01FFF778FC6089874201D3002722
:1023300024686889864205D100262D68002D01D1C8
:10234000002C16D1002C06D060892189884202D148
:10235000206800281AD1002D06D068892989884272
:1023600002D1286800281ED1002CA6D10020BDE88B
:10237000F283DFF844314FF47972DFF89411DFF81B
:102380004001FFF749FC7FF00F00F0E7DFF828314C
:1023900040F2EA32DFF87C11DFF82401FFF73CFC61
:1023A0007FF00500E3E7DFF8103140F2EF32DFF8AD
:1023B0006411DFF80C01FFF72FFC7FF00500D6E772
:1023C0002DE9F04704000D00904600260027002C60
:1023D0000BD1DFF8E43040F20A42DFF83C11DFF8BD
:1023E000E000FFF719FC002042E0002D0BD1DFF8E0
:1023F000C83040F20B42DFF82411DFF8C400FFF7C9
:102400000BFC002034E02BE0B4F80A90B9EB030990
:102410004046494680B289B2884200D2C1464A4607
:1024200092B260689BB200EB0301300080B205EB12
:10243000000A504603F036FF19EB070719EB0606B2
:10244000B8EB090800230AE0180080B20028DBD0AE
:102450001800618980B28842D6D360891B1A24682B
:10246000404680B2002801D0002CEDD1380080B267
:10247000BDE8F087CA84002038B515000A0012B202
:102480002989C0B2FFF705FC0400002C01D100200F
:102490000EE029002000FFF7F5FE40B2002806D02C
:1024A000054B40F224521E490548FFF7B5FB2000BA
:1024B00032BD00008484002060D20008DCDB00080C
:1024C00048E200088CD90008E0DD000844F000086C
:1024D00024F7000830F4000848F4000860F0000811
:1024E00034FA0008E8EB000838F7000860F4000848
:1024F0002CE800084CF70008DCD700080CDC0008CA
:1025000070F800083CDC000878F400087CF0000853
:1025100080F800080CDE000808EC000850E800080D
:1025200060F7000810B40300C243002A01D000285D
:1025300001D101201AE091F83120920701D4002046
:1025400014E04A68904201D100200FE08A681340ED
:102550004C688A681440A34207D18A68904389680E
:10256000C943884201D1012000E0002010BC70471F
:1025700080B51022014900F003F802BD008400205C
:10258000FCB50023006800900C006D46002604E0B6
:102590002E202070641C6D1C761C3000C0B20428F4
:1025A00034DA002795F800C05FF00A0E9CFBFEF0BD
:1025B0000EFB10C095F800C05FF00A0E9CFBFEFCFD
:1025C00085F800C00DF1040C3030BE465FFA8EFE77
:1025D0000CF80E007F1C28780028E3D13800471E35
:1025E000C0B200280CD01800431C904206DA380014
:1025F000C0B21CF800002070641CEFE7002009E066
:102600001800431C9042C3DB002003E0601E002240
:1026100002700800F6BD0100080080B2000A50EA0E
:10262000012080B270470100080210F47F0050EAD8
:1026300001600A00120A12F47F42104350EA11604E
:10264000704730B4002513E050F8042BD30744BF83
:10265000A9F101039A18091F042942F8045BFAD270
:1026600013468C0744BF15809B1CC90748BF1D70CB
:1026700050F8041B0029E7D130BC704780B503F047
:1026800065FE8004800CB0F58040DFF810150880EE
:1026900001BD10B50400207D012808D1DFF8003508
:1026A000D422DFF80015DFF80005FFF7B5FA2100A6
:1026B000012003F0FDFA10BD10B50400207D0128B3
:1026C00008D1DFF8DC34DF22DFF8E014DFF8D804CB
:1026D000FFF7A2FA2100022003F0EAFA10BD80B54C
:1026E00000F0DAFCDFF8C8040178491C01700078BA
:1026F000C00701D500F076FA01BD38B504000D0021
:10270000002D08D1DFF89834FF22DFF8A814DFF895
:102710009804FFF781FA05E0E06FA84201D100209C
:10272000E067E468002CF7D131BD38B50400002C17
:1027300009D1DFF86C3440F21112DFF87C14DFF8B5
:102740006804FFF769FA207D012809D0DFF85034CA
:102750004FF48972DFF86414DFF84C04FFF75CFA79
:10276000012508E02100DFF8580450F82500006832
:10277000FFF7C3FF6D1C042DF4D331BD3EB504003B
:102780000D00002C09D1DFF818344FF4AF72DFF8D8
:102790003414DFF81404FFF73FFAEDB2002D4ED0E9
:1027A000207D042802D0207D072848D1A06F002872
:1027B00003D1208DB0F5066F41D0A07EC00609D4AC
:1027C000DFF8DC334FF4B272DFF8FC13DFF8D80324
:1027D000FFF722FA208B0290E08A0190201D0090E2
:1027E0002300626A216D200001F075FE200000F0D8
:1027F0003FFEDFF8D8030168A14203D10168C96830
:10280000016009E0006800E0C068002804D0C168E9
:10281000A142F9D1E168C1600020E0600120DFF849
:10282000B0130870DFF8AC030068A04202D1FFF7D4
:10283000B3F902E02000FFF72CFF002022E0207D0A
:10284000002803D002282AD01DD335E0E08A0028D2
:1028500014D0DFF884030168A14203D10168C9687C
:10286000016009E0006800E0C068002804D0C16889
:10287000A142F9D1E168C1600020E0602000FFF7CB
:1028800008FF00203EBD2000FFF74FFF2100DFF8CA
:102890004C0300F029FE2000FFF70EFFF1E72100B6
:1028A000DFF8280300F020FE0120DFF82413087071
:1028B0002000FFF7EEFEE4E7200000F001F8E1E77A
:1028C00038B50400002C09D1DFF8D4324FF4CE72B1
:1028D000DFF8E412DFF8D002FFF79EF9207D03282D
:1028E00004D0042816D007281FD029E0200001F0CA
:1028F000D6F80500280040B2002801D10520207537
:10290000280040B200281DD1200001F0C5F92800A0
:1029100040B232BD200001F0C2F80500280040B2EC
:10292000002801D105202075EAE7200001F0B7F862
:102930000500280040B2002801D109202075DFE7FA
:102940000020E6E728005FF0FF3140B28842DED188
:10295000608B50F0080060830020DAE780B5002823
:102960000CD1DFF83C324FF4F472DFF87412DFF868
:102970001807FFF751F97FF00F0009E0017D0129E9
:1029800003D0418B51F0100141830121FFF7F6FE86
:1029900002BD2DE9FE4F04008B46002C0AD1DFF862
:1029A000003240F23D22DFF8E416DFF8FC01FFF7C9
:1029B00033F973E0207D012809D1DFF8E43140F2DA
:1029C0004122DFF8CC16DFF8E001FFF725F9207D82
:1029D0000A2808D12100DFF8BC0600F085FD2000A0
:1029E000FFF757FE5AE000250026276DD4F8248013
:1029F000D4F89090D4F810A0207D002818D1E08A57
:102A0000002820D0DFF8D0010168A14203D101687D
:102A1000C968016009E0006800E0C068002804D0CF
:102A2000C168A142F9D1E168C1600020E0600AE01C
:102A30005D46E68A2100DFF8940100F055FD012093
:102A4000DFF88C110870206F002802D0206F00F092
:102A5000BAFBE06E002802D0E06E00F0B4FB606FBD
:102A6000002802D0606F00F0AEFB002D0BD0208B51
:102A70000290B6B20196201D009023004246390014
:102A8000200001F028FD207D2000FFF702FE4846CF
:102A9000002803D07FF00C015046C847BDE8F78FEF
:102AA00080B50121FFF775FF01BD38B50400002C8A
:102AB00008D13B4B40F2A632DFF8E418DFF8C80536
:102AC000FFF7AAF8606A218D4018618E40F231420A
:102AD000914202DB4FF4866100E0618EE26A821A65
:102AE000511A002904D4218D6185E16A401A18E049
:102AF000616AE06A091A012902DB002060850FE0A3
:102B0000E06A656A451BB5F5803F08D3244B40F267
:102B1000B632DFF89018DFF87005FFF77DF86585AD
:102B2000002032BD38B504000D00002C09D11C4B2B
:102B300040F2CF32DFF87018DFF84C05FFF76CF881
:102B40002AE0207D012808D1154B40F2D332DFF86E
:102B50001C19DFF83405FFF75FF8208D2D182800C9
:102B600080B240F66101884204DA2800218D80B2EB
:102B7000884203D24FF40660208500E025852000BE
:102B8000FFF793FFB0F5067F06D3608B50F002008D
:102B90006083200001F080F831BD00009800002023
:102BA000CCD2000874F7000870E2000898F0000822
:102BB000CC84002098E2000840FA000890F4000855
:102BC000C0F8000828EC0008B4F000088484002055
:102BD000CB840020A08400207C84002080840020FE
:102BE000A8F400082DE9FE4F0020DFF8F098D9F88E
:102BF0000000401CC9F80000DFF8E4A89AF80000C3
:102C0000401C8AF8000035E0DBF80000A84209D03B
:102C1000DFF8243A40F27152DFF8C818DFF8680490
:102C2000FEF7FAFFE868CBF80000F6B2002E0BD0F2
:102C3000288B0290E88A0190281D00902B006A6A78
:102C4000296D280001F047FC2E69287D2800ED68D9
:102C5000FFF71FFDDFF87C89002088F800003800AE
:102C6000002803D07FF00C013000B84798F800002E
:102C7000002807D00024DFF834B9DBF8005001E069
:102C80002C00ED68002D00F0B681287D002809D1C8
:102C9000DFF8A43940F2BE42DFF83C19DFF8E80360
:102CA000FEF7BAFF287D012809D1DFF88C3940F200
:102CB000BF42DFF82819DFF8D003FEF7ADFF287D0B
:102CC0000A2809D1DFF870394FF49862DFF810193B
:102CD000DFF8B403FEF7A0FFA87F9AF8001088423F
:102CE000CED09AF80000A87700270026287D022879
:102CF00005D195F84200062801DB7F1CCEE095F84F
:102D000042000C2801DB7F1CC8E095F899000028E0
:102D100063D0286F002809D0DFF81C3940F2D44274
:102D2000DFF81819DFF86003FEF776FFE86E002879
:102D300009D1DFF8043940F2D542DFF83C19DFF859
:102D40004803FEF769FF95F89A000C2801DB7F1C09
:102D5000A4E0DFF8280995F89910084410F8010C50
:102D600095F898100200D2B2914204D295F89810CA
:102D7000491C85F8981095F89810C0B28142C0F0AF
:102D80008D805FF00108B5F86000002807D12800A9
:102D900001F080FC002810D05FF000080DE0B5F8CD
:102DA0006010280000F079FD002806D1280000F00E
:102DB00073FF002801D15FF00008B8F1000F6DD05B
:102DC000002085F8980095F89900072866D295F8B4
:102DD0009900401C85F8990060E0B5F930000028A2
:102DE00008D4B5F9300047F6FF71884202D0288E2A
:102DF000401C2886B5F93000B5F9401088424DDBFB
:102E0000280001F069F9002805D0286F002845D175
:102E1000E86E002842D0287D02281AD095F842009A
:102E20000C2802D295F8420000E00C20B5F93C10C5
:102E3000C910B5F93E208918DFF88C28C0B21056A9
:102E400011FA00F047F6FF71884200DB0800A5F890
:102E5000400000202886B5F84800B5F86010884288
:102E600002D2B5F8480001E0B5F8600080B2400831
:102E7000A5F84A00B5F84A00698E490089B288422F
:102E800003D2688E4000A5F84A00688EA5F8480075
:102E90000020A5F86A00280001F069F9287D0628BD
:102EA00009D1A87EC00606D5D9F80010286A091AEB
:102EB000292900D37F1C687A000734D5287D04288F
:102EC00002D0287D07282ED1D5F89410DFF8FC0712
:102ED00041184FF4FA70B1FBF0F1D9F80020286ADC
:102EE000121A914202D27F1C761C1CE0D5F8941075
:102EF00095F89B20DFF8D80700FB02114FF4FA7019
:102F0000B1FBF0F1D9F80020286A121A91420AD2D6
:102F1000280001F089FB40B2002804D195F89B00FD
:102F2000401C85F89B00686F00280DD0D9F8001070
:102F3000286A091AB5F94000062210FB02F0814206
:102F400002D3280000F0FCFB287D032806D1D9F825
:102F50000010286A091A292900D37F1C287D092816
:102F600006D1D9F80010286A091AF12900D37F1C6C
:102F7000FFB2002F17D0D5F89070280000F078FA33
:102F8000002C3FF441AEDBF80000854208D1DFF8A9
:102F9000A83640F26D52DFF83C173B48FEF73CFE86
:102FA000E868E06041E62C00ED68207F401C207757
:102FB000207F617F8842FFF465AE00202077DFF834
:102FC000146600203070D4F88C00002806D0210050
:102FD0002069D4F88C209047010000E0002130786F
:102FE00000287FF447AE49B200297FF44BAE2000A1
:102FF00000F052FE46E60024264E356811E03068A7
:10300000A84208D0DFF8303640F2B352DFF8C816D5
:103010001D48FEF701FEE86830602800ED68FFF704
:1030200038FB002D2DD0287D0A2808D0DFF808367F
:1030300040F2A152DFF8A4161348FEF7EDFD002080
:10304000D9F80020296A521AF12A00D3401CC0B2D4
:10305000002813D0280000F00BFA002CCFD03068E5
:10306000854208D1DFF8D03540F2AF52DFF8701654
:103070000548FEF7D1FDE868E060CEE72C00ED687A
:10308000CFE7BDE8F78F000070E20008D0F000083D
:10309000C0D9000888840020F8B5DFF844542878A7
:1030A000401C287029E02878A077A07EC0070BD5A7
:1030B000608B50F002006083200000F0EDFD618B1A
:1030C0004FF6FC7001406183A07E000707D5618B3D
:1030D0004FF6F770014061832000FFF7F1FBE668CF
:1030E000A06F00280DD0DFF8EC74002038702000AD
:1030F00000F011F83878002803D0DFF8E8050468FC
:1031000000E03400002C05D0A07F29788842CAD185
:10311000E468F7E7F1BDF8B50400002C0CD1DFF846
:10312000183540F20962DFF8C015DFF8C005FEF778
:1031300073FD7FF00F0045E0A06F467BA56F002078
:10314000A067D4F88400002807D000232A002100BB
:103150002069D4F88470B84705E000232A002100D4
:10316000002000F069F8010049B200291DD1B00625
:1031700027D5208DB0F5066F02D0208D401C20850C
:10318000D4F88400002808D0002300222100206900
:10319000D4F88440A047010000E000217FF00C003B
:1031A000020049B291420CD10CE07FF00C010A0000
:1031B00040B2904201D1080004E0A5677FF004000E
:1031C00000E00020F2BD10B503E0046800F004F850
:1031D00020000028F9D110BD10B50400002C09D042
:1031E0006068002802D06068FEF77DFF21000320A0
:1031F00002F05EFD10BD70B50500002D09D1DFF8AD
:10320000383440F28262DFF8E814DFF8E004FEF7B9
:1032100003FD032002F00DFD0400002C01D100206D
:1032200009E0102226002900300003F03BF8606816
:10323000FEF7CFFF200070BD10B508001400002875
:103240000CD1DFF8B0344FF4D362DFF8AC14DFF800
:103250009C04FEF7E1FC7FF00F0008E0002C07D093
:103260002189FFF75FFC2000FEF73DFF002010BD25
:103270005BB2002BFAD1FFF771FBF8E7000038B51D
:103280000100C9B2802901DB7F20FFE70100C9B23C
:10329000002923D0441E00230020DFF848140968C9
:1032A00016E04A7D2500EDB2AA420AD34A7D2500E8
:1032B000EDB2AA420BD1894A15680A6AAD1A9D423D
:1032C00005D3864800680B6AC31A08004C7DC9689C
:1032D0000029E6D1002801D0FFF7E2FB31BD70B52F
:1032E00004002000C0B208280DD02000C0B2092878
:1032F00009D0DFF8003440F2DD62DFF80014DFF8B7
:10330000EC03FEF789FC00230022DFF8D8030068F5
:103310000FE0017D2500EDB2A94209D16F4D2E6865
:10332000016A761A9E4203D32968036ACB1A020007
:10333000C0680028EDD1002A03D000211000FFF75B
:1033400028FB70BD38B500230020DFF8B4130968EE
:103350000AE0624C25680A6AAD1A9D4203D32068D0
:103360000B6AC31A0800C9680029F2D1002801D0ED
:10337000FFF796FB31BD10B5DFF8680300680BE07E
:10338000C468817E090706D5428B4FF6F7710A4063
:103390004283FFF795FA20000028F1D110BD00000C
:1033A00074E80008ECF00008C0F4000870B50500EF
:1033B000012002F03EFC0400002C23D1FFF7DBFFCC
:1033C000FFF7C0FF012002F034FC0400002C19D1EB
:1033D0000920FFF784FF012002F02BFC0400002CE1
:1033E00010D10820FFF77BFF012002F022FC04002F
:1033F000002C07D12800C0B2FFF741FF012002F0E6
:1034000018FC0400002C2FD09C2100222600300044
:1034100002F0EEFF65754FF48660A4F864004FF487
:1034200006616185618D2185FF21E1724FF406718E
:1034300061860621A4F840100621E1875FF0FF3184
:1034400021860121A4F848102449096821622449F1
:103450000978A177A4F84A00DFF8A802C4F884002C
:10346000DFF8A402C4F89400200070BDC0E2000898
:1034700010B50400002C07D16F4B40F65102A34950
:103480009A48FEF7C9FB26E0207D002823D0207D46
:103490000A2820D0207D01281DD0A06F002804D04C
:1034A000A06FFEF720FE0020A067606F002802D00A
:1034B000200000F045F95FF0FF302086E06EFFF756
:1034C00082FE206FFFF77FFE0020E066E06E20673F
:1034D0000020A4F8680010BD0000000078840020DF
:1034E000CD840020BCDE000838B505000C00002C9F
:1034F00006D1804B40F6830285497C48FEF78CFB61
:10350000002D06D17B4B40F6840282497748FEF7B6
:1035100083FB2868A04203D12868C068286009E0BE
:10352000286800E0C068002804D0C168A142F9D131
:10353000E168C1600020E0602000FFF799FF207D76
:103540000A280CD0207D012809D0A07EC00706D50E
:10355000608B50F002006083200000F09DFB207D16
:1035600001281DD0E06E002806D0624B40F6930281
:1035700069495E48FEF750FB206F002806D05D4B7E
:1035800040F6940265495948FEF746FB606F0028F3
:1035900006D0584B40F6960261495448FEF73CFB72
:1035A000002020750020E08231BD000084840020CE
:1035B00080B5002806D14F4B40F6AF0259494B4821
:1035C000FEF72AFB58490A685848006882180A60C2
:1035D000086802BDCB84002038DE000864DE0008E5
:1035E0006CDC000838B505000C00002A06D1414B00
:1035F00040F6C5024E493D48FEF70EFB002C02D1B5
:10360000280080B217E0218D080080B2002810D079
:10361000282002000B0092B29BB29A4201D2081AF3
:1036200000E000202900020089B292B2914200D34A
:103630000500280080B232BDCCD20008F4D90008C1
:1036400070B505000C00002D06D12A4B4FF4106216
:1036500038492648FEF7E0FA04E0E6682000FFF764
:103660001FFA3400002C05D0206829688842F4D065
:10367000E468F7E770BD000014D8000888FA000875
:1036800038B504000D00002C1DD0206800281AD089
:10369000144801682000FFF7D3FF27480168200085
:1036A000FFF7CEFF002D0ED0286800280BD023484E
:1036B000006806E001682268914201D12968016032
:1036C000C0680028F6D131BDB0F80008B84C0A0037
:1036D000F824010090DE000810E300089CDC0008DC
:1036E000E8E200088484002038E3000870E2000863
:1036F00008F10008CCD2000824F10008A0F8000866
:10370000888400203932000800DD6D0040F1000897
:103710005CF1000848EC0008D8F4000878F10008D3
:10372000F0F4000894F10008940000207884002050
:1037300060E3000828DA00087C84002080840020F0
:1037400010B50400606F002804D0606FFFF73BFDE8
:103750000020606710BD0268531C03601170704741
:1037600080B5002806D0017A002903D0007A03F042
:1037700052F802E0100001F01FF902BD2DE9F047F8
:1037800005000E0091469A46002D08D1DFF86C33F3
:10379000A322DFF86C13DFF86C03FEF73DFA002E6E
:1037A00008D1DFF85833A422DFF85C13DFF85403A4
:1037B000FEF732FA089FF80702D55FF0040801E02F
:1037C0005FF00008B80701D5002000E000203907AD
:1037D00001D5002100E00021FA0601D5002200E019
:1037E000002210EB080811EB080812EB0808032070
:1037F00002F01FFA0400002C04D13000FEF773FC25
:10380000002048E0A77200202060666030894146B1
:10381000C9B289B2884208D2DFF8E032B022DFF8BC
:10382000EC12DFF8E002FEF7F7F931894046C0B24A
:10383000091A218114213000FEF703FC002804D06E
:103840002000FFF7C9FC002025E060684068E060C8
:10385000E88AFEF7E0FEE1680880288BFEF7DBFED1
:10386000E16848805046FEF7DEFEE16848605FFA96
:1038700088F8042098FBF0F0401D5FFA89F959EAB6
:103880000039484680B2FEF7C6FEE1688881002014
:10389000E16848822000BDE8F0872DE9F84F060076
:1038A0008846002400200020002E07D1934B40F2D0
:1038B0004B32DFF83C1B9348FEF7AEF9F76E002F52
:1038C00002D15FF0FF306FE0404680B200280AD19D
:1038D0008A4B40F25332DFF81C1B8A48FEF79CF9F2
:1038E0007FF0050060E04046398980B2884201D30C
:1038F000002059E0708E414689B2884207D27F4B42
:1039000040F25B32DFF8F01A7E48FEF785F938891D
:10391000002807D1794B4FF45772DFF8E01A794845
:10392000FEF77AF997F80A905FEAC97002D55FF05E
:10393000040B01E05FF0000B5FEA897001D5002005
:1039400000E000205FEA097101D5002100E00021BC
:103950005FEAC96201D5002200E0002210EB0B0BE8
:1039600011EB0B0B12EB0B0BB7F808A0BAEB080A24
:103970004FF420725AFA8BF189B23620FEF789F99A
:103980000500002D12D1002C07D05C4B4FF476724D
:10399000DFF8DC1A5B48FEF73FF9002D02D0280063
:1039A000FEF7A1FB5FF0FF30BDE8F28F7868008979
:1039B0003B89C31A18EB03039BB2524692B2686864
:1039C0005FFA8BFB00EB0B017868FEF7F9FC5146C0
:1039D00089B28842D7D1F8688089FEF71CFE8346F9
:1039E0001BF03F0B00245FEA0B7003D51BF0F70BB5
:1039F00054F008045FEACB7003D51BF0FE0B54F0C3
:103A00000104F9684868FEF70EFE5FFA89F9CDF8FF
:103A1000009010FA88F32200D2B229003000FFF79C
:103A2000ADFE0400002CAED07868FEF7C9FBB6F8F6
:103A30006610081AA6F8660078680189B1EB0A01D9
:103A400089B27868FEF761FA3889B0EB0A0AA7F8FC
:103A500008A05FFA8BFB584680B2FEF7DCFDF968E0
:103A600089890843F96888817868FEF7A9FBB6F868
:103A700066104018A6F866006068FEF7A1FBB6F86D
:103A800066104018A6F86600386820603C60206820
:103A9000002802D10020A6F86800002084E738B58D
:103AA0000400002C07D1154B40F2EB32DFF8B81AB6
:103AB0001448FEF7B1F8E06E00281AD0E56E00E079
:103AC0002D6828680028FBD1E8688089FEF7A3FDEF
:103AD00010F0070F0DD10120FEF79DFDE9688989DF
:103AE0000843E9688881608B50F0200060830020E3
:103AF00003E00121200000F00BF832BDD0CF000818
:103B000048ED0008A0E4000898E8000838F500082F
:103B10002DE9FC4104000D000026002015F0030FE4
:103B200009D1DFF8F83A40F21242DFF8F41ADFF870
:103B3000540BFEF771F8002C09D1DFF8E03A40F29F
:103B40001342DFF8E01ADFF83C0BFEF765F8A80730
:103B500000D50126F00701D5042700E00027B007B3
:103B600001D5002000E00020310701D5002100E050
:103B70000021F20601D5002200E00022C719CF196A
:103B8000D7194FF420723900C9B289B23620FEF736
:103B900080F88046002806D1608B50F0800060835A
:103BA0005FF0FF3075E0B8F80A00FFB2BFB2B8426C
:103BB00009D2DFF8683A40F23A42DFF8CC1ADFF86F
:103BC000C40AFEF729F8F6B20096E36D2A00D2B2D5
:103BD00041462000FFF7D2FD0600002806D1608B89
:103BE00050F0800060835FF0FF3052E0307B10F0D7
:103BF000030F09D0DFF8243A40F24242DFF88C1A72
:103C0000DFF8800AFEF708F83089002809D0DFF8CD
:103C10000C3A40F24342DFF8781ADFF8680AFDF701
:103C2000FBFFE06E002801D1E66606E0E16E00E0F1
:103C3000096808680028FBD10E600020A4F868001D
:103C400015F0030F02D0E06D401CE065E80703D5D6
:103C5000608B50F0200060837068FEF7B1FAB4F812
:103C600066104018A4F86600B4F8660000280FD06B
:103C7000206F00280CD1E06E002809D1DFF89C39B4
:103C800040F26642DFF8F81ADFF8F809FDF7C4FFE2
:103C90000020BDE8F68100002DE9F0470500002D69
:103CA00009D1DFF8783940F2E142DFF8D81ADFF8BD
:103CB000D409FDF7B1FF287D012809D1DFF85C396F
:103CC00040F2E442DFF8C01ADFF8B809FDF7A4FFBC
:103CD000DFF8B80A0068A84201D10020F8E0B5F882
:103CE0006000B5F84810884202D2B5F8608001E063
:103CF000B5F84880EC6E002C07D1A87E800703D56C
:103D0000280000F033FCE3E0DCE02A1D2900280055
:103D1000FFF726FD0600002E02D17FF00300D7E05A
:103D2000002D02D0286800280BD1002E01D0301DB4
:103D300000E00020002802D17FF00300C8E0006806
:103D40002860E1684868FEF76EFC696C401A2189BA
:103D5000401880451BD2B5F8600080450FD1286F10
:103D600000280CD195F89900002808D1002085F88A
:103D70009800012085F89900002085F89A00A87E17
:103D8000800703D5280000F0F1FBA1E09AE00020B5
:103D900085F899002F6F002F04D000E03F68386845
:103DA0000028FBD1002C00F08780E1684868FEF70E
:103DB0003AFC696C401A2189401880457CD3E06840
:103DC0008089FEF728FC400709D5DFF8503840F21B
:103DD0003752DFF8BC19DFF8AC08FDF71DFF286F7C
:103DE000002817D0A87E10F0440F13D1E86E0028E9
:103DF00008D0E86E006800280CD1E86E0089698E52
:103E0000884207D2B5F86400002803D0B5F86600F0
:103E1000092801DB012000E00020002803D1A87E52
:103E200010F0A00F48D0287D022807D01020FEF700
:103E3000F2FBE16889890843E16888813200290042
:103E4000200000F09BF8010049B2002942D120680F
:103E5000E866287D022804D0698B4FF6FC7001408B
:103E60006983E1684868FEF7DEFB8146E068808987
:103E7000FEF7D1FB10F0030F32D00121208919EB9E
:103E800000000818296D091A002900D52865E06886
:103E90008089FEF7C0FB10F0030F23D00120218999
:103EA0004018002850D000202060286F00281BD127
:103EB0002C672700EC6E75E7E86E002802D1002021
:103EC000A5F86800698B4FF67F7001406983002078
:103ED000BDE8F087698B51F08001698340B2F7E754
:103EE0000021CBE70020DAE7E1684868FEF79BFB9A
:103EF0008146F9684868FEF796FBB9EB0009B9F10D
:103F0000000F1ED515F1700901E0D9F80090D9F81D
:103F1000000000280FD0D9F80000C1684868FEF7FB
:103F200082FB8246E1684868FEF77DFBBAEB000A37
:103F3000BAF1000FE9D4D9F800002060C9F80040B8
:103F4000B8E73C603F68B5E72000FFF745F9B1E707
:103F500010B50400002C09D1DFF8C03640F29A52A7
:103F6000DFF83018DFF81C07FDF756FE6068807B2D
:103F7000012801D0012000E0002010BDFEB50400A2
:103F80000D001600002C09D1DFF890364FF4B7620F
:103F9000DFF80418DFF8EC06FDF73EFE002D09D12E
:103FA000DFF8783640F2B952DFF8F017DFF8D406C0
:103FB000FDF732FE002E09D1DFF8603640F2BA522A
:103FC000DFF8DC17DFF8BC06FDF726FE2000FFF760
:103FD000BFFF002801D000207DE0686AFEF723FBC8
:103FE000E1688860688DFEF716FBE168C881686A41
:103FF000698D4018E862E06810F11407A07AC007E4
:104000000CD52A1D31004FF40670FFF7EBFA80B291
:1040100050F00170FEF707FB38603F1DB5F9300026
:10402000002801D500202886686B002808D1DFF819
:10403000740700686863E1684868FEF7F4FAA863EB
:10404000E16860684068081A61684989091A62680D
:10405000518161680989081A61680881E0686168AE
:1040600048600020E1680882A07AC00701D50420DA
:1040700000E00020A17A890701D5002100E000219D
:10408000A27A120701D5002200E00022A37ADB0603
:1040900001D5002300E00023D4F80CC0604408449C
:1040A000104418441430874209D0DFF8703540F2CC
:1040B0001C62DFF8F416DFF8CC05FDF7ADFD0296C3
:1040C00006200190A87A0090EB7A2A1D29006068EA
:1040D00000F0C7FD40B2FEBD70B50400002C09D150
:1040E000DFF8383540F26362DFF8C016DFF8940578
:1040F000FDF792FD206F002802D17FF0050035E02A
:10410000256F00E02D682868002807D02800FFF7F9
:104110001FFF0028F6D07FF0050027E02800FFF7FA
:1041200017FF002802D07FF005001FE0E06E286036
:10413000206FE06600202067608B50F40060608391
:10414000E9684868FEF76FFA0600E8688089FEF7BC
:1041500062FA10F0030F01D0012000E0002029894D
:1041600071184018E06400206063002070BD10B535
:104170000400002C09D1DFF8A4344FF4D362DFF837
:104180003016DFF80005FDF747FD94F84200FF28E0
:1041900004D094F84200401C84F842002000FFF74D
:1041A0007BFD10BD10B50400002C09D1DFF86C3484
:1041B00040F2AD62DFF8FC15DFF8C804FDF72CFD16
:1041C0002000FFF789FF002802D12000FFF7CFFF72
:1041D00010BD0000F8B50400002C09D1DFF83C3414
:1041E00040F2C162DFF8D015DFF89804FDF714FD46
:1041F000206F002802D17FF0050033E0256F2800F2
:10420000FFF7A6FE002802D07FF005002AE028680C
:10421000206714F16C0600E03668306800280CD086
:104220003068C1684868FEF7FEF90700E968486829
:10423000FEF7F9F93F1A002FEED430682860356098
:104240002868002802D10020A4F8680094F84200F1
:10425000FF2804D094F84200401C84F8420000205B
:1042600060630020F2BD000010B50400002C09D1ED
:10427000DFF8A83340F2F962DFF84015DFF80404F4
:10428000FDF7CAFC206F002830D0A07E40072DD457
:104290002000FFF79FFF002828D1B4F84800B4F8A9
:1042A0006010884202D2B4F8480001E0B4F860001F
:1042B000022190FBF1F0A4F84A00B4F84A00618EA4
:1042C000B0EB410F04D2608E80B24000A4F84A00E7
:1042D000B4F84A10628E032042435018A4F84800F4
:1042E000608B50F0040060830020208610BD000029
:1042F0002DE9F84F82468846110099464FF4207206
:1043000011EB0801143189B22220FDF7C2FC040030
:10431000002C41D06089414689B21431884208DAC4
:10432000BE4B40F22472DFF89814DFF85803FDF713
:1043300073FC0D9D0C9E0B9F0A98D4F804B080B2BC
:10434000FEF769F9ABF80000380080B2FEF763F9B8
:10435000ABF80200CBF804905046FEF764F9CBF8B6
:1043600008001FFA88F8042098FBF0F0401DF6B210
:1043700056EA0036300080B2FEF74DF9ABF80C007B
:10438000280080B2FEF747F9ABF80E000020ABF82A
:1043900010000020ABF812002000BDE8F28FF8B545
:1043A00084B004000D0016001F00002C07D19B4BA9
:1043B00040F24272DFF80C14B248FDF72DFC608D1C
:1043C000039010200290208B0190E08A00903B0027
:1043D000320092B2290089B2606AFFF789FF002893
:1043E00003D0616A628D8918E16205B0F0BD0000FA
:1043F000BCE80008E0E8000810F9000820F900080F
:1044000070B50C0016000025002C07D1834B40F23C
:104410005672DFF8B4139B48FDF7FEFB616811F19B
:104420001400F20701D5042200E00022B30701D5F1
:10443000002300E00023340701D5002400E000241D
:10444000F60601D5002600E00026ADB201EB85019D
:1044500011441944214431441431884206D06F4B31
:1044600040F27572D0498748FDF7D6FB70BD000059
:1044700058FA0008FEB505000C0016001F00002CBD
:1044800006D1664B40F28772D0497E48FDF7C4FBE7
:104490003A0031002800FFF763F9002802D17FF0CD
:1044A000030512E0002D02D0EB7AA97A01E0FF2388
:1044B0000021029006200190C9B20091DBB23A00BF
:1044C0003100200000F0CDFB05002000FDF70BFEC1
:1044D000280040B2FEBD2DE9F84F84B080468A46E0
:1044E00091461C00002C06D14C4B40F2C472B849D6
:1044F0006448FDF791FB0E9D002D06D1474B40F21D
:10450000C572B4495F48FDF787FB109E0F9F504668
:104510005FF0000A46F2080BFEF785F81FFA8BFBE6
:10452000CDF80CB014210291B6B20196BFB200973B
:10453000030000225146C9B289B24846FFF7D8FEAF
:104540000600002E0CD05346DBB20022310040465C
:10455000FFF756FF2B00220031004046FFF78AFF8D
:1045600005B0BDE8F08F00003CF20008F8B504008B
:1045700000260027002C06D1284B40F2EA7296490B
:104580004048FDF749FBF00701D5042500E0002570
:10459000B00701D5002000E00020310701D500213F
:1045A00000E00021F20601D5002200E000224519BA
:1045B0004D195519206DFEF736F803000022EDB2B3
:1045C000290089B22000FFF7EAFE0500002D06D180
:1045D000608B50F0030060837FF001001CE03B0023
:1045E000DBB23200D2B229002000FFF709FF231D01
:1045F000220029002000FFF73DFF010049B20029F9
:1046000004D0618B51F00301618304E0628B4FF6AB
:10461000FC710A40628340B2F2BD0000D0CF0008B6
:1046200010D4000868ED000870B505000026002DC4
:1046300006D16A4B40F6240269491248FDF7ECFAAC
:10464000286D401EFDF7EFFF030000223100C9B2C4
:1046500089B22800FFF7A3FE0400002C02D15FF00E
:10466000FF300DE03300DBB2002221002800FFF70D
:10467000C7FE2B1D2A0021002800FFF7FBFE40B2D9
:1046800070BD0000A0E40008F8D6000850F500084E
:104690006CDF00082DE9F84304005FF00008002CEF
:1046A00006D14E4B40F64F024E494F48FDF7B4FA43
:1046B000E66E002E01D100205FE094F89A00FF28FA
:1046C00004D094F89A00401C84F89A00F06880891D
:1046D000FDF7A1FFC00704D53089002801D10127CB
:1046E00000E000273800C0B2002801D0002200E01E
:1046F0000122F068436892B24146C9B289B22000F3
:10470000FFF74DFE0500002D02D15FF0FF3034E0D1
:10471000D5F80490FFB2002F0BD01120FDF77BFFDE
:10472000B9F80C204CF2FF010A401043A9F80C0024
:104730000BE0686810F114017068038930891B1A56
:104740009BB201227068FDF73BFEF1684868FDF7F7
:104750006AFF401C216D091A002900D520654346D7
:10476000DBB2002229002000FFF74AFE231D2200B1
:1047700029002000FFF77EFE40B2BDE8F283000072
:10478000C8E4000868F50008F0E40008A0840020F0
:1047900080F5000818E5000888ED0008A8ED00087D
:1047A00004E90008788400209CF7000828E9000844
:1047B0004CE9000858F2000898F50008C8ED000818
:1047C000FCDC000840E5000868E5000898DF000808
:1047D00074F2000890F20008E8ED0008D0CF00085D
:1047E000ACF2000870E90008A0E4000880B5FDF70D
:1047F00076FF64480068002803D1634800680028F9
:1048000005D000226149FA2000F080F802E0002083
:104810005F49086001BD80B55D49086800280ED178
:1048200058480068002803D157480068002806D07F
:104830000120086000225549FA2000F067F801BD08
:1048400070B504000D001600062001F0F2F90028F2
:1048500008D1002805D14F4BBE224F494F48FDF7E4
:10486000DBF927E0002101608560C66044604C4AA6
:104870001168002901D110601CE043681168496883
:104880005B1AB3F1004F03D311680160106011E0AF
:10489000126800E01268002A0CD01168002906D0C6
:1048A0004368116849685B1AB3F1004FF2D311688D
:1048B0000160106070BD38B504002500686880474D
:1048C00002F0E7F837490B682968CB18191AB1F1DB
:1048D000004F06D3220034492B681818FFF7B0FFA9
:1048E00004E0220030491800FFF7AAFF31BD10B5DF
:1048F000012408E02D4800EBC4022B4950F8340095
:1049000000F004F8641C052CF4D310BD70B504004D
:104910000D001600B4F1804F06D31E4B40F2291251
:1049200023491E48FDF778F902F0B3F82418320045
:1049300029002000FFF784FF70BD70B502F0A9F8D0
:10494000040013E04A68A21AB2F1004F19D20A68B3
:1049500002608D68CE684868124A1060062001F037
:10496000A7F92800002801D03000A8471148007896
:10497000002801D0FDF764F9094801680029E1D158
:10498000FFE770BD8484002088840020ED47000884
:10499000AC84002040D0000804D6000890E5000850
:1049A000A4840020A8840020B7480008B8E50008C7
:1049B00084D80008CA84002010B4DFF8C013096846
:1049C00008E091F83120920703D40268CB689A423C
:1049D00015D00968002914D091F8312012F0050291
:1049E000052AF6D14A68002AF3D003688A68134082
:1049F0004C688A681440A342E3D1080019E008001B
:104A000017E0DFF87C23116800290FD0116891F8B6
:104A1000311011F00501052908D1116849680029F4
:104A200004D0007800F0FF007F2801D1002000E0D2
:104A3000106810BC704780B5010091F83100C007C4
:104A40000FD5486800280CD0DFF8380342694B685E
:104A50009A4204D04069FDF765FD002801D001208D
:104A600000E0002002BD2DE9F04705008A4601263E
:104A70006F683878C0B20009C0B2042804D028009A
:104A8000FDF731FB0020EAE0387810F00F005FEA14
:104A900080085FFA88F87888FDF7BDFD04002000E3
:104AA000298980B2884204D2210089B22800FDF70A
:104AB0002CFA6889414689B2884207D32889A4B272
:104AC000A04203D3404680B2142804DA2800FDF740
:104AD0000AFB0020C3E03869DFF8A892C9F8140087
:104AE000F868C9F8100099F8140010F0F000E028F8
:104AF0000BD19AF83100C00705D5DAF80400002878
:104B000001D054461CE000241AE05046FFF793FF02
:104B1000002801D0544613E0002499F8140000F056
:104B2000FF007F280CD09548046800E02468002C22
:104B300006D05445FAD02000FFF77DFF0028F5D0BD
:104B4000002C0BD1787A112808D1404680B2384425
:104B50004088B0F5884F01D154460026002E15D06C
:104B6000D9F81000002811D05146D9F81000FDF7EF
:104B7000D9FC002805D199F8100010F0F000E028C9
:104B800004D12800FDF7AFFA002068E0002C04D122
:104B90002800FDF7A8FA002061E0F8884FF63F7181
:104BA000084208D0280002F00AFB0500002D01D1C0
:104BB000002054E06F68C9F80040C9F804A0C9F8A3
:104BC0000870387810F00F008000C0B2A9F80C000F
:104BD000414689B22800FDF739FA787A01280DD0CC
:104BE000062806D011280ED15146280002F001FEF9
:104BF00022E051462800FBF7C7FA1DE05146280085
:104C000003F016F918E02100D9F81400FDF78AFC2A
:104C100000280ED199F8140010F0F000E02808D018
:104C2000414609B22800FDF758FA0221280003F096
:104C3000D6F92800FDF757FA0020C9F80000002037
:104C4000C9F804000020C9F808000020A9F80C00E9
:104C50000020C9F810000020C9F814000020BDE8A9
:104C6000F0877FB50A9E0C00002A05D0002902D0EB
:104C70000968002900D1341D0999089D0296C9B21E
:104C80000191EDB20095DBB2210000F002F804B012
:104C900070BD2DE9F84306000D0014009846B07B66
:104CA000012806D0384B4FF4557238493848FCF784
:104CB000B3FF002C42D05FF0140914213000FDF73F
:104CC000C0F9002802D07FF0010054E077687089B5
:104CD000142806D22C4B40F289322E492C48FCF77E
:104CE0009BFF0998089987F80880787220683861D6
:104CF0001FFA89F9042099FBF0F050F04000387059
:104D000079703089FDF787FC78800020F880DFF823
:104D10008880B8F80000FDF77EFCB880B8F8000085
:104D2000401CA8F80000002D03D11C480068F86062
:104D300001E02868F8600020788109E07089142873
:104D400002DA7FF0010016E07068016900916C469C
:104D50000A9B188D002809D0188D3189884205D208
:104D600022001900300002F082FB04E02200310032
:104D700018005B699847BDE8F28300006C8400204E
:104D800070840020E883002060CF000880F90008CC
:104D900058E100081CDB0008B8840020A0FA0008D5
:104DA0002DE9F0439FB000BF65A6269CDFF8B48ACA
:104DB0008DF83B40029100240B944FF0FF370446DE
:104DC00091461D460AE019F8011B0298A0470028E9
:104DD000029000F0A1800B98401C0B9099F8000005
:104DE00050B12528EFD100210022059106920791AC
:104DF000089209910A9203E00B98A5E041F00101A5
:104E000019F8010F2028F9D023280CD02B2804D022
:104E10002D2805D0302809D080E041F00201EFE7CD
:104E200041F00401ECE741F00801E9E741F010012D
:104E3000E6E70D920AE00D98404505DA00EB8000A8
:104E400002EB4002303A0D9209F1010999F8002075
:104E5000A2F130000A28EED399F800002E2818BFDE
:104E60000C9726D119F8010F2A2808D12868286044
:104E700009F1010950F8042B28600C9219E02D2843
:104E80000CBF09F10109002000220C920BE040B98F
:104E90000C9A424505DA02EB820203EB4203303BF7
:104EA0000C9309F1010999F80030A3F130020A2AA4
:104EB000EDD3ADF83810304699F8001003F0EEF855
:104EC00008B119F8010B8DF83A009DF83A006828EE
:104ED00005D199F8000068280CD1622106E06C2801
:104EE00004BF99F800006C2804D171218DF83A10A4
:104EF00009F1010910A804902A4619F8013B6946F6
:104F0000204600F061F838B910AA6946204600F042
:104F10008FF900287FF562AF384615E02A2888D13E
:104F20002A682A6052F8040B2A6000280D9003D5E5
:104F300040420D9041F0040109F101098CE70000A5
:104F4000686A6C747A4C00001FB0BDE8F083622878
:104F500020D0682811D06A2803D06C2827D0712867
:104F600025D10868C01D20F007000860D0E90023A3
:104F700008300860194610467047002A0A680A601F
:104F8000106803D0121D0A6000B217E0121D0A60FB
:104F900080B217E0002A0A680A60106803D0121D68
:104FA0000A6040B20AE0121D0A60C0B20AE0002A9C
:104FB0000A680A60106803D0121D0A60C1177047A2
:104FC000121D0A600021704770B51C460D46B4F1F1
:104FD00025002E69114600F019811C3868D0001F89
:104FE000022865D9133842D0093861D0801E16D006
:104FF000401E1ED0401E02285AD9001F19D0401F43
:1050000000F08180401E32D0401E00F0CB80C01ED8
:1050100000F0DA80801E2AD0C01E28D0FCE068692B
:10502000421C6A610A680A6052F8043B0A60335401
:10503000FCE095F83A000122FFF789FFC5E900017D
:10504000002904D56869411C69612D220DE0288F73
:10505000810704D56869411C69612B2205E0C007FE
:1050600021D56869411C6961202232541BE095F802
:105070003A000022FFF76BFFC5E9000195F8380000
:10508000010710D5D5E90023002B08BF002A0AD05C
:1050900044F02000782806D1686930213154401C42
:1050A000421C6A613454214668693044E86087E0F4
:1050B0000868C01D20F007000860D0E90023083010
:1050C0000860C5E90023D5E90001C80F04D068696C
:1050D000411C69612D220DE0288F810704D5686984
:1050E000411C69612B2205E0C00704D56869411C99
:1050F00069612022325468693044E86021462846BC
:1051000000F0C4F992E005F13A02507820B14FF076
:10511000FF340FF6202062E01078622808D068285B
:1051200024D06A2812D06C282ED071280ED02BE003
:105130000A680A6052F8040B0A6020B94FF0FF3485
:105140000FF608204BE0E96A01706FE00A680A6018
:1051500052F8040B0A6020B94FF0FF340FF6EC1040
:105160003DE0EA6AD317C0E900235FE00A680A60FD
:1051700052F8040B0A6020B94FF0FF340FF6CC1040
:105180002DE0E96A018051E00A680A6052F8040BD8
:105190000A6020B94FF0FF340FF6B0101FE0E96A43
:1051A000016043E00A680A6052F8040B0A600021BB
:1051B00020F0000221F0FF33C5E90023EE607821E2
:1051C000284600F0BBF831E00868086050F8044B4E
:1051D0000860EC603CB94FF0FF340FF6881002F025
:1051E00069FF201A70BD2E6B002E04D5204602F0F8
:1051F00081FF044608E032460021204602F096FF77
:10520000002814BF041B3446AC610FE06869411CE0
:1052100069612522325409E06969481C68612522C8
:105220007254210002D0431C6B613454002070BDC5
:105230002DE9FC410F46064690467A6B7869396A3B
:10524000BC6A121AB869521A796A121AF869521AA3
:10525000121A97F83800141B41070FD42020002C95
:105260008DF800000ADD254601236A46394630469E
:1052700000F048FC00285DD16D1EF5D17B694246E7
:105280003946304600F03EFC002853D130208DF8DE
:1052900000003D6A002D09DD01236A46394630468B
:1052A00000F030FC002845D16D1EF5D1BB69FA68CD
:1052B0003946304600F026FC00283BD130208DF8DE
:1052C00000007D6A002D08DD01236A46394630461C
:1052D00000F018FC70BB6D1EF6D1F868B969FB6967
:1052E00042183946304600F00DFC18BB30208DF8CE
:1052F0000000BD6A002D08DD01236A4639463046AC
:1053000000F000FCB0B96D1EF6D197F838004107E7
:105310000DD52020002C8DF8000008DD01236A4601
:105320003946304600F0EEFB20B9641EF6D100206D
:10533000BDE8F6814FF0FF30BDE8F6812DE9FC4372
:1053400007466F293E6908BF082405D041F02000B8
:10535000782814BF0A2410243C25D7E900236429A7
:1053600018BF69299046994605D1002B03D5D8F17D
:10537000000869EB4909B9F1000F08BFB8F1000F47
:105380001FD1386BE8B9082C4CD197F838000107C9
:1053900048D530203B2586F83B0043E000280ED559
:1053A00097F8380000F01400102808D17B6B796959
:1053B000386A5B1A1B1A9A1A002AC8BF3A62BDE8FB
:1053C000F3838DF80010404649462246E31702F069
:1053D000D9FE3032D0B26D1E3A28019504DB9DF81B
:1053E0000000A0F151018A187255404649462246F4
:1053F000E31702F0C7FE80465FEA010908BFB8F173
:10540000000F03D0F86871198842DCD3082C09D149
:1054100097F83800010705D5705D302802D06D1E61
:1054200030207055C5F13C02BA617119F960386BD2
:105430008242B3DA821A3A624FF6EF70398F014036
:105440003987BDE8F3832DE9D04306460F4614465D
:105450004FF00008DFF8109412E0E00707D542464D
:105460004B463046394602F0A5FF06460F464046F9
:10547000494642464B4602F09DFF641080468946ED
:10548000002CEAD130463946BDE8D0832DE9F84FEB
:1054900005468A464AF020048EB0D5E90089612C81
:1054A00002AE09D0286B002848BF062003D408BFED
:1054B000672C01D101202863D5E900014A0052156B
:1054C000521C0DD10B030BD0AAF1610103201A2944
:1054D000A86102D20FF2A86110E00FF2A8610DE0FE
:1054E0004A005215521C0ED10B030CD1AAF16101D6
:1054F00003201A29A86116D30FF29061E8680322ED
:1055000000F0D0FEC0E1CDE90C01DDE90C2323F071
:105510000043B3F5801F0DD20027002B08BF002ADF
:10552000019703D111E00FF26061E7E701AA03F0F0
:1055300013F80AE0CD48CE4900EB1350DDE90C2307
:1055400001900B40CB4910461943C5E90001612C7D
:105550000DD1E86830210170821CBAF1610FEA6058
:105560000CBF7821582141706869801C6861D5E9B9
:105570000001CDE90C01DDE90C2333F0004104BF4B
:105580000028002300F04881612C40F0A080286BA7
:10559000494600284CBF4FF0210B00F1010B40465B
:1055A00000220023DDE90C8903F00EF801990BF1CC
:1055B000010738BF89F00049091F002F01918DF8BC
:1055C00008200DF1090040F33581A94900910646F4
:1055D000404649460022002303F00EF880F029815E
:1055E0004800400D00F11C0211D0002A0FDD40F2EE
:1055F000FF739A4205DBA04909F0004001430020F7
:1056000011E0009B194041EA025140460BE028F0AE
:10561000000039F0004108BF00280FBF49461C2296
:10562000494603F001F88046894603F09BF8FF1FC6
:10563000002F044609DD03F0B3F802460B4640464E
:10564000494603F0BFF880468946F01D072104E073
:1056500004F00F0200F8012D2411002C01DD491E79
:10566000F6D5491E5CBF002200F8012DF9D5DCE01B
:105670000020194602AA0A4400E05B1E12F8014904
:10568000491E8442F9D00F2804D10DF10900425C73
:10569000521C4254002904D50198001D02AE5B1C27
:1056A0000190581E0CD43118AAF13A040A7830320D
:1056B000D7B23A2FA8BFA218401E01F80129F5D58C
:1056C000286B002840F1A780591E2963A3E00199A7
:1056D0006A4A47F29750414391FBF2F2019229F056
:1056E0000046D2F1070204DD40463146FFF7ABFE2B
:1056F0000AE0524200206249FFF7A5FE02460B462F
:105700004046314603F0D0F88046662C286B06BF31
:10571000019F0A3706273F18142FC8BF14273020CF
:105720008DF8080089460DF1090000E03046002F91
:1057300034DD06464046494603F0DAF901460A469A
:1057400006F1080304200A26B2FBF6F606EB860EE5
:10575000A2EB4E02303203F8012C0A22B6FBF2F221
:1057600002EB820EA6EB4E063036401E03F8026DA9
:10577000E9D1083F002F03F10806D7DD084603F002
:10578000CBF902460B464046494603F01BF800227F
:105790003C4B02F00FFE80468946CBE70DF1090134
:1057A000401A0DF1090604E00199491E401E0191BD
:1057B000761C31783029F7D0662C02D10199491C2A
:1057C00003E0652C0CBF012100212B6BCB18984204
:1057D000B8BF431E002B1ED4834204DAF05C352888
:1057E000A8BF392000DA30201946721E02EB0108EA
:1057F00000E05B1E18F80199491E8145F9D039284F
:1058000002D1705C401C7054002904D50198401CE2
:1058100016465B1C0190019800B200901BB2324604
:105820005146284600F034F82EE0C61D002F3FF701
:10583000CFAE30460DF10901401A03465845C8BFA6
:105840005B46002B0DF109063FF53AAF8342BFF6E8
:105850000FAF0DF10900C15C07297FF709AF0F20D9
:1058600007E70000CBCCCC0C0000244002FCFFFF7B
:10587000FFFF0F800000E03F0000F07FA0860100E6
:105880000000F03F84D797410FB0BDE8F08F0000D3
:105890002DE9F84783B006468A461746984603F036
:1058A00049F9B8F1000F406A356B90F8009002DCBE
:1058B0004FF00108B6A74AF02000BDF93040662835
:1058C00008BF641C15D0672840F0848014F1040FD1
:1058D000C0F28680AC4280F2838096F83800641C67
:1058E000010702D4A845B8BF454620B22D1A48BFCB
:1058F00000250FFA84FAF068B169BAF1000F25DCCF
:105900004A1C30234354002D03DC96F8380001076D
:1059100003D5F06800F80290521C15EB0A0FB8BFCF
:105920006C4220B2441941424445B8BFA046B2611E
:1059300071620FFA88F5F561F068B3692A46394655
:10594000184400F0AFFC641BB462C4E022B290457E
:10595000084417DA4246394600F0A4FCB0694044D6
:10596000B061AAEB0801002D716203DC96F83810D3
:105970000A0705D5F16801F80090F069401CF06154
:10598000B562A8E0394600F08DFCB069002D5044A6
:10599000A8EB040803DC96F838100A0703D5F16871
:1059A00001F80090401CB0610FFA88F08542F3685E
:1059B000B069B8BFA8460FFA88F207EB0A0118448D
:1059C00000F070FCB1690FFA88F00144B161281A47
:1059D000706280E0BAF1610F14D14FF0700A16E0E6
:1059E000A84504DA96F838100A0758BF45466D1ED8
:1059F00048BF0025BAF1670F14BF4FF0450A4FF0BA
:105A0000650A04E0BAF1410F08BF4FF0500AB169CE
:105A1000F368481CB061002D17F8012B5A5403DCC1
:105A200096F838100A071BD5F168431CB36101F8DA
:105A30000090002D14DDA8F101080FFA88F0394616
:105A40008542F768B8BFA8460FFA88F2F81800F048
:105A500029FCB0690FFA88F108446D1AB0617562CB
:105A6000F068B1690844002C80F800A003D42B2210
:105A70004270811C03E02D2141706442811C002092
:105A80006A460AE023460A2493FBF4F404EB8405F7
:105A9000A3EB450302F8013B401C24B2002CF1DCCF
:105AA000012806DC4AF02002652A04BF302201F8F2
:105AB000012B48B9302001F8010B07E0401E1DF80A
:105AC0000030303301F8013B0028F7DCF268B069A0
:105AD0001044091AF16196F8380000F014001028FB
:105AE0000DD17269B169706A8A18F1698218B06A59
:105AF0008A188218706B8242BCBF821A326204B06C
:105B0000BDE8F087F8B505460E4617461C4600204E
:105B100074B117F8011BB068A847B06030B1F06AE3
:105B2000401CF0620020641EF3D1F2BD4FF0FF3044
:105B3000F2BD00007072696E74665F733A20256E64
:105B400020646973616C6C6F776564007072696E54
:105B500074663A2062616420256E20617267756DFB
:105B6000656E74007072696E74665F733A2062616C
:105B70006420257320617267756D656E7400000086
:105B80006E616E004E414E00696E6600494E4600E1
:105B9000300000000021826811604268D21C920827
:105BA0009200002107E083681B68136083681A6015
:105BB00003881A44491C43889942F4DB704710B5A6
:105BC000002407E04548210089B250F82100FFF782
:105BD000E1FF641C200080B20928F3D310BD10B58A
:105BE00081680C68002C0FD021688068016014F077
:105BF0000300002806D03A4B40F2191239493A48BE
:105C0000FCF70AF8200000E0002010BD10B50400E9
:105C1000002C06D1324B4FF49E7234493248FBF7C8
:105C2000FBFF002C01D1002002E02000FFF7D7FF8E
:105C300010BD80B50100C9B2092908DB284B40F22C
:105C400057122B492848FBF7E7FF002005E02349BE
:105C5000C0B251F82000FFF7C2FF02BD38B5040002
:105C60000D0015F00300002806D01D4B40F26D1208
:105C700020491D48FBF7D0FFA06800682860A06895
:105C8000056031BD38B504000D00002C06D1144B61
:105C900040F2951215491448FBF7BEFF002C01D0C5
:105CA000002D00D103E029002000FFF7D7FF31BD10
:105CB00080B50200D2B2092A07DB094B4FF4D57236
:105CC0000D490948FBF7A8FF07E0002905D0034A62
:105CD000C0B252F82000FFF7C1FF01BD78E700080D
:105CE00088D1000854E70008F8E10008FCF6000835
:105CF00088EB0008A8EB0008F0EF0008DFF850156B
:105D0000096880B208447047DFF844150968401AF2
:105D100080B2704738B50400DFF83405006884426B
:105D200009D2DFF8303540F2DF12DFF82C15DFF84A
:105D30002C05FBF771FFDFF828552868844209D34A
:105D4000DFF810354FF4F072DFF81815DFF80C05A6
:105D5000FBF762FF2079002809D0DFF8F83440F221
:105D6000E112DFF80415DFF8F404FBF755FF208893
:105D700040F24161884209D3DFF8D8344FF4F2721F
:105D8000DFF8E814DFF8D404FBF746FF2088FFF7BC
:105D9000B5FF01008C4219D00879002816D1286877
:105DA000814213D0DFF8C80402688A4200D104603F
:105DB000088820800888B0F5C86F07D00888FFF7EA
:105DC0009DFF05002000FFF79FFF68806088FFF7B8
:105DD00095FF0500A54216D02879002813D1DFF8D9
:105DE00090040168A14200D10560208828802088A5
:105DF000B0F5C86F07D02088FFF780FF04002800A7
:105E0000FFF782FF608031BD70B5DFF84444DFF8F2
:105E1000640480088000206020684FF4C865058015
:105E20000021418000210171DFF834644FF4C86023
:105E3000FFF764FF30600120316808713068058029
:105E4000306845802068DFF82814086070BD70B5A0
:105E500006003000FFF758FF05003088FFF74EFFBF
:105E600004007088FFF74AFF40F2416132888A429D
:105E700015D272888A4212D271882A0092B2914257
:105E800004D00088290089B2884208D1DFF8D00305
:105E90000068844205D06088ADB2A84201D00020DD
:105EA00000E0012070BD10B500284FD010F00301B4
:105EB00000290AD0DFF89C3340F27322DFF8B813D0
:105EC000DFF89803FBF7A8FE40E0B0F10804DFF824
:105ED000801309688C4205D3DFF8841309680C30FD
:105EE00081420AD2DFF86C3340F27F22DFF88C1354
:105EF000DFF86803FBF790FE28E0207900280AD13C
:105F0000DFF850334FF42372DFF87413DFF84C03DB
:105F1000FBF782FE1AE02000FFF799FF00280AD164
:105F2000DFF8303340F29522DFF85813DFF82C0306
:105F3000FBF772FE0AE000202071DFF834030168ED
:105F40008C4200D204602000FFF7E4FE10BD2DE972
:105F5000F0470D00ADB2ED1C4FF6FC7215402A0063
:105F600092B20C2A00D20C252A0092B240F2416370
:105F70009A4204D22A0092B289B28A4201D2002007
:105F8000A1E00400B24E3068844203D3B4480068F4
:105F9000844206D3AF4B40F2D222BB49AF48FBF755
:105FA0003BFE3068844203D3AD480068844201D38D
:105FB000200088E0B4F108073800FFF7A5FE0600CE
:105FC0003888801BB0F108094846290080B289B2A0
:105FD000884206D29F4B4FF43972AC499F48FBF779
:105FE0001BFE4846290080B289B2884201D20020B7
:105FF00069E02800494680B289B2884201D1200078
:1060000061E03888FFF77AFE804698F8040000289F
:106010002DD13888B0F5C86F06D18E4B40F2F522ED
:106020009B498E48FBF7F8FDB8F80090AD1908358C
:10603000DFF83CA2DAF80000404505D1280080B224
:10604000FFF75CFECAF80000280080B2FFF756FE9A
:1060500000210171A0F8009046803D800188B1F5D3
:10606000C86F2FD00088FFF749FE45802AE01FFA4D
:1060700089F9280080B21430814523D3AD19083541
:106080003888B0F5C86F06D1724B40F2163280499D
:106090007248FBF7C1FD280080B2FFF72FFE74495C
:1060A0000A68904200D2086000210171398801809D
:1060B00046803D800188B1F5C86F03D00088FFF7A6
:1060C0001DFE45802000BDE8F0872DE9F04101006C
:1060D00089B2002901D10020B8E00400A4B2E41C78
:1060E0004FF6FC710C40210089B20C2900D20C241F
:1060F000210089B240F24162914204D2210089B26A
:1061000080B2814201D20020A0E0594E3068FFF7F2
:10611000FBFD070004E0380080B2FFF7EFFD0788C1
:10612000380080B2210089B2D1F5C861884280F080
:106130008C80380080B2FFF7E1FD05002879002847
:10614000E9D12988380080B2091A0839200080B2C4
:106150008142E0D32988380080B2091A083920002A
:1061600080B21430814226D314EB070818F10808D6
:10617000404680B2B0F5C86F06D1364B40F2873248
:1061800043493648FBF748FD404680B2FFF7B6FD6D
:1061900000210171298801804780A5F80080012134
:1061A00029710188B1F5C86F07D00088FFF7A6FDF7
:1061B000A0F8028001E001202871306885421DD1DD
:1061C000316803E00888FFF799FD0100087900288D
:1061D00003D0234800688142F4D1316030682049FF
:1061E000096888420AD030680079002806D0194B27
:1061F00040F2B53227491948FBF70EFD18480068F0
:1062000015FA84F10831884206D2124B40F2BA32B4
:1062100021491248FBF700FD15F00300002806D0C5
:106220000C4B4FF46F721D490C48FBF7F5FC15F051
:106230000300002806D0074B40F2BE321849074839
:10624000FBF7EAFC15F1080000E00020BDE8F08152
:106250003C8400201CD1000800F40008A8E10008DC
:106260004084002080EF00089CEF0008B4DD0008A7
:10627000448400202B7000200CE70008B8EF0008D1
:10628000D0E1000858D9000818F4000868EB0008AD
:10629000E8F60008D4EF00084CDB00087CDB0008BF
:1062A00030E7000862B38B0708D0521E11F8013B9B
:1062B00000F8013B00F024808B07F6D1830740F003
:1062C000208000BF103A07D330B4B1E83810103A3C
:1062D000A0E83810F9D230BC530724BFB1E8081049
:1062E000A0E8081044BF51F8043B40F8043BD20733
:1062F00024BF31F8022B20F8022B44BF0B78037027
:106300007047121F17D35B0009D151F8043B20F8E6
:10631000023B1B0C121F20F8023BF6D20BE051F897
:10632000043B00F8013B1B0A20F8023B1B0C121F28
:1063300000F8013BF3D238BF121D521E24BF11F8E2
:10634000013B00F8013BF8D870470000F0B5244C41
:10635000244A2078244B6FF0004150BB0820656828
:1063600003FB05250E46B5FBF6F601FB1655401E50
:106370006560F4D11D4D2E461020676803FB07278A
:106380008C46B7FBFCFC01FB1C77676046F8047B7E
:106390008E4603FB0727B7FBFEFE01FB1E776760F7
:1063A000401E46F8047BE8D1E86FC5F8800001255F
:1063B0002570606803FB00220B46B2FBF3F301FB80
:1063C00013210A4A616092F8803003F01F0352F8EB
:1063D0002300C2F8800042F8231020F04040F0BDB6
:1063E000800000205FF36E3C0D661900EC810020F8
:1063F00062F30F2262F31F42401810F0030308D02B
:10640000C91A1FD3DB0748BF00F8012D28BF20F8A9
:10641000022D130030B414461546103928BF20E968
:106420003C00FAD8490728BF20E90C0048BF40F8D3
:10643000042D890028BF20F8022D48BF00F8012D47
:1064400030BC7047C91818BF00F8012DCB0728BF12
:1064500000F8012D7047000070472DE9F84F070044
:10646000002F0BD1DFF8DC3340F22712DFF8DC130A
:10647000DFF8D403FBF7D0FB002097E0DDF82C8099
:10648000404600280BD1DFF8BC334FF49472DFF89C
:10649000C013DFF8B403FBF7BFFB002086E00E005B
:1064A000002E01D1DFF8AC631500002D01D1DFF81B
:1064B000A4531C00002C01D1DFF89843DDF8309084
:1064C000DDF828A0002078600020B8600020F86087
:1064D0000FF23D30786100203885002087F83100C8
:1064E0000421002217F1240B5846FFF781FF0020FA
:1064F000F861C7F820A0DFF860A39AF8000087F8D9
:106500003400C7F8109023002A003100380000F052
:10651000ADF83800C047002801D0002046E097F8C9
:106520003400FF2802D1002087F834000026DFF86D
:106530002C532C6800E02468002C24D0BC4209D1E4
:10654000DFF8003340F28B12DFF81413DFF8F802A3
:10655000FBF762FB761CB6F5807F09DBDFF8E432DF
:1065600040F28D12DFF8FC12DFF8DC02FBF754FB7F
:1065700094F8340097F834108842DCD197F834004E
:10658000401C87F83400002CC9D197F83400FE284D
:1065900003D100208AF8000004E097F83400401C82
:1065A0008AF80000286838602F603800BDE8F28F54
:1065B00038B504000D0029002000FDF761F829001E
:1065C000200001F0E8FB31BD7CB506000C00150091
:1065D000002C09D1DFF86C3240F2CB12DFF88812C0
:1065E000DFF86402FBF718FB002D09D1DFF8543205
:1065F0004FF4E672DFF87012DFF84C02FBF70CFB89
:1066000020687168884213D0206800907068286004
:1066100069462800FFF7CCFF002C01D1002000E0E4
:10662000206870600121300000F071F8012000E066
:10663000002076BD0A6883689A4207D0002901D1FC
:10664000002100E009688160012000E0002070471F
:106650000A68C3689A4207D0002901D1002100E0EE
:106660000968C160012000E0002070472DE9FC4767
:1066700082460C0017001E005FF000085FF0000962
:10668000002C00D1734C002F00D1724F002E00D18E
:10669000704E002C02D02068002801D1012500E0B6
:1066A0000025002D04D06A4621005046FFF78CFFDC
:1066B000424639005046FFF7BDFF4A46310050467A
:1066C000FFF7C6FF002D04D16A4621005046FFF7B0
:1066D0007BFFBDE8F38765490860704780B50028F7
:1066E00007D1584B4FF4547261495748FBF794FA5D
:1066F0000CE090F83110C90708D490F8311051F02F
:10670000010180F83110032100F001F801BD38B516
:1067100004000D00002C06D14A4B40F26D32554961
:106720004948FBF779FA94F8310010F00500052884
:106730000CD1E8070AD56068002807D094F831002A
:10674000000703D5211D200002F012FF31BD80B5E6
:10675000002807D13B4B40F29B3247493A48FBF7B0
:106760005BFA0FE090F83110C9070BD590F83110A3
:1067700011F0FE0180F8311090F83110090701D5B1
:1067800002F0DAFB01BD10B50400002C07D12D4B3F
:106790004FF4787239492C48FBF73EFA16E094F82A
:1067A0003100400712D494F8310050F0040084F80E
:1067B0003100200003F0E3F903212000FFF7A7FFD9
:1067C000E069002802D02000E169884710BD80B54B
:1067D000002807D11B4B40F2064229491A48FBF713
:1067E0001BFA0EE090F8311049070AD590F83110E5
:1067F00011F0FB0180F83110C169002901D0C16995
:10680000884701BD002800D0C1617047000000002A
:106810007FF00B00704701000800C0B200280ED0C6
:106820000E48006800E00068002808D00A0090F8D0
:1068300034305B1CD2B2DBB29A42F4D100E00020CB
:1068400070470000F4D1000820E200080CF00008B6
:106850009CE70008A0FA0008C98400206C8400208E
:1068600010F70008ACDB000860F800087084002016
:1068700028F00008C0E70008C8EB0008E4E70008BB
:1068800008E80008FEB50400DFF86454DFF864048B
:10689000286002208DF80000684600214170002128
:1068A00081700021C1700021017100214171684691
:1068B00068605FF40000A860DFF83C04E860DFF87F
:1068C0003C0428614FF4C0606861280004F052F96C
:1068D000C0B200280AD1DFF82804FBF79DF994F82C
:1068E000310050F0040084F8310003E0DFF81404B4
:1068F000FBF792F938210022DFF80C6437003800EA
:10690000FFF776FD212030605FF4400070610020C9
:106910003061DFF8F803FFF73DF9062084F8300016
:106920006868007884F82A006868407884F82B004A
:106930006868807884F82C006868C07884F82D0036
:106940006868007984F82E006868407984F82F0020
:1069500040F2DC50208594F8310050F00A0084F8B1
:10696000310004F09CFE200000F033F9F7BDF8B5CB
:106970008CB00D000024002000266846302104F071
:106980007FFF302100226F463800FFF731FD2800DD
:1069900022E00C2241686B4602FB04F7D951418981
:1069A0006B4602FB04F73B445960002C09D0694652
:1069B00002FB04F319446B4602FB04F73B4443F823
:1069C000041C0168002905D100216B4602FB04F27A
:1069D0001A449160641C0068002804D0042CD8D3A9
:1069E0007FF00B000BE0C849288948606846886042
:1069F0004D631422BE4804F059F9300040B20DB086
:106A0000F0BD80B500200090C1480078002803D177
:106A10006946B74804F0B1F9009802BD38B50500E1
:106A200000202800FFF7EDFF0400002C08D029000B
:106A300020002A699047002802D02000FBF753FB72
:106A4000002CEED131BD10B50400002C06D1B14BA5
:106A50004FF4B072B049B148FBF7DEF8732084F808
:106A60003200742084F83300AD486061AD48A06105
:106A70002000FFF707FF002010BD80B50100A348EC
:106A8000FFF700F9A2480178012901D10021017026
:106A900001BD80B504F0F8FE02BD80B5A248FFF745
:106AA000BDFF01BD10B586B0002005909F4801686C
:106AB00051F001010160016811F001010591059992
:106AC00000210591016851F004010160016811F095
:106AD00004010591059900210591016851F0020119
:106AE0000160016811F002010591059900210591ED
:106AF000016851F040010160016811F04001059109
:106B0000059900210591016851F00071016001684B
:106B100011F000710591059900210591016851F06E
:106B200080610160016811F0806105910599002183
:106B30000591016851F000610160006810F000608B
:106B4000059005987A4C01220421200004F08DFF65
:106B50000420009001200190002002900220039068
:106B60006946200004F096FE322000900220019039
:106B700000200290032003900B20049069466D488A
:106B800004F088FE862000900220019000200290F0
:106B9000032003900B2004906946674804F07AFEB6
:106BA0004FF4D0400090022001900020029003207A
:106BB00003900B2004906946604804F06BFE0022AD
:106BC00001213D2004F0E3FF3D2004F0F1FF06B079
:106BD00010BD2DE9F84199B005006846642104F024
:106BE0004FFE00240026002704F06AFD804641463F
:106BF0005348FBF711F895F83100400710D5B8F16C
:106C0000020F0DD24F48FBF707F82800FFF79FFD52
:106C10002800FFF7DCFD4C494348FFF7F3FD45E052
:106C200095F83100400741D4B8F1020F3ED3B8F1D6
:106C3000020F08D01BD3B8F1040F0FD009D3B8F15D
:106C4000050F10D013E04FF400674FF48046012485
:106C50000DE000274FF48046012408E04FF4006760
:106C60000026012403E0002700260124FFE7002C72
:106C70001CD01F4C6946200004F0B6F90697059613
:106C8000320039003148FAF7C7FF6946200004F0A6
:106C90002CFA200003F0CAFF2800FFF71FFD280090
:106CA000FFF771FD28492048FFF7ACFD1AB0BDE899
:106CB000F0811CB504001548FEF7A8FF0300002B67
:106CC0000FD013F120002060214818614FF4C060FC
:106CD000019020680090412200210020FBF7EDF890
:106CE00004E001200A4908700020206013BD000064
:106CF000D47E002000800240C88000202880002030
:106D000000F8000810F800085883002074F9000803
:106D1000C884002068D4000820F80008E0E00008DB
:106D20002B9100086F6900089083002030380240E2
:106D30000004024000080240000002400018024027
:106D4000ACF60008E8F300080DB80008C0F600082B
:106D50007B6A000810B40024B2F1200400222260F3
:106D60000022228163810268002A01D1046001E0CF
:106D70000A6814600C60006803E0018959180181F9
:106D800000680028F9D110BC7047000038B5002514
:106D9000DFF80009046804E0E07F401EE07725008A
:106DA0002468002C08D0E07F0028F5D1200024685A
:106DB000290000F002F8F4E731BD2DE9F8430600A0
:106DC0000D000027B54208D1DFF8CC38AB22DFF840
:106DD000CC18DFF8CC08FAF71FFF002D0BD028687D
:106DE000B04208D0DFF8B038AD22DFF8B818DFF8CD
:106DF000B008FAF711FF706841688888002827D129
:106E0000746808687060142216F10801D4F80480D0
:106E10004046FFF747FA0121200001F0E7F8200083
:106E2000FBF7CEF98046404680B210FA87F0B0F505
:106E3000803F08DBDFF86038BC22DFF86C18DFF831
:106E40006008FAF7E9FE18EB07072000FBF74BF99B
:106E500074681BE06068A04604684046FBF7B0F920
:106E60008146484680B210FA87F0B0F5803F08DBD3
:106E7000DFF82438CC22DFF83018DFF82408FAF7DE
:106E8000CBFE19EB07074046FBF72DF9002CE1D1AB
:106E90002900300000F085F8DFF81048208839001C
:106EA00089B2884208D2DFF8F037D222DFF8001822
:106EB000DFF8EC07FAF7B0FE2088C01B2080BFB2D5
:106EC0003800BDE8F283F8B504000D00002600206C
:106ED0005FF0000C00230027DFF8B817096814E002
:106EE000C27F91F81FE072450AD30800634607E0AD
:106EF0000022002A04D07F1C0028F1D1080063463C
:106F00000A68002A00D08C460968002910D0E2687F
:106F1000D1F814E0964509D12269D1F818E09645D8
:106F200004D18A89B4F804E07245E1D00122E0E797
:106F3000002803D01900FFF740FF8619AE4201DA9E
:106F4000022FC4DA3000F2BD70B505000E00042037
:106F5000FEF76FFE0400002C0DD131002800FFF772
:106F6000B2FFB04203DB0420FEF763FE0400002CF6
:106F700001D1002014E02021002226003000FFF77C
:106F800037FA0F20E077DFF80C0701682160046012
:106F9000142214F1080629003000FFF783F92000BD
:106FA00070BD38B505000C00DFF8E8060168A9429D
:106FB00002D1296801600DE0002C09D1DFF8D83634
:106FC00040F24512DFF8EC16DFF8D406FAF724FE9B
:106FD0002868206029000420FEF76AFE31BD2DE9F3
:106FE000F04706008946904600240125D9F8047030
:106FF0007888FBF710FB8246387810F00F00C0B29B
:10700000800051460200D2B289B292B2914202D2BD
:107010005FF0FF30D1E0C0B2BAEB000AF888FBF7AE
:10702000FAFAC004C00C80B2C000D9F80470002184
:107030003960B8801AEB000AA7F806A0F98880B278
:10704000814202D25FF0FF30B7E0706810E0B8888C
:107050008A8890424CD0B888CA8890424BD3002C82
:1070600004D0E0888A88904200D0002508680C008F
:10707000002823D04168BA888B889A42E7D23860CA
:10708000002C12D0BA88E3889A4203D38988FA8800
:10709000914202D25FF0FF308FE0C4F80090E188A7
:1070A000BA8891420AD0002508E08988FA8891427E
:1070B00002D25FF0FF3080E0C6F8049000282CD1A7
:1070C000002C1BD0B888E188884209D2DFF8C83587
:1070D0004FF4DB72DFF8E015DFF8C405FAF79CFD2A
:1070E000C4F80090E088B988884216D0002514E0E2
:1070F0005FF0FF3061E05FF0FF305EE07068002815
:1071000009D0DFF8943540F2BF12DFF8B015DFF890
:107110009005FAF781FDC6F804904046002802D198
:10712000B07FC00748D5002D40D07068002804D03B
:10713000706840688088002801D0002536E039005A
:10714000386801E039003868002805D04768C888E9
:10715000B9888842F6D00025002D27D07068002815
:1071600009D1DFF8343540F2DF12DFF85415DFF8CB
:107170003005FAF751FD70684068B84209D1DFF870
:10718000183540F2E112DFF83815DFF81405FAF788
:1071900043FD3868002809D0DFF8FC3440F2E312E0
:1071A000DFF82015DFF8F804FAF736FD002D01D0DE
:1071B000012000E0002000E00020BDE8F0872DE97C
:1071C000F84F8046D8F80450287810F00F0080005F
:1071D000C0B2142840F0A180E888FBF71CFAC00474
:1071E000C00C80B25FEAC0096888FBF714FA2978FE
:1071F00011F00F01C9B2890002000B00DBB292B29C
:107200009BB29A42C0F08980C9B2401AADF8000022
:107210004046FAF7D5FF8246DFF89064308810FACE
:107220008AF00B280CDB514689B22800FFF74BFE91
:10723000002804D0308810FA8AF00B2800DB6CE0BC
:10724000DFF850743C6800E02468002C10D0E86837
:107250006169814209D12869A169814205D1A0896A
:10726000A988884201D1012000E000200028EBD04D
:10727000002C08D1514689B22800FFF765FE0400B2
:10728000002C11D149E0E888FBF7C5F9C0040BD107
:10729000E089FBF7C0F9C00406D01422290014F1DC
:1072A000080B5846FEF7FEFFE888C0F3401515F0BE
:1072B000010595F00105EDB2002D34D0BDF80000B8
:1072C00010EB090001004A4689B292B2914204D300
:1072D00080B24FF6EC71884225DB002C09D1DFF833
:1072E000B8334FF42A72DFF8E013DFF8B403FAF78B
:1072F00093FC6068002810D13868844209D0DFF818
:10730000983340F2AB22DFF8C413DFF89403FAF7A6
:1073100083FC00212000FFF744FE4046FAF7E3FE1D
:107320000020BDE8F28F2A0041462000FFF757FEFB
:1073300010F1010FD1D031881AEB010AA6F800A094
:10734000002D09D0BDF8001011EB0909A4F81C901C
:10735000A17F51F00101A177012852D1B4F81C801E
:1073600018F114086068406805686068D0F80490F7
:10737000142214F10801CA465046FEF793FF404616
:1073800080B2FBF748F9A9F802000020A9F806002E
:107390000020A9F80A00D4F804800BE0D5F8049086
:1073A00014212800FAF752FE29004046FAF725FF7B
:1073B000D9F80050002DF1D13868844201D1002164
:1073C00007E0396800E00968002902D00868A04297
:1073D000F9D12000FFF7E5FD4046FAF7F1FE040081
:1073E0003088210089B2884206D2AB4B40F29B2202
:1073F000B749AB48FAF710FC3088041B348040468C
:107400008FE700208DE780B50520FEF712FC02BD56
:1074100010B50400002C06D19F4B4FF43172AD49DA
:107420009F48FAF7F9FB21000520FEF741FC10BD4B
:1074300038B505002C00002C06D1974B40F2CE2227
:10744000A5499748FAF7E8FBAC4206D0924B40F2C8
:10745000CF22A2499248FAF7DFFB6069002802D0E8
:107460006069FAF740FE2000FFF7D2FF31BD2DE939
:10747000F24F88B0824614005FF0000B0898008D30
:107480001438082190FBF1F0ADF80C005FF01409FE
:10749000DAF8040005900598017811F00F018900D1
:1074A000C9B2142902D07FF0050090E0BAF80A10A2
:1074B000142909DA784B4FF43F7289497848FAF772
:1074C000ABFB7FF0050082E0C088FBF7A4F8C104A5
:1074D000C90CADF80A1080B210F400500690BAF84A
:1074E0000800B0F1140807943BE0002009E01BEB12
:1074F00009090898008D1438414689B28842F4DBA6
:107500000120BDF80A10C904C90C002802D0069851
:10751000002801D051F40051080080B2FBF77BF83D
:107520000499C880BDF80800143080B2FBF773F8E6
:1075300004994880002004994881079A31000898EE
:10754000089B5B6998473000FAF7CDFDBDF808004D
:10755000B8EB0008BDF80A10BDF80C004118ADF8F2
:107560000A10404680B2002800F092804046BDF8E4
:107570000C10C90080B289B2884202D2ADF80880EE
:1075800005E0BDF80C0080B2C000ADF808004FF473
:10759000207214210E20FAF77CFB0600002E14D076
:1075A0007089142806DA3C4B40F225324D493C489C
:1075B000FAF732FB1422059974682000FEF772FE78
:1075C00070680490BDF8087008E05FF0FF3009B003
:1075D000BDE8F08F5FF00009DAF800A0380080B253
:1075E000002884D0BAF80AB0BBEB090BBAF80A003D
:1075F000494689B2884206D2274B40F22D323A4999
:107600002748FAF709FB3800594680B289B2884208
:1076100001D2BB46FFE7584680B20028DAD0FFF718
:10762000F2FE0400002C03D13000FAF75CFDCCE739
:10763000584680B20190DAF80400494689B20844FD
:10764000009023004122594689B20020FAF735FC08
:107650000500002D06D12000FFF7DAFE3000FAF712
:1076600042FDB2E75046FAF7B4FDC4F814A01F4833
:10767000206129003000FAF7C0FDB7EB0B07380096
:1076800080B20028AAD05FF00009DAF800A0A5E7D0
:1076900000209CE7388400209CCD00088CF900086D
:1076A00080E10008D4F60008E8EA0008BA84002067
:1076B000C4E600082CEF000808EB0008A4D7000877
:1076C00030F80008E8E6000898F9000828EB000800
:1076D00048EF0008A4F90008B0F90008BCF9000858
:1076E00064EF000848EB000840F800083174000817
:1076F00080B5FEF72BFE8004800CB0F58040DFF8EB
:10770000C816088001BD10B40021FFE7DFF8B826D5
:107710001088431C13804FF6FF7380B2984202D149
:107720004FF440401080DFF8A406006800E0C06815
:1077300000280BD0438A1488A342F8D1491C0800C2
:1077400080B2B0F5804FE1DB002000E0108810BC73
:10775000704770B504000D001600002C08D1DFF84A
:1077600070368722DFF86C16DFF86C06FAF754FAE9
:10777000002D08D1DFF858368822DFF86016DFF8D0
:107780005806FAF749FA207A00280BD0207ADFF859
:107790005016496891F83410491CC9B2884201D08A
:1077A000002025E0F6B2002E14D0002C10D0206866
:1077B00000280DD0DFF82816486910F1010F07D016
:1077C0002268A86802404969A86801408A420ED12F
:1077D00001200DE0002C08D02068002805D020688A
:1077E000DFF8FC154969884201D1012000E0002042
:1077F00070BD2DE9FE4F06000F000020002E08D1BD
:10780000DFF8CC35CF22DFF8DC15DFF8CC05FAF74E
:1078100003FA002F08D1DFF8B835D022DFF8C815F9
:10782000DFF8B405FAF7F8F97089082803DA3000B0
:10783000FAF759FCB5E07468DFF8A495D9F80010A0
:10784000D9F81400FAF76EFE82462088FAF7E3FEB4
:10785000ADF804006088FAF7DEFEADF80000002005
:107860005FF000080025DFF864B5DBF8004001E0B8
:10787000A046E468002C3DD0608ABDF80010884224
:10788000F6D15246D2B239002000FFF762FF00283D
:10789000EED0207C400715D4002D01D1250011E049
:1078A0005046C0B200280DD0D9F8140010F1010FD5
:1078B00008D128687968884204D0206879688842AD
:1078C00000D12500A08ABDF804108842D0D160689C
:1078D000002804D06068D9F810108842C8D1B8F1E7
:1078E000000F07D0E068C8F80C00DBF80000E0608B
:1078F000CBF80040002C00D12C00002C01D001203E
:1079000007E07868D9F81410884201D1012000E01E
:107910000020C0B2002841D008213000FAF796FBC1
:1079200000280DD0DFF8A8344FF4B872DFF8BC148B
:10793000DFF8A404FAF770F93000FAF7D4FB30E06E
:10794000002C11D0A06900280AD0BDF804000090D6
:1079500019F1100332002100E069A469A04720E07A
:107960003000FAF7C0FB1CE05FFA8AFABAF1000FA8
:1079700010D199F8140010F0F000E0280AD0B9F9FD
:107980000C10083109B23000FAF7A7FB03213000D0
:1079900000F025FB3000FAF7A6FB02E03000FAF712
:1079A000A2FBBDE8F78F7CB500280CD1DFF82034AE
:1079B0004FF42072DFF83814DFF81C04FAF72CF9C2
:1079C0007FF00F0046E000290CD1DFF8043440F2CC
:1079D0008122DFF82014DFF80004FAF71DF97FF0A8
:1079E0000F0037E0002A0CD1DFF8E43340F28222A6
:1079F000DFF80414DFF8E003FAF70EF97FF00F0068
:107A000028E0069D002D0CD1DFF8C43340F283221C
:107A1000DFF8E813DFF8C003FAF7FEF87FF00F0095
:107A200018E0002807D00468002C04D0047814F073
:107A3000F004E02C01D12C1D07E004686E68B4420C
:107A400002D07FF0030005E00400019400959BB292
:107A500000F001F876BD2DE9FE4F06009846002E95
:107A60000CD1DFF86C3340F2D122DFF89413DFF849
:107A70006803FAF7D1F87FF00F00ACE00D00002D9D
:107A80000CD1DFF84C3340F2D222DFF87813DFF864
:107A90004803FAF7C1F87FF00F009CE01400002CB7
:107AA0000CD1DFF82C3340F2D322DFF85C13DFF87F
:107AB0002803FAF7B1F87FF00F008CE0DDF834907E
:107AC000B9F1000F0CD1DFF808334FF43572DFF84D
:107AD0003C13DFF80403FAF79FF87FF00F007AE019
:107AE0000C9F002F0CD1DFF8E83240F2D522DFF8EE
:107AF0002013DFF8E402FAF78FF87FF00F006AE056
:107B0000708A00280AD1728A3100300000F065F8CE
:107B1000010049B2002901D040B25CE02889083058
:107B2000298980B2884202D25FF0FF3053E00821F9
:107B30002800FAF786FA002814D04FF420720821A2
:107B40002220FAF7A6F88246BAF1000F02D15FF0C0
:107B5000FF3040E02889002805D029005046FAF778
:107B600088FB00E0AA46BAF80A00082807D2984B1A
:107B700040F20E32DFF89C129748FAF74DF8DAF827
:107B800004B0708AFAF747FDABF80000404680B2B7
:107B9000FAF741FDABF802000020ABF80600BAF896
:107BA0000800FAF738FDABF804001120F37A0297C9
:107BB000C0B20190B07A0090DBB222004946504634
:107BC000FDF767F80400AA4503D05046FAF78BFA90
:107BD0000020200040B2BDE8FE8FF8B505000C0083
:107BE000002C00D18C4C002D09D1794B40F2B732DA
:107BF0008A497948FAF710F87FF00F0042E0002632
:107C0000724F386800E0C068002802D08542FAD17F
:107C10000126100080B2002809D1FFF774FD020090
:107C2000100080B200281FD17FF007002AE03868DA
:107C300000E0C068002817D08542FAD0418A1300BE
:107C40009BB29942F5D101682368994209D0002C72
:107C500007D02168002904D0002802D0016800293B
:107C6000E7D17FF007000DE0002C01D1002000E0FB
:107C7000206828606A82F6B2002E02D13868E86077
:107C80003D600020F2BD70B505000C001600002D0F
:107C900009D14F4B40F2354261494F48F9F7BCFFDB
:107CA0007FF00F0032E0002C09D1494B40F2364200
:107CB0005C494948F9F7B0FF7FF00F0026E0688A79
:107CC00000280AD16A8A29002800FFF786FF0100F0
:107CD00049B2002901D040B218E0002C01D10020A7
:107CE00000E020686860AE82287C50F004002874B0
:107CF0003649086800E0C068002803D08542FAD100
:107D0000002003E00868E8600D60002070BD80B5C9
:107D1000002807D12E4B40F28A4243492E48F9F7FA
:107D20007BFF01E08161C26101BD80B501000029D6
:107D300007D1274B40F2A1423C492748F9F76CFF95
:107D400017E0224802688A4203D10268D2680260C2
:107D50000CE0026800E0D268002A07D0D068002852
:107D6000F9D0D0688842F6D1C868D0600020FDF70D
:107D70009FFF01BD38B50020FDF75BFF0400002C1C
:107D800007D02021002225002800FEF731FBFF202C
:107D9000E072200032BD10B4002813D00268002A1F
:107DA00010D000290ED00A68002A0BD0074A1268AA
:107DB00006E013680468A34201D10B681360D2681F
:107DC000002AF6D110BC70479A000020B084002031
:107DD000A4D3000894E90008E0E5000808E60008DC
:107DE000E8830020B0F50008C8F20008E4F20008BB
:107DF00000F300081CF3000808EE000828EE000855
:107E000048EE000868EE0008B8E90008DCE9000860
:107E100000EA00082CDD0008A0FA0008C8F50008F8
:107E200038F3000854F30008E0F50008F8F50008FE
:107E30002DE9FE4F06000D00924FD7F808A09AF8E2
:107E4000000010F00F005FEA80095FFA89F94846E8
:107E500080B2142803DA3000FAF745F916E0708989
:107E60000428F8D3706800780100C9B2002902D054
:107E7000082901D091E0AEE017F11408387D10F028
:107E8000F000E02804D13000FAF72DF9BDE8F78FB3
:107E900039687869FAF746FB0028F4D13089082858
:107EA000D9D3494689B20E313000FAF7CAF8002812
:107EB00064D0318919EB01010800328980B2904207
:107EC000E1D34FF4207289B20E20F9F7E2FE0400EC
:107ED000002CD8D06089494689B20831884203D243
:107EE0002000FAF700F9CEE74A4692B2D4F804B07F
:107EF00051465846FEF7D6F9494689B22000FAF7AE
:107F0000A5F8002809D0604BB62260496048F9F70F
:107F100083FE2000FAF7E7F8B5E731002000FAF712
:107F2000B1F9002803D02000FAF7DDF8ABE7300004
:107F3000FAF7D9F8260074681FFA89F94946300023
:107F4000FAF77FF8002818D17068D8F80010C160DF
:107F5000396901610021217000216180FF210172D6
:107F60000021418102950120019000200090FF2313
:107F7000002241463000FCF774FE2CE0494689B2ED
:107F80000E313000FAF762F80028D4D03E4BC722F9
:107F900040493F48F9F740FE75E70100C9B203299F
:107FA00019D00100C9B20B2915D00100C9B20C29A2
:107FB00011D00100C9B204290DD00100C9B20529B0
:107FC00009D00100C9B20D2905D00100C9B20E299E
:107FD00001D0C0B211283000FAF785F856E780B515
:107FE0000A00D2B2032100F008F801BD80B50A00F2
:107FF000D2B20B2100F001F801BD2DE9F84384B0A5
:108000000700884691464FF4207224212220F9F778
:1080100040FE0400002C32D06089242806D21A4B7E
:1080200040F269121C491A48F9F7F6FD7E68656846
:1080300085F8008085F801900020A8800020E88065
:108040001C227968606810F108073800FEF72AF9E9
:10805000F068039003A8FCF7AFFC00280CD00021C7
:10806000698002900120019000200090FF2303AA64
:1080700000212000FCF7F5FD2000FAF734F805B0E8
:10808000BDE8F083E8830020F0CE00086CD700083C
:1080900008E1000824D9000888DD0008C9B2027888
:1080A0008A421AB11CBF10F8012FF9E718BF00204F
:1080B0007047000080B500B906A005490B681BB1E8
:1080C00022220021984701E003F09FFD222002BDFB
:1080D000B4840020636F6E73747261696E7420687B
:1080E000616E646C65723A20626164206D657373C1
:1080F0006167650000F10103810704D010F8011BDE
:10810000820781B1FAD10268A2F10131914311F0E5
:10811000803104BF50F8042FF6E709BAB1FA81F1B3
:1081200000EBD100401CC01A70470000C9B28307A1
:1081300006D0521E22D310F8013B9942F7D11FE01E
:10814000083A13D302F1040241EA012141EA014154
:1081500050F8043B121F21BF4B40A3F1013C2CEA15
:10816000030C1CF0803FF3D0C9B2001F083210F896
:10817000013B521E28BF91EA030FF8D818BF012017
:10818000401E7047BBBBE1B1B2F5803F80F07E80FE
:10819000022A1ED98C46B1FBF2F102FB11C31B046B
:1081A00043EA1043B3FBF2FC02FB1C3380B240EA0B
:1081B0000343B3FBF2F002FB103240EA0C40002311
:1081C0007047022A05D98446B0FBF2F002FB10C2C8
:1081D00070474AB105D100F0010249085FEA30005A
:1081E000704700220023704703F012BD0B0002000D
:1081F000002100207047904271EB030CF6D3B3F5D9
:10820000803F2FD2F0B5B3FA83F7B1FA81F4A7F12A
:108210000F0E3D1B5340CEF1200602FA0EF2F34141
:108220005340B5F10F0746D80F3C2C444140C4F1F0
:108230002006A040F1414140B1FBF3F603FB1611CB
:10824000A2FB0645001BA94102D2761E80185941A7
:1082500080EA010221FA0EF362FA0EF200215A407E
:108260003046F0BD30B4B1FBF3FC03FB1C11A2FBA4
:108270000C45001BA94103D2ACF1010C80185941F7
:1082800030BC02460B46604600217047B2F1807F49
:1082900065D3F0B5B2FA82F7B1FA81F4C7F10F06EF
:1082A0003D1B22FA06F307F1110EF24120355A4028
:1082B000B5F10F07B8D94140C4F12006A040F14103
:1082C0004140B1FBF3FC03FB1C11A2FB0C45001B5E
:1082D000A94103D2BCF1010C801859410F2F12D3D0
:1082E0000F3FC90341EA5041B1FBF3F603FB1611FE
:1082F000A2FB0645D4EBC030A94102D2761E8018FD
:10830000594146EACC3C07B34140C7F12006B8408A
:10831000F1414140B1FBF3F603FB1611A2FB064508
:10832000001BA94102D2761E8018594180EA010241
:1083300021FA0EF3C7F1200462FA0EF20CFA07F0EC
:108340005A402CFA04F13043F0BD80EA010221FAD0
:108350000EF3002162FA0EF260465A40F0BD8C46E0
:10836000B1FBF2F102FB11C31B0243EA1063B3FB42
:10837000F2FC02FB1C331B024CEA002043EA1063B0
:10838000B3FBF2FC02FB1C331B024CEA002043EA65
:108390001063B3FBF2FC02FB1C331B024CEA00200F
:1083A00043EA1063B3FBF2FC02FB1C324CEA0020F0
:1083B00000237047B0B581EA030C0CF0004C40F28A
:1083C000FF7515EA11541DBF15EA1357AC42AF42B1
:1083D00039E0E41923EA455343F48013C90241F01C
:1083E000004141EA505EC7021100A7FB02020028CB
:1083F0004FF00000EEFB01204FF00001E3FB0721EE
:1084000018BF42F00102401800214941E3FB0E0170
:10841000A4F580640F0302D252004041494154F157
:1084200001046CDD470872F1004250F1000051EB8D
:108430000451A1F580115CBF41EA0C01B0BD4CEACA
:1084400005510020B0BD05EA1357AC4214BFAF423E
:1084500041E050EA410E1CBF52EA430E02E0614681
:108460000020B0BD24423C441BD15FEA070EF6D089
:10847000090302BF01460020AEF1140EB1FA81F7E4
:10848000AEEB070401FA07FE0C37C7F1200100FA32
:1084900007F7C8404EEA000E23EA455343F4801321
:1084A000A2E733F00043B3FA83F704BFB2FA82FEC7
:1084B00077440B3FE41BB7F1200E2FBF02FA0EF3F7
:1084C000BB40C7F1200E22FA0EFE38BF43EA0E036E
:1084D000BA40641C82E750EA410E14BF52EA430ED0
:1084E0006FF000014FF4001717EB430F8ABF1946D6
:1084F00017EB410FB5E74CEA05510020B0BDD4F1B0
:108500000104B4F120070FDAC4F12007520828BF94
:1085100042F0010210FA07F501FA07F7E1BF2A431A
:10852000E0403843E1400FE0352C98DCC7F12004EF
:1085300052EA400220FA07F218BF42F0010231FA73
:1085400007F0A1400A43002172F1004250F10000FF
:1085500051EB0C01B0BD000010B5144600F002F85C
:10856000226010BDC1F30A5343B14A0012F5001F47
:1085700028D2A3F2FE32A1EB0251704750EA410C1F
:1085800020D001F0004C31EA0C01B1FA81F204BFB5
:10859000B0FA80F3D2180B3AB2F120032CBF00FAE4
:1085A00003F1914041EA0C013EBFC2F1200C20FAD8
:1085B0000CF319439040524240F2FD33D21A01EBC2
:1085C00003517047002270474FF4001C1CEB410F11
:1085D00094BF1CEB430F09E041EA030C50EA4C0C3A
:1085E00052EA0C0C03D2994208BF9042704714BF64
:1085F0008B428242704700004FF4001C1CEB410F7D
:1086000094BF1CEB430F09E041EA030C50EA4C0C09
:1086100052EA0C0C03D28B4208BF8242704714BF4F
:108620009942904270470000124254D440F2FF7CBD
:108630001CEA11530FD0634531D09B1863453CBFF2
:1086400001EB0251704701F0004141EA0C5100205A
:10865000AFF30080704750EA410320D001F0004C96
:1086600091EA0C011CD0B1FA81F30B3B9A420DD96F
:10867000D21A994051EA0C01C3F1200C20FA0CFCEB
:1086800061449840531C40F2FF7CD7E7914041EA97
:108690000C01C2F1200C20FA0CF3194390407047F2
:1086A000B0FA80F31533202BE0D3202AEED3203A02
:1086B000203B9A4209D9D21A00FA03F141EA0C018F
:1086C0000020531C40F2FF7CB8E700FA02F141EAB7
:1086D0000C0100207047524240F2FF7C1CEA11530B
:1086E0000DD06345DBD0B2EB030C3CBFA1EB0251D4
:1086F00070470CF1010221EA035141F4801150EA64
:10870000410CCCD001F0004C352A27DC30B481EA92
:108710000C01B2F1200309DAC2F12003044601FA88
:1087200003F5D0402843D1409C400CE0C3F1200227
:10873000450020FA03F418BF44F0010421FA03F0C5
:1087400091400C43002174F1004550F1000051EBC1
:108750000C01244230BC7FF47BAF7047614600209F
:1087600076E70000C1F30A5340F2FE329B1A14DD93
:10877000D3F120034FEAE17208DDC90241EA50510A
:1087800041F00040D84080185040704703F2E1307B
:1087900010B1D24382F000407047002070470000C3
:1087A000C11768B14840401AB0FA80F29040D21C1C
:1087B000C907C2F5846241EA025202EBD0214005AA
:1087C0007047000070B44FF0004591EA030F43F189
:1087D00021826B40841A71EB030603D2001BB14166
:1087E000121973414FF4001C1CEB410F34BF7CEB9A
:1087F000430442E00C0DA4EB1356352E4FDC45EA42
:10880000C323DB0A45EAC121C912B6F120050DDDFB
:1088100063FA05F6EB4086EA0305124218BF45F0FD
:108820000105C01851F100010CD213E062FA06F5FF
:10883000F2405540F3415A40B340F3405A4080184B
:10884000594107D349085FEA30005FEA350528BF80
:1088500045F0010501F58011420875F1004250F123
:10886000000041EB04514E0016F5001F70BC38BFEC
:1088700070470020090D090570471CEB410F10D20D
:1088800052EA43060BD0BCEB410F05D80C0DAB43AD
:10889000661E342EB6DD02E0AB438018594170BC31
:1088A000704770BC70470000F0B540F2FF7581EA78
:1088B000030C0CF0004C15EA11541DBF15EA1357B8
:1088C000AC42AF42E5E0BC41C1F31301C3F3130373
:1088D000801A994143F4801304D2641E4000494138
:1088E00080185941C90241EA5051B1FBF3F603FB2C
:1088F0001611A2FB0675D7EBC020A94102D2761E45
:1089000080185941C90241EA5051B1FBF3FE03FB03
:108910001E11A2FB0E75D7EBC020A94103D2AEF108
:10892000010E80185941890241EA9051760546EAC4
:108930008E2EB1FBF3F603FB1611A2FB0675D7EBE7
:108940008020A94102D2761E80185941C90241EA0D
:1089500050514EEA060EB1FBF3F603FB1611A2FBD3
:108960000675D7EBC020A94102D2761E8018594166
:10897000C90241EA5051B1FBF3F703FB1711A2FB07
:108980000735D3EBC020A94167F100070CBF0042B7
:1089900047F0010766F3D5274FEA1E31B80814F5F2
:1089A000806412DDBD0775F1004250EB0E5051EBB3
:1089B000045111F5801F5CBF41EA0C01F0BD4CF081
:1089C0007F6141F0E0410020F0BDBD076D0840EA45
:1089D0000E5041F48011D4F10104B4F120060ADAFA
:1089E000C4F120060200E04001FA06F3E14018431A
:1089F000B24015430EE0342C13DCC6F1200445EAE6
:108A000040056D0820FA06F2154321FA06F0A14050
:108A10000D43002175F1004250F1000051EB0C01B3
:108A2000F0BD00205FEA0C01F0BDCFB992185B41A8
:108A3000B3FA83F704BFB2FA82F6BF190B3FB7F15E
:108A400020062FBF02FA06F3BB40C7F1200622FA28
:108A500006F638BF3343BA401CB1E419641E33E74D
:108A60007F4231F00041B1FA81F404BFB0FA80F6E0
:108A7000A4190B3CB4F120062FBF00FA06F1A14067
:108A8000C4F1200620FA06F638BF3143A0403C1B53
:108A90001AE7AC421ABF05EA1357AF4212E050EA98
:108AA00041061CBF52EA4306BFE750EA4107304681
:108AB00061461CBF41EA0551F0BD52EA430C08BFB4
:108AC000C143F0BD00204FF4001616EB410F98BFD4
:108AD00016EB430F08BF16EB410F24BFC14305E05F
:108AE00016EB430F0CBF61464CEA0551F0BD000088
:108AF000400D491840EA81200CD2490DA1F5806152
:108B0000491C40F0004005DBD1F11F0154BFC840B3
:108B1000C017704700207047014648B1B0FA80F195
:108B20008840C91CC1F58461090501EBD0214005CD
:108B300070470000004870474800002070B50400EE
:108B40001825DFF8386A05FB04F03058002808D0F3
:108B500005FB04F03058F9F7C6FA002005FB04F1D4
:108B6000705000206C4306EB0401087570BD10B511
:108B700000241EE002FB04F01844007D012817D1F8
:108B800002FB04F01844011D02FB04F203EB020097
:108B9000806800F0EDFC0BE002FB04F01844007D5F
:108BA0000428E7D1022002FB04F203EB020108755E
:108BB000641C0A2C36DA1822DFF8C03902FB04F0F4
:108BC0001844007DC0B20028F2D002FB04F0184423
:108BD000408A401C02FB04F11944488202FB04F065
:108BE0001844408AB0F5967F0BDA02FB04F0184473
:108BF000007D012809D102FB04F01844408A0528B1
:108C000003DB2000FFF79AFFD2E702FB04F01844D1
:108C1000007D0328C0D1042002FB04F203EB020113
:108C20000875C5E710BD2DE9F74F82B00A20ADF8F1
:108C300004000A20ADF802005FF00A0800200A20B4
:108C4000ADF80000002400260025002722E05FFA8E
:108C500089F9B9F1020F1CDB17FB0AF05844408A6E
:108C6000290089B2884214D3ADF8027017FB0AF0CC
:108C70005844458A0DE017FB0AF05844408A3100F9
:108C800089B2884205D3ADF8047017FB0AF0584446
:108C9000468A7F1C380000B20A2859DA5FF0180AA9
:108CA000DFF8D8B817FB0AF0584490F81490404603
:108CB00000B20A2805D14846C0B2002801D1B84602
:108CC000E7E74846C0B20028E3D04846C0B20128D2
:108CD0000DD04846C0B2022809DADFF8A4384FF4B4
:108CE0009272DFF8A018DFF8A008F8F795FF029855
:108CF000002811D00298006817FB0AF1594449680E
:108D0000884209D1049800281FD0049817FB0AF163
:108D100059448968884218D04846C0B2012896D183
:108D200017FB0AF05BF800000028A4D017FB0AF03C
:108D30005844408A210089B28842AAD3ADF8007015
:108D400017FB0AF05844448AA3E7380000B270E0E9
:108D50009DF80C00810705D4414609B20A2904D1C7
:108D6000C00702D45FF0FF3063E0404600B20A283B
:108D700029DBBDF902000A285EDABDF90280DFF8BE
:108D8000FC07182118FB01F14058002809D0DFF832
:108D9000F03740F26D12DFF8F417DFF8EC07F8F760
:108DA0003BFF404600B20A2809DBDFF8D43740F227
:108DB0007F12DFF8DC17DFF8D007F8F72DFF404609
:108DC00000B2FFF7BBFE404600B20A2809DBDFF81D
:108DD000B03740F28312DFF8B817DFF8AC07F8F7C6
:108DE0001BFF1824DFF8945718FB04F02844007D7B
:108DF000002809D0DFF8883740F28512DFF8941791
:108E0000DFF88407F8F708FF0298002805D018FB60
:108E100004F0284402990968416018FB04F02844D2
:108E20000021418218FB04F02844049981604046E7
:108E300000B205B0BDE8F08FBDF904000A2802DADF
:108E4000BDF90480ADE7BDF900000A2802DABDF9DA
:108E50000080A6E75FF0FF30EBE72DE9F84306005E
:108E60000C0015001F0096F83000062809D0DFF826
:108E7000103740F2A912DFF82017DFF80C07F8F7D7
:108E8000CBFE002C0DD0206800280AD031002068CD
:108E9000F9F748FB002804D1207810F0F000E02812
:108EA00002D17FF00F0045E032003900C9B2200046
:108EB000FFF7B9FE0400200000B2002802D5200010
:108EC00040B237E01827DFF8B48614FB07F04044BF
:108ED0000221017514FB07F0404486600622290038
:108EE00014FB07F0404410F10C094846FDF7DAF98D
:108EF00014FB07F040440021418214FB07F058F8AE
:108F00000000002815D014FB07F058F8009000204E
:108F100014FB07F148F801004FF4006000902B00AB
:108F200016F12A024946300002F084FF4846F9F75C
:108F3000DAF80020BDE8F28338B50400002514E01B
:108F40001821DFF8382601FB05F01044007DC0B27F
:108F5000002809D001FB05F102EB01008068A04266
:108F600002D12800FFF7EAFD6D1C0A2DE8DB31BDB8
:108F7000F8B586B007000C00002C0AD1DFF80036E7
:108F800040F28A22DFF81816DFF8FC05F8F744FEF5
:108F900060E07E683088B0F5807F08D1307906289F
:108FA00005D17079042802D17088082803D03800D0
:108FB000F9F799F84EE0042216F10E0104AD2800ED
:108FC000FDF770F9042216F1180105AD2800FDF730
:108FD00069F96068002801D1002506E005986168FC
:108FE000884201D1012500E000252800C0B20028F8
:108FF00001D0012300E00223DBB216F1080204A92C
:109000002000FFF72AFFF088B0F5807F03D0B0F58D
:10901000007F17D01BE0EDB2002D12D0022003908C
:1090200004A8029016F108000190201D009014F190
:109030002A0316F1080214F12A01200000F013FAA5
:10904000FFE704E004A9200000F0C0FDFFE73800BE
:10905000F9F749F807B0F0BD2DE9FC4180460C0056
:1090600017001825DFF814653800C0B26843304493
:10907000007D022809DADFF8083540F2EF22DFF838
:109080002415DFF80405F8F7C7FD3800C0B26843BF
:109090003044007D022837D13800C0B268433044E4
:1090A000408A40F21D11884210DB3800C0B268438C
:1090B0003044011D404600F05BFA002824D13800FE
:1090C000C0B268433044032101751DE03800C0B2CE
:1090D00068433044408AB0F5877F15DB3800C0B262
:1090E0006843304410F10C023800C0B26843304489
:1090F000011D404600F02CFA002805D13800C0B20E
:1091000068433044032101754FF400600090FFB2C2
:109110006F4306EB070010F10C0318F12A0221003F
:10912000404602F087FEBDE8F681FEB504000D0062
:1091300016003700002C09D1DFF8443440F21E320B
:10914000DFF85C14DFF84004F8F766FD002D09D164
:10915000DFF82C3440F21F32DFF84C14DFF828041B
:10916000F8F75AFD002E09D1DFF814344FF4487295
:10917000DFF82814DFF81004F8F74EFD21003068FE
:10918000F9F7D0F900280BD0DFF820344FF4006055
:10919000009014F12A022900200002F04BFEFEBDCF
:1091A000307810F0F000E02815D101208DF804008F
:1091B00000208DF805005E208DF80600707810F014
:1091C0007F008DF80700B0788DF80800F0788DF8F2
:1091D000090001ABDAE73168A06801406268A06865
:1091E000024091420AD0306880B24FF6A9618842AD
:1091F00004D0E06800281FD014F10C071820DFF815
:10920000B013DFF878330A7842431A44127D022AF9
:1092100015DB0A7842431A449268A2420FD13A6899
:109220000E7846431E447668B24208D10A78290077
:109230002000FFF711FFB2E77FF00300AFE7002245
:1092400000E0521C1600F6B20A2E1FDA1600F6B223
:1092500046431E44367D022EF3DB1600F6B246432B
:109260001E44B668A642ECD13E6894465FFA8CFC78
:1092700000FB0CFC9C44DCF804C06645E1D10A709C
:10928000D2B229002000FFF7E7FE88E72A00390064
:10929000200000F001F882E72DE9FE4F82460D0024
:1092A00014001AF12A0001905FF0FF3B002651469E
:1092B0002868F9F737F9002809D1287810F0F0006C
:1092C000E02804D0002D02D02868002802D17FF0C9
:1092D0000F00C6E0524601212800FFF7A4FC07005A
:1092E000380000B2002802D5380040B2B9E038009A
:1092F00000B27F2806D3A24B40F2C132AD49A2484A
:10930000F8F78AFC5FF01808DFF870923800C0B2F6
:1093100008FB00F04844007D00280ED101263800EB
:10932000C0B208FB00F04844012101753800C0B20A
:1093300008FB00F04844C0F808A03800C0B208FBA1
:1093400000F04844007D01280ED03800C0B208FB70
:1093500000F04844007D022806DA894B40F2CF3203
:1093600095498948F8F758FC002E01D1002C09D105
:109370002900504600F0FCF88346002C02D15846E4
:1093800040B26EE0002C06D17D4B40F2E1328649BE
:109390007D48F8F741FC3800C0B208FB00F04844B3
:1093A000007D022812DB824807704FF400600090B5
:1093B000FFB208FB07F709EB070010F10C03019A55
:1093C0002100504602F036FD834648E03800C0B226
:1093D00008FB00F04844007D012840D1002625000C
:1093E00000E02D68002D11D068892989884209D1B3
:1093F0002868002806D0624B40F2F1326F4962487B
:10940000F8F70AFC287B4006EBD50126002E07D092
:1094100022004FF420710E20F9F72EF8040002E02C
:109420002000F8F7D6FE002C17D03800C0B208FB99
:1094300000F059F80000002807D03800C0B208FB3F
:1094400000F059F80000F8F74EFEFFB208FB07F7EE
:1094500049F807405FF0000B01E05FF0FF3B584622
:1094600040B2BDE8FE8F2DE9F14F82B089469046AB
:109470009B4600208DF804000298002806D1404B3E
:1094800040F2574246494048F8F7C6FB4FF4207275
:109490001C210E20F8F7FDFB0400002C02D15FF028
:1094A000FF3053E060891C2806DA354B40F26342F6
:1094B00043493548F8F7B0FB0F98676880B2F9F771
:1094C000AAF8F880029890F83000062806D02C4BB5
:1094D00040F26A423B492C48F8F79EFB0E9DDDF8AE
:1094E00034A00C9E5946062217F1080B5846FCF78B
:1094F000D9FE0622514617F1120A5046FCF7D2FE59
:109500000422310017F10E063000FCF7CBFE0422D6
:10951000290017F118052800FCF7C4FE4FF48070ED
:10952000388008207880062038710420787140F651
:109530000600009043464A462100029802F07AFC59
:109540002000F8F7D0FD00209DF90400BDE8FE8F53
:10955000F8B50123039302911B490191011D00916C
:1095600010F12A0310F12A01FFF77DFF05B000BDBD
:1095700080B50E4AFFF7ECFF02BD0000007D002021
:1095800028CD0008C4D5000868E00008D0F3000822
:1095900098F600085CDD0008A0E60008D0F7000897
:1095A000E0F70008ECDA000868F9000870FA000833
:1095B000C7840020F0F7000890E0000810EF0008D2
:1095C000BCD80008FCD4000878FA000870B5DFF8B1
:1095D000F449207800282ED1DFF8EC5928680028BB
:1095E00008D0DFF8E839E522DFF8E419DFF8E4090C
:1095F000F8F712FBFEF7BEFB28602868002802D1AE
:109600005FF0FF301BE02868407A50F020002968A6
:109610004872DFF8C469442231002868FEF7DDFA99
:10962000432231002868FEF72EFB0022DFF89C1A47
:109630002868FEF76CFB2078401C2070002070BD6D
:1096400010B5DFF880492078002808D1DFF87C3990
:10965000FF22DFF87C1ADFF87C09F8F7DDFA2078C2
:10966000401E20702078002806D1DFF85C49206871
:10967000FEF75BFB0020206010BD10B50400606A9F
:109680000C2100F029FEDFF850190B000A00200021
:10969000FCF7ECFF200000F008FB10BD38B504001B
:1096A000656A0821280000F017FE002215F11C0150
:1096B0002000FFF7F1FDA879FF2802D0A879401C0F
:1096C000A8714FF4FA7080B200F2F3104FF4FA71FF
:1096D00090FBF1F0288131BD70B504000D00666A81
:1096E000DFF8F009807800280CD000203081DFF806
:1096F0000C0B8068F8F797FFB0612869F0612000D3
:1097000000F001F870BD2DE9FF410400002C0CD1E0
:10971000DFF8B83840F27712DFF8BC19DFF8B40888
:10972000F8F77AFA7FF00F00B5E0656A002D0CD1EA
:10973000DFF8983840F27912DFF8C41ADFF894089D
:10974000F8F76AFA7FF00500A5E00121280000F093
:10975000C3FD02AB03222900200001F009F9060035
:10976000002E78D077680223392217F1F001BDF876
:10977000080000F0BCFDADF80800228D17F1F001E3
:10978000BDF8080000F0EDFDADF80800042332221A
:1097900017F1F001BDF8080000F0A9FDADF80800D0
:1097A000E869F8F740FF020017F1F001BDF8080082
:1097B00000F0F8FDADF808000423362217F1F0019F
:1097C000BDF8080000F093FDADF80800A869F8F7AF
:1097D0002AFF020017F1F001BDF8080000F0E2FDD9
:1097E000ADF808000323372217F1F001BDF8080097
:1097F00000F07DFDADF808005FF000080EE0DFF836
:10980000040A4146C9B2425C17F1F001BDF80800F4
:1098100000F08EFDADF8080018F101084046C0B216
:109820000328ECD3320017F1F001BDF8080001F075
:109830006BF9DFF8A407019000944323DFF8942A22
:109840003100DFF884070068FEF705F904003000F6
:10985000F8F749FC01E05FF0FF34A879FF2802D057
:10986000A879401CA871A879062805DA012195F984
:10987000060011FA00F000E03C204FF47A7110FB72
:1098800001F080B200F2F3104FF4FA7190FBF1F0A6
:109890002881200040B204B0BDE8F08110B5DFF8A7
:1098A000600B046819E0C889002815D0C889421ED9
:1098B000CA8180B201280FD1200000F07EF80BE0B1
:1098C000088A0028EFD0088A421E0A8280B2012846
:1098D000E9D1200000F08EF82468002C16D0616ACF
:1098E0000029F9D048790028F6D0888A0028E7D0E6
:1098F000488A401C4882488A8A8A9042E0D12000E7
:1099000000F082FC200000F0D6F8E5E710BD10B5AD
:10991000DFF8EC0A046813E0018901290FD10189FD
:10992000491E0181200000F00EF808E0606A00285E
:1099300005D001890229EFDB0189491E01812468D4
:10994000002CF3D110BD10B50400606A41790C29D8
:1099500002D04179062903D1200000F0A6F92BE0BE
:10996000417901290DD18079062803DA2000FFF71B
:10997000CAFE21E0200000F047FC200000F09BF828
:109980001AE0417908290AD18079022803DA2000F7
:10999000FFF784FE10E0200000F005FA0CE04179AA
:1099A000032909D18079022803DA200000F096FB10
:1099B00002E0200000F079F910BD10B5446A617929
:1099C000012905D061790A2902D06179052910D1D0
:1099D00000F07EFAA189608A091A022091FBF0F05A
:1099E000012806DBA189608A091A022091FBF0F0A8
:1099F000E08110BD10B5446A6179012908D0617910
:109A00000A2905D06179052902D06179042910D18C
:109A100000F0E4FAA18A608A091A022091FBF0F0B2
:109A2000012806DBA18A608A091A022091FBF0F066
:109A3000208210BD38B5446A002020620020606298
:109A4000DFF89056E878002803D0DFF8B007C06848
:109A5000A0622879002804D0DFF8A0070069E0623E
:109A600002E0A06A4008E0626879002804D0DFF8CC
:109A70008C074069206304E0A26A07204243D208B1
:109A800022630869E061A879002808D0DFF86C0734
:109A90008069F8F7C8FD20620120E07101E0002034
:109AA000E071E879002805D0DFF85007C069F8F7C1
:109AB000BAFD606231BD70B50500002D0CD1DFF834
:109AC0000C3540F2E722DFF83C19DFF80805F8F71B
:109AD000A3F87FF00F0051E095F83100C0070CD4D7
:109AE000DFF8E8344FF43A72DFF81C19DFF8E404C9
:109AF000F8F792F87FF00F0040E06C6A288DB0F51F
:109B0000107F02DA5FF0FF3038E0002C0AD13420F9
:109B1000FCF7DBFA0400002C02D15FF0FF302DE0EF
:109B20006C6204E02079002801D0FFF789FD342120
:109B3000002226003000FCF75BFCFFF747FD002801
:109B400002D05FF0FF3019E00120207195F831005C
:109B5000400705D40221200000F0BEFB00200DE0EC
:109B6000280000F0A2F8010049B2002905D0280021
:109B700000F04AFB5FF0FF3000E040B270BD38B546
:109B800005006C6A002C20D0607900280AD0C01E25
:109B9000022801D9C01F06D10020A071280000F0C2
:109BA0009DFA12E011E060790D2809DBDFF81C3422
:109BB00040F26D32DFF85418DFF81804F8F72CF88B
:109BC0000020A071280000F070F831BD80B5002899
:109BD0000AD1DFF8F83340F28B32DFF82818DFF8CB
:109BE000F403F8F719F80BE0426A002A08D0537919
:109BF000082B05D10968D269914201D100F001F822
:109C000001BDFEB50600756A0C21280000F064FB5A
:109C100002AB04222900300000F0AAFE0400002C50
:109C20002ED067680423322217F1F001BDF8080036
:109C300000F05DFBADF80800E869F8F7F4FC0200FD
:109C400017F1F001BDF8080000F0ACFBADF808001A
:109C5000220017F1F001BDF8080000F055FFDFF811
:109C60007803019000964323DFF868262100D64848
:109C70000068FDF7F0FE06002000F8F734FA01E076
:109C80005FF0FF36A879FF2802D0A879401CA871A0
:109C900042F2107080B200F2F3104FF4FA7190FBB0
:109CA000F1F02881300040B2FEBD2DE9FE430500F1
:109CB0006E6A00270020F0610621300000F00CFBE6
:109CC00002AB01223100280000F052FE0400002CFB
:109CD00049D0D4F804800223392218F1F001BDF8EC
:109CE000080000F004FBADF808002A8D18F1F0011F
:109CF000BDF8080000F035FBADF80800032337225B
:109D000018F1F001BDF8080000F0F1FAADF8080014
:109D10005FF000090EE0DFF8EC044946C9B2425C8E
:109D200018F1F001BDF8080000F002FBADF80800E2
:109D300019F101094846C0B20328ECD3220018F1FA
:109D4000F001BDF8080000F0DFFEA3480190009587
:109D50004323DFF8802521009B480068FDF77BFE48
:109D60002000F8F7C0F9B079FF2802D0B079401C84
:109D7000B071B079062805DA012196F9060011FACA
:109D800000F000E03C204FF47A7110FB01F080B24B
:109D900000F2F3104FF4FA7190FBF1F030813800CB
:109DA00040B2BDE8FE833EB50400002C08D1874BCD
:109DB00040F21542DFF8B01B8648F7F72DFF86E02A
:109DC000656A002D08D1814B40F21742DFF89C1BD9
:109DD0008048F7F721FF7AE000206882A86A10F136
:109DE000010F0FD0A86A1E303C21B0FBF1F0B0F596
:109DF000803F01D34FF6FF70A882A88A002801D1C6
:109E00000120A882E86A10F1010F11D0E86A1E3023
:109E10003C21B0FBF1F0B0F5803F01D34FF6FF706D
:109E200068816889002801D1012068816889E881FA
:109E3000286B10F1010F11D0286B1E303C21B0FBB4
:109E4000F1F0B0F5803F01D34FF6FF70A881A889EB
:109E5000002801D10120A881A88928826889A989C0
:109E6000884204D3A889002801D000206881E879BD
:109E7000002802D0286A019011E0287F0100C9B2B1
:109E8000802902DAFF20019009E0C0B2C02803DB7C
:109E90007FF07F40019002E04FF6FF700190686A0A
:109EA00000900098002807D1E969019801400091CD
:109EB000009850F0807000900A21280000F00CFA01
:109EC0006B4601AA15F11C012000FCF7CFFB37BD42
:109ED0002DE9FC4105006E6A0521300000F0FCF917
:109EE00001AB03223100280000F042FD0400002CE9
:109EF00048D067680223392217F1F001BDF8040049
:109F000000F0F5F9ADF804002A8D17F1F001BDF865
:109F1000040000F026FAADF804000323372217F1FD
:109F2000F001BDF8040000F0E2F9ADF804005FF0C4
:109F300000080DE0B3484146C9B2425C17F1F00198
:109F4000BDF8040000F0F4F9ADF8040018F10108C0
:109F50004046C0B20328EDD3220017F1F001BDF84E
:109F6000040000F0D1FD0095432316F118022100F2
:109F7000DFF8340B0068FDF716FD05002000F8F748
:109F8000B2F801E05FF0FF35B079FF2802D0B07978
:109F9000401CB071B0790A2805DAB0794FF4FA6143
:109FA00010FB01F001E044F6206080B200F2F310F3
:109FB0004FF4FA7190FBF1F03081280040B2BDE817
:109FC000F6810000C68400202C84002010CE0008FA
:109FD00040E0000818E00008A0FA00082DE9FC4164
:109FE00005006E6A0421300000F076F901AB03220F
:109FF0003100280000F0BCFC0400002C47D067684A
:10A000000223392217F1F001BDF8040000F06FF9C6
:10A01000ADF804002A8D17F1F001BDF8040000F03E
:10A02000A0F9ADF804000323372217F1F001BDF8C1
:10A03000040000F05CF9ADF804005FF000080DE0EA
:10A0400070484146C9B2425C17F1F001BDF8040006
:10A0500000F06EF9ADF8040018F101084046C0B2F6
:10A060000328EDD3220017F1F001BDF8040000F041
:10A070004BFD00954323974A2100DFF82C0A006826
:10A08000FDF791FC05002000F8F72DF801E05FF0E6
:10A09000FF35B079FF2802D0B079401CB071B0799B
:10A0A0000A2805DAB0794FF47A7110FB01F001E06B
:10A0B00042F2107080B200F2F3104FF4FA7190FB8C
:10A0C000F1F03081280040B2BDE8F6815DA80008BB
:10A0D00058E6000820840020BCEE00082DE9FC4171
:10A0E00005006E6A0321300000F0F6F801AB032290
:10A0F0003100280000F03CFC0400002C5ED06768B2
:10A100000223392217F1F001BDF8040000F0EFF846
:10A11000ADF804004FF4107217F1F001BDF804001F
:10A1200000F01FF9ADF804000423322217F1F0010A
:10A13000BDF8040000F0DBF8ADF80400F069F8F7B2
:10A1400072FA020017F1F001BDF8040000F02AF9DC
:10A15000ADF804000323372217F1F001BDF8040025
:10A1600000F0C5F8ADF804005FF000080DE02548E8
:10A170004146C9B2425C17F1F001BDF8040000F09D
:10A18000D7F8ADF8040018F101084046C0B2032822
:10A19000EDD3220017F1F001BDF8040000F0B4FC8B
:10A1A000009543234B4A2100DFF8FC080068FDF7C7
:10A1B000FAFB05002000F7F796FF01E05FF0FF359E
:10A1C000B079FF2802D0B079401CB071B0790A286C
:10A1D00005DAB0794FF47A7110FB01F001E042F238
:10A1E000107080B200F2F3104FF4FA7190FBF1F0AE
:10A1F0003081280040B2BDE8F6810000C88300200D
:10A20000D8EE000888000020FEB50600746A002C15
:10A210005FD0607900285CD0A06902900020A06126
:10A220000020E061002020620020606200202063A6
:10A23000E062A0620020A08260822082E081300083
:10A2400000F081FC002832D001AB07222100300051
:10A2500000F08EFB0500002D29D06F680423362204
:10A2600017F1F001BDF8040000F041F8ADF804006A
:10A270000298F8F7D8F9020017F1F001BDF80400D0
:10A2800000F090F8ADF804002A0017F1F001BDF8D5
:10A29000040000F039FC0096432302AA2900DFF8ED
:10A2A00008080068FDF77FFB2800F7F71CFFDFF8C0
:10A2B000FC170B000A003000FCF7D8F90021200041
:10A2C00000F00AF82079002803D0FFF7B9F9002040
:10A2D0002071F7BDA4FA00080A004379D2B29A426D
:10A2E00004D0417100218171002101817047F8B5CE
:10A2F00004000D0016001F003800C0B210FA84F0F0
:10A30000801C452809D3DFF8A83740F29A52DFF8BD
:10A31000A417DFF8A407F7F77FFC200080B22E54C3
:10A32000641C200080B22F54641C200080B2F2BD57
:10A3300070B504000D001600200080B2442809D337
:10A34000DFF86C3740F2A652DFF87017DFF86807C5
:10A35000F7F762FC200080B22E54641C200080B20B
:10A3600070BD70B504000D001600200080B2801C86
:10A37000452809D3DFF8383740F2AE52DFF84017EE
:10A38000DFF83407F7F748FC300080B2000A2100FC
:10A3900089B26854641C200080B22E54641C2000D2
:10A3A00080B270BD70B504000D001600200080B2B0
:10A3B000001D452809D3DFF8F83640F2B752DFF820
:10A3C0000417DFF8F406F7F727FC3000000E210031
:10A3D00089B26854641C3000000C210089B26854B2
:10A3E000641C3000000A210089B26854641C2000FB
:10A3F00080B22E54641C200080B270BD00000000AA
:10A400006C840020C0F700087CE6000834F60008E1
:10A410002DE9F14F86B00020039000200290082122
:10A420000022DFF8A4462000FBF7E2FF06984089EF
:10A430002C2802D27FF001000DE206984068F0253A
:10A440000698018903E0002003906C25EC21069C0E
:10A4500004E060892D1A6089091A2468002C04D050
:10A460002800628980B29042F3D2002C02D17FF0A2
:10A470000100F0E1A946ADF800106068049001E029
:10A4800060680490002C00F0C1814846BDF80010BF
:10A4900080B2884280F0BA810498494689B2405C13
:10A4A000FF2800F0B3810498494689B2415C00203E
:10A4B0005FF0FF3719F1020840464A4680B292B277
:10A4C000904202D27FF00100C5E1484680B2401CB4
:10A4D0006289904205DA04984A4692B21044407864
:10A4E00007E02068002803D020684068007800E07A
:10A4F000002006000A00D2B2002A12D0012A13D08E
:10A50000032A24D0332A38D0342A49D0352A6BD0B4
:10A51000362A7CD03A2A00F08D803B2A00F09D80BC
:10A52000AEE000200600ACE00200D2B2042A0CD05B
:10A53000DFF87C3540F22E62DFF89015DFF8780501
:10A54000F7F76AFB7FF0050085E1062799E004260E
:10A5500002003300D2B2DBB29A420CD2DFF850359F
:10A5600040F23362DFF86815DFF84C05F7F754FB6B
:10A570007FF005006FE1072783E00200D2B2042AD2
:10A580000CD0DFF82C3540F24162DFF84015DFF8DF
:10A590002805F7F741FB7FF005005CE1032770E039
:10A5A0000200D2B2012A0CD0DFF8043540F24F622B
:10A5B000DFF82015DFF80005F7F72EFB7FF0050028
:10A5C00049E12A0092B2F02A0CD0DFF8E43440F2DC
:10A5D0005162DFF80415DFF8E004F7F71DFB7FF0A8
:10A5E000050038E100274CE00200D2B2012A0CD06D
:10A5F000DFF8BC3440F25562DFF8D814DFF8B80455
:10A60000F7F70AFB7FF0050025E1012739E002009A
:10A61000D2B2042A0CD0DFF8983440F25962DFF845
:10A62000AC14DFF89404F7F7F7FA7FF0050012E1B5
:10A63000022726E00200D2B2042A0CD0DFF87034E0
:10A6400040F25D62DFF88414DFF86C04F7F7E4FA97
:10A650007FF00500FFE0042713E00200D2B2042AD5
:10A660000CD0DFF84C3440F26162DFF86014DFF8A0
:10A670004804F7F7D1FA7FF00500ECE0052700E089
:10A680000026C9B2002902D119F1010998E00100A0
:10A69000C9B211FA89F1891CB1F5803F02DB7FF064
:10A6A0000100D8E0C0B2801C10EB09093000C0B234
:10A6B000002800F085800020019021E03000C0B229
:10A6C000052859DB3000C0B2042190FBF1F201FBF8
:10A6D0001200002840D101200AF807000198F7F77E
:10A6E000A2FFDFF8F81341F82700361F18F1040025
:10A6F000010089B21FFA88F841453AD380467F1C91
:10A70000381E082809D3DFF8A8334FF4CF62DFF8EA
:10A71000D013DFF8A403F7F77FFADFF8ACA31AF839
:10A72000070000284CD13000C0B2042803DAB34639
:10A730005FFA8BFB01E05FF0040B43469BB25A4685
:10A7400092B201A92000F7F73BFE1FFA8BFB584598
:10A75000B4D07FF001007EE0DFF8543340F2816234
:10A76000DFF88013DFF85003F7F756FA7FF00500A3
:10A7700071E07FF001006EE03000C0B2042804D127
:10A780000198F7F750FF019012E0F6B2012E0CD0BD
:10A79000DFF81C334FF4D262DFF84C13DFF81803F4
:10A7A000F7F73AFA7FF0050055E09DF804000190B4
:10A7B00001200AF807000198DFF8201341F827006C
:10A7C0004846618980B28842FFF45CAE6089B9EB8B
:10A7D0000009BDF800106089091AADF8001048465C
:10A7E000BDF8001080B288420DD22468002C7FF49E
:10A7F00047AEAF4B40F29D62BC49AF48F7F70CFA49
:10A800007FF0050027E07FF0010024E0AE490878E2
:10A81000002813D0B148006800220A70012802D134
:10A82000012003900AE0022802D10120029005E0F5
:10A83000032803D1012002900120039003980028EF
:10A840007FF401AE0298002804D0002002902C254D
:10A850006C21FCE5002007B0BDE8F08F70B5150055
:10A86000A3484668746A6968002C02D020790028E1
:10A8700000D174E068892C2871DB087802286ED139
:10A88000002000E0401C020096F83030D2B29A421C
:10A890000FD20200D2B2062A0BD20200D2B2324448
:10A8A00092F82A200300DBB20B441B7F9A42E9D0C6
:10A8B00055E04868F7F7B7FE216888424FD121007C
:10A8C0002800FFF7A5FD002849D17F4840780028DF
:10A8D00045D06968814840680200D2B2052A21D17A
:10A8E000607901280ED13000FFF7A4F896F8310006
:10A8F000000703D53000FEF7D1FE30E03000FFF74F
:10A9000052FA2CE06079032805D06079042802D03F
:10A910006079052823D13000FFF78CF83000FFF76D
:10A9200042FA1CE00200D2B2062A0FD16279032A51
:10A9300008D06279012A05D06279042A02D06279AE
:10A94000052A03D13000FEF798FE08E0C0B20228C5
:10A9500005D16079062802D13000FEF7BDFE28003F
:10A96000F7F7C1FB70BD0000F4EE000888F30008A3
:10A970002DE9F04706000F0090461C00002E08D17C
:10A980004B4B40F269725B494B48F7F745F90020A1
:10A9900088E0002F08D1464B40F26A72564946487B
:10A9A000F7F73AF900207DE04FF420724FF49A71E6
:10A9B0003620F7F76EF90500002D01D1002071E077
:10A9C0006889B0F59A7F06D2394B40F272724B49D2
:10A9D0003948F7F721F94046C0B2032802D1787907
:10A9E000032809D1B879002803D1FBF7AFFC44490B
:10A9F0000860434800683860D5F804904FF49A71B5
:10AA00000022CA465046FBF7F3FC012089F80000FB
:10AA1000012089F8010096F8300089F802003868B2
:10AA2000F7F701FEC9F804004046C0B2082811D06B
:10AA30004046C0B204280DD04046C0B2072809D015
:10AA40004046C0B2032808D17879052802D0787929
:10AA5000042802D17068C9F80C00002009E0010048
:10AA600089B2314491F82A10020092B24A44117717
:10AA7000401C010089B20629F1D32248C9F8EC0034
:10AA80000123352219F1F0010020FFF730FC424686
:10AA9000D2B219F1F00180B2FFF74AFC002C00D0CD
:10AAA00020802800BDE8F0872C840020A0FA000850
:10AAB00010CE0008B8D4000818E0000834D7000809
:10AAC00044D6000880D600082084002050F90008F1
:10AAD00048F600085CF90008A0F30008C8830020CD
:10AAE0005CF60008B8F3000870F6000884F6000869
:10AAF000E8830020A8EA0008C8EA000884D5000816
:10AB0000308400206382536310B5FF230400A4B295
:10AB10000B55401C04E000230400A4B20B55401C5C
:10AB200003009BB2442B03D3030013F0030F03D0A5
:10AB300003009BB2442BEED3F030010089B2100029
:10AB4000F7F7E3F910BD002811D0416A00290ED0B3
:10AB5000406A41790A2905D04179052902D0407916
:10AB6000042801D1012000E00020C0B200E0002054
:10AB7000704700007CB50400002C01D1012054E096
:10AB8000D4F88400002805D12320C4F884002000D4
:10AB9000FBF788FF00200090DFF86C05016851F496
:10ABA00080410160006810F4804000900098DFF858
:10ABB0005C15086830F4000008600A68A068024369
:10ABC0000A6008684FF480552068405950F0010031
:10ABD0002168485100F058FE060020684059C0071F
:10ABE0000ED500F051FE801B40F2F5118842F4D3DF
:10ABF0000420C4F88800E020C4F88400012014E098
:10AC0000200000F071FB200000F0FCFB200000F0B1
:10AC10002BFC62680021200000F0D4FB0020C4F867
:10AC200088001020C4F88400002076BD38B50400E8
:10AC3000D4F88400102837D12320C4F884000420DD
:10AC4000E066200000F028F92068006850F0080055
:10AC50002168086020680568012001F027F9206854
:10AC600005602068006850F00400216808602068D2
:10AC70000568012001F01AF920680560200000F045
:10AC800047FA41F218002168095851F4005122682E
:10AC900011502168095851F00201226811502320F7
:10ACA000C4F88400002000E0012032BDF8B50500A2
:10ACB0001400002907D1D5F8880050F00100C5F82C
:10ACC0008800012058E0D5F88400232853D10022C1
:10ACD000280000F009FC002807D0D5F8880050F0C3
:10ACE0000200C5F88800012046E0BFF34F8FA86A34
:10ACF00005EB80008669A86A401CA862A86A04283F
:10AD000002D3A86A001FA862A86A05EB80008069C8
:10AD1000296841F20402885000F0B6FD070030684F
:10AD2000002826D541F214002968095889040BD55A
:10AD3000D5F8881051F00801C5F88810296808581E
:10AD4000C5F88C00012017E014F1010FE7D000F0E6
:10AD50009BFDC01B844201D3002CE0D1D5F88800B4
:10AD600050F00400C5F888005FF0405030600120CA
:10AD700002E0002000E00120F2BD2DE9F84F0500BF
:10AD80000C0000265FF0000B002C07D1D5F88800DE
:10AD900050F00100C5F8880001207BE0D5F8840060
:10ADA000232801D0012075E0EF6D05EB8700D0F876
:10ADB0004880D5F86C90D9F104094BE0D8F8000030
:10ADC000C00505D5D8F81800A867D8F81C00686732
:10ADD000D8F80000800502D4E86F002831D0D8F8F8
:10ADE0000000800503D50020286600206866D5F89D
:10ADF00014A0D8F80000C0050AD5D8F80000C0F3A8
:10AE00000D4ABAF1040AD8F8000028675FF0010B78
:10AE1000D8F80800C8F8200053469BB2D8F8202084
:10AE200015F1800115F17C00FBF794FF286E401CA2
:10AE30002866686E1AEB000AC5F864A00020C8F8FE
:10AE400020007F1C042F00D33F1F05EB8700D0F8A4
:10AE50004880761CD8F80000002805D44E4503D25F
:10AE60005846C0B20028A9D0E86E3618EE66E86EE3
:10AE7000002802D0280000F00FF8EF655FFA8BFB86
:10AE8000BBF1010F05D1E86F20600020E8670020CA
:10AE900000E00120BDE8F28F2DE9FC410500002013
:10AEA00000900126AF6E05EB8700D0F84880EC6E6D
:10AEB00014E044F2F850C8F80400BFF35F8FD8F8EC
:10AEC000000050F00040C8F800007F1C042F00D3A1
:10AED0003F1F05EB8700D0F84880641E002C21D06E
:10AEE0003000C0B200281DD0D8F8200000280DD1B5
:10AEF0006846FBF7DEFE0098002801D1002605E039
:10AF00000098C8F820000098C8F808003000C0B2C7
:10AF10000028E3D0A86D0028CBD1DFF8D404C8F80E
:10AF20000400CAE7E86EA04206D00020296841F27A
:10AF300008028850AF66EC66BDE8F381F8B50400FE
:10AF40000E001D002068006910F01C00F60216F4C7
:10AF500078460643920112F4F862164336F0020670
:10AF600056F001062068066100F08EFC070001E043
:10AF700020680669F00707D500F086FCC01BB0F515
:10AF8000803FF5D3012004E02068406980B228604A
:10AF90000020F2BD70B504000D002068006910F0BB
:10AFA0001C00ED0215F478450543920112F4F86295
:10AFB000154355F0020555F001059BB22068436129
:10AFC0002068056100F060FC060001E0206805696A
:10AFD000E80707D500F058FC801BB0F5803FF5D39B
:10AFE000012000E0002070BD002901D101207BE09C
:10AFF00002681268120912F0010281F82820026822
:10B00000126812F060024A6202681268520A12F074
:10B01000010292F0010281F8202002681268120CED
:10B0200012F00102CA7702681268520B12F0010294
:10B0300092F001028A7702681268120B12F0010284
:10B040000A770268126812F400628A610268126864
:10B0500012F480424A6102681268920D12F00102F5
:10B0600092F001024A7402681268D20D12F00102D5
:10B0700092F001020A7402681268D20912F0010209
:10B08000CA730268126812F460228A600268126849
:10B09000920A12F001020A7102689269520812F0D3
:10B0A000010281F8542002689269D20912F001026B
:10B0B00092F0010281F84C200268926912F030028D
:10B0C0000A6502689269120C8A64026892699208A1
:10B0D00012F0010281F8562000688069C00810F063
:10B0E000010081F855000020704780B5002901D18A
:10B0F000012008E0D0F88420102A03D100F01EF8C7
:10B10000002000E0012002BD443802400438014024
:10B1100038B504000020009041F21805206840591D
:10B1200050F4801021684851206840590090012057
:10B1300000F0BCFE00982168485131BDF8B504000C
:10B140000D0020680168AB480140287C002801D12F
:10B15000012300E00023687C002801D1012200E0E7
:10B160000022A87F002801D1012600E0002695F8E2
:10B170002000002801D1012700E00027920552EAB3
:10B18000C352A8680243E87F52EA0042686902435A
:10B1900052EA4632287F52EA0032A86902432879EF
:10B1A00052EA802252EA4722E87B52EAC012686AD9
:10B1B000024395F8280052EA00121143206801600A
:10B1C00020680668012000F071FE20680660206893
:10B1D00081694FF64170014095F84C00002801D17B
:10B1E000012200E0002295F85500012801D1012339
:10B1F00000E0002395F85600012801D1012600E067
:10B20000002695F85400012801D1012700E000270D
:10B21000A86CD20152EA0042286D024352EAC302EE
:10B2200052EA860252EA470211432068816120688F
:10B230008569012000F03AFE20688561F1BDF8B50E
:10B2400004000D0041F21806206881596A48014047
:10B25000287B002801D1012200E00022687F00281D
:10B2600001D1012000E000206B7B5B0653EA826382
:10B2700053EA0053A87B53EA405368690343287F8D
:10B2800053EAC013A87F53EA8013286A034395F852
:10B29000240053EA800319432068815120688759AC
:10B2A000012000F003FE206887514FF48056287972
:10B2B000A96851EA4061A86901432869014395F8EA
:10B2C000250051EAC011A86A51EA800128680143AB
:10B2D00051F400012068815120688559012000F057
:10B2E000E5FD20688551F1BD10B5A4B00400012032
:10B2F0008DF83C0001208DF83D0000200D900020CD
:10B300008DF84B0001208DF84A0000208DF8480090
:10B3100001208DF8300000208DF84C0000208DF8C1
:10B320003B000020149000208DF8540000201D9058
:10B3300000208DF8780000201F9000208DF88200FA
:10B3400000208DF880004FF4804010904FF4006092
:10B35000119000208DF881000BA92000FFF7EEFE70
:10B3600001208DF80C0001208DF80D0001208DF8D2
:10B370001D0001208DF80E000020059000208DF8A2
:10B380001C0000208DF81E000020089001208DF880
:10B39000240001208DF804005FF4803002905FF4F7
:10B3A000800006904FF40050049001208DF8250095
:10B3B00000200A900020009069462000FFF73FFF20
:10B3C00024B010BD5379107950EA03200B4B5B1861
:10B3D0001860D07893781B0453EA0063507853EADE
:10B3E000002310780343064841180B6070470000A3
:10B3F000F84500800F8120FF233FDEF840800240A7
:10B400004480024010B4002123E0C368D3601BE0F5
:10B410002823C26803FB01F42244002414600024A2
:10B420005460002494600024D46000EB8104A26185
:10B43000146854F4801414600329E6D2C46803FB32
:10B4400001F323442833D360136853F4400313609B
:10B45000491C0429DCD300218162C168006841F2E3
:10B460001002815010BC704710B4002129E002691D
:10B47000DA6025E02822036902FB01F4234400245A
:10B480001C6000245C6000249C600024DC600024BC
:10B490001C6200245C625FF000441C6044F2F854BB
:10B4A0005C605C6824F000445C6000EB8104A36491
:10B4B0000329DCD2046902FB01F222442832DA605B
:10B4C000491C0429D6D30021C16500210166002151
:10B4D00081660021C166002181650169006841F231
:10B4E0000C02815010BC70472DE9F04110F1180397
:10B4F0001C69D3F810C05FF0000E53F824508E681A
:10B5000000272868002804D403EB84004069002841
:10B5100001D00220A1E01EF1010E3068A860D5F82C
:10B5200004805FEA58385FEA4838706850EA0808D3
:10B53000C5F804800878C00708D5D5F8008038F42D
:10B540004008486950EA0808C5F800800878800675
:10B5500008D5D5F8008038F04068086950EA080836
:10B56000C5F800800878400703D5286850F08000AF
:10B570002860286850F080502860BFF35F8F2868EB
:10B5800050F00040286011E01EF1010EB6683068EE
:10B59000A8606968490B49037068014369607F1CB2
:10B5A000BFF35F8F286850F000402860B068002823
:10B5B00038D0286830F000502860002A04D028686D
:10B5C00050F08040286003E0286830F08040286018
:10B5D000641C042C00D3241F53F82450286830F036
:10B5E000805028602868002804D403EB8400406958
:10B5F0000028C9D053F82C1000200FE0BFF35F8F54
:10B600000A6822F000420A601CF1010CBCF1040F30
:10B6100001D3BCF1040C53F82C10401C7045EDD341
:10B6200002201AE0002A04D0286850F080402860E8
:10B6300003E0286830F080402860286850F000500F
:10B640002860586A03EB840148611C6172B6986AED
:10B650007F1C3F189F6262B60020BDE8F0810000A9
:10B6600080B502000B0092B200217748FFF766FC1C
:10B67000002802D05FF0FF3000E0002002BD80B55E
:10B6800002000B009BB292B200216F48FFF782FCD0
:10B69000002802D05FF0FF3000E0002002BD80B53E
:10B6A0000020009069460020FFF7DAFF009850F470
:10B6B00080500090009989B20020FFF7E0FF01BDA3
:10B6C00080B50020009069460120FFF7C9FF694658
:10B6D0000120FFF7C5FF0098400701D4012039E0A1
:10B6E00069460020FFF7BCFF0098C00413D40098FF
:10B6F00010F40450B0F5045F01D102202AE0009854
:10B70000800401D5032025E00098C00501D5042060
:10B7100020E005201EE069461F20FFF7A1FF0098EA
:10B72000C00401D4062015E0009810F01C00182871
:10B7300001D102200EE0009810F01C00082801D171
:10B74000032007E0009810F01C00142801D1042009
:10B7500000E0052002BD80B5FBF79FF941F214001F
:10B7600039495FF480320B681A50402209680A5048
:10B7700001BD38B5040000F087F8344D2968401A3F
:10B78000642805D300F080F828602000FBF721FA38
:10B7900031BD10B586B000F09DFB2D4805907FF0BF
:10B7A0007F4004902B480390342000900123A8226E
:10B7B000C0212948F6F730FA00200090FF23FF222D
:10B7C000FF212648F6F728FA012000900123A8223D
:10B7D000C0212348F6F720FA224C23480290234840
:10B7E00001900020009003AB04AA05A92000FAF7FD
:10B7F00034FE2000FAF76FFF200000F007F80FF288
:10B800000D012000FAF7FEFF06B010BD00B585B0AF
:10B8100090F8310040070FD51548F6F7FDF91548A7
:10B82000F6F7A6FE020007A1684600F075FB694620
:10B830001148F6F7F1F902E01048F6F7EDF905B016
:10B8400000BD000025730000D47E00202884002065
:10B85000C0A80134C0A801015CDA00088CDA000835
:10B86000BCDA00089083002081BD0008476A000808
:10B87000B0F700089483002070F30008F0DF0008A0
:10B88000002200F069BB000001480068704700BF5B
:10B8900074840020F8B4002200220022002337E044
:10B8A000082704E0DFF8D8219042F9D10727FFB23A
:10B8B00013F00302D2B2920097403E431A0092085E
:10B8C00045F82260DFF8BC512A68A2434E68F602B0
:10B8D00000D522432A60DFF8B0512A68A2434E689F
:10B8E000B60200D522432A60DFF8A0512A68A2439D
:10B8F0004E68B60300D522432A60DFF894512A68C7
:10B90000A2434E68F60301D5144322002A605B1C53
:10B91000102B80F0A880012515FA03F20C68144062
:10B920009442F4D10A7912F00302012A04D00A7970
:10B9300012F00302022A16D1866803271A00D2B237
:10B9400052009740BE43CF681A00D2B252009740CF
:10B950003E43866042689D40AA434D68C5F300158A
:10B960009D402A4342600A7912F00302032A0DD057
:10B97000C56803261A00D2B252009640B5438E68BD
:10B980001A00D2B2520096403543C5600A7912F0CF
:10B990000302022A17D11A00D20800EB8202156AAC
:10B9A0000F2613F00702D2B292009640B5430E69FB
:10B9B00013F00702D2B29200964035431A00D20823
:10B9C00000EB82021562056803261A00D2B252000B
:10B9D0009640B5430E7916F003061A00D2B2520013
:10B9E0009640354305604A6812F4403F8FD00022EC
:10B9F0000092284A156855F480451560126812F4C3
:10BA000080420092009A244D1A00920855F8226054
:10BA10000F2713F00302D2B292009740BE431F4A91
:10BA2000904201D1002742E71D4A904201D10127EF
:10BA30003DE71C4A904201D1022738E71A4A90425A
:10BA400001D1032733E7194A904201D104272EE799
:10BA5000174A904201D1052729E7164A90427FF400
:10BA600021AF062723E7F1BC7047D2B2002A02D0EB
:10BA700089B2816102E089B20904816170470000E6
:10BA8000001C0240083C01400C3C0140043C0140C9
:10BA9000003C0140443802400838014000000240A8
:10BAA0000004024000080240000C02400010024066
:10BAB000001402400018024010F00700484B1A68BA
:10BAC0004FF6FF010A40474951EA00210A431A6034
:10BAD000704743480068C0F302207047010049B234
:10BAE000002908D4012210F01F018A403E4940B2CB
:10BAF000400941F820207047020052B2002A04D4C5
:10BB000009013A4A40B2115407E00901384A40B2EB
:10BB100010F00F00104400F8041C704710B410F02F
:10BB20000700D0F10703052B01D3042301E0D0F176
:10BB30000703041D072C01D2002000E0C01E0124D1
:10BB400014FA03F35B1E1940814014FA00F0401E02
:10BB50001040084310BC704780B5411EB1F1807F92
:10BB600001D301200EE0401E224908600F215FF042
:10BB7000FF30FFF7C1FF00201F49086007201F4961
:10BB80000860002002BD80B5FFF796FF01BD70B5CB
:10BB900004000D0016000020FFF79BFF3200290073
:10BBA000FFF7BCFF0100200040B2FFF7A5FF70BD0A
:10BBB00080B540B2FFF792FF01BD80B5FFF7CCFF23
:10BBC00002BD042805D10D48016851F0040101604F
:10BBD00004E00A48016831F0040101607047000088
:10BBE0000CED00E00000FA0500E100E000E400E0F8
:10BBF00018ED00E014E000E018E000E010E000E0E4
:10BC000080B500F001F801BD7047012000F0BEB919
:10BC100070470000841A71EB030604D26E40001BCB
:10BC2000B141121973414FF4001C1CEB410F34BF9A
:10BC30007CEB430683E00C0DA4EB1356362E00F389
:10BC40007C80012E45EAC32341DC43EA525312BFF4
:10BC5000D20292025B08240545EAC12141EA505113
:10BC6000D2EBC020994125D407D1B0FA80F610FA62
:10BC700006F162D00020203608E0B1FA81F6B1402A
:10BC8000C6F1200220FA02F21143B0404FEAF474E8
:10BC9000B4EB465434F001064FEA74040AD8D6F5E2
:10BCA0000016760D04F00044F04061FA06F25040B0
:10BCB000F1404840C00A40EA415021F0004128BF0D
:10BCC0005FEA500550F1000044EBD12135E0DB0A7A
:10BCD00045EAC121C90AB6F120050EDD42EA024259
:10BCE000120CC5F1200603FA06F6EB4042EA0605FF
:10BCF0006D42984161F100010DE062FA06F5F240F3
:10BD0000554063FA06FC82EA0C02F3405A406D4249
:10BD1000904161EB030111F4801F05D1641E62059F
:10BD200002D06D004041494121F48011430875F172
:10BD3000004350F1000041EB045170BC70471CEB14
:10BD4000410F15D223F0004352EA43060BD04FEACD
:10BD50004C0CBCEB410F04D80C0D661E342EB7DD25
:10BD6000EBE7801A994150EA410608BF0021E4E759
:10BD700008BF1CEB430F28BF6FF00001DDE7000098
:10BD8000F8B504000E000E2560890F2804DA2000A3
:10BD9000F6F7A9F90020F2BDE07B002803D196F860
:10BDA0003400401CE07363689F891878C00718D579
:10BDB000187801280AD15878002812D198785E287E
:10BDC0000FD1607B50F0100060730AE00622334907
:10BDD000180000F0E1F8002803D1607B50F0080063
:10BDE0006073BFB2082F03D0B7F5C16F11D020E048
:10BDF00096F831000007CAD5ADB229002000F6F749
:10BE000025F90028C3D131002000F8F72CFE0020CE
:10BE1000C1E796F831000007B9D5ADB2290020007E
:10BE2000F6F714F90028B2D131002000FDF7A0F890
:10BE3000EDE7ACE72DE9F84304000D001600984645
:10BE4000089880B2F6F7E7FB81460E212800F6F746
:10BE5000F8F8002802D07FF001001DE06F68A7F815
:10BE60000C900622B94641464846FAF71BFA0622CC
:10BE7000BF1D31003800FAF715FA94F83000062893
:10BE800006D0074B40F2331206490748F5F7C4FEC7
:10BE900029002000A2699047BDE8F28370FA0008EB
:10BEA00080CE0008F0D80008B8E0000838B50400DB
:10BEB000FFF7EAFC050014F1010F02D004480078F6
:10BEC0002418FFF7E1FC401BA042FAD331BD00BFAC
:10BED0009C00002080B5002000906846694688429A
:10BEE00006D00A4B40F2511209490A48F5F794FE70
:10BEF000F9F78AFFF9F763FEFAF7AEFAFBF7F8FBFA
:10BF0000F6F7BCFBF8F7F3FC01BD00BFB0D00008AA
:10BF100040D5000830E100080CB430B583B00A46C3
:10BF200006A90291044600250194009502AB01A9DF
:10BF3000084878441E30F8F733FF019A157000283E
:10BF40004EBF04460198041B204603B030BC5DF888
:10BF50000CFB00BF0378FFFF00B500BF130096463F
:10BF60009446103928BFA0E80C50FAD85FEA417C0B
:10BF700028BF0CC048BF40F8042BC90728BF20F8D1
:10BF8000022B48BF00F8012B00BD0000202109034F
:10BF900026311820ABBEF9E70300002013F0030F91
:10BFA00009D0521E22BF13F8010B11F801CBB0EBE0
:10BFB0000C00F3D0704711F0030F14D1121F22BFF1
:10BFC00053F8040B51F804CB6045F7D0121D0AD288
:10BFD00000BA9CFA8CFCB0EB0C0038BF6FF000008C
:10BFE00088BF01207047521E22BF13F8010B11F8C1
:10BFF00001CBB0EB0C00F6D0521C08BF10467047C6
:10C0000010B50400002C01D1012033E0A069002804
:10C01000FFD194F83D00002805D1002084F83C00B1
:10C02000200000F04DFA242084F83D002068C0680C
:10C0300030F400502168C860200000F0C7F8206884
:10C04000006930F49040216808612068406930F050
:10C050002A00216848612068C06850F400502168B7
:10C06000C86000202064202084F83D00202084F84F
:10C070003E00002010BD2DE9FC4106000D0014001B
:10C080001F00002096F83D00202857D1002D03D036
:10C09000200080B2002801D1012050E096F83C0039
:10C0A000012801D102204AE0012086F83C0000204E
:10C0B0003064212086F83D00FFF7E6FB8046B4841B
:10C0C000F484B068B0F5805F04D13069002801D1F4
:10C0D000002401E02C000025002086F83C000FE041
:10C0E000207831684860641C07E0002CF8D128886B
:10C0F000C005C00D31684860AD1CF08C401EF08456
:10C10000F08C00280AD0009743460022802130009E
:10C1100000F017F80028E8D0032010E0009743460D
:10C1200000224021300000F00CF8002801D003204C
:10C1300005E0202086F83D00002000E00220BDE858
:10C14000F6812DE9F04105000E0090461F00069C87
:10C15000286800683040B04201D1012000E0002092
:10C160004146C9B288422ED114F1010FF0D0002C03
:10C1700004D0FFF789FBC01B8442E9D228680C3049
:10C1800050E8001F31F4D071286810F10C0242E829
:10C1900000100028F2D12868143050E8001F490828
:10C1A0004900286810F1140242E800100028F2D17A
:10C1B000202085F83D00202085F83E00002085F8ED
:10C1C0003C00032000E00020BDE8F0812DE9FE4F97
:10C1D00005002868016931F44051E8680143286886
:10C1E0000161A9682869014368690143E86901435D
:10C1F0002868C268AF48024011432868C1602868B7
:10C20000416931F44071A869014328684161286897
:10C21000A949884203D02868A849884203D100F080
:10C2200060FA040002E000F051FA0400E869B0F599
:10C23000004F40F09F805FF0640A022600275FF005
:10C2400019085FF0000922000023A8FB020108FB87
:10C25000031109FB0211CDE9000168680021A6FB6A
:10C26000002306FB013307FB0033DDE90001FBF788
:10C2700089FF6421B0FBF1F0029022000023A8FBAB
:10C28000020108FB031109FB0211CDE900016868F6
:10C290000021A6FB002306FB013307FB0033DDE989
:10C2A0000001FBF76FFF834622000023A8FB020179
:10C2B00008FB031109FB0211CDE9000168680021A8
:10C2C000A6FB002306FB013307FB0033DDE9000179
:10C2D000FBF758FF6421B0FBF1F00AFB10B0C0007F
:10C2E00032306421B0FBF1F0400010F4F870029994
:10C2F00010EB0110029022000023A8FB020108FBB2
:10C30000031109FB0211CDE9000168680021A6FBB9
:10C31000002306FB013307FB0033DDE90001FBF7D7
:10C3200031FF83462000002102000B00A8FB020120
:10C3300008FB031109FB02116A6800239046994625
:10C34000A6FB082306FB093307FB0833FBF71AFF9C
:10C350006421B0FBF1F00AFB10BA5FEACA00323088
:10C360006421B0FBF1F111F0070102980918286867
:10C3700081609CE0042600275FF0640A5FF01908E2
:10C380005FF0000922000023A8FB020108FB031153
:10C3900009FB0211CDE9000168680021A6FB00231A
:10C3A00006FB013307FB0033DDE90001FBF7EAFE82
:10C3B0006421B0FBF1F0029022000023A8FB0201EF
:10C3C00008FB031109FB0211CDE900016868002197
:10C3D000A6FB002306FB013307FB0033DDE9000168
:10C3E000FBF7D0FE834622000023A8FB020108FBD6
:10C3F000031109FB0211CDE9000168680021A6FBC9
:10C40000002306FB013307FB0033DDE90001FBF7E6
:10C41000B9FE6421B0FBF1F00AFB10B0000132302C
:10C420006421B0FBF1F010F0F000029910EB011064
:10C43000029022000023A8FB020108FB031109FB64
:10C440000211CDE9000168680021A6FB002306FB6C
:10C45000013307FB0033DDE90001FBF793FE834660
:10C460002000002102000B00A8FB020108FB0311C1
:10C4700009FB02116A68002390469946A6FB08232F
:10C4800006FB093307FB0833FBF77CFE6421B0FB96
:10C49000F1F00AFB10BA5FEA0A1032306421B0FBF7
:10C4A000F1F111F00F010298091828688160BDE8C8
:10C4B000F78F0000F369FFFF0010014000140140F6
:10C4C00010B586B000682A49884222D10020009029
:10C4D0002848016851F400210160006810F4002030
:10C4E000009000984FF4806001900220029001209B
:10C4F000039003200490082005901F4C01A9200000
:10C50000FFF7C8F94FF40060019001A92000FFF780
:10C51000C1F906B010BD80B5002000901748016831
:10C5200051F004010160006810F0040000900098D0
:10C5300013480F4901605FF4E131416000218160DF
:10C540000021C160002101610C2141610021816154
:10C550000021C161FFF754FD01BD01B54FF6FF7326
:10C56000012269460648FFF786FD009802BD0000DB
:10C57000004C004040380240000802403038024081
:10C58000148300202DE9F04104000E00002C01D19D
:10C59000012092E05E4D286810F00700B04207D2FB
:10C5A0002E70286810F00700B04201D0012084E00E
:10C5B0002078800716D52078400704D555480168B3
:10C5C00051F4E05101602078000704D5514801681A
:10C5D00051F4604101604F490A6832F0F002A068EE
:10C5E00002430A602078C00735D56068012805D16C
:10C5F00049480068800313D401205EE06068022887
:10C6000002D06068032805D143480068800107D440
:10C61000012052E040480068800701D401204CE02E
:10C620003C4F396889088900606801433960FFF729
:10C630002BF98046386810F00C006168B0EB810F70
:10C6400009D0FFF721F9B0EB080041F289318842A7
:10C65000F0D3032031E0286810F00700864207D2AB
:10C660002E70286810F00700B04201D0012024E0AD
:10C670002078400706D527490A6832F4E052E0687E
:10C6800002430A602078000707D52248016831F488
:10C690006041226951EAC201016000F04DF81F4972
:10C6A0001C4A1268C2F30312895CC8401C49086026
:10C6B0001C48006800F080F80020BDE8F0810120EF
:10C6C00019490860704716480068704780B5FFF741
:10C6D000FAFF16490F4A1268C2F38222895CC840E9
:10C6E00002BD80B5FFF7EFFF10490A4A1268C2F396
:10C6F0004232895CC84002BD80B50D480068000622
:10C7000004D500F07FF880200A49087001BD0000C0
:10C71000003C0240083802400038024090F800080F
:10C72000900000208C0000204C00474280FA000856
:10C730000C3802400E38024010B5002000200020C6
:10C7400000201948006810F00C00002804D00428CC
:10C7500004D0082804D025E0144824E0144822E03E
:10C76000144C226812F03F022068400209D520686C
:10C77000C0F388100E49A1FB00010023FBF702FD66
:10C7800008E02068C0F388100849A1FB00010023DD
:10C79000FBF7F8FC2168C1F30141491C4900B0FBDB
:10C7A000F1F000E0014810BD083802400024F40018
:10C7B00000127A000438024010B504004FF47A7079
:10C7C0000D490978B0FBF1F00C490968B1FBF0F0B4
:10C7D000FFF7F3F9002801D001200CE0102C09D25A
:10C7E000002221005FF0FF30FFF7D1F90448046018
:10C7F000002000E0012010BD9C00002090000020DF
:10C800008C000020704700002DE9FC410400002C42
:10C8100001D10120C4E12078C0075FD5DFF884038F
:10C82000016811F00C01042909D0006810F00C0017
:10C8300008280ED1DFF870030068400209D5DFF840
:10C840006C030068800349D56068002846D1012048
:10C85000A6E16068B0F5803F06D1DFF850030168BB
:10C8600051F48031016018E06068B0F5A02F0AD162
:10C87000DFF83803016851F480210160016851F448
:10C880008031016009E0DFF82403016831F4803170
:10C890000160016831F480210160606800280ED0D9
:10C8A000FEF7F2FF0500DFF804030068800315D4EB
:10C8B000FEF7EAFF401B6528F5D3032070E1FEF781
:10C8C000E3FF0500DFF8E4020068800306D5FEF709
:10C8D000DBFF401B6528F5D3032061E1207880074A
:10C8E0001DD5B048016811F00C0F08D0006810F099
:10C8F0000C0008282AD1AC480068400226D4AB4876
:10C900000168890704D5E168012901D0012047E1C8
:10C91000016831F0F801226951EAC2010160207812
:10C92000000751D5606900283DD00120A04908606A
:10C93000FEF7AAFF05009F480068800744D4FEF771
:10C94000A3FF401B0328F6D3032029E1E068002859
:10C9500018D0012098490860FEF796FF050093481B
:10C960000168890706D4FEF78FFF401B0328F6D322
:10C97000032015E1016831F0F801226951EAC20192
:10C980000160CCE700208C490860FEF77DFF0500C0
:10C99000864800688007C2D5FEF776FF401B032853
:10C9A000F6D30320FCE0002081490860FEF76CFF0D
:10C9B000050080480068800706D5FEF765FF401B2C
:10C9C0000328F6D30320EBE0207840076FD500263C
:10C9D0007A4D2868C0000BD400200090286850F0E1
:10C9E00080502860286810F0805000900098012640
:10C9F000734F3868C00511D4386850F480703860BF
:10CA0000FEF742FF80463868C00507D4FEF73CFFBA
:10CA1000B0EB08000328F6D30320C1E0A06801288A
:10CA200005D16848016851F00101016015E0A06876
:10CA3000052809D16348016851F0040101600168CB
:10CA400051F00101016008E05E48016849084900B1
:10CA50000160016831F004010160A06800280FD076
:10CA6000FEF712FF070057480068800718D4FEF74A
:10CA70000BFFC01B41F289318842F4D303208FE0C1
:10CA8000FEF702FF07004F480068800708D5FEF751
:10CA9000FBFEC01B41F289318842F4D303207FE0C2
:10CAA000F6B2012E03D1286830F080502860A069CA
:10CAB000002874D03B48006810F00C00082843D0D0
:10CAC000A06902282FD1404E00203060FEF7DCFE26
:10CAD0000700364D2868800106D5FEF7D5FEC01B3D
:10CAE0000328F6D303205BE0E169206A0143606A12
:10CAF00051EA8011A06A4008401E51EA0041E06AF4
:10CB000051EA00612848016001203060FEF7BCFE58
:10CB100004002868800142D4FEF7B6FE001B0328FB
:10CB2000F7D303203CE0002027490860FEF7ACFE65
:10CB300004001E480068800131D5FEF7A5FE001BE9
:10CB40000328F6D303202BE0A069012801D101209E
:10CB500026E015480068A16901291ED010F4800163
:10CB6000E269914219D110F03F01226A914214D139
:10CB700047F6C0710140626AB1EB821F0DD110F41B
:10CB80004031A26A5208521EB1EB024F05D110F09B
:10CB90007060E16AB0EB016F01D0012000E000207D
:10CBA000BDE8F681083802400438024000380240EF
:10CBB000800E47427438024000004742403802402D
:10CBC00000700040703802406000474210B500F02D
:10CBD00071F800F011F8FFF79EFC3248F5F71CF8E9
:10CBE000FEF7D7FD304C2000F9F718FFF7F7A5FE48
:10CBF0002000FEF7BEFDF5E780B592B00020009062
:10CC00002A48016851F080510160006810F080509E
:10CC100000900098002000902548016851F4804160
:10CC20000160006810F48040009000980120069098
:10CC30005FF48030079002200C905FF480000D902C
:10CC400008200E904FF4A8700F900220109007203B
:10CC5000119006A8FFF7D8FD0F2001900220029046
:10CC6000002003904FF4A05004904FF480500590A2
:10CC7000052101A8FFF786FCFFF721FDFFF723FD43
:10CC80004FF47A71B0FBF1F0FEF797FF0420FEF746
:10CC900098FF002200215FF0FF30FEF778FF13B00D
:10CCA00000BD000050F8000890830020403802408A
:10CCB0000070004080B50B48016851F400710160BC
:10CCC000016851F480610160016851F48071016074
:10CCD0000320FEF758FF0F20FFF76EFD00F004F869
:10CCE000002002BD003C024081B0002000900C48B2
:10CCF000016851F480410160006810F480400090A8
:10CD00000098002000900748016851F080510160B0
:10CD1000006810F080500090009801B0704700BF8C
:10CD20004438024040380240483A5C4634203230B1
:10CD30003232E696B0E69DBF5C4C776970E4BE8BFC
:10CD4000E7A88B5C595346345354445F48414C5FC9
:10CD50004554482D3030312E2042617369632020C4
:10CD600050696E675C4D6964646C65776172657368
:10CD70005C54686972645F50617274795C4C774985
:10CD8000505C7372635C636F72655C697076345C6F
:10CD90006574686172702E6300000000483A5C465A
:10CDA000342032303232E696B0E69DBF5C4C776973
:10CDB00070E4BE8BE7A88B5C595346345354445FF0
:10CDC00048414C5F4554482D3030312E204261732C
:10CDD0006963202050696E675C4D6964646C657797
:10CDE000617265735C54686972645F5061727479D2
:10CDF0005C4C7749505C7372635C636F72655C690D
:10CE00007076345C6970345F667261672E6300000F
:10CE1000483A5C46342032303232E696B0E69DBF66
:10CE20005C4C776970E4BE8BE7A88B5C5953463441
:10CE30005354445F48414C5F4554482D3030312EA7
:10CE4000204261736963202050696E675C4D69649C
:10CE5000646C6577617265735C54686972645F5075
:10CE6000617274795C4C7749505C7372635C636F78
:10CE700072655C697076345C646863702E63000070
:10CE8000483A5C46342032303232E696B0E69DBFF6
:10CE90005C4C776970E4BE8BE7A88B5C59534634D1
:10CEA0005354445F48414C5F4554482D3030312E37
:10CEB000204261736963202050696E675C4D69642C
:10CEC000646C6577617265735C54686972645F5005
:10CED000617274795C4C7749505C7372635C6E6507
:10CEE0007469665C65746865726E65742E630000B3
:10CEF000483A5C46342032303232E696B0E69DBF86
:10CF00005C4C776970E4BE8BE7A88B5C5953463460
:10CF10005354445F48414C5F4554482D3030312EC6
:10CF2000204261736963202050696E675C4D6964BB
:10CF3000646C6577617265735C54686972645F5094
:10CF4000617274795C4C7749505C7372635C636F97
:10CF500072655C697076345C69636D702E63000085
:10CF6000483A5C46342032303232E696B0E69DBF15
:10CF70005C4C776970E4BE8BE7A88B5C59534634F0
:10CF80005354445F48414C5F4554482D3030312E56
:10CF9000204261736963202050696E675C4D69644B
:10CFA000646C6577617265735C54686972645F5024
:10CFB000617274795C4C7749505C7372635C636F27
:10CFC00072655C697076345C6970342E63000000B1
:10CFD000483A5C46342032303232E696B0E69DBFA5
:10CFE0005C4C776970E4BE8BE7A88B5C5953463480
:10CFF0005354445F48414C5F4554482D3030312EE6
:10D00000204261736963202050696E675C4D6964DA
:10D01000646C6577617265735C54686972645F50B3
:10D02000617274795C4C7749505C7372635C636FB6
:10D0300072655C7463705F6F75742E63000000002E
:10D04000483A5C46342032303232E696B0E69DBF34
:10D050005C4C776970E4BE8BE7A88B5C595346340F
:10D060005354445F48414C5F4554482D3030312E75
:10D07000204261736963202050696E675C4D69646A
:10D08000646C6577617265735C54686972645F5043
:10D09000617274795C4C7749505C7372635C636F46
:10D0A00072655C74696D656F7574732E6300000042
:10D0B000483A5C46342032303232E696B0E69DBFC4
:10D0C0005C4C776970E4BE8BE7A88B5C595346349F
:10D0D0005354445F48414C5F4554482D3030312E05
:10D0E000204261736963202050696E675C4D6964FA
:10D0F000646C6577617265735C54686972645F50D3
:10D10000617274795C4C7749505C7372635C636FD5
:10D1100072655C696E69742E63000000483A5C4673
:10D12000342032303232E696B0E69DBF5C4C7769EF
:10D1300070E4BE8BE7A88B5C595346345354445F6C
:10D1400048414C5F4554482D3030312E20426173A8
:10D150006963202050696E675C4D6964646C657713
:10D16000617265735C54686972645F50617274794E
:10D170005C4C7749505C7372635C636F72655C6D85
:10D18000656D2E6300000000483A5C463420323062
:10D190003232E696B0E69DBF5C4C776970E4BE8B98
:10D1A000E7A88B5C595346345354445F48414C5F65
:10D1B0004554482D3030312E204261736963202060
:10D1C00050696E675C4D6964646C65776172657304
:10D1D0005C54686972645F50617274795C4C774921
:10D1E000505C7372635C636F72655C6D656D702E0D
:10D1F00063000000483A5C46342032303232E69612
:10D20000B0E69DBF5C4C776970E4BE8BE7A88B5C91
:10D21000595346345354445F48414C5F4554482D5C
:10D220003030312E204261736963202050696E676F
:10D230005C4D6964646C6577617265735C546869A0
:10D2400072645F50617274795C4C7749505C7372A0
:10D25000635C636F72655C6E657469662E63000063
:10D26000483A5C46342032303232E696B0E69DBF12
:10D270005C4C776970E4BE8BE7A88B5C59534634ED
:10D280005354445F48414C5F4554482D3030312E53
:10D29000204261736963202050696E675C4D696448
:10D2A000646C6577617265735C54686972645F5021
:10D2B000617274795C4C7749505C7372635C636F24
:10D2C00072655C706275662E63000000483A5C46C9
:10D2D000342032303232E696B0E69DBF5C4C77693E
:10D2E00070E4BE8BE7A88B5C595346345354445FBB
:10D2F00048414C5F4554482D3030312E20426173F7
:10D300006963202050696E675C4D6964646C657761
:10D31000617265735C54686972645F50617274799C
:10D320005C4C7749505C7372635C636F72655C74CC
:10D3300063702E6300000000483A5C4634203230AF
:10D340003232E696B0E69DBF5C4C776970E4BE8BE6
:10D35000E7A88B5C595346345354445F48414C5FB3
:10D360004554482D3030312E2042617369632020AE
:10D3700050696E675C4D6964646C65776172657352
:10D380005C54686972645F50617274795C4C77496F
:10D39000505C7372635C636F72655C7463705F6929
:10D3A0006E2E6300483A5C46342032303232E696C4
:10D3B000B0E69DBF5C4C776970E4BE8BE7A88B5CE0
:10D3C000595346345354445F48414C5F4554482DAB
:10D3D0003030312E204261736963202050696E67BE
:10D3E0005C4D6964646C6577617265735C546869EF
:10D3F00072645F50617274795C4C7749505C7372EF
:10D40000635C636F72655C7564702E63000000007E
:10D410007463705F656E71756575655F666C616775
:10D42000733A206E6565642065697468657220547E
:10D4300043505F53594E206F72205443505F46490A
:10D440004E20696E20666C616773202870726F676A
:10D4500072616D6D65722076696F6C6174657320A1
:10D460004150492900000000483A5C4634203230DF
:10D470003232E696B0E69DBF5C4C776970E4BE8BB5
:10D48000E7A88B5C595346345354445F48414C5F82
:10D490004554482D3030312E20426173696320207D
:10D4A00050696E675C5372635C65746865726E6523
:10D4B0007469662E63000000646863705F6F707447
:10D4C000696F6E3A206F7074696F6E735F6F7574F9
:10D4D0005F6C656E202B2032202B206F7074696F7B
:10D4E0006E5F6C656E203C3D20444843505F4F505A
:10D4F00054494F4E535F4C454E0000006E657469B1
:10D50000662D3E6877616464725F6C656E206D7530
:10D510007374206265207468652073616D65206195
:10D5200073204554485F4857414444525F4C454E30
:10D5300020666F72206574686172702100000000BF
:10D540004C5749505F434F4E53545F43415354200F
:10D550006E6F7420696D706C656D656E74656420A6
:10D56000636F72726563746C792E20436865636BB8
:10D5700020796F7572206C77495020706F72742E0D
:10D5800000000000646863705F6372656174655FCA
:10D590006D73673A20636865636B207468617420FB
:10D5A000666972737420706275662063616E2068AC
:10D5B0006F6C642073747275637420646863705F49
:10D5C0006D7367007374617465203D3D2045544858
:10D5D0004152505F53544154455F50454E44494E6B
:10D5E00047207C7C207374617465203E3D20455447
:10D5F000484152505F53544154455F535441424C4B
:10D60000450000007379735F74696D656F75743AD6
:10D610002074696D656F757420213D204E554C4C0A
:10D620002C20706F6F6C204D454D505F5359535FE8
:10D6300054494D454F555420697320656D70747978
:10D6400000000000646863705F6F7074696F6E5FE4
:10D6500073686F72743A206F7074696F6E735F6F66
:10D6600075745F6C656E202B2032203C3D20444851
:10D6700043505F4F5054494F4E535F4C454E00004E
:10D68000646863705F6F7074696F6E5F6C6F6E67F4
:10D690003A206F7074696F6E735F6F75745F6C653D
:10D6A0006E202B2034203C3D20444843505F4F5097
:10D6B00054494F4E535F4C454E0000007463705FF9
:10D6C000726563656976653A207365676D656E742A
:10D6D000206E6F74207472696D6D656420636F7263
:10D6E000726563746C7920746F206F6F736571203D
:10D6F00071756575650A00007463705F656E71759C
:10D700006575655F666C6167733A20636865636B16
:10D710002074686174206669727374207062756623
:10D720002063616E20686F6C64206F70746C656E2E
:10D7300000000000646863705F6F7074696F6E5FF3
:10D74000627974653A206F7074696F6E735F6F757C
:10D75000745F6C656E203C20444843505F4F5054CA
:10D76000494F4E535F4C454E0000000069636D7099
:10D770005F696E7075743A206D6F76696E6720729E
:10D780002D3E7061796C6F616420746F2069636DE8
:10D790007020686561646572206661696C65640A01
:10D7A000000000006E6F2070726576696F757320DF
:10D7B000667261676D656E742C2074686973206D84
:10D7C000757374206265207468652066697273746D
:10D7D00020667261676D656E7421000028682021E3
:10D7E0003D204E554C4C2920262620287420213DD2
:10D7F000204E554C4C29202870726F6772616D6DF8
:10D8000065722076696F6C61746573204150492997
:10D81000000000007463705F736C6F7774696D72E1
:10D820003A2070657273697374207469636B696EF2
:10D8300067207769746820656D7074792073656EF0
:10D840006420627566666572000000007463705F34
:10D85000726563656976653A207365676D656E7498
:10D86000206E6F74207472696D6D656420636F72D1
:10D87000726563746C7920746F207263765F776E63
:10D88000640A000054696D656F75742074696D6574
:10D8900020746F6F206C6F6E672C206D617820692B
:10D8A00073204C5749505F55494E5433325F4D41B8
:10D8B000582F34206D7365637300000063686563DF
:10D8C0006B2074686174206669727374207062756D
:10D8D000662063616E20686F6C6420737472756378
:10D8E00074206574686172705F6864720000000083
:10D8F0006E657469662D3E6877616464725F6C65FD
:10D900006E206D757374206265203620666F7220FC
:10D9100065746865726E65745F6F75747075742177
:10D920000000000069636D705F696E7075743A2065
:10D93000726573746F72696E67206F726967696E62
:10D94000616C20702D3E7061796C6F61642066613E
:10D95000696C65640A0000006D656D5F66726565DF
:10D960003A20696C6C6567616C206D656D6F7279CA
:10D970003A206E6F6E2D6C696E6B65643A20646F31
:10D9800075626C6520667265650000005042554600
:10D990005F504F4F4C5F42554653495A45206D7575
:10D9A00073742062652062696767657220746861BC
:10D9B0006E204D454D5F414C49474E4D454E5400FC
:10D9C000646F6E27742063616C6C207463705F6198
:10D9D000626F72742F7463705F6162616E646F6EE8
:10D9E00020666F72206C697374656E2D706362734C
:10D9F000000000007463705F736C6F7774696D7200
:10DA00003A2070657273697374207469636B696E10
:10DA100067207769746820696E2D666C6967687421
:10DA200020646174610000007463705F6E657469E6
:10DA3000665F69705F616464725F6368616E676589
:10DA4000645F7063626C6973743A20696E76616CAE
:10DA50006964206F6C645F6164647200BEB2CCACB8
:10DA60004950B5D8D6B72E2E2E2E2E2E2E2E2E2E37
:10DA70002E2E2E2E2E2E2E2E2E2E2E2E2E2E256499
:10DA80002E25642E25642E25640D0A00D7D3CDF8EB
:10DA9000D1DAC2EB2E2E2E2E2E2E2E2E2E2E2E2E06
:10DAA0002E2E2E2E2E2E2E2E2E2E2E2E2E2E256469
:10DAB0002E25642E25642E25640D0A00C4ACC8CF23
:10DAC000CDF8B9D82E2E2E2E2E2E2E2E2E2E2E2ED8
:10DAD0002E2E2E2E2E2E2E2E2E2E2E2E2E2E256439
:10DAE0002E25642E25642E25640D0A006172705F58
:10DAF0007461626C655B6172705F6964785D2E73DE
:10DB000074617465203E3D204554484152505F5336
:10DB1000544154455F535441424C4500636865632A
:10DB20006B2074686174206669727374207062750A
:10DB3000662063616E20686F6C6420737472756315
:10DB4000742069705F686472000000006D656D5F2D
:10DB50006D616C6C6F633A20616C6C6F63617465AE
:10DB600064206D656D6F7279206E6F742061626FD5
:10DB700076652072616D5F656E642E006D656D5F08
:10DB80006D616C6C6F633A20616C6C6F636174657E
:10DB900064206D656D6F72792070726F7065726C44
:10DBA0007920616C69676E65642E0000746F6F2068
:10DBB0006D616E79206E65746966732C206D617875
:10DBC0002E20737570706F72746564206E756D624F
:10DBD0006572206973203235350000007062756609
:10DBE0005F616C6C6F633A207062756620712D3EC8
:10DBF0007061796C6F61642070726F7065726C799E
:10DC000020616C69676E656400000000702D3E74D1
:10DC10006F745F6C656E203D3D20702D3E6C656EAF
:10DC200020286F66206C61737420706275662069AD
:10DC30006E20636861696E2900000000706275667D
:10DC40005F636F70793A20746172676574206E6FDC
:10DC5000742062696720656E6F75676820746F2035
:10DC6000686F6C6420736F75726365007463705FB6
:10DC7000736C6F77746D723A206163746976652096
:10DC80007063622D3E737461746520213D20544998
:10DC90004D452D574149540A000000007463705FE0
:10DCA000736C6F77746D723A2054494D452D57410E
:10DCB0004954207063622D3E7374617465203D3D4C
:10DCC0002054494D452D5741495400007463705FFD
:10DCD000696E7075743A2054494D452D5741495429
:10DCE000207063622D3E7374617465203D3D205445
:10DCF000494D452D57414954000000006368656354
:10DD00006B20746861742066697273742070627528
:10DD1000662063616E20686F6C6420737472756333
:10DD200074207463705F68647200000063686563E8
:10DD30006B207468617420666972737420706275F8
:10DD4000662063616E20686F6C6420737472756303
:10DD500074207564705F6864720000006172705FA7
:10DD60007461626C655B695D2E7374617465203DDE
:10DD70003D204554484152505F53544154455F45FE
:10DD80004D50545900000000636865636B2074684F
:10DD900061742066697273742070627566206361B5
:10DDA0006E20686F6C642069636D70206D6573739D
:10DDB00061676500706C75675F686F6C65733A20AA
:10DDC0006D656D2D3E6E657874203C3D204D454D52
:10DDD0005F53495A455F414C49474E454400000056
:10DDE000706275665F616C6C6F633A207062756615
:10DDF0002D3E7061796C6F61642070726F70657216
:10DE00006C7920616C69676E65640000706275668C
:10DE10005F636F7079282920646F6573206E6F745B
:10DE200020616C6C6F77207061636B657420717515
:10DE300065756573210000007463705F736C6F77A4
:10DE4000746D723A20616374697665207063622D27
:10DE50003E737461746520213D20434C4F5345440B
:10DE60000A0000007463705F736C6F77746D723AB0
:10DE700020616374697665207063622D3E737461FE
:10DE8000746520213D204C495354454E0A00000042
:10DE90007463705F736C6F77746D723A206D696430
:10DEA000646C652074637020213D207463705F6131
:10DEB00063746976655F7063627300007463705F9A
:10DEC000736C6F77746D723A206669727374207028
:10DED0006362203D3D207463705F616374697665A1
:10DEE0005F706362730000007463705F696E7075C9
:10DEF000743A20616374697665207063622D3E73A5
:10DF00007461746520213D2054494D452D57414988
:10DF1000540000007463705F696E7075743A20700D
:10DF200063622D3E6E65787420213D20706362200F
:10DF3000286265666F726520636163686529000009
:10DF40007463705F696E7075743A207063622D3E01
:10DF50006E65787420213D207063622028616674AC
:10DF60006572206361636865290000007463705FF7
:10DF7000656E71756575655F666C6167733A20697A
:10DF80006E76616C6964207365676D656E74206C74
:10DF9000656E6774680000007463705F6F757470FD
:10DFA00075745F636F6E74726F6C5F7365676D65B8
:10DFB0006E743A20696E76616C6964207062756671
:10DFC0000000000030B450F8041B79B102684368C7
:10DFD00002440830DC0744BFA9F10104E31852F8F9
:10DFE000045B43F8045B091FF9D1ECE730BC7047D0
:10DFF000546865206E6574776F726B206361626C24
:10E0000065206973206E6F7420636F6E6E65637434
:10E010006564200A00000000417373657274696FC3
:10E020006E2022257322206661696C65642061740C
:10E03000206C696E6520256420696E2025730A00B6
:10E04000646863705F696E635F7063625F72656668
:10E05000636F756E7428293A206D656D6F72792033
:10E060006C65616B00000000417373657274696FC9
:10E070006E2022257322206661696C6564206174BC
:10E08000206C696E6520256420696E2025730A0066
:10E090006172705F7461626C655B695D2E7374613F
:10E0A0007465203D3D2050454E44494E47206F72D7
:10E0B00020535441424C4500417373657274696F3B
:10E0C0006E2022257322206661696C65642061746C
:10E0D000206C696E6520256420696E2025730A0016
:10E0E000417373657274696F6E20222573222066F6
:10E0F00061696C6564206174206C696E65202564BB
:10E1000020696E2025730A00417373657274696F0C
:10E110006E2022257322206661696C65642061741B
:10E12000206C696E6520256420696E2025730A00C5
:10E13000417373657274696F6E20222573222066A5
:10E1400061696C6564206174206C696E652025646A
:10E1500020696E2025730A00417373657274696FBC
:10E160006E2022257322206661696C6564206174CB
:10E17000206C696E6520256420696E2025730A0075
:10E18000417373657274696F6E2022257322206655
:10E1900061696C6564206174206C696E652025641A
:10E1A00020696E2025730A00417373657274696F6C
:10E1B0006E2022257322206661696C65642061747B
:10E1C000206C696E6520256420696E2025730A0025
:10E1D0006D656D5F667265653A20696C6C65676137
:10E1E0006C206D656D6F72793A20646F75626C6535
:10E1F0002066726565000000417373657274696F13
:10E200006E2022257322206661696C65642061742A
:10E21000206C696E6520256420696E2025730A00D4
:10E22000417373657274696F6E20222573222066B4
:10E2300061696C6564206174206C696E6520256479
:10E2400020696E2025730A00417373657274696FCB
:10E250006E2022257322206661696C6564206174DA
:10E26000206C696E6520256420696E2025730A0084
:10E27000417373657274696F6E2022257322206664
:10E2800061696C6564206174206C696E6520256429
:10E2900020696E2025730A007463705F72656D6F6C
:10E2A00076655F6C697374656E65723A20696E7627
:10E2B000616C6964206C697374656E65720000003E
:10E2C000646F6E27742063616C6C207463705F727E
:10E2D000656376656420666F72206C697374656E21
:10E2E0002D706362730000007463705F736C6F77EE
:10E2F000746D723A206D6964646C6520746370207B
:10E30000213D207463705F74775F706362730000F7
:10E310007463705F736C6F77746D723A20666972A4
:10E32000737420706362203D3D207463705F747766
:10E330005F706362730000007463705F70726F637C
:10E340006573735F726566757365645F646174613C
:10E350003A20696E76616C69642070636200000027
:10E360007463705F6566665F73656E645F6D73731B
:10E370005F6E657469663A20696E76616C696420C7
:10E380006473745F69700000417373657274696FC0
:10E390006E2022257322206661696C656420617499
:10E3A000206C696E6520256420696E2025730A0043
:10E3B0007463705F696E7075743A20616374697616
:10E3C00065207063622D3E737461746520213D2069
:10E3D000434C4F53454400007463705F696E707521
:10E3E000743A20616374697665207063622D3E73B0
:10E3F0007461746520213D204C495354454E000002
:10E400007463705F696E7075745F64656C61796563
:10E41000645F636C6F73653A20696E76616C6964E2
:10E4200020706362000000007463705F6F6F735F41
:10E43000696E736572745F7365676D656E743A209B
:10E44000696E76616C696420637365670000000023
:10E450007063622D3E736E645F71756575656C6582
:10E460006E203E3D20706275665F636C656E286E3F
:10E470006578742D3E7029007463705F7265636502
:10E480006976653A206F6F736571207463706C658F
:10E490006E203E207263765F776E640A0000000093
:10E4A000417373657274696F6E2022257322206632
:10E4B00061696C6564206174206C696E65202564F7
:10E4C00020696E2025730A007463705F656E717534
:10E4D0006575655F666C6167733A20696E76616C1D
:10E4E0006964207175657565206C656E6774680078
:10E4F000646F6E27742063616C6C207463705F6F4F
:10E50000757470757420666F72206C697374656EB3
:10E510002D706362730000007463705F6F757470B8
:10E5200075745F7365676D656E745F627573793A54
:10E5300020696E76616C6964207365670000000075
:10E540007463705F6F75747075745F616C6C6F630A
:10E550005F6865616465723A20696E76616C6964B2
:10E5600020706362000000007463705F6F757470E8
:10E5700075745F66696C6C5F6F7074696F6E733A07
:10E5800020696E76616C69642070627566000000B7
:10E59000417373657274696F6E2022257322206641
:10E5A00061696C6564206174206C696E6520256406
:10E5B00020696E2025730A00FA000000DF2600089B
:10E5C000E80300008D6D0008E80300006F8B000871
:10E5D00060EA00009D980008F40100000F9900080F
:10E5E000417373657274696F6E20222573222066F1
:10E5F00061696C6564206174206C696E65202564B6
:10E6000020696E2025730A007564705F696E7075ED
:10E61000745F6C6F63616C5F6D617463683A2069ED
:10E620006E76616C6964206E657469660000000036
:10E6300010B5074979441831064C7C44163404E07F
:10E640000A68081D114488470146A142F8D110BD4F
:10E650003404000054040000646863705F706362F7
:10E660005F726566636F756E7428293A20726566FD
:10E67000636F756E74206572726F72006E65746977
:10E6800066206973206E6F742075702C206F6C6427
:10E69000207374796C6520706F72743F0000000005
:10E6A0006E657469662D3E6877616464725F6C653F
:10E6B0006E203D3D204554485F4857414444525FD9
:10E6C0004C454E0069705F72656173735F7062756F
:10E6D00066636F756E74203E3D2070627566735F71
:10E6E000667265656400000076616C6964617465DA
:10E6F0005F646174616772616D3A6E6578745F70B2
:10E70000627566213D4E554C4C0000006D656D5F95
:10E71000667265653A2073616E6974792063686515
:10E72000636B20616C69676E6D656E74000000003C
:10E730006D656D5F6D616C6C6F633A2073616E69BE
:10E74000747920636865636B20616C69676E6D65C1
:10E750006E7400006D656D705F6D616C6C6F633A17
:10E76000206D656D702070726F7065726C792061BC
:10E770006C69676E65640000C8F90008D4F9000888
:10E78000E0F90008ECF90008F8F9000804FA0008BC
:10E7900010FA00081CFA000828FA00086E6574696F
:10E7A000665F6164643A204E6F20696E697420660A
:10E7B000756E6374696F6E20676976656E00000020
:10E7C0006E657469665F69737375655F7265706F96
:10E7D0007274733A20696E76616C6964206E657438
:10E7E000696600006E657469665F7365745F6C6965
:10E7F0006E6B5F75703A20696E76616C6964206E2D
:10E8000065746966000000006E657469665F736513
:10E81000745F6C696E6B5F646F776E3A20696E76B9
:10E82000616C6964206E65746966000070632D3EDA
:10E83000637573746F6D5F667265655F66756E6331
:10E8400074696F6E20213D204E554C4C0000000035
:10E85000706275665F636F70795F70617274696111
:10E860006C3A20696E76616C6964206461746170D1
:10E87000747200007463705F7570646174655F72B8
:10E8800063765F616E6E5F776E643A20696E766163
:10E890006C696420706362007463705F63726561A9
:10E8A00074655F7365676D656E743A20696E766135
:10E8B0006C69642070627566000000007463705FAC
:10E8C00073706C69745F756E73656E745F73656782
:10E8D0003A20696E76616C696420706362000000A2
:10E8E00043616E27742073706C6974207365676D63
:10E8F000656E7420696E746F206C656E6774682035
:10E90000300000007463705F6F75747075745F73AE
:10E9100065676D656E743A20696E76616C69642016
:10E920006E657469660000007463705F7265786D6F
:10E9300069745F72746F5F707265706172653A209E
:10E94000696E76616C696420706362007463705FE5
:10E950007265786D69745F72746F5F636F6D6D69F6
:10E96000743A20696E76616C69642070636200009D
:10E970007463705F7A65726F5F77696E646F775FDB
:10E9800070726F62653A20696E76616C696420709E
:10E99000636200007564705F696E7075745F6C6FA0
:10E9A00063616C5F6D617463683A20696E76616C57
:10E9B00069642070636200007564705F73656E64E3
:10E9C000746F5F69665F7372633A20696E76616C1B
:10E9D0006964206473745F69700000007564705F1F
:10E9E00073656E64746F5F69665F7372633A206902
:10E9F0006E76616C6964207372635F6970000000F9
:10EA00007564705F73656E64746F5F69665F73725F
:10EA1000633A20696E76616C6964206E657469661C
:10EA20000000000080B5FDF767FEFEE7FEE7FEE7A9
:10EA3000FEE7FEE770477047704780B500F004F8C6
:10EA4000FDF7DEF801BD000003480168034A1278B3
:10EA500089180160704700BF748400209C0000206A
:10EA60004EF68851CEF20001086840F4700008604C
:10EA7000BFF34F8FBFF36F8F4FF00070E1EE100ABE
:10EA800070470000BF3BFFFF30840000A000002063
:10EA90000000000031F5FFFFA00000005011000051
:10EAA0000000002000000000646863705F6372650E
:10EAB0006174655F6D73673A206E657469662021C5
:10EAC0003D204E554C4C0000646863705F63726576
:10EAD0006174655F6D73673A206468637020213DDF
:10EAE000204E554C4C00000070627566735F667274
:10EAF000656564202B20636C656E203C3D2030787A
:10EB00006666666600000000636865636B20667277
:10EB100061676D656E747320646F6E2774206F7605
:10EB200065726C61700000006E6F742066697273AC
:10EB300074616C74686F756768206A75737420659A
:10EB40006E7175657565640074686973206E6565BE
:10EB500064732061207062756620696E206F6E6537
:10EB600020706965636521006D656D5F7472696D04
:10EB70002063616E206F6E6C7920736872696E6BB2
:10EB8000206D656D6F7279006D656D705F6D616C84
:10EB90006C6F633A2074797065203C204D454D5070
:10EBA0005F4D4158000000006D656D705F667265D5
:10EBB000653A206D656D2070726F7065726C79209A
:10EBC000616C69676E6564006E657469665F736524
:10EBD000745F646F776E3A20696E76616C69642049
:10EBE0006E65746966000000696E6372656D656EBE
:10EBF000745F6D61676E6974756465203C3D20705B
:10EC00002D3E6C656E000000706275665F636F700C
:10EC1000795F7061727469616C3A20696E76616CBB
:10EC200069642062756600007463705F636C6F7363
:10EC3000655F73687574646F776E3A20696E76618C
:10EC40006C696420706362007463705F7063625FFC
:10EC500072656D6F76653A20696E76616C696420C5
:10EC60007063626C69737400702D3E746F745F6CB6
:10EC7000656E203D3D20702D3E6E6578742D3E748E
:10EC80006F745F6C656E00007463705F6C697374A1
:10EC9000656E5F696E7075743A20696E76616C6935
:10ECA00064207063620000007463705F74696D6556
:10ECB000776169745F696E7075743A20696E766108
:10ECC0006C696420706362007463705F696E707554
:10ECD000743A207063622D3E737461746520213D27
:10ECE00020434C4F534544007063622D3E6C697362
:10ECF00074656E65722D3E61636365707420213D9D
:10ED0000204E554C4C0000007463705F7265636563
:10ED10006976653A2076616C696420717565756500
:10ED2000206C656E677468007463705F72656365FC
:10ED30006976653A207463706C656E203E2072635C
:10ED4000765F776E640A00007463705F637265615A
:10ED500074655F7365676D656E743A20696E766180
:10ED60006C696420706362007463705F656E7175B6
:10ED70006575655F666C6167733A20696E76616C74
:10ED800069642070636200007463705F6F757470F3
:10ED900075745F7365676D656E743A20696E766130
:10EDA0006C696420736567007463705F6F7574705D
:10EDB00075745F7365676D656E743A20696E766110
:10EDC0006C696420706362007463705F7265786D53
:10EDD00069745F666173743A20696E76616C696408
:10EDE00020706362000000007463705F73656E647E
:10EDF0005F656D7074795F61636B3A20696E7661EF
:10EE00006C696420706362007564705F73656E6422
:10EE1000746F5F69663A20696E76616C696420641C
:10EE200073745F69700000007564705F73656E6471
:10EE3000746F5F69663A20696E76616C6964206EF2
:10EE400065746966000000007564705F73656E64C8
:10EE5000746F5F69665F7372633A20696E76616C86
:10EE600069642070636200007564705F73656E642E
:10EE7000746F5F69665F7372633A20696E76616C66
:10EE8000696420706275660000F00DF8002801D0FA
:10EE9000FFF7CEFBAFF300800020AFF30080FDF75B
:10EEA00095FE00F002F80120704700F001B8000064
:10EEB00007463846FDF76AF8FBE7000064686370B0
:10EEC0005F73656C6563743A206E657469662021B2
:10EED0003D204E554C4C0000646863705F73656C58
:10EEE0006563743A206468637020213D204E554C60
:10EEF0004C000000646863705F62696E643A206E63
:10EF00006574696620213D204E554C4C0000000080
:10EF10006E6F207061636B657420717565756573C4
:10EF200020616C6C6F7765642100000073616E690D
:10EF3000747920636865636B206C696E6B6564200F
:10EF40006C6973740000000069705F7265617373AF
:10EF50005F70627566636F756E74203E3D20636CF2
:10EF6000656E00006970345F6672616728293A2017
:10EF70007062756620746F6F2073686F7274000022
:10EF8000706C75675F686F6C65733A206D656D2096
:10EF90003C2072616D5F656E64000000706C756787
:10EFA0005F686F6C65733A206D656D2D3E75736596
:10EFB00064203D3D203000006D656D5F66726565C3
:10EFC0003A20696C6C6567616C206D656D6F727954
:10EFD000000000006D656D5F6D616C6C6F633A20C1
:10EFE000216C667265652D3E7573656400000000D6
:10EFF0006D656D705F667265653A20747970652025
:10F000003C204D454D505F4D415800006E65746980
:10F01000665F6164643A20696E76616C6964206E33
:10F0200065746966000000006E657469665F7365EB
:10F03000745F75703A20696E76616C6964206E65E4
:10F0400074696600706275665F616C6C6F633A200C
:10F050006572726F6E656F757320747970650000EC
:10F060006D656D5F7472696D2072657475726E6521
:10F07000642071203D3D204E554C4C006F666673F8
:10F0800065745F66726F6D203C3D20705F66726FC5
:10F090006D2D3E6C656E00007463705F6672656511
:10F0A0005F6C697374656E3A20214C495354454E28
:10F0B000000000007063622D3E666C61677320265D
:10F0C0002054465F5258434C4F53454400000000C3
:10F0D0007463705F6162616E646F6E3A20696E7610
:10F0E000616C696420706362000000006E65775F88
:10F0F0007263765F616E6E5F776E64203C3D203098
:10F1000078666666660000007463705F7365675FAB
:10F11000636F70793A20696E76616C6964207365FB
:10F12000670000007463705F726563765F6E756C74
:10F130006C3A20696E76616C6964207063620000CD
:10F140007463705F7063625F70757267653A20699F
:10F150006E76616C69642070636200007463705F36
:10F160007063625F72656D6F76653A20696E766175
:10F170006C69642070636200756E61636B65642006
:10F180007365676D656E7473206C65616B696E671E
:10F19000000000007463705F6E6578745F6973735C
:10F1A0003A20696E76616C696420706362000000C9
:10F1B0007063622D3E726566757365645F64617429
:10F1C00061203D3D204E554C4C0000007463705F43
:10F1D00070726F636573733A20696E76616C6964EF
:10F1E00020706362000000007463705F7265636585
:10F1F0006976653A20696E76616C69642070636235
:10F20000000000007463705F726563656976653A3B
:10F210002077726F6E672073746174650000000060
:10F220007463705F70617273656F70743A20696E99
:10F2300076616C6964207063620000007463705FC3
:10F2400073656E645F66696E3A20696E76616C699B
:10F2500064207063620000007463705F7265786D93
:10F2600069745F72746F3A20696E76616C696420AC
:10F27000706362007463705F7273743A20696E76B3
:10F28000616C6964206C6F63616C5F697000000081
:10F290007463705F7273743A20696E76616C69642E
:10F2A0002072656D6F74655F697000007463705FD4
:10F2B0006B656570616C6976653A20696E76616C24
:10F2C00069642070636200007564705F696E7075B8
:10F2D000743A20696E76616C6964206E6574696643
:10F2E00000000000706275665F72656D6F76655F25
:10F2F000686561646572206661696C65640A000016
:10F300007564705F73656E64746F5F69663A2069D7
:10F310006E76616C69642070636200007564705F72
:10F3200073656E64746F5F69663A20696E76616CAE
:10F3300069642070627566007564705F636F6E6EDD
:10F340006563743A20696E76616C696420706362EB
:10F35000000000007564705F636F6E6E6563743AE1
:10F3600020696E76616C6964206970616464720002
:10F3700053746174696320495020616464726573D9
:10F38000733A2025730A0000646863705F62696ED7
:10F39000643A206468637020213D204E554C4C0037
:10F3A0006F7665726C6F616420696E2066696C654A
:10F3B0002F736E616D6500006465636F64655F6CDB
:10F3C000656E2025252034203D3D203000000000C2
:10F3D0006172705F7461626C655B695D2E71203D66
:10F3E0003D204E554C4C0000B6CFBFAACDF8CFDF24
:10F3F000A3ACD0E8D6D8C1ACC1ACBDD30A000000E4
:10F40000706C75675F686F6C65733A206D656D2011
:10F410003E3D2072616D00006D656D5F7472696DB7
:10F420003A206C6567616C206D656D6F72790000C4
:10F43000706275665F7265616C6C6F633A207020F4
:10F44000213D204E554C4C00706275665F726561BF
:10F450006C6C6F633A207120213D204E554C4C005E
:10F46000706275665F667265653A20702D3E7265E2
:10F4700066203E20300000006F66667365745F741E
:10F480006F203C3D20705F746F2D3E6C656E0000F8
:10F490007063622D3E7374617465203D3D204C495C
:10F4A0005354454E000000007463705F636C6F73CB
:10F4B000653A20696E76616C696420706362000051
:10F4C0007463705F7265637665643A20696E766115
:10F4D0006C69642070636200756E73656E7420736E
:10F4E00065676D656E7473206C65616B696E67002E
:10F4F0006F6F736571207365676D656E7473206CD3
:10F5000065616B696E6700007463705F696E70752A
:10F51000743A20696E76616C696420706275660069
:10F520007063622D3E736E645F71756575656C65A1
:10F530006E203E2030000000702D3E746F745F6CB2
:10F54000656E203E3D206F70746C656E000000009B
:10F550007365672D3E746370686472206E6F7420EB
:10F56000616C69676E6564007463705F6F75747059
:10F5700075743A20696E76616C696420706362000C
:10F58000525354206E6F742065787065637465649F
:10F5900020686572652100007463705F7265786D24
:10F5A00069743A20696E76616C69642070636200E8
:10F5B0007564705F696E7075743A20696E76616CFF
:10F5C00069642070627566007564705F62696E645C
:10F5D0003A20696E76616C69642070636200000095
:10F5E0007564705F726563763A20696E76616C69E6
:10F5F00064207063620000007564705F72656D6FF7
:10F6000076653A20696E76616C6964207063620089
:10F6100038B504460D46284600F006F8A84218BF43
:10F620000024204632BD00000149FCF796BF00BF10
:10F6300000000020696E76616C6964206468637004
:10F640002D3E7374617465006C656E203E3D2064D0
:10F6500065636F64655F6C656E0000006368656379
:10F660006B206465636F64655F6964780000000007
:10F67000696E76616C6964206465636F64655F6C54
:10F68000656E00006E657874207062756620776123
:10F6900073206E756C6C000069203C204152505FF5
:10F6A0005441424C455F53495A4500005048594C1B
:10F6B000696E6B53746174653D25640A0000000037
:10F6C0006475706C65783D25782073706565643D60
:10F6D00025780A00707265762D3E6E657874203D3F
:10F6E0003D20697072000000696E76616C6964206B
:10F6F0006E6578742070747200000000696E766127
:10F700006C696420706F6F6C206465736300000027
:10F710006E6574696620616C7265616479206164EC
:10F7200064656400696E76616C69642070627566F8
:10F730005F74797065000000696E76616C696420A1
:10F74000706275662074797065000000706275667D
:10F7500020726566206F766572666C6F77000000B8
:10F76000706275665F636F7079206661696C65644D
:10F77000000000007463705F667265653A204C4952
:10F780005354454E000000006E6F207365676D6531
:10F790006E7420746F206672656500006F70746906
:10F7A0006F6E73206E6F742066696C6C6564000008
:10F7B000B3C9B9A6C1ACBDD3CDF8BFA80A0000003B
:10F7C0006E6574696620213D204E554C4C0000004A
:10F7D00069706164647220213D204E554C4C0000DC
:10F7E0006E6574696620213D204E554C4C0000002A
:10F7F00074797065206F766572666C6F77000000B3
:10F80000455448B3F5CABCBBAFB3C9B9A60A00009A
:10F81000455448B3F5CABCBBAFCAA7B0DC0A000068
:10F820006E6574696620213D204E554C4C000000E9
:10F8300073616E69747920636865636B0000000012
:10F84000702D3E6C656E203E3D20706F6666000038
:10F8500048656C6C6F20776F726C642121210A00FF
:10F86000696E76616C696420706F696E7465720090
:10F87000702D3E6E657874203D3D204E554C4C00F9
:10F88000705F746F20213D204E554C4C00000000ED
:10F890000000000000000000010203040607080940
:10F8A000696E76616C696420737461746500000030
:10F8B0000102030405060707070707070700000002
:10F8C000808400207C8400208484002088840020A0
:10F8D000702D3E6E65787420213D204E554C4C00B5
:10F8E000696E7365672E7020213D204E554C4C008B
:10F8F000696E73616E65206F6666736574210000C2
:10F900007062756620746F6F2073686F7274210067
:10F9100073706C6974203C3D206D737300000000AF
:10F92000757365672D3E6C656E203E2030000000CB
:10F93000014880470148004741F9000865FA00087E
:10F940000248016851F470010160704788ED00E0E1
:10F950006C656E203D3D2034000000006C656E201B
:10F960003D3D2031000000007120213D204E554CCE
:10F970004C00000020060C00A00000203484002071
:10F98000702D3E726566203D3D20310070726576B7
:10F9900020213D206970720069707220213D204E47
:10F9A000554C4C007020213D204E554C4C00000021
:10F9B00070637220213D204E554C4C0070637220C4
:10F9C0003D3D207000000000200004006881002000
:10F9D000488400209C0005007C7600204C84002098
:10F9E0001C000800F07D0020508400201000100052
:10F9F000F87A00205484002020000500847F002035
:10FA00005884002018000F008C7900205C840020AE
:10FA1000100005007082002060840020100010009B
:10FA2000FC7B00206484002060021000244A002037
:10FA3000688400207020213D204E554C4C00000071
:10FA400070636220213D204E554C4C00702D3E6C61
:10FA5000656E203D3D203000736567203D3D204EA2
:10FA6000554C4C00AFF30080FEF7FAFFFFF70CFA9D
:10FA7000FFFFFFFFFFFF000000000000000000008C
:10FA8000000000000102030403060C183060780037
:10FA9000756E61636B656400756E73656E740000EE
:10FAA00000000000FFFFFFFF00002E00FFF7FEBF79
:10FAB000FFF7FEBFFFF7FEBFFFF7FEBFFFF7FEBF7A
:10FAC000FFF7FEBFFFF7FEBFFFF7FEBFFFF7FEBF6A
:10FAD000FFF7FEBFFFF7FEBFFFF7FEBFFFF7FEBF5A
:10FAE000FFF7FEBFFFF7FEBFFFF7FEBFFFF7FEBF4A
:10FAF000FFF7FEBFFFF7FEBFFFF7FEBFFFF7FEBF3A
:10FB0000FFF7FEBFFFF7FEBFFFF7FEBFFFF7FEBF29
:10FB1000FFF7FEBFFFF7FEBFFFF7FEBFFFF7FEBF19
:10FB2000FFF7FEBFFFF7FEBFFFF7FEBFFFF7FEBF09
:10FB3000FFF7FEBFFFF7FEBFFFF7FEBFFFF7FEBFF9
:10FB4000FFF7FEBFFFF7FEBFFFF7FEBFFFF7FEBFE9
:10FB5000FFF7FEBFFFF7FEBFFFF7FEBFFFF7FEBFD9
:10FB6000FFF7FEBFFFF7FEBFFFF7FEBFFFF7FEBFC9
:10FB7000FFF7FEBFFFF7FEBFFFF7FEBFFFF7FEBFB9
:10FB8000FFF7FEBFFFF7FEBFFFF7FEBFFFF7FEBFA9
:10FB9000FFF7FEBFFFF7FEBFFFF7FEBFFFF7FEBF99
:10FBA000FFF7FEBFFFF7FEBFFFF7FEBFFFF7FEBF89
:10FBB000FFF7FEBFFFF7FEBFFFF7FEBFFFF7FEBF79
:10FBC000FFF7FEBFFFF7FEBFFFF7FEBFFFF7FEBF69
:10FBD000FFF7FEBFFFF7FEBFFFF7FEBFFFF7FEBF59
:10FBE000FFF7FEBFFFF7FEBFFFF7FEBF02040101F4
:10FBF000C482002014830020C4820020C48200201C
:10FC000000000000C482002000000000440000202A
:10FC10003000002000000000000000000000000094
:10FC200000000000000000000000000000000000D4
:10FC300000000000A8FA0008A8FA0008A8FA0008C6
:10FC4000A8FA0008A8FA0008A8FA0008A8FA00080C
:10FC5000FFFFFFFFFFFFFFFFAAFA0008A8FA000856
:10FC6000A8FA0008FFFFFFFFFFFF000000000000F0
:10FC70000100000001031C00100000000024F4003B
:0CFC80006E19000000C000C00100000070
:040000050800FA6590
:00000001FF
