:020000040800F2
:1000000000100010651301082D01010835010108D9
:1000100037010108390101083B0101080000000017
:100020000000000000000000000000003D01010889
:100030003F010108000000004101010843010108DF
:10004000ED140108F1140108F5140108F914010870
:10005000FD1401080115010805150108091501081D
:100060000D150108111501081515010819150108CC
:100070001D1501082115010825150108291501087C
:100080002D1501083115010835150108391501082C
:100090003D150108411501084515010849150108DC
:1000A0004D1501085115010855150108591501088C
:1000B0005D1501086115010865150108691501083C
:1000C0006D150108711501087515010879150108EC
:1000D0007D1501088115010885150108891501089C
:1000E0008D1501089115010895150108991501084C
:1000F0009D150108A1150108A5150108A9150108FC
:10010000AD150108B1150108B5150108B9150108AB
:10011000BD150108C1150108C5150108C91501085B
:10012000CD150108D1150108D5150108D91501080B
:10013000DD150108C7C30008E1150108E515010830
:10014000E9150108ED150108F1150108F51501087B
:10015000F9150108FD150108011601080516010829
:10016000091601080D1601081116010815160108D7
:10017000191601081D1601082116010800000000CB
:1001800025160108291601082DE9FE4F0500002D4E
:1001900008D1DFF87C3C8322DFF8D417DFF8D407DE
:1001A00001F03AFDDFF86C6C6868306068891428EB
:1001B00004DA280001F097FFBDE8F78FDFF8B87781
:1001C0003968786902F024FA002804D1387D10F0EB
:1001D000F000E02800D1ECE73068808902F091FA65
:1001E00080B2000B81000800C0B2142805DB28890A
:1001F0000A00D2B292B2904200D2DAE7DFF87C472E
:100200000800C0B214382080DFF874870020C8F8D6
:10021000000068890A00D2B292B2904208D32088C6
:10022000DFF860271080C9B2280001F00FFF46E018
:100230002868002808D1DFF8D83BC222DFF8481729
:10024000DFF8300701F0E8FC1421280001F0FEFE81
:10025000DFF8300769890180218804880C1B018838
:10026000280001F0F3FE28684089210089B2884205
:100270009FD328684068C8F80000210089B2286828
:1002800001F0E4FE2889041B2C816889002808D02D
:10029000DFF87C3BDF22DFF8F416DFF8D80601F048
:1002A000BBFC288929680989884208D0DFF8603BAF
:1002B000E022DFF8DC16DFF8BC0601F0ADFC3068A8
:1002C000008802F01EFA316808803068408802F029
:1002D00018FA316848803168486802F01AFA3168C3
:1002E0004860DFF84C1C08603168886802F011FA39
:1002F00031688860DFF83C8CC8F800003068C0893D
:1003000002F0FFF93168C8813068808902F0F9F99C
:1003100010F03F00DFF87C160870DFF81C9C28897D
:10032000A9F80000DFF86C06007810F0030F0AD07F
:10033000B9F80000401CA9F80000B9F800002989AC
:100340008842FFF436AF5FF0000BDFF8F0ABDAF86D
:10035000004001E0A346E468002C67D0207D00281F
:1003600008D1DFF8AC3AFB22DFF82C16DFF80406E0
:1003700001F052FC207D0A2808D1DFF8943AFC22D3
:10038000DFF81816DFF8EC0501F046FC207D0128A7
:1003900008D1DFF87C3AFD22DFF8A41BDFF8D40592
:1003A00001F03AFC207A002809D0207A796891F887
:1003B0003410491CC9B2884201D0A346CBE7208B38
:1003C000316809888842C5D1E08A31684988884205
:1003D000C0D1606839698842BCD120687969884297
:1003E000B8D1E068A04209D1DFF8243A40F20D12FA
:1003F000DFF8501BDFF87C0501F00EFCBBF1000FAD
:1004000007D0E068CBF80C00DAF80000E060CAF82A
:100410000040E068A04209D1DFF8F43940F215123B
:10042000DFF8C41BDFF84C0501F0F6FB002C71D19E
:10043000DFF8B80B046808E0207A796891F8341086
:10044000491CC9B2884212D0E468002C28D0207D13
:100450000A2809D0DFF8B83940F21F12DFF8901BE4
:10046000DFF8100501F0D8FB207A0028E4D1208BBA
:10047000316809888842E7D1E08A31684988884232
:10048000E2D1606839698842DED1206879698842A2
:10049000DAD1200000F01BFA280001F024FE8BE6E0
:1004A0000022DFF8503B186806E0002823D00168DE
:1004B000002920D00200C06800281CD0017A002941
:1004C0000CD0017AD7F804C09CF834C01CF1010CA0
:1004D0005FFA8CFC614501D00200ECE7C18AD6F8D6
:1004E00000C0BCF802C06145E4D10168D7F814C06F
:1004F0006145DAD1FFE700280CD0002A04D0C1689A
:10050000D1601968C160186000F043F9280001F05B
:10051000EAFD51E6002C00F0F080DFF88C7B002033
:100520003860288938817D603068F860DFF87C6B3E
:1005300000203060DFF8788B002088F80000DFF8BA
:1005400074BB0020ABF80000DFF848040078000717
:1005500003D5687B50F001006873A06F002813D0AA
:10056000200002F077FF10F10D0F06D0A06F0028D9
:100570000AD0B9F80000002806D0608D002802D10A
:10058000200004F035FEA9E0DFF82C5B2C60200091
:1005900000F006FA40B210F10D0F00F09F8098F8BD
:1005A0000000000711D5D4F89000002805D07FF096
:1005B0000D012069D4F8902090472100504603F0A7
:1005C000B5F9200002F0DBF888E00020BBF800005D
:1005D000002815D0BBF80020D4F88000002806D0F1
:1005E00092B221002069D4F88030984700E00020C2
:1005F0007FF00C0140B2884270D00020ABF80000C0
:10060000200000F09BF8002868D13068002833D023
:10061000A06F002809D0DFF8F8374FF4F372DFF845
:100620009C1ADFF8500301F0F7FAA07EC00606D549
:10063000306801F058FD200002F0A8FA4EE0D4F82E
:100640008400002807D00023326821002069D4F8F4
:1006500084C0E04705E0002332682100002002F05A
:100660009EFF01007FF00C0249B2914236D040B2A9
:10067000002801D03068A06798F80000800608D5EF
:10068000A06F00280DD0A06F407B50F02000A16F1C
:10069000487300202860200000F050F800281AD08D
:1006A0001CE0208DB0F5066F02D0208D401C208507
:1006B000D4F88400002807D00023002221002069FC
:1006C000D4F884C0E04700E000207FF00C0140B285
:1006D0008842DED102E0200004F00CF90020DFF8AF
:1006E000D8190860002030607868002825D0786824
:1006F00001F0F9FC002078601FE03068808902F08A
:1007000000F8400716D430680088029030684088AE
:10071000019017F11000009017F11403DFF8100892
:100720000068B9F8001010FA81F2D8F80010002023
:1007300004F013FD280001F0D6FC3DE510B50400DF
:10074000002C08D1DFF8C83640F25A22DFF87019C1
:10075000884801F061FADFF858090078C00616D51C
:10076000A07EC00609D4D4F89000002805D07FF000
:100770000E012069D4F8902090472100DFF8BC07D3
:1007800003F0D4F8200001F0FAFF012000E000207F
:1007900010BDFEB505007F4C2078400700F1968023
:1007A000002D08D1DFF8683640F28122DFF81419F5
:1007B000704801F031FA2078C0061BD56E48DFF88A
:1007C00054160A681288029209684988019110F14A
:1007D0001001009110F11403DFF854070068DFF8EE
:1007E000581709884218DFF84C070168280004F000
:1007F000B4FC6BE02078800768D5687D02F090FF3C
:100800000400002C0CD1A869002806D05FF0FF324C
:1008100000212869AB69984701E07FF00F0055E09F
:1008200055484169216000696060E88AE082DFF82C
:10083000E46530680088208303202075DFF8F076B7
:100840003868401C6062606AE062200003F0D2F801
:10085000A06520656064E0653868401E60652869B1
:100860002061E567687A10F00C006072287A2072C7
:10087000DFF8C8060168E160046004F00EFE0120A4
:10088000DFF844180870200001F038F93068C0899A
:10089000A4F86000B4F86000A4F86200201D04F021
:1008A000CDFE0100221D608E03F0BEF8608612218D
:1008B000200003F04BFF40B2002804D000212000AC
:1008C00002F0DDF802E0200004F014F8F7BD3EB5B8
:1008D0000400304D2878400748D4002C08D1DFF8B8
:1008E000303540F2EE22DFF8E417224801F094F9A7
:1008F0002878800727D5DFF838160A68606A121A48
:10090000002A27D40A68606A121A208D121A012A56
:1009100020DA1948DFF8FC2413681B880293126858
:100920005288019210F11002009210F1140308682D
:10093000DFF8041609884218DFF8F805016820007E
:1009400004F00BFC12E02878C00703D5DFF880071D
:1009500000682062DFF8E0050088002806D0608B80
:1009600050F002006083200003F0C4FF37BD000098
:100970006C0E010800FA0008508400204C8500200D
:10098000208500204E850020F41201088C140108F7
:10099000300401086085002028FA000844F40008AB
:1009A0007FB5050000240020002D09D1DFF8603458
:1009B0004FF44772DFF81C17DFF81C0701F02CF921
:1009C000DFF8246A3078400742D5287D022807D115
:1009D000DFF860050068296D884219D1012417E00D
:1009E000DFF84C1508686A6A904201D101240FE0D3
:1009F0000A68686A121A002A0AD40968686A091A19
:100A0000288D091A012903DA688B50F002006883E7
:100A1000E4B2002C1AD0287D002809D1DFF8F03389
:100A20004FF44E72DFF8B416DFF8AC0601F0F4F8BC
:100A3000DFF87C06017851F008010170698B4FF6F0
:100A4000FE70014069837FF00D006EE200206CE2D1
:100A5000307880070BD5287D022808D0287D032810
:100A600005D0688B50F00200688300205DE2A87E0C
:100A7000C00603D4DFF8580600682862002085F815
:100A80009B00002085F89A00280001F037F8287DA7
:100A9000022814D0C0F04882042800F07081C0F011
:100AA000D280062800F0CD81C0F07881082800F0BF
:100AB000F681C0F06481092800F0228234E23078A7
:100AC00010F01200122840F09680DFF868140868D1
:100AD0006A6C521C904240F08E80DFF85404026829
:100AE000521C6A626A6AEA6209686964DFF8241360
:100AF0000968C989A5F86010B5F86010A5F86210FA
:100B00000068401E686504202875281D04F096FDC5
:100B100001002A1D688E02F087FF688641F21D10D1
:100B2000698E4900814202D3698E490001E041F299
:100B30001C116A8E92008A4203D2688E80B28000B5
:100B400009E0698E4900814203D3688E80B240007B
:100B500001E041F21C10A5F84800B5F86600002835
:100B600008D1AB4B4FF45B72DFF87415DFF8680502
:100B700001F052F8B5F86600401EA5F866002C6F2B
:100B8000002C0ED1EC6E002C08D1A14B4FF45D72FD
:100B9000DFF85015DFF8400501F03EF82068E86600
:100BA00001E020682867200002F0B9FC286F0028C7
:100BB00003D15FF0FF30288604E000202886002063
:100BC00085F84200D5F88800002807D000222900C7
:100BD0002869D5F888309847010000E000217FF0AF
:100BE0000C00020049B2914200F09F81688B50F0E6
:100BF0000200688326E03078C00623D5DFF8E804D9
:100C000084490A681288029209684988019110F1A2
:100C10001001009110F11403DFF814030068DFF8ED
:100C2000181309884218DFF80C030168280004F043
:100C300094FA95F84200062804DA00202886280055
:100C400004F0EAF870E13078C00640F18B80B949D1
:100C50000A68686C121A521E002A6BD40A68286D42
:100C6000121A012A66DA04202875E86F002802D1DA
:100C70007FF005011AE0E86F8069002808D1644B15
:100C80004FF46A72DFF86414DFF84C0400F0C4FF1C
:100C9000E86F8069002807D0002229002869EB6FDF
:100CA0009B699847010001E07FF00F01080040B206
:100CB000002809D049B211F10D0F02D0280001F02F
:100CC00065FF7FF00C0030E1280000F011FADFF83A
:100CD000E4130888002802D00888401E088041F2EA
:100CE0001D10698E4900814202D3698E490001E0DE
:100CF00041F21C116A8E92008A4203D2688E80B241
:100D0000800009E0698E4900814203D3688E80B279
:100D1000400001E041F21C10A5F84800DFF8900304
:100D2000007880062AD5688B50F00200688307207F
:100D3000287523E0DFF8B003364A13681B88029356
:100D400012685288019210F11002009210F11403FF
:100D500077480068784A128882180968280004F0E9
:100D6000FCF90BE03078800708D571480068696AA3
:100D7000491E884202D1280004F06AF8D4E0280015
:100D800000F0B6F9DFF828030078800605D5688BF7
:100D900050F00200688307202875C5E0280000F0A5
:100DA000A7F9C348007880063DD53078C00633D512
:100DB00060480068296D88422ED1E86E00282BD14A
:100DC000688B50F002006883280002F073FD5B48D6
:100DD0000168A94203D10168C968016009E000689F
:100DE00000E0C068002804D0C168A942F9D1E968D0
:100DF000C1600020E8600120B34908700A2028750E
:100E00007A480168E960056004F047FB18E000BF1C
:100E1000ACE600081C850020688B50F00200688357
:100E2000082028750CE03078C00609D541480068D4
:100E3000296D884204D1E86E002801D1062028756A
:100E400072E0280000F054F999480078800625D512
:100E5000688B50F002006883280002F02BFD3748B1
:100E60000168A94203D10168C968016009E000680E
:100E700000E0C068002804D0C168A942F9D1E9683F
:100E8000C1600020E86001208F4908700A202875A1
:100E900056480168E960056004F0FFFA44E0280064
:100EA00000F026F93078C00629D522480068296D5F
:100EB000884224D1E86E002821D1280002F0FAFCF3
:100EC0001E480168A94203D10168C968016009E0B0
:100ED000006800E0C068002804D0C168A942F9D1C8
:100EE000E968C1600020E8600120774908700A20A5
:100EF00028753E480168E960056004F0CEFA13E009
:100F0000280000F0F5F83078C0060CD509480068D4
:100F1000296D884207D1E86E002804D16448017821
:100F200051F010010170FFE7002004B070BD000017
:100F30002485002028850020548500200C85002071
:100F400050FA000870F4000838B505000C00002DB8
:100F500008D1DFF8503C40F21F42DFF89C1B5E488E
:100F600000F05AFEE868808901F0CBFBC00716D577
:100F7000200002F0CBFA002434E0E068808901F020
:100F8000C0FBC00707D5012001F0BBFBE9688989D8
:100F90000843E96888812000246802F0C0FA002C28
:100FA0000BD0E0684168DFF8000C00682A898018DF
:100FB000411A2089091A0029DFD5002C12D0E068D7
:100FC0004168DFF8E40B02682B89D218511A012915
:100FD00008DBE26851680068091A29812989686874
:100FE00000F093FF2C6031BD9CF4000810850020B8
:100FF000F8F10008088500202DE9F04106000C00FA
:101000001D0033E027002468786801F0D9F8804695
:10101000B6F86600414689B2884208D2DFF8843BC0
:1010200040F25742DFF8841B2B4800F0F5FDB6F87C
:101030006600B0EB0808A6F866801E490A88388961
:1010400082180A80380002F06AFAB6F866000028B2
:101050000CD0002C0AD1002D08D1DFF8483B40F21B
:101060006242DFF84C1B1C4800F0D6FD002C17D064
:10107000E168486801F04DFB0700E068808901F0F5
:1010800040FB10F0030F01D0012100E00021208976
:1010900038180918DFF81C0B0068091A0129B1DBA0
:1010A0002000BDE8F08100008C8400202C85002009
:1010B0006185002052850020308500206C0A0108DF
:1010C00078FA0008500401085C85002070040108CB
:1010D00000850020880A010800FA00089004010831
:1010E000840E01084411010850840020B004010856
:1010F0002DE9F84306000024002E09D1DFF8A43AB8
:1011000040F27B42DFF8B01ADFF8B00A00F084FD4D
:10111000307D042809DADFF88C3A40F27C42DFF8AF
:10112000A01ADFF8980A00F077FDAF480078C006F3
:1011300040F19B81B6F86000B16D0918DFF8682AAC
:10114000736D10681B1A002B18D4706D13689842C9
:1011500006D1B36DDFF85C0A00681B1A002B0DD4B2
:10116000B06DDFF8503A1B6898421DD1B6F86000A8
:10117000DFF8503A1B68DB89984215D2DFF8440A41
:101180000068C089A6F86000B6F86200B6F8603062
:10119000984203D2B6F86000A6F862001068706545
:1011A000DFF8100A0068B065DFF8085A2A68706C2A
:1011B000121A012A46DADFF8100A008800283AD10C
:1011C000B06DB6F860208018884234D1B6F930008E
:1011D000002830D4706C296888422CD1012496F8FC
:1011E000430096F84310491CC9B2884204D296F8CD
:1011F0004300401C86F8430096F84300042813DBA4
:10120000B6F84810708E4118B6F8480089B281428D
:1012100006D3B6F84810708E4118A6F8481003E0BF
:101220004FF6FF70A6F8480096F84300032802DB4B
:10123000300003F059FE002C40F0EA80002086F8D0
:101240004300E5E02968706C091A491E002900F185
:10125000DC802968306D091A012980F2D680B07EC1
:1012600040070BD5718B4FF6FB7001407183B6F8C8
:101270004A00A6F848000020A6F86A00002086F878
:101280004200B6F93C00C010B6F93E104018A6F86E
:1012900040002868716C411A002086F843002868D5
:1012A0007064307D04285EDBB6F84800B6F84A204A
:1012B000904225D2708B000501D5012200E0022268
:1012C0000B001400E4B2708E44439BB2A4B2A3425C
:1012D00003D3D2B2708E12FB00F1B6F848000818A2
:1012E000B6F8482080B2904205D3B6F848000918F5
:1012F000A6F8481003E04FF6FF70A6F8480032E069
:10130000B6F86A000818B6F86A2080B2904205D391
:10131000B6F86A000918A6F86A1003E04FF6FF70E5
:10132000A6F86A00B6F86A00B6F8481088421AD3E0
:10133000B6F86A10B6F84800091AA6F86A10B6F8A6
:101340004810708E4118B6F8480089B2814206D321
:10135000B6F84810708E4118A6F8481003E04FF612
:10136000FF70A6F84800F36EDFF86028316F300098
:10137000FFF742FE3067336FDFF85428F16E30001C
:10138000FFF73AFEF066306F002803D15FF0FF30C0
:10139000308601E00020308600203077F06E002893
:1013A00002D10020A6F86800B6F86410DFF824081F
:1013B00000884118A6F86410708B000528D5306F9E
:1013C000002813D1F06E002808D0F06EC16848687C
:1013D00001F09FF9F16C081A012819DA718B4FF2AC
:1013E000FF700140718313E060850020306FC16899
:1013F000486801F08EF9F16C081A012808DA718B3F
:101400004FF2FF700140718302E0300003F0F0FE04
:10141000706B002829D0B16B2868091A002924D5DF
:10142000DFF8B4070168706B081A00B2B6F93C1017
:10143000B0EBE100B18F4118B187010009B200297A
:1014400001D500B2404200B2B6F93E10B0EBA100A7
:10145000F18F4018F087B6F93C00C010B6F93E1085
:101460004018A6F8400000207063DFF85C87B8F8E9
:101470000000002800F00E83307D072880F20A83E8
:10148000DFF82477716A3868091A491E00295CD48C
:10149000716A3868091AB8F80000091A491C01294C
:1014A00053DADFF838476568706AD7F80090B0EB18
:1014B00009096068002809D1DFF8E83640F2945243
:1014C000DFF81C17DFF8F40600F0A6FB4FF6FF70FC
:1014D000814509D3DFF8CC3640F29552DFF8041786
:1014E000DFF8D80600F098FB60680089494689B2A9
:1014F000884209D2DFF8AC3640F29752DFF8E8169E
:10150000DFF8B80600F088FB2089B0EB09002081E5
:1015100060680189B1EB090106E06889B9EB00094F
:101520002981002068812D6868894A4692B29042DC
:10153000F3D31FFA89F94946280000F087FD706A45
:101540003860E0683968416008E03968706A091AF3
:10155000002903D5708B50F0020070833968706ADF
:10156000091A002900F192823968706A091A308DCF
:10157000091A491C012980F28982706A39688842F7
:1015800040F09D81DFF85456E868808901F0B9F891
:1015900010F0030F01D0012000E00020298940183D
:1015A000A8F80000308DB8F80010884247D2E868EB
:1015B000808901F0A6F8C00710D5E868808901F09D
:1015C000A0F8C0B210F03E0001F09BF8E9688A89EB
:1015D0004CF2FF010A401043E9688881308D288170
:1015E000E868808901F08DF8800702D52889401EBF
:1015F00028812989686800F088FCE868808901F002
:1016000080F810F0030F01D0012000E000202989AC
:101610004018A8F800003868B8F8001010FA81F0F7
:10162000716A328D8918884209D0DFF8783540F226
:10163000CC52DFF8B815DFF8840500F0EDFA706FD2
:10164000002800F08680E868808901F05AF8C00719
:1016500009D5706F00287CD0706F716F0968716751
:1016600001F05DFFF5E7746F25E000201BE0E06806
:10167000808901F046F8C00719D5E868808901F033
:1016800040F8800713D4012001F03BF8E96889890C
:101690000843E9688881E868808901F032F810F031
:1016A000030FE2D0012029894018A8F8000020008B
:1016B000246801F034FF002C0BD0E06841683868E2
:1016C000B8F8002010FA82F0411A2089091A00297E
:1016D000CDD5002C3CD0E16848683968B8F80020C6
:1016E00011FA82F1081A012832DBE0684168386893
:1016F000091A2981E868808901F003F8800702D57A
:101700002889401E28812989686800F0FEFBE86866
:10171000808900F0F6FF10F0030F01D0012000E0F7
:10172000002029894018A8F80000E1684868396855
:10173000B8F8002011FA82F1814209D0DFF8643450
:1017400040F2FD52DFF8A814DFF8700400F064FAEC
:1017500074673868B8F8001010FA81F07062308D44
:10176000B8F80010884209D2DFF8383440F2076236
:10177000DFF88014DFF8440400F04EFA318DB8F839
:101780000000091A3185300001F0FCFA6868008910
:10179000002805D06868DFF86014086000206860E1
:1017A000E868808900F0ADFFC00737D5DFF84C044A
:1017B000017851F02001017030E06068106015E0A0
:1017C0000021328D2089121A511A3185300001F022
:1017D000D9FA6068008900280AD0DFF81C24106854
:1017E0000028EAD06168106800F007FD0020606002
:1017F000E068808900F085FFC0070AD5DFF8FC03A8
:10180000017851F020010170307D042801D10720BA
:10181000307520687067200001F081FE706F00282D
:101820003BD0706FC1684868716A884235D1746F67
:10183000706FC16848683860E068808900F061FFB7
:1018400010F0030F01D0012000E00020716A22890E
:10185000801841187162E068808900F052FF10F032
:10186000030F01D0012000E00020318D2289801873
:10187000814209D2DFF82C3340F22C62DFF880136A
:10188000DFF8380300F0C8F9E068808900F039FF1C
:1018900010F0030F94D0012193E7B07EC00709D563
:1018A000718B4FF6FE7001407183708B50F0020017
:1018B000708303E0708B50F001007083FCE0706F68
:1018C000002805D1DFF8140301F048FE7067D9E065
:1018D0000024756F0AE02C002868002805D1E9680B
:1018E00048683968081A01285ADA2D68002D00F076
:1018F000C980E96848683968814211D0002C22D13A
:10190000E96848683968081A0028E4D5B34801F046
:1019100025FE002803D070672900FFF715FBB1E012
:10192000AE482989028991420CD201F017FE0028A5
:1019300007D0002C01D0206000E070672900FFF77D
:1019400003FB9FE09EE0E16848683968081A401E82
:101950000028C0D4E96848683968081A401C012882
:10196000B9DA9E4801F0FAFD8046B8F1000F16D0B2
:10197000E1684868218941183868091A012908DB9B
:10198000E16848683968081A20812189606800F098
:10199000BCFAC4F8008029004046FFF7D5FA71E090
:1019A000E868808900F0ADFEC0076BD48B4801F079
:1019B000D5FD28602868002864D0E968486829892E
:1019C00041183868091A012908DBE968486839684C
:1019D000081A28812989686800F097FAB8F8000089
:1019E000396811FA80F1706A091A308D091A0129D3
:1019F00048DB2868C068808900F083FEC00713D5E3
:101A00002868C068808900F07CFEC0B210F03E00FB
:101A100000F077FE2968C9688A894CF2FF010A4004
:101A200010432968C9688881716A308D4118386807
:101A3000091A28680181286801892868406800F02F
:101A400064FA2868C068808900F05BFE10F0030F1C
:101A500001D0012000E00020296809894018A8F879
:101A600000003868B8F8001010FA81F0716A328D01
:101A70008918884206D04B4B40F2F9625B494F48C7
:101A800000F0CAF8300003F0B3FB15E0300003F0BB
:101A9000AFFB11E044490A68706A121A002A07D4A1
:101AA0000968706A091A308D091A491C012903DB7B
:101AB000708B50F002007083BDE8F18310B4514880
:101AC00001880288521C02804F4A1068002805D005
:101AD0004E480B0004889BB2A34205D239480068E7
:101AE000143089B2405C04E00088091A1068C9B259
:101AF000405C10BC70470000A0FA0008F8B5040074
:101B0000002C06D1274B40F27D7241492B4800F052
:101B100083F8404D288800283DD03A4E0020308080
:101B2000FFE730882988884235D2FFF7C7FFC0B267
:101B300000280ED002280DD0F3D3FFF7BFFF01001D
:101B4000C9B2022926DB3188C0B2801E411831801B
:101B5000E7E720E0FFF7B2FF042804D128883188A6
:101B6000891C884200DA16E0FFF7A8FF07003F0251
:101B7000FFF7A4FF0743380080B240F219218842E2
:101B800003DA380080B2002802D14FF40677FFE76D
:101B90006786C6E7FFE7F1BD1848017851F01001EC
:101BA00001707047ACE6000824850020C8FA0008E0
:101BB000D004010828850020A40A010800FA0008C2
:101BC000C00A01081C85002054850020D01401089B
:101BD000D814010852850020008500208C84002044
:101BE00004130108141301082413010800ED000870
:101BF000C4EA0008F00401082C850020618500205B
:101C0000F0FA000850850020208500204E85002035
:101C1000DC0A01084C8500200EB4C0B5024603A8BA
:101C200000210190009101AB0121044878440C305F
:101C300003F0F8FE06BC5DF810FB00BF69F300007E
:101C400080B50020DFF804190870DFF8400900684B
:101C500000E0C068002805D0416F0029F9D001F0EC
:101C60009DFFFFE701BD0120DFF8E0180870704715
:101C700070B4BDF90C50049C0026066041600281DE
:101C8000438105734473012181730021C17370BCCA
:101C900070472DE9FC470E009046C0B20500404653
:101CA00000B2012808D0412806D0B0F5C17F0ED07F
:101CB000B0F5207F7BD0C8E0424612B2310089B235
:101CC000002000F0CEF804002000BDE8F6870024D4
:101CD0005FF000093700082004F0EDFD0600002E3B
:101CE00045D039002A0092B2D21C4FF6FC70024057
:101CF000D2F5147289B292B2914241D2BA46002012
:101D00000190404600B2009053469BB23A0092B216
:101D1000280080B2304410F11001C91C89088900E4
:101D20003000FFF7A5FF307910F0030F09D0DFF87E
:101D3000603840F20112DFF85C18DFF85C08FFF74A
:101D40006BFFADB2ED1CAD08AD00D5F51475002DDF
:101D500009D1DFF83C3840F20312DFF84018DFF811
:101D60003808FFF759FF002C16D1340016E0FFF7B2
:101D70007AFF002C02D0200000F0B5F90020A4E783
:101D8000AA461FFA8AFA1AF1030A4FF6FC7010EA03
:101D90000A0ADAF5147AB2E7C9F80060B146B7EB7F
:101DA0000A070025380080B2002894D18CE729006A
:101DB00089B2C91C4FF6FC700140320092B2D21CAD
:101DC0004FF6FC700240511811F1100089B2320038
:101DD00092B2D21C92089200914208D3010089B2BB
:101DE000320092B2D21C92089200914201D200209D
:101DF0006BE780B204F0ABFF0400002C01D100209F
:101E000063E7002001900FFA88F8CDF800803300D6
:101E10009BB2320092B2ADB204EB050010F110019A
:101E2000C91C890889002000FFF722FF207910F0E3
:101E3000030F09D0DFF8583740F22312DFF860179C
:101E4000DFF85407FFF7E8FE3EE7DFF8443740F2DB
:101E50002712DFF85017DFF84007FFF7DDFE0020FC
:101E600033E7FEB505000E001700380000B2412828
:101E70000DD0380000B2012809D0DFF814374FF434
:101E8000A572DFF82417DFF81007FFF7C5FE07205B
:101E900004F011FD0400002C01D100200CE0002012
:101EA00001903FB2009733009BB2320092B22900FA
:101EB0002000FFF7DDFE2000FEBD3EB51C00079BA5
:101EC000C0B29BB20500ADB2ED1CAD08AD0015FA75
:101ED00081F5AB4201D2002016E0069B002B05D015
:101EE00080B2C01C80088000184400E0002002235B
:101EF000019312B200920B009BB20A0092B2010051
:101F00002000FFF7B5FE20003EBD70B504000D00B7
:101F1000002C09D1DFF878364FF4CC72DFF88C163C
:101F2000DFF87406FFF778FE2800218980B2884226
:101F300044D22689761B11E060892D1A2089801BE6
:101F400020812468002C09D1DFF8443640F2AF121A
:101F5000DFF85C16DFF84006FFF75EFE60892900B7
:101F600089B28842E8D3207B10F00F0F1BD12800E4
:101F7000618980B2884216D0607B800713D4616883
:101F8000091B691889B2200004F023FE0400002C0C
:101F900009D1DFF8FC3540F2BD12DFF81816DFF882
:101FA000F805FFF739FE65816089208120680028E7
:101FB00002D0206800F097F80020206070BD70B556
:101FC00004000D001600002C09D1DFF8C43540F2E2
:101FD000DF12DFF8E415DFF8C005FFF71DFE002C67
:101FE00002D0B5F5803F01D3012027E0002D01D1BB
:101FF000002023E02900208940180A0080B292B214
:10200000904201D2012019E0207B000608D56068CB
:102010006D42284414F11002904207D201200DE0D5
:10202000F6B2002E0BD060686D4228446060608973
:1020300008186081208909182181002070BD0120C5
:10204000FCE780B50022FFF7BAFF02BD38B50400F7
:102050000D00002C09D1DFF8383540F24B22DFF8B3
:102060005815DFF83405FFF7D7FD002C02D0B5F581
:10207000803F01D3012020E0002D01D100201CE091
:10208000290060890A0092B290420BD2DFF8003535
:1020900040F25522DFF82415DFF8FC04FFF7BCFD01
:1020A00001200AE060686068284460606089401A26
:1020B00060812089411A2181002032BD80B50B004A
:1020C0001BB2002B04D509B24942FFF7BFFF03E062
:1020D000D2B209B2FFF773FF02BD80B5012209B287
:1020E000FFF7ECFF02BDF8B50400002C0DD1002C69
:1020F00009D1DFF89C344FF43772DFF8BC14DFF8F5
:102100009804FFF789FD002059E000250BE0DFF877
:10211000803440F20F32DFF8A814DFF87C04FFF7B8
:102120007BFD6D1C3400002C47D0A07B002809D11A
:10213000DFF85C3440F2F122DFF88814DFF858044D
:10214000FFF76AFDA07B401EA073A07BC0B20028F1
:1021500031D12668207B10F00F00617B890711D5F3
:1021600027003869002809D1DFF8243440F2FF2223
:10217000DFF85414DFF82004FFF74EFD2000396922
:102180008847CEE70100C9B2022904D12100082006
:1021900004F0D0FBC5E70100C9B2012904D1210038
:1021A000072004F0C7FBBCE7C0B20028AFD1200075
:1021B00004F0BBFCB5E70024B5E72800C0B2F2BDCF
:1021C0000100002001E0401C09680029FBD180B219
:1021D000704780B500280FD0817B491C8173807BBC
:1021E000002809D1DFF8A83340F24232DFF8DC13CF
:1021F000DFF8A403FFF710FD01BD38B504000D00A2
:10220000002C01D0002D0AD1DFF8843340F25A327D
:10221000DFF8BC13DFF88003FFF7FEFC28E004E0E2
:102220002189288941182181246820680028F7D154
:1022300020896189884209D0DFF8543340F2623244
:10224000DFF89013DFF85003FFF7E6FC2068002862
:1022500009D0DFF83C3340F26332DFF87C13DFF85B
:102260003803FFF7D9FC218928894118218125608D
:1022700031BD10B50C002100FFF7BFFF2000FFF7B4
:10228000A8FF10BD2DE9F84305000C00002600272B
:10229000002D05D0002C03D02889218988420CD23A
:1022A000DFF8EC3240F2CA32DFF83013DFF8E80230
:1022B000FFF7B2FC7FF00F0059E06889801B61894D
:1022C000C91B884204D3B4F80A80B8EB070803E0BE
:1022D000B5F80A80B8EB06084246606800EB0701D3
:1022E000686800EB0609484604F01EFE18EB060677
:1022F00018EB07076889B04209D2DFF8943240F240
:10230000D932DFF8DC12DFF89002FFF785FC608934
:10231000B84209D2DFF8783240F2DA32DFF8C4127C
:10232000DFF87402FFF778FC6089874201D3002749
:1023300024686889864205D100262D68002D01D1C8
:10234000002C16D1002C06D060892189884202D148
:10235000206800281AD1002D06D068892989884272
:1023600002D1286800281ED1002CA6D10020BDE88B
:10237000F283DFF81C324FF47972DFF86C12DFF869
:102380001802FFF749FC7FF00F00F0E7DFF800329A
:1023900040F2EA32DFF85412DFF8FC01FFF73CFCB0
:1023A0007FF00500E3E7DFF8E83140F2EF32DFF8D5
:1023B0003C12DFF8E401FFF72FFC7FF00500D6E7C1
:1023C0002DE9F04704000D00904600260027002C60
:1023D0000BD1DFF8BC3140F20A42DFF81412DFF80B
:1023E000B801FFF719FC002042E0002D0BD1DFF807
:1023F000A03140F20B42DFF8FC11DFF89C01FFF73F
:102400000BFC002034E02BE0B4F80A90B9EB030990
:102410004046494680B289B2884200D2C1464A4607
:1024200092B260689BB200EB0301300080B205EB12
:10243000000A504604F078FD19EB070719EB060671
:10244000B8EB090800230AE0180080B20028DBD0AE
:102450001800618980B28842D6D360891B1A24682B
:10246000404680B2002801D0002CEDD1380080B267
:10247000BDE8F0872DE9F04704000E0017003D008D
:10248000ADB25FF00008002C09D1414B40F2B342DD
:1024900059494148FFF7C0FB7FF00F0053E0002E81
:1024A00009D13B4B40F2B44254493B48FFF7B4FBDF
:1024B0007FF00F0047E02089390089B2884209D2B5
:1024C000334B40F2B5424E493348FFF7A5FB5FF06E
:1024D000FF3038E0002C06D0002E04D020893900CF
:1024E00089B2884202D27FF00F002CE01CE0002C61
:1024F00006D1274B40F2BD4242492748FFF78CFBEB
:10250000A9466089484501D2B4F80A904A4606EBCC
:102510000801D4F804A0504604F006FDB5EB090507
:1025200019EB0809C8462468002DE0D1002D02D11E
:10253000BFB2B84506D0164B4FF4996232491648DF
:10254000FFF76AFB0020BDE8F08700005B850020F4
:1025500038B515000A0012B22989C0B2FFF799FBFD
:102560000400002C01D100200EE029002000FFF71C
:1025700089FE40B2002806D0054B40F22452234980
:102580000548FFF749FB200032BD00000C85002004
:10259000D4E50008D8F00008F8F70008B0EE00080D
:1025A0003CF30008AC080108CC100108EC0C010851
:1025B000040D0108C8080108681401081003010887
:1025C000E01001081C0D010810FF0008F4100108BC
:1025D00020EC000808F100085412010838F1000846
:1025E000340D0108E40801086412010868F30008CA
:1025F0003003010834FF00084C0D010800090108F0
:1026000050030108640D01087C0D01080811010840
:1026100010B40300C243002A01D0002801D10120D8
:102620001AE091F83120920701D4002014E04A68A2
:10263000904201D100200FE08A6813404C688A68FC
:102640001440A34207D18A6890438968C9438842ED
:1026500001D1012000E0002010BC704780B510229D
:10266000014900F003F802BD7C840020FCB5002382
:10267000006800900C006D46002604E02E202070BB
:10268000641C6D1C761C3000C0B2042834DA0027AC
:1026900095F800C05FF00A0E9CFBFEF00EFB10C028
:1026A00095F800C05FF00A0E9CFBFEFC85F800C0A8
:1026B0000DF1040C3030BE465FFA8EFE0CF80E00B1
:1026C0007F1C28780028E3D13800471EC0B20028BC
:1026D0000CD01800431C904206DA3800C0B21CF837
:1026E00000002070641CEFE7002009E01800431C84
:1026F0009042C3DB002003E0601E0022027008004D
:10270000F6BD0100080080B2000A50EA012080B244
:1027100070470100080210F47F0050EA01600A00CF
:10272000120A12F47F42104350EA1160704730B42D
:10273000002513E050F8042BD30744BFA9F101038F
:102740009A18091F042942F8045BFAD213468C0731
:1027500044BF15809B1CC90748BF1D7050F8041B5F
:102760000029E7D130BC704780B504F031FC80040B
:10277000800CB0F58040DFF85C17088001BD10B513
:102780000400207D012808D1DFF84C37D422DFF87F
:102790004C17DFF84C07FFF73FFA2100012004F047
:1027A000C9F810BD10B50400207D012808D1DFF85C
:1027B0002837DF22DFF82C17DFF82407FFF72CFA81
:1027C0002100022004F0B6F810BD80B500F000FE34
:1027D000DFF814070178491C01700078C00701D5A3
:1027E00000F09CFB01BD38B504000D00002D08D1A0
:1027F000DFF8E436FF22DFF8F416DFF8E406FFF72F
:102800000BFA05E0E06FA84201D10020E067E46820
:10281000002CF7D131BD38B50400002C09D1DFF808
:10282000B83640F21112DFF8C816DFF8B406FFF729
:10283000F3F9207D012809D0DFF89C364FF4897226
:10284000DFF8B016DFF89806FFF7E6F9012508E093
:102850002100DFF8A40650F825000068FFF7C3FF49
:102860006D1C042DF4D331BD3EB504000D00002CC9
:1028700009D1DFF864364FF4AF72DFF88016DFF865
:102880006006FFF7C9F9EDB2002D4ED0207D042877
:1028900002D0207D072848D1A06F002803D1208DC9
:1028A000B0F5066F41D0A07EC00609D4DFF8283607
:1028B0004FF4B272DFF84816DFF82406FFF7ACF9E0
:1028C000208B0290E08A0190201D00902300626A14
:1028D000216D200002F041FC200000F0EBFFDFF84A
:1028E00024060168A14203D10168C968016009E0BA
:1028F000006800E0C068002804D0C168A142F9D196
:10290000E168C1600020E0600120DFF8FC1508707C
:10291000DFF8F8050068A04202D1FFF73DF902E0B8
:102920002000FFF72CFF002022E0207D002803D0AC
:1029300002282AD01DD335E0E08A002814D0DFF821
:10294000D0050168A14203D10168C968016009E0AE
:10295000006800E0C068002804D0C168A142F9D135
:10296000E168C1600020E0602000FFF708FF002060
:102970003EBD2000FFF74FFF2100DFF8980500F073
:10298000D5FF2000FFF70EFFF1E72100DFF8740507
:1029900000F0CCFF0120DFF8701508702000FFF771
:1029A000EEFEE4E7200000F001F8E1E738B50400AE
:1029B000002C09D1DFF820354FF4CE72DFF8301546
:1029C000DFF81C05FFF728F9207D032804D0042830
:1029D00016D007281FD029E0200001F07CFE05005A
:1029E000280040B2002801D105202075280040B2FF
:1029F00000281DD1200001F07DFF280040B232BD2B
:102A0000200001F068FE0500280040B2002801D136
:102A100005202075EAE7200001F05DFE0500280092
:102A200040B2002801D109202075DFE70020E6E749
:102A300028005FF0FF3140B28842DED1608B50F059
:102A4000080060830020DAE780B500280CD1DFF8A9
:102A500088344FF4F472DFF8C014DFF86409FFF72C
:102A6000DBF87FF00F0009E0017D012903D0418BE5
:102A700051F0100141830121FFF7F6FE02BD2DE95F
:102A8000FE4F04008B46002C0AD1DFF84C3440F294
:102A90003D22DFF83019DFF84804FFF7BDF873E096
:102AA000207D012809D1DFF8303440F24122DFF8DF
:102AB0001819DFF82C04FFF7AFF8207D0A2808D199
:102AC0002100DFF8080900F031FF2000FFF757FE72
:102AD0005AE000250026276DD4F82480D4F8909081
:102AE000D4F810A0207D002818D1E08A002820D03A
:102AF000DFF81C040168A14203D10168C9680160C4
:102B000009E0006800E0C068002804D0C168A14264
:102B1000F9D1E168C1600020E0600AE05D46E68A24
:102B20002100DFF8E00300F001FF0120DFF8D813F7
:102B30000870206F002802D0206F00F0E7FCE06EE4
:102B4000002802D0E06E00F0E1FC606F002802D0A7
:102B5000606F00F0DBFC002D0BD0208B0290B6B232
:102B60000196201D0090230042463900200002F00B
:102B7000F4FA207D2000FFF702FE4846002803D02B
:102B80007FF00C015046C847BDE8F78F80B50121A2
:102B9000FFF775FF01BDF8B505000C000423002CFC
:102BA00001D1DFF8AC48002D0CD1DFF82C3340F216
:102BB000A922DFF85019DFF82803FFF72DF87FF07E
:102BC0000F0055E0287D00280CD0DFF80C3340F2D0
:102BD000AB22DFF83419DFF80803FFF71DF87FF0A8
:102BE000050045E0100080B2002809D100F042F94C
:102BF0000200100080B2002826D17FF0010037E0EB
:102C0000002600E0761C9E421EDADFF8EC0250F847
:102C10002600006800E0C0680028F3D0C18A1700D1
:102C2000BFB2B942F7D100280BD00168002908D003
:102C3000002C06D02168002903D001682768B9421A
:102C4000E9D17FF0070013E0002C08D020680028AD
:102C500005D0002C01D1002000E020682860EA8225
:102C6000DFF8AC020168E960056002F016FC0020A4
:102C7000F2BD10B50C00002C09D1DFF85C3240F237
:102C80000F32DFF86019DFF83807FEF7C5FF2000C4
:102C9000FFF77CFF7FF00C0010BD80B50022C9B2A9
:102CA00000F001F802BD70B5060014000025002EEA
:102CB0000CD1DFF8243240F25932DFF82C19DFF85A
:102CC0002002FEF7A9FF7FF00F0056E0307D0028BC
:102CD0000CD0DFF8043240F25A32DFF87019DFF816
:102CE0000002FEF799FF7FF00E0046E0307D0128DC
:102CF00003D135007FF008003FE0022003F0DBFD48
:102D00000500002D02D15FF0FF3036E03069286108
:102D1000F08AE88201202875707D6875707A687283
:102D200000202872F07AE872B07AA87230682860C1
:102D3000F08A002814D0DFF8D8010168B14203D12D
:102D40000168C968016009E0006800E0C068002807
:102D500004D0C168B142F9D1F168C1600020F060CF
:102D60003000FFF70CFDDFF88009A86169480168B1
:102D7000E960056002F091FB0020002C00D020707B
:102D8000280070BD38B50400002C08D1524B40F229
:102D9000A632DFF88019DFF82806FEF73DFF606AEB
:102DA000218D4018618E40F23142914202DB4FF496
:102DB000866100E0618EE26A821A511A002904D409
:102DC000218D6185E16A401A18E0616AE06A091A9A
:102DD000012902DB002060850FE0E06A656A451B7F
:102DE000B5F5803F08D33C4B40F2B632DFF82819E6
:102DF000DFF8CC05FEF710FF6585002032BD38B541
:102E000004000D00002C09D1334B40F2CF32DFF823
:102E10000C19DFF8AC05FEF7FFFE2AE0207D012843
:102E200008D12D4B40F2D332DFF8B419DFF890050A
:102E3000FEF7F2FE208D2D18280080B240F66101C9
:102E4000884204DA2800218D80B2884203D24FF4F0
:102E50000660208500E025852000FFF793FFB0F590
:102E6000067F06D3608B50F002006083200001F0E3
:102E700041FD31BD30B40021FFE7164B1888401CDE
:102E8000188018884FF6FF72904202D14FF44040EC
:102E90001880002200E0521C1000C0B2042815DA8D
:102EA00015481400E4B250F82400006800E0C0683F
:102EB0000028F0D0C48A1D88AC42F8D1491C080013
:102EC00080B2B0F5804FD8DB002000E0188830BC1D
:102ED000704700009C00002040E600081C1101081B
:102EE00020F800081C0901085D85002048F800084A
:102EF00074140108940D0108A4120108700301085C
:102F0000380901080C8500205C85002030850020F0
:102F10000485002008850020AC0D01082DE9FE4F36
:102F20000020DFF8FC99D9F80000401CC9F8000027
:102F3000DFF8F0A99AF80000401C8AF8000035E09C
:102F4000DBF80000A84209D0DFF8303B40F27152B4
:102F5000DFF8D419DFF86804FEF75EFEE868CBF806
:102F60000000F6B2002E0BD0288B0290E88A019068
:102F7000281D00902B006A6A296D280002F0EDF8E8
:102F80002E69287D2800ED68FFF7F9FBDFF8888AB5
:102F9000002088F800003800002803D07FF00C01E2
:102FA0003000B84798F80000002807D00024DFF868
:102FB00040BADBF8005001E02C00ED68002D00F075
:102FC000B681287D002809D1DFF8B03A40F2BE4230
:102FD000DFF8481ADFF8E803FEF71EFE287D012817
:102FE00009D1DFF8983A40F2BF42DFF8341ADFF82F
:102FF000D003FEF711FE287D0A2809D1DFF87C3ABC
:103000004FF49862DFF81C1ADFF8B403FEF704FEF1
:10301000A87F9AF800108842CED09AF80000A877CE
:1030200000270026287D022805D195F842000628B1
:1030300001DB7F1CCEE095F842000C2801DB7F1CF1
:10304000C8E095F89900002863D0286F002809D0BF
:10305000DFF8283A40F2D442DFF8241ADFF86003A0
:10306000FEF7DAFDE86E002809D1DFF8103A40F2E9
:10307000D542DFF8481ADFF84803FEF7CDFD95F892
:103080009A000C2801DB7F1CA4E0DFF8340A95F8D5
:103090009910084410F8010C95F898100200D2B26B
:1030A000914204D295F89810491C85F8981095F82B
:1030B0009810C0B28142C0F08D805FF00108B5F871
:1030C0006000002807D1280002F026F9002810D05F
:1030D0005FF000080DE0B5F86010280001F0F9F984
:1030E000002806D1280001F005FC002801D15FF07E
:1030F0000008B8F1000F6DD0002085F8980095F811
:103100009900072866D295F89900401C85F8990027
:1031100060E0B5F93000002808D4B5F9300047F672
:10312000FF71884202D0288E401C2886B5F93000F5
:10313000B5F9401088424DDB280001F007FE002859
:1031400005D0286F002845D1E86E002842D0287DA0
:1031500002281AD095F842000C2802D295F84200B5
:1031600000E00C20B5F93C10C910B5F93E208918D3
:10317000DFF89829C0B2105611FA00F047F6FF7137
:10318000884200DB0800A5F8400000202886B5F83A
:103190004800B5F86010884202D2B5F8480001E056
:1031A000B5F8600080B24008A5F84A00B5F84A00BA
:1031B000698E490089B2884203D2688E4000A5F822
:1031C0004A00688EA5F848000020A5F86A0028008B
:1031D00001F007FE287D062809D1A87EC00606D585
:1031E000D9F80010286A091A292900D37F1C687AA7
:1031F000000734D5287D042802D0287D07282ED149
:10320000D5F89410DFF8080941184FF4FA70B1FBB3
:10321000F0F1D9F80020286A121A914202D27F1CDC
:10322000761C1CE0D5F8941095F89B20DFF8E40894
:1032300000FB02114FF4FA70B1FBF0F1D9F8002055
:10324000286A121A91420AD2280002F02FF840B2DE
:10325000002804D195F89B00401C85F89B00686FFE
:1032600000280DD0D9F80010286A091AB5F94000D5
:10327000062210FB02F0814202D3280000F08EFCEF
:10328000287D032806D1D9F80010286A091A2929AF
:1032900000D37F1C287D092806D1D9F80010286AA0
:1032A000091AF12900D37F1CFFB2002F17D0D5F8DF
:1032B0009070280000F0FEFA002C3FF441AEDBF8DD
:1032C0000000854208D1DFF8B43740F26D52DFF8D4
:1032D00048183B48FEF7A0FCE868E06041E62C0097
:1032E000ED68207F401C2077207F617F8842FFF4BB
:1032F00065AE00202077DFF8206700203070D4F81A
:103300008C00002806D021002069D4F88C2090473A
:10331000010000E00021307800287FF447AE49B278
:1033200000297FF44BAE200001F0E4FA46E60024C9
:10333000264E356811E03068A84208D0DFF83C37E7
:1033400040F2B352DFF8D4171D48FEF765FCE86879
:1033500030602800ED68FFF712FA002D2DD0287D8F
:103360000A2808D0DFF8143740F2A152DFF8B0176E
:103370001348FEF751FC0020D9F80020296A521AA0
:10338000F12A00D3401CC0B2002813D0280000F05E
:1033900091FA002CCFD03068854208D1DFF8DC36B6
:1033A00040F2AF52DFF87C170548FEF735FCE868BD
:1033B000E060CEE72C00ED68CFE7BDE8F78F0000B6
:1033C00020F8000854090108E4EE000810850020E8
:1033D000F8B5DFF850552878401C287029E0287887
:1033E000A077A07EC0070BD5608B50F002006083F1
:1033F000200001F07FFA618B4FF6FC700140618381
:10340000A07E000707D5618B4FF6F77001406183FE
:103410002000FFF7CBFAE668A06F00280DD0DFF898
:10342000F87500203870200000F014F83878002873
:1034300003D0DFF8F406046800E03400002C05D067
:10344000A07F29788842CAD1E468F7E7F1BD00007F
:10345000E0140108F8B50400002C0CD1DFF81C368C
:1034600040F20962DFF8C416DFF8C406FEF7D4FBA9
:103470007FF00F0045E0A06F467BA56F0020A0679E
:10348000D4F88400002807D000232A0021002069F6
:10349000D4F88470B84705E000232A0021000020FA
:1034A00000F07DF8010049B200291DD1B00627D5F2
:1034B000208DB0F5066F02D0208D401C2085D4F8F9
:1034C0008400002808D00023002221002069D4F8BD
:1034D0008440A047010000E000217FF00C000200C2
:1034E00049B291420CD10CE07FF00C010A0040B2CD
:1034F000904201D1080004E0A5677FF0040000E0DD
:103500000020F2BDC40D010870F8000810B503E0FA
:10351000046800F004F820000028F9D110BD10B5AF
:103520000400002C09D06068002802D06068FEF713
:10353000DAFD2100032003F0FDF910BD80B500285D
:103540000AD1DFF838354FF4CE62DFF8E815DFF83E
:10355000E005FEF761FB00E0417501BD70B50500B7
:10356000002D09D1DFF8143540F28262DFF8C8156A
:10357000DFF8BC05FEF750FB032003F09CF90400C4
:10358000002C01D1002009E0102226002900300083
:1035900003F0CAFC6068FEF71CFE200070BD10B589
:1035A0000800140000280CD1DFF890354FF4D362E6
:1035B000DFF88C15DFF87805FEF72EFB7FF00F00A3
:1035C00008E0002C07D02189FFF719FC2000FEF746
:1035D0008AFD002010BD5BB2002BFAD1FFF734FA50
:1035E000F8E700009003010868F1000838B5010011
:1035F000C9B2802901DB7F20FFE70100C9B20029A1
:1036000023D0441E00230020DFF81C15096816E0B3
:103610004A7D2500EDB2AA420AD34A7D2500EDB2CB
:10362000AA420BD1BE4A15680A6AAD1A9D4205D35B
:10363000BB4800680B6AC31A08004C7DC9680029A2
:10364000E6D1002801D0FFF7A1FA31BD58EC0008FF
:1036500070B504002000C0B208280DD02000C0B210
:10366000092809D0DFF8D43440F2DD62DFF8D41441
:10367000DFF8BC04FEF7D0FA00230022DFF8A8042C
:1036800000680FE0017D2500EDB2A94209D1A44DEB
:103690002E68016A761A9E4203D32968036ACB1A00
:1036A0000200C0680028EDD1002A03D000211000DC
:1036B000FFF7E5F970BD38B500230020DFF8881466
:1036C00009680AE0964C25680A6AAD1A9D4203D340
:1036D00020680B6AC31A0800C9680029F2D10028C3
:1036E00001D0FFF753FA31BD732C000810B5DFF895
:1036F000380400680BE0C468817E090706D5428B58
:103700004FF6F7710A404283FFF750F92000002876
:10371000F1D110BD58FF000870090108DC0D010847
:1037200070B50500012003F0C6F80400002C23D179
:10373000FFF7DCFFFFF7BFFF012003F0BCF8040038
:10374000002C19D10920FFF783FF012003F0B3F803
:103750000400002C10D10820FFF77AFF012003F0AD
:10376000AAF80400002C07D12800C0B2FFF73EFFE2
:10377000012003F0A0F80400002C2FD09C2100228F
:103780002600300003F076FC65754FF48660A4F8DF
:1037900064004FF406616185618D2185FF21E1722E
:1037A0004FF4067161860621A4F840100621E187D6
:1037B0005FF0FF3121860121A4F8481058490968BB
:1037C000216258490978A177A4F84A00DFF87C0300
:1037D000C4F88400DFF87803C4F89400200070BDBA
:1037E00098F8000880B54020FFF79AFF02BD002836
:1037F00000D00161704738B504000D00002C0DD0D9
:10380000207D012808D19D4B40F2DF72DFF8441380
:10381000DFF81C03FEF700FAC4F8845031BD38B558
:1038200004000D00002C0DD0207D012808D1934B01
:1038300040F2F372DFF82013DFF8F402FEF7ECF940
:10384000C4F8805031BD38B504000D00002C0CD0F8
:10385000207D012807D1894B40F60D02DFF8FC12CC
:10386000B348FEF7D9F9C4F8905031BD00000028E4
:1038700003D0027D012A00D18161704770B5040038
:103880000D001600002C07D17C4B40F63D02B449D8
:10389000A748FEF7C1F90CE0207D012806D1774B3F
:1038A00040F63E02AF49A248FEF7B6F9C4F88C5084
:1038B000667770BD10B50400002C07D16F4B40F641
:1038C0005102A9499A48FEF7A7F926E0207D002871
:1038D00023D0207D0A2820D0207D01281DD0A06F74
:1038E000002804D0A06FFEF7FEFB0020A067606FE9
:1038F000002802D0200000F051F95FF0FF30208650
:10390000E06EFFF703FE206FFFF700FE0020E06689
:10391000E06E20670020A4F8680010BD00000000E1
:10392000008500205E85002018F4000838B50500E9
:103930000C00002C06D1814B40F683028B497C4859
:10394000FEF76AF9002D06D17C4B40F684028849C7
:103950007748FEF761F92868A04203D12868C0685B
:10396000286009E0286800E0C068002804D0C16829
:10397000A142F9D1E168C1600020E0602000FFF7BA
:1039800099FF207D0A280CD0207D012809D0A07E37
:10399000C00706D5608B50F002006083200000F065
:1039A000A9FF207D01281DD0E06E002806D0634BC2
:1039B00040F693026F495E48FEF72EF9206F00280B
:1039C00006D05E4B40F694026B495948FEF724F945
:1039D000606F002806D0594B40F69602674954485C
:1039E000FEF71AF9002020750020E08231BD0000AA
:1039F0000C85002080B5002806D1504B40F6AF0260
:103A00005F494B48FEF708F95E490A685E4800685E
:103A100082180A60086802BD5C85002094F30008E3
:103A2000C0F3000898F1000838B505000C00002A22
:103A300006D1424B40F6C50254493D48FEF7ECF82A
:103A4000002C02D1280080B217E0218D080080B23E
:103A5000002810D0282002000B0092B29BB29A429C
:103A600001D2081A00E000202900020089B292B2B7
:103A7000914200D30500280080B232BD40E6000824
:103A800018EF000870B505000C00002D06D12B4B77
:103A90004FF410623E492648FEF7BEF804E0E6689F
:103AA0002000FFF773F83400002C05D02068296847
:103AB0008842F4D0E468F7E770BD000090EC00089D
:103AC000C814010838B504000D00002C1DD0206872
:103AD00000281AD0144801682000FFF7D3FF2D48B2
:103AE00001682000FFF7CEFF002D0ED028680028C7
:103AF0000BD02948006806E001682268914201D194
:103B000029680160C0680028F6D131BD941201080F
:103B1000B84C0A00F8240100ECF30008E8F80008AB
:103B2000C8F10008C0F800080C85002010F9000852
:103B300020F800088C090108A809010840E60008DF
:103B4000C409010884120108108500209F3500086F
:103B500000DD6D0038F9000860F9000888F90008F8
:103B6000F40D0108B0030108E0090108FC0901088F
:103B7000D00301080C0E0108180A0108240E0108E0
:103B8000340A01089400002000850020B0F90008E4
:103B90004CEF0008048500200885002010B50400C3
:103BA000606F002804D0606FFFF7B0FC00206067F2
:103BB00010BD0268531C03601170704780B5002867
:103BC00006D0017A002903D0007A03F066FC02E0F7
:103BD000100001F033FD02BD2DE9F04705000E0095
:103BE00091469A46002D08D1DFF8483BA322DFF822
:103BF000481BDFF8480BFEF70FF8002E08D1DFF85E
:103C0000343BA422DFF8381BDFF8300BFEF704F852
:103C1000089FF80702D55FF0040801E05FF0000894
:103C2000B80701D5002000E00020390701D50021A8
:103C300000E00021FA0601D5002200E0002210EB8E
:103C4000080811EB080812EB0808032002F033FE05
:103C50000400002C04D13000FEF745FA002048E0B3
:103C6000A77200202060666030894146C9B289B2DF
:103C7000884208D2DFF8BC3AB022DFF8C81ADFF871
:103C8000BC0AFDF7C9FF31894046C0B2091A21813B
:103C900014213000FEF7D5F9002804D02000FFF7EA
:103CA0003EFC002025E060684068E060E88AFEF79E
:103CB00028FDE1680880288BFEF723FDE168488035
:103CC0005046FEF726FDE16848605FFA88F8042058
:103CD00098FBF0F0401D5FFA89F959EA003948462F
:103CE00080B2FEF70EFDE16888810020E16848821D
:103CF0002000BDE8F0872DE9F84307000E0091464B
:103D00001C00B046002C08D1DFF8283AE822DFF882
:103D1000381ADFF8280AFDF77FFF089D002D08D12B
:103D2000DFF8103AE922DFF8AC1BDFF8100AFDF7E4
:103D300073FF3000494680B289B2884224D2099884
:103D400080070CD4A87E40061ED40A98C0B2002872
:103D500005D0E86E002802D1286F002814D048460C
:103D600080B2310089B201F21B21890889008842A2
:103D700001D2C84608E0B0461FFA88F808F21B28AE
:103D80004FF6FC7010EA08084FF42072414689B2E1
:103D90003800C0B2FDF77DFF0500002D01D10020E5
:103DA00013E02868002809D0DFF8883940F20B12A8
:103DB000DFF8241BDFF88409FDF72EFF6889801BDC
:103DC00020802E81288968812800BDE8F28338B5DB
:103DD00004000D00002C09D1DFF8583940F23312ED
:103DE000DFF8F81ADFF85409FDF716FF207D0428E4
:103DF0000BD0207D072808D0207D022805D0207D0B
:103E0000032802D07FF00A0042E0280080B2002898
:103E100001D100203CE0B4F86400ADB2A84206D263
:103E2000608B50F0800060835FF0FF3030E0B4F8CA
:103E30006600092806D3608B50F0800060835FF035
:103E4000FF3025E0B4F86600002810D0206F00286D
:103E50000CD1E06E002809D1DFF8D8384FF4AB72EE
:103E6000DFF87C1ADFF8D408FDF7D6FE0FE0206FEC
:103E7000002802D1E06E002809D0DFF8B83840F2FF
:103E80005912DFF8601ADFF8B408FDF7C5FE00200C
:103E900032BD2DE9F84F8AB006009A460020069000
:103EA000002500270020099000245FF00009002071
:103EB0008DF81C000020ADF80C005FF00008002019
:103EC000ADF81400002E0CD1DFF868384FF4CF7233
:103ED000DFF8141ADFF86408FDF79EFE7FF00F008C
:103EE0002EE1B6F86200022390FBF3F0738E83425A
:103EF00001DA738E04E0B6F86200022390FBF3F35C
:103F0000180080B2002802D0ADF8163002E0708EA2
:103F1000ADF816000891089800280CD1DFF8143885
:103F20004FF4D772DFF8C419DFF81008FDF774FEFC
:103F30007FF00F0004E1ADF80E20BDF80E10300048
:103F4000FFF745FF010049B2002901D040B2F7E078
:103F5000B6F866B000208DF811008DF810A0F06E54
:103F6000002800F03E81F56E00E02D6828680028EA
:103F7000FBD1A87AC00702D55FF0040A01E05FF028
:103F8000000AA87A800701D5002000E00020A97A65
:103F9000090701D5002100E00021AA7AD20601D547
:103FA000002200E0002210EB0A0A11EB0A0A12EBD1
:103FB0000A0ABDF81600298911FA8AF1884209DA3D
:103FC000DFF870374FF4F372DFF82419DFF86C076D
:103FD000FDF722FEBDF816102889091AB1EB0A0A6E
:103FE000B6F86800ADF80C00BDF80C00002836D01B
:103FF0005046BDF80C1080B2884209D2DFF8343741
:104000004FF4FC72DFF8A41BDFF83007FDF704FE65
:104010002F00BDF80C00BDF80E10884202D2BDF88A
:104020000C0001E0BDF80E00514689B2814201DA70
:10403000D0460AE0BDF80C00BDF80E10884202D24E
:10404000BDF80C8001E0BDF80E8018EB0909BDF841
:104050000C00B0EB0800ADF80C00BAEB080ABDF894
:104060000C0000280FD04846BDF80E1080B28842E0
:1040700009D0DFF8C0364FF40072DFF8601BDFF8BC
:10408000BC06FDF7C9FD4846BDF80E1080B2884257
:1040900080F0FA80504680B2002800F0F580288930
:1040A000002800F0F180514689B2BDF80E20484644
:1040B00080B2121A914202DAADF812A005E0BDF802
:1040C0000E00B0EB0900ADF812002F009DF81000B3
:1040D000C0074AD5012002909DF81000019000967B
:1040E00003AB524692B2BDF812100020FFF703FE58
:1040F0000690002827D1708B50F0800070830698BE
:10410000002802D00698FDF7EEFF002C02D0200018
:10411000FFF7FCF9B6F8660000280FD0306F0028D2
:104120000CD1F06E002809D1DFF808364FF44A723E
:10413000DFF8AC1ADFF80406FDF76EFD5FF0FF3024
:104140000BB0BDE8F08FBDF812200898494689B23F
:1041500001440698D0F804A0504602F0E5FE069807
:10416000FEF72EF810EB0B0B36E0696800E00968EB
:1041700008680028FBD1087B10F0C00F18D14868F0
:10418000498908440899884212D1484680B20028DB
:1041900009D0DFF8A03540F23122DFF8A41BDFF8A8
:1041A0009C05FDF739FDBDF81200ADF8140013E0D1
:1041B0000122BDF812100020FDF76BFD06900028CB
:1041C00099D00898494689B20844069948600698EB
:1041D000FDF7F6FF10EB0B0BBDF8120010EB090911
:1041E00052E0B6F86800002809D0DFF8483540F200
:1041F0004B22DFF8501BDFF84405FDF70DFD43E0CF
:104200000998002809D1DFF82C3540F2AB22DFF8FD
:10421000381BDFF82805FDF7FFFC0998076030E040
:104220000898494689B20844009948604FF42072C2
:104230009DF8111089B23620FDF72BFD07000028EC
:1042400000F0908000993800FDF7D7FF3800FDF7A7
:10425000B7FF10EB0B0B584680B20A2880F086801F
:104260009DF81C000090F06D10FA89F300223900CF
:104270003000FFF7B1FC070000287BD0002CBFD135
:104280003C0009971AEB09094846BDF80E1080B2A8
:10429000884270D2BDF80E00B0EB0900BDF81610D0
:1042A0009DF811A0B1EB0A0A0100524689B292B200
:1042B000914201D28246FFE79DF81000C00738D531
:1042C000002C01D1012000E00020C0B202909DF836
:1042D00010000190009603ABBDF816209DF8110068
:1042E0005AFA80F189B23620FFF705FD0700002851
:1042F0001ED07889514689B2884209D2DFF8343419
:1043000040F26722DFF8401BDFF83004FDF784FC41
:10431000524692B20898494689B2014478689DF89D
:10432000113018440090009802F0FEFD00988DE7CF
:10433000E1E6BDF80C00002809D0DFF8F83340F2C0
:104340007122DFF8081BDFF8F403FDF765FC01229A
:10435000514689B23620FDF79CFC009000287FF47E
:104360005FAFC8E60098FDF7BEFEC4E63800FDF773
:10437000BAFEC0E6BFE6404680B2002828D0D5F895
:1043800004901DE0B9F8080018EB0000A9F8080037
:10439000D9F80000002811D1424692B20899D9F804
:1043A0000400B9F80A3000EB030A504602F0BCFDE5
:1043B000B9F80A0018EB0000A9F80A00D9F8009033
:1043C000B9F1000FDED1288918EB0008A5F80880A4
:1043D000BDF80C00A6F868000698002815D0002D3E
:1043E00009D1DFF8503340F2E122DFF8F81ADFF8A4
:1043F0004C03FDF711FC06996868FDF7FEFE29895C
:1044000006980089411829812AE0BDF81400002887
:1044100026D0002D02D06868002807D1C54B40F295
:10442000E722DFF84C1BC548FDF7F6FB696805E09D
:104430000A89BDF8140082180A81096808680028F2
:10444000F6D10A89BDF8140082180A814A89BDF89C
:10445000140082184A812989BDF814004118298165
:10446000002D01D1F46600E02C60F06DBDF80E1057
:1044700010FA81F0F065B6F86410BDF80E00091A64
:10448000A6F86410A6F866B0B6F8660000280DD04D
:10449000306F00280AD1F06E002807D1A54B40F2FA
:1044A0001332DFF83C17A548FDF7B6FB002F0ED0FE
:1044B000F86800280BD09DF81000800707D408206A
:1044C000FEF71FF9F96889890843F9688881002097
:1044D00036E62DE9F84F060088460024002000202B
:1044E000002E07D1934B40F24B32DFF8881B9348E4
:1044F000FDF792FBF76E002F02D15FF0FF306FE007
:10450000404680B200280AD18A4B40F25332DFF88D
:10451000681B8A48FDF780FB7FF0050060E040469D
:10452000398980B2884201D3002059E0708E41461B
:1045300089B2884207D27F4B40F25B32DFF83C1BE6
:104540007E48FDF769FB3889002807D1794B4FF485
:104550005772DFF82C1B7948FDF75EFB97F80A903D
:104560005FEAC97002D55FF0040B01E05FF0000B59
:104570005FEA897001D5002000E000205FEA097140
:1045800001D5002100E000215FEAC96201D50022C7
:1045900000E0002210EB0B0B11EB0B0B12EB0B0BE3
:1045A000B7F808A0BAEB080A4FF420725AFA8BF158
:1045B00089B23620FDF76DFB0500002D12D1002CCD
:1045C00007D05C4B4FF47672DFF8281B5B48FDF791
:1045D00023FB002D02D02800FDF785FD5FF0FF30A2
:1045E000BDE8F28F786800893B89C31A18EB030392
:1045F0009BB2524692B268685FFA8BFB00EB0B01EC
:104600007868FDF7DDFE514689B28842D7D1F86857
:104610008089FEF776F883461BF03F0B00245FEAA3
:104620000B7003D51BF0F70B54F008045FEACB7056
:1046300003D51BF0FE0B54F00104F9684868FEF73F
:1046400068F85FFA89F9CDF8009010FA88F3220033
:10465000D2B229003000FFF7BFFA0400002CAED020
:104660007868FDF7ADFDB6F86610081AA6F8660082
:1046700078680189B1EB0A0189B27868FDF745FCD9
:104680003889B0EB0A0AA7F808A05FFA8BFB5846F6
:1046900080B2FEF736F8F96889890843F96888819D
:1046A0007868FDF78DFDB6F866104018A6F866002C
:1046B0006068FDF785FDB6F866104018A6F866003C
:1046C000386820603C602068002802D10020A6F8ED
:1046D0006800002084E738B50400002C07D1154B92
:1046E00040F2EB32DFF8041B1448FDF795FAE06E58
:1046F00000281AD0E56E00E02D6828680028FBD15C
:10470000E8688089FDF7FDFF10F0070F0DD101204B
:10471000FDF7F7FFE96889890843E9688881608BBC
:1047200050F020006083002003E00121200000F011
:104730000DF832BD44E300081005010818FB00081D
:104740007CFF00089C0E0108A0FF00082DE9FC4139
:1047500004000D000026002015F0030F09D1DFF83A
:10476000403B40F21242DFF83C1BDFF89C0BFDF7A8
:1047700053FA002C09D1DFF8283B40F21342DFF84E
:10478000281BDFF8840BFDF747FAA80700D50126A0
:10479000F00701D5042700E00027B00701D500206D
:1047A00000E00020310701D5002100E00021F206E1
:1047B00001D5002200E00022C719CF19D7194FF404
:1047C00020723900C9B289B23620FDF762FA8046FC
:1047D000002806D1608B50F0800060835FF0FF30CE
:1047E00075E0B8F80A00FFB2BFB2B84209D2DFF8EC
:1047F000B03A40F23A42DFF8141BDFF80C0BFDF739
:104800000BFAF6B20096E36D2A00D2B241462000C0
:10481000FFF7E2F90600002806D1608B50F0800017
:1048200060835FF0FF3052E0307B10F0030F09D05F
:10483000DFF86C3A40F24242DFF8D41ADFF8C80AD7
:10484000FDF7EAF93089002809D0DFF8543A40F240
:104850004342DFF8C01ADFF8B00AFDF7DDF9E06E79
:10486000002801D1E66606E0E16E00E0096808680C
:104870000028FBD10E600020A4F8680015F0030F9B
:1048800002D0E06D401CE065E80703D5608B50F076
:10489000200060837068FDF793FCB4F86610401840
:1048A000A4F86600B4F8660000280FD0206F002836
:1048B0000CD1E06E002809D1DFF8E43940F26642FD
:1048C000DFF8401BDFF8400AFDF7A6F90020BDE83D
:1048D000F681000030050108581101085005010853
:1048E00000EB000880EF0008B40E0108B4EF0008E8
:1048F000CC0E01082DE9F0470500002D09D1DFF8A5
:10490000A03940F2E142DFF8001BDFF8FC09FDF7B7
:1049100083F9287D012809D1DFF8843940F2E44287
:10492000DFF8E81ADFF8E009FDF776F9DFF8E00ACA
:104930000068A84201D10020F8E0B5F86000B5F8A1
:104940004810884202D2B5F8608001E0B5F848808E
:10495000EC6E002C07D1A87E800703D5280000F05C
:1049600047FCE3E0DCE02A1D29002800FFF726F9D8
:104970000600002E02D17FF00300D7E0002D02D008
:10498000286800280BD1002E01D0301D00E0002047
:10499000002802D17FF00300C8E000682860E168C9
:1049A0004868FDF7B6FE696C401A218940188045B9
:1049B0001BD2B5F8600080450FD1286F00280CD1BC
:1049C00095F89900002808D1002085F8980001206A
:1049D00085F89900002085F89A00A87E800703D505
:1049E000280000F005FCA1E09AE0002085F899007D
:1049F0002F6F002F04D000E03F6838680028FBD1FB
:104A0000002C00F08780E1684868FDF782FE696C41
:104A1000401A2189401880457CD3E0688089FDF7E1
:104A200070FE400709D5DFF8783840F23752DFF8DA
:104A3000E419DFF8D408FDF7EFF8286F002817D045
:104A4000A87E10F0440F13D1E86E002808D0E86E5D
:104A5000006800280CD1E86E0089698E884207D270
:104A6000B5F86400002803D0B5F86600092801DB1A
:104A7000012000E00020002803D1A87E10F0A00F44
:104A800048D0287D022807D01020FDF73AFEE168C3
:104A900089890843E168888132002900200000F0FC
:104AA000A1F8010049B2002942D12068E866287DBA
:104AB000022804D0698B4FF6FC7001406983E168DD
:104AC0004868FDF726FE8146E0688089FDF719FEFB
:104AD00010F0030F32D00121208919EB00000818D3
:104AE000296D091A002900D52865E0688089FDF73D
:104AF00008FE10F0030F23D0012021894018002860
:104B000050D000202060286F00281BD12C67270080
:104B1000EC6E75E7E86E002802D10020A5F8680069
:104B2000698B4FF67F70014069830020BDE8F087F4
:104B3000698B51F08001698340B2F7E70021CBE730
:104B40000020DAE7E1684868FDF7E3FD8146F9688F
:104B50004868FDF7DEFDB9EB0009B9F1000F1ED57D
:104B600015F1700901E0D9F80090D9F8000000288B
:104B70000FD0D9F80000C1684868FDF7CAFD824629
:104B8000E1684868FDF7C5FDBAEB000ABAF1000F0D
:104B9000E9D4D9F800002060C9F80040B8E73C60CB
:104BA0003F68B5E72000FEF7BAFCB1E770050108E1
:104BB00010B50400002C09D1DFF8E43640F29A5217
:104BC000DFF85418DFF84007FDF726F86068807BAF
:104BD000012801D0012000E0002010BD900501084F
:104BE000B0050108FEB504000D001600002C09D127
:104BF000DFF8AC364FF4B762DFF82018DFF80807AB
:104C0000FDF70AF8002D09D1DFF8943640F2B952C9
:104C1000DFF80C18DFF8F006FCF7FEFF002E09D1D4
:104C2000DFF87C3640F2BA52DFF8F817DFF8D80622
:104C3000FCF7F2FF2000FFF7BBFF002801D00020A7
:104C40007DE0686AFDF765FDE1688860688DFDF7C5
:104C500058FDE168C881686A698D4018E862E068BB
:104C600010F11407A07AC0070CD52A1D31004FF4AB
:104C70000670FEF7D9FE80B250F00170FDF749FDD5
:104C800038603F1DB5F93000002801D50020288686
:104C9000686B002808D1DFF8900700686863E16856
:104CA0004868FDF736FDA863E16860684068081A47
:104CB00061684989091A6268518161680989081A1D
:104CC00061680881E068616848600020E1680882E6
:104CD000A07AC00701D5042000E00020A17A89074E
:104CE00001D5002100E00021A27A120701D500229F
:104CF00000E00022A37ADB0601D5002300E00023B8
:104D0000D4F80CC06044084410441844143087425E
:104D100009D0DFF88C3540F21C62DFF81017DFF89D
:104D2000E805FCF779FF029606200190A87A00902A
:104D3000EB7A2A1D2900606800F0D5FD40B2FEBD67
:104D4000C8F4000828F200086C11010870B50400CE
:104D5000002C09D1DFF8483540F26362DFF8D01645
:104D6000DFF8A405FCF758FF206F002802D17FF080
:104D7000050035E0256F00E02D682868002807D081
:104D80002800FFF715FF0028F6D07FF0050027E088
:104D90002800FFF70DFF002802D07FF005001FE07C
:104DA000E06E2860206FE06600202067608B50F482
:104DB00000606083E9684868FDF7ABFC0600E868BE
:104DC0008089FDF79EFC10F0030F01D0012000E068
:104DD0000020298971184018E064002060630020D9
:104DE00070BD10B50400002C09D1DFF8B4344FF4C5
:104DF000D362DFF84016DFF81005FCF70DFF94F8DA
:104E00004200FF2804D094F84200401C84F842007D
:104E10002000FFF76FFD10BD10B50400002C09D174
:104E2000DFF87C3440F2AD62DFF80C16DFF8D8040E
:104E3000FCF7F2FE2000FFF789FF002802D12000D6
:104E4000FFF7CFFF10BD0000CCE9000834130108C4
:104E5000F8B50400002C09D1DFF8443440F2C162F7
:104E6000DFF8D815DFF8A004FCF7D6FE206F002885
:104E700002D17FF0050033E0256F2800FFF798FE90
:104E8000002802D07FF005002AE02868206714F18E
:104E90006C0600E03668306800280CD03068C168C5
:104EA0004868FDF736FC0700E9684868FDF731FC03
:104EB0003F1A002FEED4306828603560286800283B
:104EC00002D10020A4F8680094F84200FF2804D022
:104ED00094F84200401C84F84200002060630020E7
:104EE000F2BD000038ED000810B50400002C09D117
:104EF000DFF8AC3340F2F962DFF84415DFF808045C
:104F0000FCF78AFE206F002830D0A07E40072DD409
:104F10002000FFF79DFF002828D1B4F84800B4F81E
:104F20006010884202D2B4F8480001E0B4F8600092
:104F3000022190FBF1F0A4F84A00B4F84A00618E17
:104F4000B0EB410F04D2608E80B24000A4F84A005A
:104F5000B4F84A10628E032042435018A4F8480067
:104F6000608B50F0040060830020208610BD00009C
:104F700070ED00082DE9F84F8246884611009946E9
:104F80004FF4207211EB0801143189B22220FCF792
:104F900080FE0400002C41D06089414689B2143162
:104FA000884208DABE4B40F22472DFF89814DFF82A
:104FB0005803FCF731FE0D9D0C9E0B9F0A98D4F808
:104FC00004B080B2FDF79DFBABF80000380080B262
:104FD000FDF797FBABF80200CBF804905046FDF7C5
:104FE00098FBCBF808001FFA88F8042098FBF0F033
:104FF000401DF6B256EA0036300080B2FDF781FB64
:10500000ABF80C00280080B2FDF77BFBABF80E007C
:105010000020ABF810000020ABF812002000BDE823
:10502000F28FF8B584B004000D0016001F00002CAC
:1050300007D19B4B40F24272DFF80C14B248FCF7E8
:10504000EBFD608D039010200290208B0190E08A90
:1050500000903B00320092B2290089B2606AFFF7EB
:1050600089FF002803D0616A628D8918E16205B06A
:10507000F0BD0000C4FF0008E8FF00084413010869
:105080005413010870B50C0016000025002C07D140
:10509000834B40F25672DFF8B4139B48FCF7BCFD1B
:1050A000616811F11400F20701D5042200E000222A
:1050B000B30701D5002300E00023340701D5002405
:1050C00000E00024F60601D5002600E00026ADB27F
:1050D00001EB8501114419442144314414318842C3
:1050E00006D06F4B40F27572D0498748FCF794FDAB
:1050F00070BD000098140108FEB505000C001600F4
:105100001F00002C06D1664B40F28772D0497E48C2
:10511000FCF782FD3A0031002800FEF74FFD002821
:1051200002D17FF0030512E0002D02D0EB7AA97ABC
:1051300001E0FF230021029006200190C9B20091F6
:10514000DBB23A003100200000F0CDFB050020006A
:10515000FCF7C9FF280040B2FEBD2DE9F84F84B02E
:1051600080468A4691461C00002C06D14C4B40F2EA
:10517000C472B8496448FCF74FFD0E9D002D06D15E
:10518000474B40F2C572B4495F48FCF745FD109E9D
:105190000F9F50465FF0000A46F2080BFDF7B9FA80
:1051A0001FFA8BFBCDF80CB014210291B6B2019618
:1051B000BFB20097030000225146C9B289B24846E7
:1051C000FFF7D8FE0600002E0CD05346DBB20022BB
:1051D00031004046FFF756FF2B00220031004046C9
:1051E000FFF78AFF05B0BDE8F08F0000F80A01085C
:1051F000F8B5040000260027002C06D1284B40F209
:10520000EA7296494048FCF707FDF00701D50425EE
:1052100000E00025B00701D5002000E000203107A4
:1052200001D5002100E00021F20601D5002200E0B6
:10523000002245194D195519206DFDF76AFA030032
:105240000022EDB2290089B22000FFF7EAFE050036
:10525000002D06D1608B50F0030060837FF00100C9
:105260001CE03B00DBB23200D2B229002000FFF785
:1052700009FF231D220029002000FFF73DFF010048
:1052800049B2002904D0618B51F00301618304E02D
:10529000628B4FF6FC710A40628340B2F2BD00009F
:1052A00044E3000884E70008D005010870B5050054
:1052B0000026002D06D16A4B40F6240269491248A7
:1052C000FCF7AAFC286D401EFDF723FA030000221C
:1052D0003100C9B289B22800FFF7A3FE0400002CF8
:1052E00002D15FF0FF300DE03300DBB2002221007D
:1052F0002800FFF7C7FE2B1D2A0021002800FFF71A
:10530000FBFE40B270BD000018FB00083CEB00083B
:10531000E40E0108F4F400082DE9F84304005FF0FE
:105320000008002C06D14E4B40F64F024E494F4824
:10533000FCF772FCE66E002E01D100205FE094F8CD
:105340009A00FF2804D094F89A00401C84F89A0030
:10535000F0688089FDF7D5F9C00704D530890028A9
:1053600001D1012700E000273800C0B2002801D099
:10537000002200E00122F068436892B24146C9B2BF
:1053800089B22000FFF74DFE0500002D02D15FF02D
:10539000FF3034E0D5F80490FFB2002F0BD011207D
:1053A000FDF7AFF9B9F80C204CF2FF010A401043A9
:1053B000A9F80C000BE0686810F11401706803890B
:1053C00030891B1A9BB201227068FCF7F9FFF16863
:1053D0004868FDF79EF9401C216D091A002900D587
:1053E00020654346DBB2002229002000FFF74AFE79
:1053F000231D220029002000FFF77EFE40B2BDE8F9
:10540000F283000040FB0008FC0E010868FB000866
:1054100030850020140F010890FB0008F0050108FA
:10542000100601080C000108008500208011010809
:105430003000010854000108140B01082C0F01086A
:105440003006010858F20008B8FB0008E0FB00082D
:1054500020F50008300B01084C0B0108500601082C
:1054600044E30008680B01087800010818FB0008F5
:1054700080B5FDF7AAF964480068002803D16348A5
:105480000068002805D000226149FA2000F080F869
:1054900002E000205F49086001BD80B55D490868F1
:1054A00000280ED158480068002803D157480068EA
:1054B000002806D00120086000225549FA2000F09B
:1054C00067F801BD70B504000D001600062001F05C
:1054D000F2F9002808D1002805D14F4BBE224F49D0
:1054E0004F48FCF799FB27E0002101608560C6600A
:1054F00044604C4A1168002901D110601CE04368E7
:10550000116849685B1AB3F1004F03D31168016059
:10551000106011E0126800E01268002A0CD01168D7
:10552000002906D04368116849685B1AB3F1004F3F
:10553000F2D311680160106070BD38B50400250019
:105540006868804702F0E7F837490B682968CB188C
:10555000191AB1F1004F06D3220034492B681818EC
:10556000FFF7B0FF04E0220030491800FFF7AAFF60
:1055700031BD10B5012408E02D4800EBC4022B49D1
:1055800050F8340000F004F8641C052CF4D310BD6E
:1055900070B504000D001600B4F1804F06D31E4B09
:1055A00040F2291223491E48FCF736FB02F0B3F8FB
:1055B0002418320029002000FFF784FF70BD70B569
:1055C00002F0A9F8040013E04A68A21AB2F1004FF1
:1055D00019D20A6802608D68CE684868124A106065
:1055E000062001F0A7F92800002801D03000A847C4
:1055F00011480078002801D0FCF722FB0948016817
:105600000029E1D1FFE770BD0C8500201085002046
:10561000715400083C850020B4E300080CEA00083F
:1056200008FC000834850020388500203B55000820
:1056300030FC0008A8ED00085B85002010B4DFF8FE
:10564000C013096808E091F83120920703D402687A
:10565000CB689A4215D00968002914D091F83120FE
:1056600012F00502052AF6D14A68002AF3D0036831
:105670008A6813404C688A681440A342E3D108004A
:1056800019E0080017E0DFF87C23116800290FD02B
:10569000116891F8311011F00501052908D1116840
:1056A0004968002904D0007800F0FF007F2801D16C
:1056B000002000E0106810BC704780B5010091F830
:1056C0003100C0070FD5486800280CD0DFF8380338
:1056D00042694B689A4204D04069FCF799FF002860
:1056E00001D0012000E0002002BD2DE9F0470500B7
:1056F0008A4601266F683878C0B20009C0B2042813
:1057000004D02800FCF7EFFC0020EAE0387810F025
:105710000F005FEA80085FFA88F87888FCF7F1FFED
:1057200004002000298980B2884204D2210089B275
:105730002800FCF7EAFB6889414689B2884207D312
:105740002889A4B2A04203D3404680B2142804DAC8
:105750002800FCF7C8FC0020C3E03869DFF8A892F5
:10576000C9F81400F868C9F8100099F8140010F08E
:10577000F000E0280BD19AF83100C00705D5DAF81F
:105780000400002801D054461CE000241AE05046D2
:10579000FFF793FF002801D0544613E0002499F846
:1057A000140000F0FF007F280CD09548046800E04A
:1057B0002468002C06D05445FAD02000FFF77DFF66
:1057C0000028F5D0002C0BD1787A112808D140465A
:1057D00080B238444088B0F5884F01D15446002645
:1057E000002E15D0D9F81000002811D05146D9F854
:1057F0001000FCF70DFF002805D199F8100010F0FB
:10580000F000E02804D12800FCF76DFC002068E0DF
:10581000002C04D12800FCF766FC002061E0F88829
:105820004FF63F71084208D0280002F0FCFA05004C
:10583000002D01D1002054E06F68C9F80040C9F87C
:1058400004A0C9F80870387810F00F008000C0B2CA
:10585000A9F80C00414689B22800FCF7F7FB787ADA
:1058600001280DD0062806D011280ED15146280057
:1058700002F0F3FD22E051462800FAF785FC1DE016
:105880005146280003F008F918E02100D9F8140067
:10589000FCF7BEFE00280ED199F8140010F0F000BD
:1058A000E02808D0414609B22800FCF716FC022186
:1058B000280003F0C8F92800FCF715FC0020C9F8FF
:1058C00000000020C9F804000020C9F808000020EA
:1058D000A9F80C000020C9F810000020C9F8140035
:1058E0000020BDE8F0877FB50A9E0C00002A05D095
:1058F000002902D00968002900D1341D0999089DAA
:105900000296C9B20191EDB20095DBB2210000F020
:1059100002F804B070BD2DE9F84306000D00140034
:105920009846B07B012806D0384B4FF45572384961
:105930003848FCF771F9002C42D05FF014091421AB
:105940003000FCF77EFB002802D07FF0010054E01D
:1059500077687089142806D22C4B40F289322E4980
:105960002C48FCF759F90998089987F8088078724B
:10597000206838611FFA89F9042099FBF0F050F093
:105980004000387079703089FCF7BBFE78800020C9
:10599000F880DFF88880B8F80000FCF7B2FEB88025
:1059A000B8F80000401CA8F80000002D03D11C48E6
:1059B0000068F86001E02868F8600020788109E05C
:1059C0007089142802DA7FF0010016E0706801691E
:1059D00000916C460A9B188D002809D0188D3189DA
:1059E000884205D222001900300002F074FB04E066
:1059F0002200310018005B699847BDE8F28300007F
:105A0000F4840020F884002050840020D4E20008B0
:105A1000B413010808F7000818F0000848850020B2
:105A2000E01401082DE9F0439FB000BF65A6269C55
:105A3000DFF8B48A8DF83B40029100240B944FF0BC
:105A4000FF37044691461D460AE019F8011B0298EB
:105A5000A0470028029000F0A1800B98401C0B90FA
:105A600099F8000050B12528EFD1002100220591BE
:105A700006920791089209910A9203E00B98A5E01B
:105A800041F0010119F8010F2028F9D023280CD08A
:105A90002B2804D02D2805D0302809D080E041F0F3
:105AA0000201EFE741F00401ECE741F00801E9E70A
:105AB00041F01001E6E70D920AE00D98404505DA45
:105AC00000EB800002EB4002303A0D9209F101092F
:105AD00099F80020A2F130000A28EED399F80000CE
:105AE0002E2818BF0C9726D119F8010F2A2808D1A3
:105AF0002868286009F1010950F8042B28600C92ED
:105B000019E02D280CBF09F10109002000220C9298
:105B10000BE040B90C9A424505DA02EB820203EB36
:105B20004203303B0C9309F1010999F80030A3F1CD
:105B300030020A2AEDD3ADF83810304699F800103B
:105B400003F0E0F808B119F8010B8DF83A009DF860
:105B50003A00682805D199F8000068280CD1622124
:105B600006E06C2804BF99F800006C2804D171216C
:105B70008DF83A1009F1010910A804902A4619F885
:105B8000013B6946204600F061F838B910AA694621
:105B9000204600F08FF900287FF562AF384615E007
:105BA0002A2888D12A682A6052F8040B2A60002823
:105BB0000D9003D540420D9041F0040109F1010917
:105BC0008CE70000686A6C747A4C00001FB0BDE876
:105BD000F083622820D0682811D06A2803D06C286E
:105BE00027D0712825D10868C01D20F00700086063
:105BF000D0E9002308300860194610467047002A93
:105C00000A680A60106803D0121D0A6000B217E02B
:105C1000121D0A6080B217E0002A0A680A60106844
:105C200003D0121D0A6040B20AE0121D0A60C0B221
:105C30000AE0002A0A680A60106803D0121D0A6090
:105C4000C1177047121D0A600021704770B51C46CD
:105C50000D46B4F125002E69114600F019811C385B
:105C600068D0001F022865D9133842D0093861D0A6
:105C7000801E16D0401E1ED0401E02285AD9001F7A
:105C800019D0401F00F08180401E32D0401E00F02D
:105C9000CB80C01E00F0DA80801E2AD0C01E28D023
:105CA000FCE06869421C6A610A680A6052F8043BB9
:105CB0000A603354FCE095F83A000122FFF789FFAF
:105CC000C5E90001002904D56869411C69612D22DC
:105CD0000DE0288F810704D56869411C69612B227A
:105CE00005E0C00721D56869411C69612022325452
:105CF0001BE095F83A000022FFF76BFFC5E90001B1
:105D000095F83800010710D5D5E90023002B08BF0E
:105D1000002A0AD044F02000782806D16869302192
:105D20003154401C421C6A61345421466869304435
:105D3000E86087E00868C01D20F007000860D0E92F
:105D4000002308300860C5E90023D5E90001C80F29
:105D500004D06869411C69612D220DE0288F8107FC
:105D600004D56869411C69612B2205E0C00704D590
:105D70006869411C69612022325468693044E860D6
:105D80002146284600F0C4F992E005F13A02507825
:105D900020B14FF0FF340FF6202062E01078622827
:105DA00008D0682824D06A2812D06C282ED07128F8
:105DB0000ED02BE00A680A6052F8040B0A6020B982
:105DC0004FF0FF340FF608204BE0E96A01706FE0F6
:105DD0000A680A6052F8040B0A6020B94FF0FF34D9
:105DE0000FF6EC103DE0EA6AD317C0E900235FE04C
:105DF0000A680A6052F8040B0A6020B94FF0FF34B9
:105E00000FF6CC102DE0E96A018051E00A680A60C3
:105E100052F8040B0A6020B94FF0FF340FF6B010AF
:105E20001FE0E96A016043E00A680A6052F8040B67
:105E30000A60002120F0000221F0FF33C5E90023B1
:105E4000EE607821284600F0BBF831E00868086071
:105E500050F8044B0860EC603CB94FF0FF340FF68B
:105E6000881002F05BFF201A70BD2E6B002E04D547
:105E7000204602F073FF044608E032460021204627
:105E800002F088FF002814BF041B3446AC610FE009
:105E90006869411C69612522325409E06969481C1E
:105EA000686125227254210002D0431C6B61345476
:105EB000002070BD2DE9FC410F46064690467A6BE6
:105EC0007869396ABC6A121AB869521A796A121A60
:105ED000F869521A121A97F83800141B41070FD4A8
:105EE0002020002C8DF800000ADD254601236A469B
:105EF0003946304600F048FC00285DD16D1EF5D1D2
:105F00007B6942463946304600F03EFC002853D1BA
:105F100030208DF800003D6A002D09DD01236A461E
:105F20003946304600F030FC002845D16D1EF5D1D1
:105F3000BB69FA683946304600F026FC00283BD1A0
:105F400030208DF800007D6A002D08DD01236A46AF
:105F50003946304600F018FC70BB6D1EF6D1F8686B
:105F6000B969FB6942183946304600F00DFC18BB90
:105F700030208DF80000BD6A002D08DD01236A463F
:105F80003946304600F000FCB0B96D1EF6D197F8E6
:105F9000380041070DD52020002C8DF8000008DDC9
:105FA00001236A463946304600F0EEFB20B9641EF4
:105FB000F6D10020BDE8F6814FF0FF30BDE8F68154
:105FC0002DE9FC4307466F293E6908BF082405D028
:105FD00041F02000782814BF0A2410243C25D7E97A
:105FE0000023642918BF69299046994605D1002BE2
:105FF00003D5D8F1000869EB4909B9F1000F08BFD2
:10600000B8F1000F1FD1386BE8B9082C4CD197F8C4
:106010003800010748D530203B2586F83B0043E097
:1060200000280ED597F8380000F01400102808D189
:106030007B6B7969386A5B1A1B1A9A1A002AC8BFE7
:106040003A62BDE8F3838DF8001040464946224687
:10605000E31702F0CBFE3032D0B26D1E3A28019524
:1060600004DB9DF80000A0F151018A1872554046EA
:1060700049462246E31702F0B9FE80465FEA01096D
:1060800008BFB8F1000F03D0F86871198842DCD35B
:10609000082C09D197F83800010705D5705D302824
:1060A00002D06D1E30207055C5F13C02BA617119E5
:1060B000F960386B8242B3DA821A3A624FF6EF70B7
:1060C000398F01403987BDE8F3832DE9D043064677
:1060D0000F4614464FF00008DFF8109412E0E00776
:1060E00007D542464B463046394602F097FF0646F2
:1060F0000F464046494642464B4602F08FFF641029
:1061000080468946002CEAD130463946BDE8D08326
:106110002DE9F84F05468A464AF020048EB0D5E9AD
:106120000089612C02AE09D0286B002848BF0620E8
:1061300003D408BF672C01D101202863D5E90001F1
:106140004A005215521C0DD10B030BD0AAF161016C
:1061500003201A29A86102D20FF2A86110E00FF201
:10616000A8610DE04A005215521C0ED10B030CD150
:10617000AAF1610103201A29A86116D30FF29061D8
:10618000E868032200F0D0FEC0E1CDE90C01DDE9B2
:106190000C2323F00043B3F5801F0DD20027002B02
:1061A00008BF002A019703D111E00FF26061E7E711
:1061B00001AA03F005F80AE0CD48CE4900EB1350E0
:1061C000DDE90C2301900B40CB4910461943C5E98A
:1061D0000001612C0DD1E86830210170821CBAF1F8
:1061E000610FEA600CBF7821582141706869801CFA
:1061F0006861D5E90001CDE90C01DDE90C2333F03C
:10620000004104BF0028002300F04881612C40F0C9
:10621000A080286B494600284CBF4FF0210B00F1AD
:10622000010B404600220023DDE90C8903F000F851
:1062300001990BF1010738BF89F00049091F002FB0
:1062400001918DF808200DF1090040F33581A9492D
:1062500000910646404649460022002303F000F81C
:1062600080F029814800400D00F11C0211D0002A65
:106270000FDD40F2FF739A4205DBA04909F00040B0
:106280000143002011E0009B194041EA02514046C1
:106290000BE028F0000039F0004108BF00280FBFD4
:1062A00049461C22494602F0F3FF8046894603F026
:1062B0008DF8FF1F002F044609DD03F0A5F8024604
:1062C0000B464046494603F0B1F880468946F01D2A
:1062D000072104E004F00F0200F8012D2411002C26
:1062E00001DD491EF6D5491E5CBF002200F8012DD4
:1062F000F9D5DCE00020194602AA0A4400E05B1E42
:1063000012F80149491E8442F9D00F2804D10DF139
:106310000900425C521C4254002904D50198001D1A
:1063200002AE5B1C0190581E0CD43118AAF13A043D
:106330000A783032D7B23A2FA8BFA218401E01F80F
:106340000129F5D5286B002840F1A780591E296343
:10635000A3E001996A4A47F29750414391FBF2F258
:10636000019229F00046D2F1070204DD4046314691
:10637000FFF7ABFE0AE0524200206249FFF7A5FE9C
:1063800002460B464046314603F0C2F88046662C72
:10639000286B06BF019F0A3706273F18142FC8BF76
:1063A000142730208DF8080089460DF1090000E01F
:1063B0003046002F34DD06464046494603F0CCF90E
:1063C00001460A4606F1080304200A26B2FBF6F647
:1063D00006EB860EA2EB4E02303203F8012C0A22A5
:1063E000B6FBF2F202EB820EA6EB4E063036401EF2
:1063F00003F8026DE9D1083F002F03F10806D7DD4D
:10640000084603F0BDF902460B464046494603F0F4
:106410000DF800223C4B02F001FE80468946CBE796
:106420000DF10901401A0DF1090604E00199491E18
:10643000401E0191761C31783029F7D0662C02D1AC
:106440000199491C03E0652C0CBF012100212B6B35
:10645000CB189842B8BF431E002B1ED4834204DAE7
:10646000F05C3528A8BF392000DA30201946721EAA
:1064700002EB010800E05B1E18F80199491E8145F6
:10648000F9D0392802D1705C401C7054002904D521
:106490000198401C16465B1C0190019800B20090C8
:1064A0001BB232465146284600F034F82EE0C61D95
:1064B000002F3FF7CFAE30460DF10901401A0346D9
:1064C0005845C8BF5B46002B0DF109063FF53AAFB2
:1064D0008342BFF60FAF0DF10900C15C07297FF7BA
:1064E00009AF0F2007E70000CBCCCC0C0000244004
:1064F00002FCFFFFFFFF0F800000E03F0000F07F85
:10650000A08601000000F03F84D797410FB0BDE89E
:10651000F08F00002DE9F84783B006468A461746FB
:10652000984603F03BF9B8F1000F406A356B90F8DC
:10653000009002DC4FF00108B6A74AF02000BDF938
:106540003040662808BF641C15D0672840F084805E
:1065500014F1040FC0F28680AC4280F2838096F87A
:106560003800641C010702D4A845B8BF454620B2D4
:106570002D1A48BF00250FFA84FAF068B169BAF104
:10658000000F25DC4A1C30234354002D03DC96F811
:106590003800010703D5F06800F80290521C15EB93
:1065A0000A0FB8BF6C4220B2441941424445B8BFFB
:1065B000A046B26171620FFA88F5F561F068B369BF
:1065C0002A463946184400F0AFFC641BB462C4E0AC
:1065D00022B29045084417DA4246394600F0A4FC3E
:1065E000B0694044B061AAEB0801002D716203DC80
:1065F00096F838100A0705D5F16801F80090F0699F
:10660000401CF061B562A8E0394600F08DFCB0692D
:10661000002D5044A8EB040803DC96F838100A0754
:1066200003D5F16801F80090401CB0610FFA88F0C2
:106630008542F368B069B8BFA8460FFA88F207EB45
:106640000A01184400F070FCB1690FFA88F00144A7
:10665000B161281A706280E0BAF1610F14D14FF075
:10666000700A16E0A84504DA96F838100A0758BFF1
:1066700045466D1E48BF0025BAF1670F14BF4FF0A5
:10668000450A4FF0650A04E0BAF1410F08BF4FF028
:10669000500AB169F368481CB061002D17F8012B4E
:1066A0005A5403DC96F838100A071BD5F168431CCE
:1066B000B36101F80090002D14DDA8F101080FFA74
:1066C00088F039468542F768B8BFA8460FFA88F2C5
:1066D000F81800F029FCB0690FFA88F108446D1A27
:1066E000B0617562F068B1690844002C80F800A0C0
:1066F00003D42B224270811C03E02D21417064429F
:10670000811C00206A460AE023460A2493FBF4F425
:1067100004EB8405A3EB450302F8013B401C24B2C3
:10672000002CF1DC012806DC4AF02002652A04BFB7
:10673000302201F8012B48B9302001F8010B07E0A5
:10674000401E1DF80030303301F8013B0028F7DC13
:10675000F268B0691044091AF16196F8380000F047
:10676000140010280DD17269B169706A8A18F16934
:106770008218B06A8A188218706B8242BCBF821A73
:10678000326204B0BDE8F087F8B505460E461746FC
:106790001C46002074B117F8011BB068A847B06010
:1067A00030B1F06A401CF0620020641EF3D1F2BDEB
:1067B0004FF0FF30F2BD00007072696E74665F7357
:1067C0003A20256E20646973616C6C6F7765640094
:1067D0007072696E74663A2062616420256E206171
:1067E0007267756D656E74007072696E74665F7342
:1067F0003A2062616420257320617267756D656E51
:10680000740000006E616E004E414E00696E6600BD
:10681000494E460030000000002182681160426845
:10682000D21C92089200002107E083681B68136065
:1068300083681A6003881A44491C43889942F4DB30
:10684000704710B5002407E04548210089B250F890
:106850002100FFF7E1FF641C200080B20928F3D378
:1068600010BD10B581680C68002C0FD021688068BD
:10687000016014F00300002806D03A4B40F21912D0
:1068800039493A48FBF7C8F9200000E0002010BD64
:1068900010B50400002C06D1324B4FF49E723449DF
:1068A0003248FBF7B9F9002C01D1002002E02000AA
:1068B000FFF7D7FF10BD80B50100C9B2092908DB79
:1068C000284B40F257122B492848FBF7A5F9002026
:1068D00005E02349C0B251F82000FFF7C2FF02BD16
:1068E00038B504000D0015F00300002806D01D4B3C
:1068F00040F26D1220491D48FBF78EF9A068006830
:106900002860A068056031BD38B504000D00002C7A
:1069100006D1144B40F2951215491448FBF77CF947
:10692000002C01D0002D00D103E029002000FFF74A
:10693000D7FF31BD80B50200D2B2092A07DB094B6F
:106940004FF4D5720D490948FBF766F907E00029B5
:1069500005D0034AC0B252F82000FFF7C1FF01BDC5
:106960005CFE0008FCE4000838FE0008A8F70008F8
:10697000A4100108B0020108D0020108580801085B
:10698000DFF85015096880B208447047DFF84415F5
:106990000968401A80B2704738B50400DFF8340542
:1069A0000068844209D2DFF8303540F2DF12DFF8A8
:1069B0002C15DFF82C05FBF72FF9DFF82855286890
:1069C000844209D3DFF810354FF4F072DFF8181560
:1069D000DFF80C05FBF720F92079002809D0DFF853
:1069E000F83440F2E112DFF80415DFF8F404FBF7A5
:1069F00013F9208840F24161884209D3DFF8D83486
:106A00004FF4F272DFF8E814DFF8D404FBF704F96E
:106A10002088FFF7B5FF01008C4219D008790028C3
:106A200016D12868814213D0DFF8C80402688A4270
:106A300000D10460088820800888B0F5C86F07D0AE
:106A40000888FFF79DFF05002000FFF79FFF688083
:106A50006088FFF795FF0500A54216D02879002829
:106A600013D1DFF890040168A14200D105602088AD
:106A700028802088B0F5C86F07D02088FFF780FFF6
:106A800004002800FFF782FF608031BD70B5DFF899
:106A90004444DFF8640480088000206020684FF4DC
:106AA000C86505800021418000210171DFF8346450
:106AB0004FF4C860FFF764FF30600120316808714F
:106AC00030680580306845802068DFF82814086049
:106AD00070BD70B506003000FFF758FF0500308824
:106AE000FFF74EFF04007088FFF74AFF40F2416154
:106AF00032888A4215D272888A4212D271882A005C
:106B000092B2914204D00088290089B2884208D10B
:106B1000DFF8D0030068844205D06088ADB2A84297
:106B200001D0002000E0012070BD10B500284FD03A
:106B300010F0030100290AD0DFF89C3340F27322E1
:106B4000DFF8B813DFF89803FBF766F840E0B0F120
:106B50000804DFF8801309688C4205D3DFF884133A
:106B600009680C3081420AD2DFF86C3340F27F2290
:106B7000DFF88C13DFF86803FBF74EF828E0207984
:106B800000280AD1DFF850334FF42372DFF8741372
:106B9000DFF84C03FBF740F81AE02000FFF799FFFD
:106BA00000280AD1DFF8303340F29522DFF858137D
:106BB000DFF82C03FBF730F80AE000202071DFF843
:106BC000340301688C4200D204602000FFF7E4FE29
:106BD00010BD2DE9F0470D00ADB2ED1C4FF6FC7273
:106BE00015402A0092B20C2A00D20C252A0092B23B
:106BF00040F241639A4204D22A0092B289B28A4298
:106C000001D20020A1E00400B24E3068844203D3D8
:106C1000B4480068844206D3AF4B40F2D222BB494D
:106C2000AF48FAF7F9FF3068844203D3AD480068F3
:106C3000844201D3200088E0B4F108073800FFF750
:106C4000A5FE06003888801BB0F1080948462900D7
:106C500080B289B2884206D29F4B4FF43972AC4958
:106C60009F48FAF7D9FF4846290080B289B2884286
:106C700001D2002069E02800494680B289B28842EA
:106C800001D1200061E03888FFF77AFE804698F84D
:106C9000040000282DD13888B0F5C86F06D18E4B7E
:106CA00040F2F5229B498E48FAF7B6FFB8F80090FB
:106CB000AD190835DFF83CA2DAF80000404505D1EF
:106CC000280080B2FFF75CFECAF80000280080B2FE
:106CD000FFF756FE00210171A0F8009046803D802C
:106CE0000188B1F5C86F2FD00088FFF749FE4580B5
:106CF0002AE01FFA89F9280080B21430814523D395
:106D0000AD1908353888B0F5C86F06D1724B40F21E
:106D1000163280497248FAF77FFF280080B2FFF7E9
:106D20002FFE74490A68904200D208600021017168
:106D30003988018046803D800188B1F5C86F03D055
:106D40000088FFF71DFE45802000BDE8F0872DE993
:106D5000F041010089B2002901D10020B8E004000F
:106D6000A4B2E41C4FF6FC710C40210089B20C293E
:106D700000D20C24210089B240F24162914204D237
:106D8000210089B280B2814201D20020A0E0594E98
:106D90003068FFF7FBFD070004E0380080B2FFF722
:106DA000EFFD0788380080B2210089B2D1F5C861B3
:106DB000884280F08C80380080B2FFF7E1FD05004A
:106DC00028790028E9D12988380080B2091A0839C1
:106DD000200080B28142E0D32988380080B2091AAD
:106DE0000839200080B21430814226D314EB070802
:106DF00018F10808404680B2B0F5C86F06D1364B8E
:106E000040F2873243493648FAF706FF404680B2DF
:106E1000FFF7B6FD00210171298801804780A5F8A0
:106E20000080012129710188B1F5C86F07D0008861
:106E3000FFF7A6FDA0F8028001E00120287130686C
:106E400085421DD1316803E00888FFF799FD0100F4
:106E50000879002803D0234800688142F4D13160CA
:106E600030682049096888420AD0306800790028D3
:106E700006D0194B40F2B53227491948FAF7CCFE33
:106E80001848006815FA84F10831884206D2124B7E
:106E900040F2BA3221491248FAF7BEFE15F003005B
:106EA000002806D00C4B4FF46F721D490C48FAF7BE
:106EB000B3FE15F00300002806D0074B40F2BE32A7
:106EC00018490748FAF7A8FE15F1080000E000206D
:106ED000BDE8F081C484002090E40008BC0C0108E7
:106EE00058F70008C8840020E807010804080108D2
:106EF00010F30008CC8400202F700020F0FD000863
:106F00002008010880F700087CEE0008D40C010876
:106F100090020108901001083C08010848F00008A0
:106F200078F0000814FE000862B38B0708D0521EE8
:106F300011F8013B00F8013B00F024808B07F6D1EB
:106F4000830740F0208000BF103A07D330B4B1E887
:106F50003810103AA0E83810F9D230BC530724BFDB
:106F6000B1E80810A0E8081044BF51F8043B40F80D
:106F7000043BD20724BF31F8022B20F8022B44BF78
:106F80000B7803707047121F17D35B0009D151F8BB
:106F9000043B20F8023B1B0C121F20F8023BF6D2E8
:106FA0000BE051F8043B00F8013B1B0A20F8023BC0
:106FB0001B0C121F00F8013BF3D238BF121D521EEA
:106FC00024BF11F8013B00F8013BF8D870470000DE
:106FD000F0B5244C244A2078244B6FF0004150BB7C
:106FE0000820656803FB05250E46B5FBF6F601FB98
:106FF0001655401E6560F4D11D4D2E461020676861
:1070000003FB07278C46B7FBFCFC01FB1C77676082
:1070100046F8047B8E4603FB0727B7FBFEFE01FB09
:107020001E776760401E46F8047BE8D1E86FC5F81C
:10703000800001252570606803FB00220B46B2FB2F
:10704000F3F301FB13210A4A616092F8803003F0E8
:107050001F0352F82300C2F8800042F8231020F0EA
:107060004040F0BD800000205FF36E3C0D661900CB
:10707000F081002062F30F2262F31F42401810F0EB
:10708000030308D0C91A1FD3DB0748BF00F8012D3E
:1070900028BF20F8022D130030B4144615461039CD
:1070A00028BF20E93C00FAD8490728BF20E90C0096
:1070B00048BF40F8042D890028BF20F8022D48BFA2
:1070C00000F8012D30BC7047C91818BF00F8012D19
:1070D000CB0728BF00F8012D7047000070472DE94D
:1070E000F84F0700002F0BD1DFF8DC3340F22712F6
:1070F000DFF8DC13DFF8D403FAF78EFD002097E009
:10710000DDF82C80404600280BD1DFF8BC334FF46B
:107110009472DFF8C013DFF8B403FAF77DFD0020A6
:1071200086E00E00002E01D1DFF8AC631500002DC3
:1071300001D1DFF8A4531C00002C01D1DFF89843E3
:10714000DDF83090DDF828A0002078600020B860DD
:107150000020F8600FF23D30786100203885002073
:1071600087F831000421002217F1240B5846FFF75D
:1071700081FF0020F861C7F820A0DFF860A39AF82B
:10718000000087F83400C7F8109023002A0031006F
:10719000380000F0ADF83800C047002801D00020CA
:1071A00046E097F83400FF2802D1002087F8340029
:1071B0000026DFF82C532C6800E02468002C24D033
:1071C000BC4209D1DFF8003340F28B12DFF8141310
:1071D000DFF8F802FAF720FD761CB6F5807F09DBB0
:1071E000DFF8E43240F28D12DFF8FC12DFF8DC0247
:1071F000FAF712FD94F8340097F834108842DCD185
:1072000097F83400401C87F83400002CC9D197F857
:107210003400FE2803D100208AF8000004E097F82B
:107220003400401C8AF80000286838602F6038005D
:10723000BDE8F28F38B504000D0029002000FCF7EE
:1072400041FC2900200001F0DAFB31BD7CB50600CD
:107250000C001500002C09D1DFF86C3240F2CB1283
:10726000DFF88812DFF86402FAF7D6FC002D09D1A6
:10727000DFF854324FF4E672DFF87012DFF84C0298
:10728000FAF7CAFC20687168884213D02068009021
:107290007068286069462800FFF7CCFF002C01D1F8
:1072A000002000E0206870600121300000F071F8DB
:1072B000012000E0002076BD0A6883689A4207D06A
:1072C000002901D1002100E009688160012000E06F
:1072D000002070470A68C3689A4207D0002901D18C
:1072E000002100E00968C160012000E00020704733
:1072F0002DE9FC4782460C0017001E005FF00008D5
:107300005FF00009002C00D1734C002F00D1724FA8
:10731000002E00D1704E002C02D02068002801D130
:10732000012500E00025002D04D06A4621005046CA
:10733000FFF78CFF424639005046FFF7BDFF4A4633
:1073400031005046FFF7C6FF002D04D16A462100E8
:107350005046FFF77BFFBDE8F3876549086070473B
:1073600080B5002807D1584B4FF4547261495748F3
:10737000FAF752FC0CE090F83110C90708D490F8E5
:10738000311051F0010180F83110032100F001F8B3
:1073900001BD38B504000D00002C06D14A4B40F267
:1073A0006D3255494948FAF737FC94F8310010F02E
:1073B000050005280CD1E8070AD56068002807D029
:1073C00094F83100000703D5211D200002F004FFCE
:1073D00031BD80B5002807D13B4B40F29B32474975
:1073E0003A48FAF719FC0FE090F83110C9070BD5AD
:1073F00090F8311011F0FE0180F8311090F8311042
:10740000090701D502F0CCFB01BD10B50400002C2A
:1074100007D12D4B4FF4787239492C48FAF7FCFB11
:1074200016E094F83100400712D494F8310050F07F
:10743000040084F83100200003F0D5F90321200076
:10744000FFF7A7FFE069002802D02000E169884724
:1074500010BD80B5002807D11B4B40F206422949D8
:107460001A48FAF7D9FB0EE090F8311049070AD50F
:1074700090F8311011F0FB0180F83110C16900293A
:1074800001D0C169884701BD002800D0C1617047A3
:10749000000000007FF00B00704701000800C0B240
:1074A00000280ED00E48006800E00068002808D0D0
:1074B0000A0090F834305B1CD2B2DBB29A42F4D1AD
:1074C00000E000207047000068E50008D0F70008E1
:1074D0007408010880FE0008E01401085A850020A5
:1074E000F4840020B8100108A8F000084412010834
:1074F000F884002090080108A4FE0008F0020108AA
:10750000C8FE0008ECFE0008FEB50400DFF84C548D
:10751000DFF84C04286002208DF800006846002146
:107520004170002181700021C17000210171002192
:107530004171684668605FF40000A860DFF82404C9
:10754000E860DFF8240428614FF4C0606861280017
:1075500004F048F9C0B200280AD1DFF81004FAF7A5
:107560005BFB94F8310050F0040084F8310003E034
:10757000DFF8FC03FAF750FB38210022DFF8F46350
:1075800037003800FFF776FD212030605FF44000BF
:10759000706100203061DFF8E003FFF73DF906205D
:1075A00084F830006868007884F82A0068684078B9
:1075B00084F82B006868807884F82C006868C078AC
:1075C00084F82D006868007984F82E006868407996
:1075D00084F82F0040F2DC50208594F8310050F000
:1075E0000A0084F8310004F092FE200000F033F924
:1075F000F7BDF8B58CB00D000024002000266846C9
:10760000302105F00FF8302100226F463800FFF7D7
:1076100031FD280022E00C2241686B4602FB04F792
:10762000D95141896B4602FB04F73B445960002C59
:1076300009D0694602FB04F319446B4602FB04F7C8
:107640003B4443F8041C0168002905D100216B4626
:1076500002FB04F21A449160641C0068002804D004
:10766000042CD8D37FF00B000BE0C2492889486076
:10767000684688604D631422B84804F04FF9300022
:1076800040B20DB0F0BD80B500200090BB4800783E
:10769000002803D16946B14804F0A7F9009802BD5B
:1076A00038B5050000202800FFF7EDFF0400002C8E
:1076B00008D0290020002A699047002802D0200025
:1076C000FAF711FD002CEED131BD10B50400002CED
:1076D00006D1AB4B4FF4B072AA49AB48FAF79CFA0B
:1076E000732084F83200742084F83300A748606166
:1076F000A748A0612000FFF707FF002010BD80B55C
:1077000001009D48FFF700F99C480178012901D14B
:107710000021017001BD80B504F088FF02BD80B575
:107720009C48FFF7BDFF01BD10B586B00020059055
:107730009948016851F001010160016811F00101EF
:107740000591059900210591016851F0040101603E
:10775000016811F004010591059900210591016866
:1077600051F002010160016811F0020105910599D3
:1077700000210591016851F040010160016811F09C
:1077800040010591059900210591016851F00071B2
:107790000160016811F000710591059900210591C2
:1077A000016851F080610160016811F0806105910C
:1077B000059900210591016851F0006101600068A0
:1077C00010F0006005900598744C012204212000FF
:1077D00005F026F80420009001200190002002907E
:1077E000022003906946200004F026FF322000901A
:1077F0000220019000200290032003900B200490AF
:107800006946674804F018FF862000900220019026
:1078100000200290032003900B20049069466148E9
:1078200004F00AFF4FF4D0400090022001900020A5
:107830000290032003900B20049069465A4804F0FC
:10784000FBFE002201213D2005F07BF83D2005F0E4
:1078500089F806B010BDF0B599B0050068466421FE
:1078600004F0E0FE00240026002704F061FD95F8F6
:10787000311049070FD502280DD24C48FAF7CCF940
:107880002800FFF7A6FD2800FFF7E3FD484941481F
:10789000FFF7FAFD41E095F8311049073DD4022881
:1078A0003BD3022806D019D304280ED008D30528CC
:1078B00010D013E04FF400674FF4804601240DE030
:1078C00000274FF48046012408E04FF400670026AB
:1078D000012403E0002700260124FFE7002C1CD030
:1078E0001E4C6946200004F0B7F906970596320051
:1078F00039003048FAF790F96946200004F02DFA73
:10790000200003F0CBFF2800FFF72AFD2800FFF737
:107910007CFD27491F48FFF7B7FD19B0F0BD1CB526
:1079200004001548FEF7B4FF0300002B0FD013F13D
:1079300020002060204818614FF4C060019020684A
:107940000090412200210020FAF7B7FA04E001205C
:107950000A4908700020206013BD0000D87E002076
:1079600000800240CC8000202C800020F41101080F
:1079700004120108C0830020A813010859850020C3
:1079800030E800081412010890F60008939D0008E2
:10799000F3750008F88300203038024000040240EC
:1079A000000802400000024000180240A40C010838
:1079B000A5C5000854100108FF76000810B4002483
:1079C000B2F1200400222260002222816381026839
:1079D000002A01D1046001E00A6814600C600068AC
:1079E00003E001895918018100680028F9D110BC11
:1079F0007047000038B50025DFF80009046804E08E
:107A0000E07F401EE07725002468002C08D0E07F4E
:107A10000028F5D120002468290000F002F8F4E7DE
:107A200031BD2DE9F84306000D000027B54208D10D
:107A3000DFF8CC38AB22DFF8CC18DFF8CC08FAF747
:107A4000EBF8002D0BD02868B04208D0DFF8B03832
:107A5000AD22DFF8B818DFF8B008FAF7DDF8706883
:107A600041688888002827D17468086870601422EB
:107A700016F10801D4F804804046FFF755FA0121B9
:107A8000200001F0E7F82000FAF79AFB8046404614
:107A900080B210FA87F0B0F5803F08DBDFF860387D
:107AA000BC22DFF86C18DFF86008FAF7B5F818EBBD
:107AB00007072000FAF717FB74681BE06068A04610
:107AC00004684046FAF77CFB8146484680B210FACB
:107AD00087F0B0F5803F08DBDFF82438CC22DFF8F0
:107AE0003018DFF82408FAF797F819EB0707404633
:107AF000FAF7F9FA002CE1D12900300000F085F8FE
:107B0000DFF810482088390089B2884208D2DFF8AF
:107B1000F037D222DFF80018DFF8EC07FAF77CF82C
:107B20002088C01B2080BFB23800BDE8F283F8B5C2
:107B300004000D00002600205FF0000C0023002749
:107B4000DFF8B817096814E0C27F91F81FE07245AA
:107B50000AD30800634607E00022002A04D07F1CF5
:107B60000028F1D1080063460A68002A00D08C463C
:107B70000968002910D0E268D1F814E0964509D1CF
:107B80002269D1F818E0964504D18A89B4F804E056
:107B90007245E1D00122E0E7002803D01900FFF789
:107BA00040FF8619AE4201DA022FC4DA3000F2BD7E
:107BB00070B505000E000420FEF77DFE0400002CC9
:107BC0000DD131002800FFF7B2FFB04203DB0420E3
:107BD000FEF771FE0400002C01D1002014E02021EA
:107BE000002226003000FFF745FA0F20E077DFF88B
:107BF0000C07016821600460142214F108062900B2
:107C00003000FFF791F9200070BD38B505000C0079
:107C1000DFF8E8060168A94202D1296801600DE099
:107C2000002C09D1DFF8D83640F24512DFF8EC1607
:107C3000DFF8D406F9F7F0FF286820602900042057
:107C4000FEF778FE31BD2DE9F047060089469046E3
:107C500000240125D9F804707888FAF752FD82468D
:107C6000387810F00F00C0B2800051460200D2B246
:107C700089B292B2914202D25FF0FF30D1E0C0B23D
:107C8000BAEB000AF888FAF73CFDC004C00C80B2D9
:107C9000C000D9F8047000213960B8801AEB000ADE
:107CA000A7F806A0F98880B2814202D25FF0FF30C7
:107CB000B7E0706810E0B8888A8890424CD0B888E5
:107CC000CA8890424BD3002C04D0E0888A88904226
:107CD00000D0002508680C00002823D04168BA882D
:107CE0008B889A42E7D23860002C12D0BA88E38899
:107CF0009A4203D38988FA88914202D25FF0FF301A
:107D00008FE0C4F80090E188BA8891420AD000253B
:107D100008E08988FA88914202D25FF0FF3080E063
:107D2000C6F8049000282CD1002C1BD0B888E1881C
:107D3000884209D2DFF8C8354FF4DB72DFF8E0156E
:107D4000DFF8C405F9F768FFC4F80090E088B98847
:107D5000884216D0002514E05FF0FF3061E05FF04C
:107D6000FF305EE07068002809D0DFF8943540F2FB
:107D7000BF12DFF8B015DFF89005F9F74DFFC6F830
:107D800004904046002802D1B07FC00748D5002D9E
:107D900040D07068002804D070684068808800284F
:107DA00001D0002536E03900386801E03900386834
:107DB000002805D04768C888B9888842F6D00025D1
:107DC000002D27D07068002809D1DFF8343540F243
:107DD000DF12DFF85415DFF83005F9F71DFF706882
:107DE0004068B84209D1DFF8183540F2E112DFF8F7
:107DF0003815DFF81405F9F70FFF3868002809D0A7
:107E0000DFF8FC3440F2E312DFF82015DFF8F80465
:107E1000F9F702FF002D01D0012000E0002000E072
:107E20000020BDE8F0872DE9F84F8046D8F80450CF
:107E3000287810F00F008000C0B2142840F0A18014
:107E4000E888FAF75EFCC004C00C80B25FEAC009A3
:107E50006888FAF756FC297811F00F01C9B2890039
:107E600002000B00DBB292B29BB29A42C0F0898052
:107E7000C9B2401AADF800004046FAF7A1F98246AF
:107E8000DFF89064308810FA8AF00B280CDB51463A
:107E900089B22800FFF74BFE002804D0308810FA82
:107EA0008AF00B2800DB6CE0DFF850743C6800E0DF
:107EB0002468002C10D0E8686169814209D12869E2
:107EC000A169814205D1A089A988884201D10120F8
:107ED00000E000200028EBD0002C08D1514689B2E8
:107EE0002800FFF765FE0400002C11D149E0E88866
:107EF000FAF707FCC0040BD1E089FAF702FCC004D2
:107F000006D01422290014F1080B5846FFF70CF88C
:107F1000E888C0F3401515F0010595F00105EDB2B4
:107F2000002D34D0BDF8000010EB090001004A46D6
:107F300089B292B2914204D380B24FF6EC7188427A
:107F400025DB002C09D1DFF8B8334FF42A72DFF8B3
:107F5000E013DFF8B403F9F75FFE6068002810D182
:107F60003868844209D0DFF8983340F2AB22DFF85A
:107F7000C413DFF89403F9F74FFE00212000FFF748
:107F800044FE4046FAF7AFF80020BDE8F28F2A0021
:107F900041462000FFF757FE10F1010FD1D0318884
:107FA0001AEB010AA6F800A0002D09D0BDF80010B8
:107FB00011EB0909A4F81C90A17F51F00101A177F0
:107FC000012852D1B4F81C8018F114086068406888
:107FD00005686068D0F80490142214F10801CA46BC
:107FE0005046FEF7A1FF404680B2FAF78AFBA9F897
:107FF00002000020A9F806000020A9F80A00D4F821
:1080000004800BE0D5F8049014212800FAF71EF83C
:1080100029004046FAF7F1F8D9F80050002DF1D1C7
:108020003868844201D1002107E0396800E009681E
:10803000002902D00868A042F9D12000FFF7E5FD31
:108040004046FAF7BDF804003088210089B2884222
:1080500006D2AB4B40F29B22B749AB48F9F7DCFDA7
:108060003088041B348040468FE700208DE780B5C0
:108070000520FEF720FC02BD10B50400002C06D13F
:108080009F4B4FF43172AD499F48F9F7C5FD210070
:108090000520FEF74FFC10BD38B505002C00002C64
:1080A00006D1974B40F2CE22A5499748F9F7B4FD87
:1080B000AC4206D0924B40F2CF22A2499248F9F747
:1080C000ABFD6069002802D06069FAF70CF8200067
:1080D000FFF7D2FF31BD2DE9F24F88B08246140080
:1080E0005FF0000B0898008D1438082190FBF1F028
:1080F000ADF80C005FF01409DAF80400059005985B
:10810000017811F00F018900C9B2142902D07FF063
:10811000050090E0BAF80A10142909DA784B4FF4F8
:108120003F7289497848F9F777FD7FF0050082E0D2
:10813000C088FAF7E6FAC104C90CADF80A1080B29B
:1081400010F400500690BAF80800B0F11408079433
:108150003BE0002009E01BEB09090898008D14386A
:10816000414689B28842F4DB0120BDF80A10C904F7
:10817000C90C002802D00698002801D051F4005103
:10818000080080B2FAF7BDFA0499C880BDF808006B
:10819000143080B2FAF7B5FA0499488000200499A7
:1081A0004881079A31000898089B5B69984730001E
:1081B000F9F799FFBDF80800B8EB0008BDF80A1000
:1081C000BDF80C004118ADF80A10404680B20028F6
:1081D00000F092804046BDF80C10C90080B289B210
:1081E000884202D2ADF8088005E0BDF80C0080B2EC
:1081F000C000ADF808004FF4207214210E20F9F7EA
:1082000048FD0600002E14D07089142806DA3C4B75
:1082100040F225324D493C48F9F7FEFC14220599FD
:1082200074682000FEF780FE70680490BDF8087046
:1082300008E05FF0FF3009B0BDE8F08F5FF00009A3
:10824000DAF800A0380080B2002884D0BAF80AB06A
:10825000BBEB090BBAF80A00494689B2884206D23C
:10826000274B40F22D323A492748F9F7D5FC380020
:10827000594680B289B2884201D2BB46FFE75846D0
:1082800080B20028DAD0FFF7F2FE0400002C03D100
:108290003000F9F728FFCCE7584680B20190DAF8B1
:1082A0000400494689B208440090230041225946FF
:1082B00089B20020F9F701FE0500002D06D120004B
:1082C000FFF7DAFE3000F9F70EFFB2E75046F9F794
:1082D00080FFC4F814A01F48206129003000F9F77E
:1082E0008CFFB7EB0B07380080B20028AAD05FF0F4
:1082F0000009DAF800A0A5E700209CE7C084002070
:1083000010E10008C013010830F7000868100108E8
:10831000100201084A850020A8FD00089407010802
:1083200030020108E8EB000824120108CCFD000827
:10833000CC13010850020108B0070108D813010846
:10834000E4130108F0130108CC07010870020108CA
:10835000341201089980000880B5FEF739FE8004C8
:10836000800CB0F58040DFF8C816088001BD10B45D
:108370000021FFE7DFF8B8261088431C13804FF672
:10838000FF7380B2984202D14FF440401080DFF872
:10839000A406006800E0C06800280BD0438A148857
:1083A000A342F8D1491C080080B2B0F5804FE1DB50
:1083B000002000E0108810BC704770B504000D006C
:1083C0001600002C08D1DFF870368722DFF86C1613
:1083D000DFF86C06F9F720FC002D08D1DFF85836DD
:1083E0008822DFF86016DFF85806F9F715FC207AC6
:1083F00000280BD0207ADFF85016496891F8341025
:10840000491CC9B2884201D0002025E0F6B2002EF6
:1084100014D0002C10D0206800280DD0DFF82816CA
:10842000486910F1010F07D02268A8680240496925
:10843000A86801408A420ED101200DE0002C08D02E
:108440002068002805D02068DFF8FC1549698842BB
:1084500001D1012000E0002070BD2DE9FE4F060093
:108460000F000020002E08D1DFF8CC35CF22DFF836
:10847000DC15DFF8CC05F9F7CFFB002F08D1DFF8CA
:10848000B835D022DFF8C815DFF8B405F9F7C4FB1A
:108490007089082803DA3000F9F725FEB5E0746822
:1084A000DFF8A495D9F80010D9F81400FAF7B0F85D
:1084B00082462088FAF725F9ADF804006088FAF7BB
:1084C00020F9ADF8000000205FF000080025DFF87B
:1084D00064B5DBF8004001E0A046E468002C3DD024
:1084E000608ABDF800108842F6D15246D2B23900F7
:1084F0002000FFF762FF0028EED0207C400715D453
:10850000002D01D1250011E05046C0B200280DD049
:10851000D9F8140010F1010F08D128687968884251
:1085200004D020687968884200D12500A08ABDF86F
:1085300004108842D0D16068002804D06068D9F85F
:1085400010108842C8D1B8F1000F07D0E068C8F811
:108550000C00DBF80000E060CBF80040002C00D1FC
:108560002C00002C01D0012007E07868D9F8141005
:10857000884201D1012000E00020C0B2002841D093
:1085800008213000F9F762FD00280DD0DFF8A8348B
:108590004FF4B872DFF8BC14DFF8A404F9F73CFB21
:1085A0003000F9F7A0FD30E0002C11D0A0690028C0
:1085B0000AD0BDF80400009019F110033200210028
:1085C000E069A469A04720E03000F9F78CFD1CE0C9
:1085D0005FFA8AFABAF1000F10D199F8140010F07E
:1085E000F000E0280AD0B9F90C10083109B23000C7
:1085F000F9F773FD0321300000F025FB3000F9F797
:1086000072FD02E03000F9F76EFDBDE8F78F7CB532
:1086100000280CD1DFF820344FF42072DFF8381432
:10862000DFF81C04F9F7F8FA7FF00F0046E00029A4
:108630000CD1DFF8043440F28122DFF82014DFF897
:108640000004F9F7E9FA7FF00F0037E0002A0CD1B7
:10865000DFF8E43340F28222DFF80414DFF8E003AD
:10866000F9F7DAFA7FF00F0028E0069D002D0CD113
:10867000DFF8C43340F28322DFF8E813DFF8C003E9
:10868000F9F7CAFA7FF00F0018E0002807D0046855
:10869000002C04D0047814F0F004E02C01D12C1D3F
:1086A00007E004686E68B44202D07FF0030005E082
:1086B0000400019400959BB200F001F876BD2DE90D
:1086C000FE4F06009846002E0CD1DFF86C3340F2C6
:1086D000D122DFF89413DFF86803F9F79DFA7FF0F1
:1086E0000F00ACE00D00002D0CD1DFF84C3340F250
:1086F000D222DFF87813DFF84803F9F78DFA7FF01C
:108700000F009CE01400002C0CD1DFF82C3340F259
:10871000D322DFF85C13DFF82803F9F77DFA7FF046
:108720000F008CE0DDF83490B9F1000F0CD1DFF8C8
:1087300008334FF43572DFF83C13DFF80403F9F720
:108740006BFA7FF00F007AE00C9F002F0CD1DFF85E
:10875000E83240F2D522DFF82013DFF8E402F9F71F
:108760005BFA7FF00F006AE0708A00280AD1728AF3
:108770003100300000F065F8010049B2002901D055
:1087800040B25CE028890830298980B2884202D250
:108790005FF0FF3053E008212800F9F752FC002871
:1087A00014D04FF4207208212220F9F772FA824681
:1087B000BAF1000F02D15FF0FF3040E028890028B5
:1087C00005D029005046F9F754FD00E0AA46BAF852
:1087D0000A00082807D2984B40F20E32DFF89C12AC
:1087E0009748F9F719FADAF804B0708AF9F789FFAF
:1087F000ABF80000404680B2F9F783FFABF8020007
:108800000020ABF80600BAF80800F9F77AFFABF8D9
:1088100004001120F37A0297C0B20190B07A009060
:10882000DBB2220049465046FDF775F80400AA4520
:1088300003D05046F9F757FC0020200040B2BDE8B5
:10884000FE8FF8B505000C00002C00D18C4C002DDB
:1088500009D1794B40F2B7328A497948F9F7DCF906
:108860007FF00F0042E00026724F386800E0C068D9
:10887000002802D08542FAD10126100080B20028DB
:1088800009D1FFF774FD0200100080B200281FD14B
:108890007FF007002AE0386800E0C068002817D0A1
:1088A0008542FAD0418A13009BB29942F5D1016802
:1088B0002368994209D0002C07D02168002904D0F0
:1088C000002802D001680029E7D17FF007000DE001
:1088D000002C01D1002000E0206828606A82F6B2F6
:1088E000002E02D13868E8603D600020F2BD70B50E
:1088F00005000C001600002D09D14F4B40F2354207
:1089000061494F48F9F788F97FF00F0032E0002CF9
:1089100009D1494B40F236425C494948F9F77CF9A4
:108920007FF00F0026E0688A00280AD16A8A2900B1
:108930002800FFF786FF010049B2002901D040B2AC
:1089400018E0002C01D1002000E020686860AE82B1
:10895000287C50F0040028743649086800E0C0689C
:10896000002803D08542FAD1002003E00868E860BF
:108970000D60002070BD80B5002807D12E4B40F25D
:108980008A4243492E48F9F747F901E08161C26103
:1089900001BD80B50100002907D1274B40F2A1425B
:1089A0003C492748F9F738F917E0224802688A421B
:1089B00003D10268D26802600CE0026800E0D2686D
:1089C000002A07D0D0680028F9D0D0688842F6D1B4
:1089D000C868D0600020FDF7ADFF01BD38B50020AC
:1089E000FDF769FF0400002C07D02021002225009C
:1089F0002800FEF73FFBFF20E072200032BD10B4DC
:108A0000002813D00268002A10D000290ED00A686E
:108A1000002A0BD0074A126806E013680468A342D4
:108A200001D10B681360D268002AF6D110BC7047E0
:108A30009E0000204085002018E700089C000108E7
:108A400058FC000880FC000850840020440F0108F6
:108A5000840B0108A00B0108BC0B0108D80B01080E
:108A60007006010890060108B0060108D00601084A
:108A7000C0000108E40001080801010888F20008AC
:108A8000E01401085C0F0108F40B0108100C010848
:108A9000740F01088C0F01082DE9FE4F06000D0030
:108AA000924FD7F808A09AF8000010F00F005FEA84
:108AB00080095FFA89F9484680B2142803DA300049
:108AC000F9F711FB16E070890428F8D37068007874
:108AD0000100C9B2002902D0082901D091E0AEE01E
:108AE00017F11408387D10F0F000E02804D13000B0
:108AF000F9F7F9FABDE8F78F39687869F9F788FD71
:108B00000028F4D130890828D9D3494689B20E31DA
:108B10003000F9F796FA002864D0318919EB010189
:108B20000800328980B29042E1D34FF4207289B2BA
:108B30000E20F9F7AEF80400002CD8D06089494621
:108B400089B20831884203D22000F9F7CCFACEE787
:108B50004A4692B2D4F804B051465846FEF7E4F9BA
:108B6000494689B22000F9F771FA002809D0604B14
:108B7000B62260496048F9F74FF82000F9F7B3FAD8
:108B8000B5E731002000F9F77DFB002803D0200075
:108B9000F9F7A9FAABE73000F9F7A5FA26007468EF
:108BA0001FFA89F949463000F9F74BFA002818D125
:108BB0007068D8F80010C160396901610021217026
:108BC00000216180FF210172002141810295012075
:108BD000019000200090FF23002241463000FCF766
:108BE00082FE2CE0494689B20E313000F9F72EFAA8
:108BF0000028D4D03E4BC72240493F48F9F70CF833
:108C000075E70100C9B2032919D00100C9B20B29C7
:108C100015D00100C9B20C2911D00100C9B2042934
:108C20000DD00100C9B2052909D00100C9B20D2932
:108C300005D00100C9B20E2901D0C0B21128300000
:108C4000F9F751FA56E780B50A00D2B2032100F0D5
:108C500008F801BD80B50A00D2B20B2100F001F87E
:108C600001BD2DE9F84384B00700884691464FF4D2
:108C7000207224212220F9F70CF80400002C32D0B5
:108C80006089242806D21A4B40F269121C491A48FE
:108C9000F8F7C2FF7E68656885F8008085F8019066
:108CA0000020A8800020E8801C227968606810F10C
:108CB00008073800FEF738F9F068039003A8FCF7BE
:108CC000BDFC00280CD00021698002900120019099
:108CD00000200090FF2303AA00212000FCF703FEE0
:108CE0002000F9F700FA05B0BDE8F08350840020B9
:108CF00064E20008B0EB0008B8F6000848EE00088F
:108D0000E4F20008C9B202788A421AB11CBF10F816
:108D1000012FF9E718BF00207047000080B500B9A7
:108D200006A005490B681BB122220021984701E0EB
:108D300003F045FE222002BD44850020636F6E7360
:108D4000747261696E742068616E646C65723A2039
:108D5000626164206D6573736167650000F10103F2
:108D6000810704D010F8011B820781B1FAD1026893
:108D7000A2F10131914311F0803104BF50F8042F6A
:108D8000F6E709BAB1FA81F100EBD100401CC01A34
:108D900070470000C9B2830706D0521E22D310F8D4
:108DA000013B9942F7D11FE0083A13D302F10402C4
:108DB00041EA012141EA014150F8043B121F21BF61
:108DC0004B40A3F1013C2CEA030C1CF0803FF3D094
:108DD000C9B2001F083210F8013B521E28BF91EAA9
:108DE000030FF8D818BF0120401E7047BBBBE1B18C
:108DF000B2F5803F80F07E80022A1ED98C46B1FBFE
:108E0000F2F102FB11C31B0443EA1043B3FBF2FC73
:108E100002FB1C3380B240EA0343B3FBF2F002FBD7
:108E2000103240EA0C4000237047022A05D98446DC
:108E3000B0FBF2F002FB10C270474AB105D100F05E
:108E4000010249085FEA30007047002200237047A2
:108E500003F0B8BD0B0002000021002070479042D3
:108E600071EB030CF6D3B3F5803F2FD2F0B5B3FA14
:108E700083F7B1FA81F4A7F10F0E3D1B5340CEF1F9
:108E8000200602FA0EF2F3415340B5F10F0746D81F
:108E90000F3C2C444140C4F12006A040F141414028
:108EA000B1FBF3F603FB1611A2FB0645001BA9411B
:108EB00002D2761E8018594180EA010221FA0EF38F
:108EC00062FA0EF200215A403046F0BD30B4B1FBD8
:108ED000F3FC03FB1C11A2FB0C45001BA94103D2B0
:108EE000ACF1010C8018594130BC02460B4660467B
:108EF00000217047B2F1807F65D3F0B5B2FA82F7F6
:108F0000B1FA81F4C7F10F063D1B22FA06F307F10F
:108F1000110EF24120355A40B5F10F07B8D9414042
:108F2000C4F12006A040F1414140B1FBF3FC03FB3A
:108F30001C11A2FB0C45001BA94103D2BCF1010C82
:108F4000801859410F2F12D30F3FC90341EA5041F6
:108F5000B1FBF3F603FB1611A2FB0645D4EBC030C0
:108F6000A94102D2761E8018594146EACC3C07B38B
:108F70004140C7F12006B840F1414140B1FBF3F652
:108F800003FB1611A2FB0645001BA94102D2761E67
:108F90008018594180EA010221FA0EF3C7F120043A
:108FA00062FA0EF20CFA07F05A402CFA04F1304340
:108FB000F0BD80EA010221FA0EF3002162FA0EF2FE
:108FC00060465A40F0BD8C46B1FBF2F102FB11C382
:108FD0001B0243EA1063B3FBF2FC02FB1C331B02CF
:108FE0004CEA002043EA1063B3FBF2FC02FB1C33A3
:108FF0001B024CEA002043EA1063B3FBF2FC02FBC5
:109000001C331B024CEA002043EA1063B3FBF2FC62
:1090100002FB1C324CEA002000237047B0B581EA05
:10902000030C0CF0004C40F2FF7515EA11541DBF03
:1090300015EA1357AC42AF4239E0E41923EA45532D
:1090400043F48013C90241F0004141EA505EC70277
:109050001100A7FB020200284FF00000EEFB0120E8
:109060004FF00001E3FB072118BF42F00102401856
:1090700000214941E3FB0E01A4F580640F0302D2F5
:1090800052004041494154F101046CDD470872F13E
:10909000004250F1000051EB0451A1F580115CBF7A
:1090A00041EA0C01B0BD4CEA05510020B0BD05EA13
:1090B0001357AC4214BFAF4241E050EA410E1CBF0F
:1090C00052EA430E02E061460020B0BD24423C4417
:1090D0001BD15FEA070EF6D0090302BF014600204C
:1090E000AEF1140EB1FA81F7AEEB070401FA07FEF8
:1090F0000C37C7F1200100FA07F7C8404EEA000E0E
:1091000023EA455343F48013A2E733F00043B3FA54
:1091100083F704BFB2FA82FE77440B3FE41BB7F13A
:10912000200E2FBF02FA0EF3BB40C7F1200E22FA29
:109130000EFE38BF43EA0E03BA40641C82E750EAD1
:10914000410E14BF52EA430E6FF000014FF40017B6
:1091500017EB430F8ABF194617EB410FB5E74CEAEF
:1091600005510020B0BDD4F10104B4F120070FDA9D
:10917000C4F12007520828BF42F0010210FA07F597
:1091800001FA07F7E1BF2A43E0403843E1400FE02E
:10919000352C98DCC7F1200452EA400220FA07F28D
:1091A00018BF42F0010231FA07F0A1400A43002142
:1091B00072F1004250F1000051EB0C01B0BD000013
:1091C00010B5144600F002F8226010BDC1F30A5336
:1091D00043B14A0012F5001F28D2A3F2FE32A1EBE0
:1091E0000251704750EA410C20D001F0004C31EAA6
:1091F0000C01B1FA81F204BFB0FA80F3D2180B3A35
:10920000B2F120032CBF00FA03F1914041EA0C01B6
:109210003EBFC2F1200C20FA0CF319439040524299
:1092200040F2FD33D21A01EB035170470022704720
:109230004FF4001C1CEB410F94BF1CEB430F09E0E3
:1092400041EA030C50EA4C0C52EA0C0C03D299424E
:1092500008BF9042704714BF8B42824270470000A3
:109260004FF4001C1CEB410F94BF1CEB430F09E0B3
:1092700041EA030C50EA4C0C52EA0C0C03D28B422C
:1092800008BF8242704714BF994290427047000065
:10929000124254D440F2FF7C1CEA11530FD06345B4
:1092A00031D09B1863453CBF01EB0251704701F080
:1092B000004141EA0C510020AFF30080704750EAB2
:1092C000410320D001F0004C91EA0C011CD0B1FA0E
:1092D00081F30B3B9A420DD9D21A994051EA0C0105
:1092E000C3F1200C20FA0CFC61449840531C40F25E
:1092F000FF7CD7E7914041EA0C01C2F1200C20FA33
:109300000CF3194390407047B0FA80F31533202BCB
:10931000E0D3202AEED3203A203B9A4209D9D21A30
:1093200000FA03F141EA0C010020531C40F2FF7CDB
:10933000B8E700FA02F141EA0C01002070475242FE
:1093400040F2FF7C1CEA11530DD06345DBD0B2EB39
:10935000030C3CBFA1EB025170470CF1010221EA62
:10936000035141F4801150EA410CCCD001F0004C83
:10937000352A27DC30B481EA0C01B2F1200309DA86
:10938000C2F12003044601FA03F5D0402843D1403E
:109390009C400CE0C3F12002450020FA03F418BF02
:1093A00044F0010421FA03F091400C43002174F1D0
:1093B000004550F1000051EB0C01244230BC7FF419
:1093C0007BAF70476146002076E70000C1F30A5387
:1093D00040F2FE329B1A14DDD3F120034FEAE17212
:1093E00008DDC90241EA505141F00040D8408018E0
:1093F0005040704703F2E13010B1D24382F0004098
:109400007047002070470000C11768B14840401AFB
:10941000B0FA80F29040D21CC907C2F5846241EADA
:10942000025202EBD02140057047000070B44FF0AB
:10943000004591EA030F43F1C7826B40841A71EB38
:10944000030603D2001BB141121973414FF4001CF3
:109450001CEB410F34BF7CEB430442E00C0DA4EB4A
:109460001356352E4FDC45EAC323DB0A45EAC121FA
:10947000C912B6F120050DDD63FA05F6EB4086EA68
:109480000305124218BF45F00105C01851F1000153
:109490000CD213E062FA06F5F2405540F3415A400F
:1094A000B340F3405A408018594107D349085FEA56
:1094B00030005FEA350528BF45F0010501F5801150
:1094C000420875F1004250F1000041EB04514E009A
:1094D00016F5001F70BC38BF70470020090D090544
:1094E00070471CEB410F10D252EA43060BD0BCEB85
:1094F000410F05D80C0DAB43661E342EB6DD02E0DD
:10950000AB438018594170BC704770BC7047000075
:10951000F0B540F2FF7581EA030C0CF0004C15EA3F
:1095200011541DBF15EA1357AC42AF42E5E0BC41F0
:10953000C1F31301C3F31303801A994143F4801359
:1095400004D2641E4000494180185941C90241EAD1
:109550005051B1FBF3F603FB1611A2FB0675D7EBD6
:10956000C020A94102D2761E80185941C90241EAA1
:109570005051B1FBF3FE03FB1E11A2FB0E75D7EB9E
:10958000C020A94103D2AEF1010E801859418902D1
:1095900041EA9051760546EA8E2EB1FBF3F603FBC5
:1095A0001611A2FB0675D7EB8020A94102D2761EC8
:1095B00080185941C90241EA50514EEA060EB1FBEA
:1095C000F3F603FB1611A2FB0675D7EBC020A941E9
:1095D00002D2761E80185941C90241EA5051B1FBAE
:1095E000F3F703FB1711A2FB0735D3EBC020A9410A
:1095F00067F100070CBF004247F0010766F3D5276B
:109600004FEA1E31B80814F5806412DDBD0775F10C
:10961000004250EB0E5051EB045111F5801F5CBF1E
:1096200041EA0C01F0BD4CF07F6141F0E0410020C7
:10963000F0BDBD076D0840EA0E5041F48011D4F131
:109640000104B4F120060ADAC4F120060200E04069
:1096500001FA06F3E1401843B24015430EE0342C02
:1096600013DCC6F1200445EA40056D0820FA06F235
:10967000154321FA06F0A1400D43002175F1004287
:1096800050F1000051EB0C01F0BD00205FEA0C012D
:10969000F0BDCFB992185B41B3FA83F704BFB2FAB9
:1096A00082F6BF190B3FB7F120062FBF02FA06F36F
:1096B000BB40C7F1200622FA06F638BF3343BA4052
:1096C0001CB1E419641E33E77F4231F00041B1FA66
:1096D00081F404BFB0FA80F6A4190B3CB4F1200663
:1096E0002FBF00FA06F1A140C4F1200620FA06F6C9
:1096F00038BF3143A0403C1B1AE7AC421ABF05EA11
:109700001357AF4212E050EA41061CBF52EA43062B
:10971000BFE750EA4107304661461CBF41EA0551A8
:10972000F0BD52EA430C08BFC143F0BD00204FF426
:10973000001616EB410F98BF16EB430F08BF16EB50
:10974000410F24BFC14305E016EB430F0CBF614638
:109750004CEA0551F0BD0000400D491840EA812057
:109760000CD2490DA1F58061491C40F0004005DB99
:10977000D1F11F0154BFC840C01770470020704787
:10978000014648B1B0FA80F18840C91CC1F5846136
:10979000090501EBD02140057047000000487047E3
:1097A0004800002070B504001825DFF8386A05FB72
:1097B00004F03058002808D005FB04F03058F8F7C2
:1097C00092FC002005FB04F1705000206C4306EB76
:1097D0000401087570BD10B500241EE002FB04F002
:1097E0001844007D012817D102FB04F01844011D24
:1097F00002FB04F203EB0200806800F0EDFC0BE0DA
:1098000002FB04F01844007D0428E7D1022002FB8B
:1098100004F203EB02010875641C0A2C36DA1822E4
:10982000DFF8C03902FB04F01844007DC0B2002804
:10983000F2D002FB04F01844408A401C02FB04F101
:109840001944488202FB04F01844408AB0F5967F20
:109850000BDA02FB04F01844007D012809D102FB59
:1098600004F01844408A052803DB2000FFF79AFF24
:10987000D2E702FB04F01844007D0328C0D1042085
:1098800002FB04F203EB02010875C5E710BD2DE9E8
:10989000F74F82B00A20ADF804000A20ADF80200AC
:1098A0005FF00A0800200A20ADF80000002400261E
:1098B0000025002722E05FFA89F9B9F1020F1CDBCD
:1098C00017FB0AF05844408A290089B2884214D311
:1098D000ADF8027017FB0AF05844458A0DE017FBFB
:1098E0000AF05844408A310089B2884205D3ADF865
:1098F000047017FB0AF05844468A7F1C380000B2F7
:109900000A2859DA5FF0180ADFF8D8B817FB0AF00E
:10991000584490F81490404600B20A2805D14846B1
:10992000C0B2002801D1B846E7E74846C0B20028D7
:10993000E3D04846C0B201280DD04846C0B2022844
:1099400009DADFF8A4384FF49272DFF8A018DFF8D4
:10995000A008F8F761F90298002811D00298006871
:1099600017FB0AF159444968884209D10498002834
:109970001FD0049817FB0AF159448968884218D00F
:109980004846C0B2012896D117FB0AF05BF80000E8
:109990000028A4D017FB0AF05844408A210089B25D
:1099A0008842AAD3ADF8007017FB0AF05844448AE5
:1099B000A3E7380000B270E09DF80C00810705D4E1
:1099C000414609B20A2904D1C00702D45FF0FF3032
:1099D00063E0404600B20A2829DBBDF902000A28EC
:1099E0005EDABDF90280DFF8FC07182118FB01F1EF
:1099F0004058002809D0DFF8F03740F26D12DFF848
:109A0000F417DFF8EC07F8F707F9404600B20A2828
:109A100009DBDFF8D43740F27F12DFF8DC17DFF81C
:109A2000D007F8F7F9F8404600B2FFF7BBFE404612
:109A300000B20A2809DBDFF8B03740F28312DFF802
:109A4000B817DFF8AC07F8F7E7F81824DFF89457F1
:109A500018FB04F02844007D002809D0DFF888377F
:109A600040F28512DFF89417DFF88407F8F7D4F88E
:109A70000298002805D018FB04F0284402990968D0
:109A8000416018FB04F028440021418218FB04F0D7
:109A9000284404998160404600B205B0BDE8F08FCB
:109AA000BDF904000A2802DABDF90480ADE7BDF96A
:109AB00000000A2802DABDF90080A6E75FF0FF3057
:109AC000EBE72DE9F84306000C0015001F0096F89F
:109AD0003000062809D0DFF8103740F2A912DFF86D
:109AE0002017DFF80C07F8F797F8002C0DD0206846
:109AF00000280AD031002068F8F78AFD002804D138
:109B0000207810F0F000E02802D17FF00F0045E04F
:109B100032003900C9B22000FFF7B9FE040020006E
:109B200000B2002802D5200040B237E01827DFF845
:109B3000B48614FB07F040440221017514FB07F0C2
:109B4000404486600622290014FB07F0404410F1CF
:109B50000C094846FDF7E8F914FB07F040440021E2
:109B6000418214FB07F058F80000002815D014FBC0
:109B700007F058F80090002014FB07F148F80100A6
:109B80004FF4006000902B0016F12A024946300085
:109B900003F02AF84846F8F7A6FA0020BDE8F28359
:109BA00038B50400002514E01821DFF8382601FB41
:109BB00005F01044007DC0B2002809D001FB05F17A
:109BC00002EB01008068A04202D12800FFF7EAFD05
:109BD0006D1C0A2DE8DB31BDF8B586B007000C001E
:109BE000002C0AD1DFF8003640F28A22DFF818167E
:109BF000DFF8FC05F8F710F860E07E683088B0F513
:109C0000807F08D13079062805D17079042802D1E7
:109C10007088082803D03800F8F765FA4EE004226F
:109C200016F10E0104AD2800FDF77EF9042216F1AD
:109C3000180105AD2800FDF777F96068002801D10B
:109C4000002506E005986168884201D1012500E001
:109C500000252800C0B2002801D0012300E0022323
:109C6000DBB216F1080204A92000FFF72AFFF088F2
:109C7000B0F5807F03D0B0F5007F17D01BE0EDB2C8
:109C8000002D12D00220039004A8029016F10800C3
:109C90000190201D009014F12A0316F1080214F11E
:109CA0002A01200000F013FAFFE704E004A92000D5
:109CB00000F0C0FDFFE73800F8F715FA07B0F0BD77
:109CC0002DE9FC4180460C0017001825DFF81465CB
:109CD0003800C0B268433044007D022809DADFF85A
:109CE000083540F2EF22DFF82415DFF80405F7F716
:109CF00093FF3800C0B268433044007D022837D15A
:109D00003800C0B268433044408A40F21D11884296
:109D100010DB3800C0B268433044011D404600F0FB
:109D20005BFA002824D13800C0B2684330440321D4
:109D300001751DE03800C0B268433044408AB0F578
:109D4000877F15DB3800C0B26843304410F10C0245
:109D50003800C0B268433044011D404600F02CFA80
:109D6000002805D13800C0B2684330440321017592
:109D70004FF400600090FFB26F4306EB070010F154
:109D80000C0318F12A022100404602F02DFFBDE825
:109D9000F681FEB504000D0016003700002C09D135
:109DA000DFF8443440F21E32DFF85C14DFF8400480
:109DB000F7F732FF002D09D1DFF82C3440F21F32C3
:109DC000DFF84C14DFF82804F7F726FF002E09D13E
:109DD000DFF814344FF44872DFF82814DFF8100469
:109DE000F7F71AFF21003068F8F712FC00280BD0B3
:109DF000DFF820344FF40060009014F12A022900AB
:109E0000200002F0F1FEFEBD307810F0F000E028F6
:109E100015D101208DF8040000208DF805005E208A
:109E20008DF80600707810F07F008DF80700B0788C
:109E30008DF80800F0788DF8090001ABDAE7316899
:109E4000A06801406268A068024091420AD0306870
:109E500080B24FF6A961884204D0E06800281FD084
:109E600014F10C071820DFF8B013DFF878330A7804
:109E700042431A44127D022A15DB0A7842431A44EF
:109E80009268A2420FD13A680E7846431E44766823
:109E9000B24208D10A7829002000FFF711FFB2E78B
:109EA0007FF00300AFE7002200E0521C1600F6B27C
:109EB0000A2E1FDA1600F6B246431E44367D022EE5
:109EC000F3DB1600F6B246431E44B668A642ECD158
:109ED0003E6894465FFA8CFC00FB0CFC9C44DCF86A
:109EE00004C06645E1D10A70D2B229002000FFF714
:109EF000E7FE88E72A003900200000F001F882E739
:109F00002DE9FE4F82460D0014001AF12A0001903F
:109F10005FF0FF3B002651462868F8F779FB0028E0
:109F200009D1287810F0F000E02804D0002D02D0EC
:109F30002868002802D17FF00F00C6E052460121B8
:109F40002800FFF7A4FC0700380000B2002802D563
:109F5000380040B2B9E0380000B27F2806D3A24BE7
:109F600040F2C132AD49A248F7F756FE5FF018083B
:109F7000DFF870923800C0B208FB00F04844007D62
:109F800000280ED101263800C0B208FB00F048447A
:109F9000012101753800C0B208FB00F04844C0F848
:109FA00008A03800C0B208FB00F04844007D01283A
:109FB0000ED03800C0B208FB00F04844007D0228F3
:109FC00006DA894B40F2CF3295498948F7F724FEEB
:109FD000002E01D1002C09D12900504600F0FCF8D8
:109FE0008346002C02D1584640B26EE0002C06D1C8
:109FF0007D4B40F2E13286497D48F7F70DFE38008F
:10A00000C0B208FB00F04844007D022812DB824801
:10A0100007704FF400600090FFB208FB07F709EBF0
:10A02000070010F10C03019A2100504602F0DCFDFC
:10A03000834648E03800C0B208FB00F04844007D89
:10A04000012840D10026250000E02D68002D11D008
:10A0500068892989884209D12868002806D0624B7E
:10A0600040F2F1326F496248F7F7D6FD287B40068F
:10A07000EBD50126002E07D022004FF420710E20D0
:10A08000F8F766FA040002E02000F8F7A2F8002CC6
:10A0900017D03800C0B208FB00F059F800000028C3
:10A0A00007D03800C0B208FB00F059F80000F8F7FC
:10A0B0001AF8FFB208FB07F749F807405FF0000BFA
:10A0C00001E05FF0FF3B584640B2BDE8FE8F2DE94E
:10A0D000F14F82B0894690469B4600208DF80400DF
:10A0E0000298002806D1404B40F25742464940486A
:10A0F000F7F792FD4FF420721C210E20F7F7C9FDEF
:10A100000400002C02D15FF0FF3053E060891C286E
:10A1100006DA354B40F2634243493548F7F77CFD98
:10A120000F98676880B2F8F7ECFAF880029890F818
:10A130003000062806D02C4B40F26A423B492C489E
:10A14000F7F76AFD0E9DDDF834A00C9E59460622F5
:10A1500017F1080B5846FCF7E7FE0622514617F1A7
:10A16000120A5046FCF7E0FE0422310017F10E06F9
:10A170003000FCF7D9FE0422290017F11805280049
:10A18000FCF7D2FE4FF480703880082078800620DB
:10A1900038710420787140F60600009043464A4624
:10A1A0002100029802F020FD2000F7F79CFF00201C
:10A1B0009DF90400BDE8FE8FF8B5012303930291D9
:10A1C0001B490191011D009110F12A0310F12A0190
:10A1D000FFF77DFF05B000BD80B50E4AFFF7ECFF2D
:10A1E00002BD0000047D00209CE000088CE900080E
:10A1F00018F600088C0C010840100108B8F200089D
:10A2000084FD0008C4110108D4110108E8EF00081A
:10A210009C130108B014010858850020E4110108BE
:10A2200040F6000878070108E0ED0008C4E80008DF
:10A23000B814010870B5DFF8F449207800282ED151
:10A24000DFF8EC592868002808D0DFF8E839E52263
:10A25000DFF8E419DFF8E409F7F7DEFCFEF7BEFBF0
:10A2600028602868002802D15FF0FF301BE02868D2
:10A27000407A50F0200029684872DFF8C46944220F
:10A2800031002868FEF7DDFA432231002868FEF726
:10A290002EFB0022DFF89C1A2868FEF76CFB207862
:10A2A000401C2070002070BD10B5DFF88049207878
:10A2B000002808D1DFF87C39FF22DFF87C1ADFF8AC
:10A2C0007C09F7F7A9FC2078401E20702078002830
:10A2D00006D1DFF85C492068FEF75BFB00202060B8
:10A2E00010BD10B50400606A0C2100F02DFEDFF8EF
:10A2F00050190B000A002000FCF7FAFF200000F0C4
:10A3000008FB10BD38B50400656A0821280000F07C
:10A310001BFE002215F11C012000FFF7F1FDA879BA
:10A32000FF2802D0A879401CA8714FF4FA7080B2BF
:10A3300000F2F3104FF4FA7190FBF1F0288131BD77
:10A3400070B504000D00666ADFF8F0098078002817
:10A350000CD000203081DFF80C0B8068F8F7D9F9B9
:10A36000B0612869F061200000F001F870BD2DE9AE
:10A37000FF410400002C0CD1DFF8B83840F277120E
:10A38000DFF8BC19DFF8B408F7F746FC7FF00F00E0
:10A39000B5E0656A002D0CD1DFF8983840F27912EB
:10A3A000DFF8C41ADFF89408F7F736FC7FF00500F1
:10A3B000A5E00121280000F0C7FD02AB032229001F
:10A3C000200001F00DF90600002E78D077680223F6
:10A3D000392217F1F001BDF8080000F0C0FDADF81A
:10A3E0000800228D17F1F001BDF8080000F0F1FD22
:10A3F000ADF808000423322217F1F001BDF808007F
:10A4000000F0ADFDADF80800E869F8F782F9020048
:10A4100017F1F001BDF8080000F0FCFDADF80800F0
:10A420000423362217F1F001BDF8080000F097FD73
:10A43000ADF80800A869F8F76CF9020017F1F0010F
:10A44000BDF8080000F0E6FDADF808000323372250
:10A4500017F1F001BDF8080000F081FDADF808002B
:10A460005FF000080EE0DFF8040A4146C9B2425C22
:10A4700017F1F001BDF8080000F092FDADF80800FA
:10A4800018F101084046C0B20328ECD3320017F19E
:10A49000F001BDF8080001F06FF9DFF8A4070190A2
:10A4A00000944323DFF8942A3100DFF88407006822
:10A4B000FEF705F904003000F7F715FE01E05FF044
:10A4C000FF34A879FF2802D0A879401CA871A87988
:10A4D000062805DA012195F9060011FA00F000E0DE
:10A4E0003C204FF47A7110FB01F080B200F2F310BF
:10A4F0004FF4FA7190FBF1F02881200040B204B0D3
:10A50000BDE8F08110B5DFF8680B046819E0C88970
:10A51000002815D0C889421ECA8180B201280FD1F7
:10A52000200000F07EF80BE0088A0028EFD0088AAF
:10A53000421E0A8280B20128E9D1200000F08EF884
:10A540002468002C16D0616A0029F9D048790028C7
:10A55000F6D0888A0028E7D0488A401C4882488A7A
:10A560008A8A9042E0D1200000F082FC200000F0B6
:10A57000D6F8E5E710BD10B5DFF8F40A046813E07B
:10A58000018901290FD10189491E0181200000F0B4
:10A590000EF808E0606A002805D001890229EFDB87
:10A5A0000189491E01812468002CF3D110BD10B52A
:10A5B0000400606A41790C2902D04179062903D14F
:10A5C000200000F0A6F92BE0417901290DD1807916
:10A5D000062803DA2000FFF7CAFE21E0200000F081
:10A5E00047FC200000F09BF81AE0417908290AD1C5
:10A5F0008079022803DA2000FFF784FE10E02000B3
:10A6000000F005FA0CE04179032909D1807902288C
:10A6100003DA200000F096FB02E0200000F079F958
:10A6200010BD10B5446A6179012905D061790A2904
:10A6300002D06179052910D100F07EFAA189608AE3
:10A64000091A022091FBF0F0012806DBA189608A3B
:10A65000091A022091FBF0F0E08110BD10B5446AA8
:10A660006179012908D061790A2905D06179052924
:10A6700002D06179042910D100F0E4FAA18A608A3D
:10A68000091A022091FBF0F0012806DBA18A608AFA
:10A69000091A022091FBF0F0208210BD38B5446AFF
:10A6A0000020206200206062DFF89056E8780028E1
:10A6B00003D0DFF8B007C068A0622879002804D072
:10A6C000DFF8A0070069E06202E0A06A4008E062EB
:10A6D0006879002804D0DFF88C074069206304E023
:10A6E000A26A07204243D20822630869E061A87980
:10A6F000002808D0DFF86C078069F8F70AF82062B4
:10A700000120E07101E00020E071E879002805D027
:10A71000DFF85007C069F7F7FCFF606231BD70B524
:10A720000500002D0CD1DFF80C3540F2E722DFF8F0
:10A730004419DFF80805F7F76FFA7FF00F0051E0D2
:10A7400095F83100C0070CD4DFF8E8344FF43A72C2
:10A75000DFF82419DFF8E404F7F75EFA7FF00F0062
:10A7600040E06C6A288DB0F5107F02DA5FF0FF30B0
:10A7700038E0002C0AD13420FCF7E9FA0400002C60
:10A7800002D15FF0FF302DE06C6204E020790028F8
:10A7900001D0FFF789FD3421002226003000FCF7AC
:10A7A00069FCFFF747FD002802D05FF0FF3019E099
:10A7B0000120207195F83100400705D402212000C6
:10A7C00000F0C2FB00200DE0280000F0A2F801001C
:10A7D00049B2002905D0280000F04AFB5FF0FF30A5
:10A7E00000E040B270BD38B505006C6A002C20D086
:10A7F000607900280AD0C01E022801D9C01F06D1E6
:10A800000020A071280000F09DFA12E011E06079AC
:10A810000D2809DBDFF81C3440F26D32DFF85C18DC
:10A82000DFF81804F7F7F8F90020A071280000F00D
:10A8300070F831BD80B500280AD1DFF8F83340F256
:10A840008B32DFF83018DFF8F403F7F7E5F90BE0A7
:10A85000426A002A08D05379082B05D10968D269C9
:10A86000914201D100F001F801BDFEB50600756A04
:10A870000C21280000F068FB02AB04222900300004
:10A8800000F0AEFE0400002C2ED0676804233222B4
:10A8900017F1F001BDF8080000F061FBADF8080009
:10A8A000E869F7F736FF020017F1F001BDF808007C
:10A8B00000F0B0FBADF80800220017F1F001BDF880
:10A8C000080000F059FFDFF8780301900096432359
:10A8D000DFF868262100D6480068FDF7F0FE060084
:10A8E0002000F7F700FC01E05FF0FF36A879FF28B1
:10A8F00002D0A879401CA87142F2107080B200F218
:10A90000F3104FF4FA7190FBF1F02881300040B25F
:10A91000FEBD2DE9FE4305006E6A00270020F061B0
:10A920000621300000F010FB02AB012231002800AC
:10A9300000F056FE0400002C49D0D4F80480022315
:10A94000392218F1F001BDF8080000F008FBADF85D
:10A9500008002A8D18F1F001BDF8080000F039FB5D
:10A96000ADF808000323372218F1F001BDF8080004
:10A9700000F0F5FAADF808005FF000090EE0DFF82E
:10A98000EC044946C9B2425C18F1F001BDF8080078
:10A9900000F006FBADF8080019F101094846C0B205
:10A9A0000328ECD3220018F1F001BDF8080000F0F4
:10A9B000E3FEA348019000954323DFF880252100A2
:10A9C0009B480068FDF77BFE2000F7F78CFBB07911
:10A9D000FF2802D0B079401CB071B079062805DAA2
:10A9E000012196F9060011FA00F000E03C204FF436
:10A9F0007A7110FB01F080B200F2F3104FF4FA719B
:10AA000090FBF1F03081380040B2BDE8FE833EB5E6
:10AA10000400002C08D1874B40F21542DFF8B81B28
:10AA20008648F7F7F9F886E0656A002D08D1814B72
:10AA300040F21742DFF8A41B8048F7F7EDF87AE000
:10AA400000206882A86A10F1010F0FD0A86A1E309A
:10AA50003C21B0FBF1F0B0F5803F01D34FF6FF7021
:10AA6000A882A88A002801D10120A882E86A10F1F2
:10AA7000010F11D0E86A1E303C21B0FBF1F0B0F5B7
:10AA8000803F01D34FF6FF7068816889002801D1AB
:10AA9000012068816889E881286B10F1010F11D0CD
:10AAA000286B1E303C21B0FBF1F0B0F5803F01D3A4
:10AAB0004FF6FF70A881A889002801D10120A88144
:10AAC000A88928826889A989884204D3A88900288E
:10AAD00001D000206881E879002802D0286A01901E
:10AAE00011E0287F0100C9B2802902DAFF2001901D
:10AAF00009E0C0B2C02803DB7FF07F40019002E094
:10AB00004FF6FF700190686A00900098002807D106
:10AB1000E969019801400091009850F08070009020
:10AB20000A21280000F010FA6B4601AA15F11C0159
:10AB30002000FCF7DDFB37BD2DE9FC4105006E6A06
:10AB40000521300000F000FA01AB0322310028009B
:10AB500000F046FD0400002C48D06768022339222B
:10AB600017F1F001BDF8040000F0F9F9ADF80400A8
:10AB70002A8D17F1F001BDF8040000F02AFAADF8B3
:10AB800004000323372217F1F001BDF8040000F0A0
:10AB9000E6F9ADF804005FF000080DE0B348414667
:10ABA000C9B2425C17F1F001BDF8040000F0F8F9F9
:10ABB000ADF8040018F101084046C0B20328EDD3F7
:10ABC000220017F1F001BDF8040000F0D5FD00955A
:10ABD000432316F118022100DFF83C0B0068FDF753
:10ABE00016FD05002000F7F77EFA01E05FF0FF3563
:10ABF000B079FF2802D0B079401CB071B0790A2832
:10AC000005DAB0794FF4FA6110FB01F001E044F687
:10AC1000206080B200F2F3104FF4FA7190FBF1F073
:10AC20003081280040B2BDE8F68100005785002041
:10AC3000B484002084E10008F0F50008C8F500089D
:10AC4000E01401082DE9FC4105006E6A0421300082
:10AC500000F07AF901AB03223100280000F0C0FCBB
:10AC60000400002C47D067680223392217F1F00155
:10AC7000BDF8040000F073F9ADF804002A8D17F157
:10AC8000F001BDF8040000F0A4F9ADF804000323BE
:10AC9000372217F1F001BDF8040000F060F9ADF8BB
:10ACA00004005FF000080DE070484146C9B2425C04
:10ACB00017F1F001BDF8040000F072F9ADF80400DE
:10ACC00018F101084046C0B20328EDD3220017F165
:10ACD000F001BDF8040000F04FFD00954323974AB2
:10ACE0002100DFF8340A0068FDF791FC0500200020
:10ACF000F7F7F9F901E05FF0FF35B079FF2802D0EE
:10AD0000B079401CB071B0790A2805DAB0794FF4F7
:10AD10007A7110FB01F001E042F2107080B200F293
:10AD2000F3104FF4FA7190FBF1F03081280040B23B
:10AD3000BDE8F681CDB400083CFD00089C840020ED
:10AD4000240701082DE9FC4105006E6A032130004B
:10AD500000F0FAF801AB03223100280000F040FCBB
:10AD60000400002C5ED067680223392217F1F0013D
:10AD7000BDF8040000F0F3F8ADF804004FF41072D1
:10AD800017F1F001BDF8040000F023F9ADF804005C
:10AD90000423322217F1F001BDF8040000F0DFF8BF
:10ADA000ADF80400F069F7F7B4FC020017F1F00108
:10ADB000BDF8040000F02EF9ADF80400032337229B
:10ADC00017F1F001BDF8040000F0C9F8ADF8040077
:10ADD0005FF000080DE025484146C9B2425C17F11A
:10ADE000F001BDF8040000F0DBF8ADF8040018F144
:10ADF00001084046C0B20328EDD3220017F1F0014C
:10AE0000BDF8040000F0B8FC009543234B4A210034
:10AE1000DFF804090068FDF7FAFB05002000F7F7EA
:10AE200062F901E05FF0FF35B079FF2802D0B07918
:10AE3000401CB071B0790A2805DAB0794FF47A7104
:10AE400010FB01F001E042F2107080B200F2F3104A
:10AE50004FF4FA7190FBF1F03081280040B2BDE868
:10AE6000F68100003084002040070108880000209F
:10AE7000FEB50600746A002C5FD0607900285CD0B3
:10AE8000A06902900020A0610020E0610020206203
:10AE90000020606200202063E062A0620020A082A7
:10AEA00060822082E081300000F085FC002832D0F2
:10AEB00001AB07222100300000F092FB0500002DBD
:10AEC00029D06F680423362217F1F001BDF8040081
:10AED00000F045F8ADF804000298F7F71AFC0200FC
:10AEE00017F1F001BDF8040000F094F8ADF804008B
:10AEF0002A0017F1F001BDF8040000F03DFC0096B7
:10AF0000432302AA2900DFF810080068FDF77FFB41
:10AF10002800F7F7E8F8DFF804180B000A00300003
:10AF2000FCF7E6F90021200000F00EF82079002857
:10AF300003D0FFF7B9F900202071F7BDE414010830
:10AF400080B5FFF795FF01BD0A004379D2B29A425E
:10AF500004D0417100218171002101817047F8B551
:10AF600004000D0016001F003800C0B210FA84F073
:10AF7000801C452809D3DFF8A83740F29A52DFF841
:10AF8000A417DFF8A407F6F747FE200080B22E547E
:10AF9000641C200080B22F54641C200080B2F2BDDB
:10AFA00070B504000D001600200080B2442809D3BB
:10AFB000DFF86C3740F2A652DFF87017DFF8680749
:10AFC000F6F72AFE200080B22E54641C200080B2C6
:10AFD00070BD70B504000D001600200080B2801C0A
:10AFE000452809D3DFF8383740F2AE52DFF8401772
:10AFF000DFF83407F6F710FE300080B2000A2100B7
:10B0000089B26854641C200080B22E54641C200055
:10B0100080B270BD70B504000D001600200080B233
:10B02000001D452809D3DFF8F83640F2B752DFF8A3
:10B030000417DFF8F406F6F7EFFD3000000E2100EC
:10B0400089B26854641C3000000C210089B2685435
:10B05000641C3000000A210089B26854641C20007E
:10B0600080B22E54641C200080B270BD000000002D
:10B07000F4840020B411010860FD0008DC0F010811
:10B080002DE9F14F86B000200390002002900821A6
:10B090000022DFF8A4462000FBF7ECFF0698408969
:10B0A0002C2802D27FF001000DE206984068F025BE
:10B0B0000698018903E0002003906C25EC21069C92
:10B0C00004E060892D1A6089091A2468002C04D0D4
:10B0D0002800628980B29042F3D2002C02D17FF026
:10B0E0000100F0E1A946ADF800106068049001E0AD
:10B0F00060680490002C00F0C1814846BDF8001043
:10B1000080B2884280F0BA810498494689B2405C96
:10B11000FF2800F0B3810498494689B2415C0020C1
:10B120005FF0FF3719F1020840464A4680B292B2FA
:10B13000904202D27FF00100C5E1484680B2401C37
:10B140006289904205DA04984A4692B210444078E7
:10B1500007E02068002803D020684068007800E0FD
:10B16000002006000A00D2B2002A12D0012A13D011
:10B17000032A24D0332A38D0342A49D0352A6BD038
:10B18000362A7CD03A2A00F08D803B2A00F09D8040
:10B19000AEE000200600ACE00200D2B2042A0CD0DF
:10B1A000DFF87C3540F22E62DFF89015DFF8780585
:10B1B000F6F732FD7FF0050085E1062799E00426C9
:10B1C00002003300D2B2DBB29A420CD2DFF8503523
:10B1D00040F23362DFF86815DFF84C05F6F71CFD26
:10B1E0007FF005006FE1072783E00200D2B2042A56
:10B1F0000CD0DFF82C3540F24162DFF84015DFF863
:10B200002805F6F709FD7FF005005CE1032770E0F3
:10B210000200D2B2012A0CD0DFF8043540F24F62AE
:10B22000DFF82015DFF80005F6F7F6FC7FF00500E3
:10B2300049E12A0092B2F02A0CD0DFF8E43440F25F
:10B240005162DFF80415DFF8E004F6F7E5FC7FF063
:10B25000050038E100274CE00200D2B2012A0CD0F0
:10B26000DFF8BC3440F25562DFF8D814DFF8B804D8
:10B27000F6F7D2FC7FF0050025E1012739E0020056
:10B28000D2B2042A0CD0DFF8983440F25962DFF8C9
:10B29000AC14DFF89404F6F7BFFC7FF0050012E170
:10B2A000022726E00200D2B2042A0CD0DFF8703464
:10B2B00040F25D62DFF88414DFF86C04F6F7ACFC52
:10B2C0007FF00500FFE0042713E00200D2B2042A59
:10B2D0000CD0DFF84C3440F26162DFF86014DFF824
:10B2E0004804F6F799FC7FF00500ECE0052700E044
:10B2F0000026C9B2002902D119F1010998E0010024
:10B30000C9B211FA89F1891CB1F5803F02DB7FF0E7
:10B310000100D8E0C0B2801C10EB09093000C0B2B7
:10B32000002800F085800020019021E03000C0B2AC
:10B33000052859DB3000C0B2042190FBF1F201FB7B
:10B340001200002840D101200AF807000198F7F701
:10B35000E0F9DFF8F81341F82700361F18F1040070
:10B36000010089B21FFA88F841453AD380467F1C14
:10B37000381E082809D3DFF8A8334FF4CF62DFF86E
:10B38000D013DFF8A403F6F747FCDFF8ACA31AF8F4
:10B39000070000284CD13000C0B2042803DAB346BD
:10B3A0005FFA8BFB01E05FF0040B43469BB25A4609
:10B3B00092B201A92000F7F703F81FFA8BFB58455A
:10B3C000B4D07FF001007EE0DFF8543340F28162B8
:10B3D000DFF88013DFF85003F6F71EFC7FF005005E
:10B3E00071E07FF001006EE03000C0B2042804D1AB
:10B3F0000198F7F78EF9019012E0F6B2012E0CD009
:10B40000DFF81C334FF4D262DFF84C13DFF8180377
:10B41000F6F702FC7FF0050055E09DF8040001906E
:10B4200001200AF807000198DFF8201341F82700EF
:10B430004846618980B28842FFF45CAE6089B9EB0E
:10B440000009BDF800106089091AADF800104846DF
:10B45000BDF8001080B288420DD22468002C7FF421
:10B4600047AEAF4B40F29D62BC49AF48F6F7D4FB04
:10B470007FF0050027E07FF0010024E0AE49087866
:10B48000002813D0B148006800220A70012802D1B8
:10B49000012003900AE0022802D10120029005E079
:10B4A000032803D101200290012003900398002873
:10B4B0007FF401AE0298002804D0002002902C25D1
:10B4C0006C21FCE5002007B0BDE8F08F70B51500D9
:10B4D000A3484668746A6968002C02D02079002865
:10B4E00000D174E068892C2871DB087802286ED1BD
:10B4F000002000E0401C020096F83030D2B29A42A0
:10B500000FD20200D2B2062A0BD20200D2B23244CB
:10B5100092F82A200300DBB20B441B7F9A42E9D049
:10B5200055E04868F7F7F5F8216888424FD12100C7
:10B530002800FFF7A5FD002849D17F484078002862
:10B5400045D06968814840680200D2B2052A21D1FD
:10B55000607901280ED13000FFF7A0F896F831008D
:10B56000000703D53000FEF7CDFE30E03000FFF7D6
:10B570004EFA2CE06079032805D06079042802D0C7
:10B580006079052823D13000FFF788F83000FFF7F5
:10B590003EFA1CE00200D2B2062A0FD16279032AD9
:10B5A00008D06279012A05D06279042A02D0627932
:10B5B000052A03D13000FEF794FE08E0C0B202284D
:10B5C00005D16079062802D13000FEF7B9FE2800C7
:10B5D000F6F789FD70BD00005C070108440C010806
:10B5E0002DE9F04706000F0090461C00002E08D100
:10B5F0004B4B40F269725B494B48F6F70DFB00205C
:10B6000088E0002F08D1464B40F26A7256494648FE
:10B61000F6F702FB00207DE04FF420724FF49A71A0
:10B620003620F6F736FB0500002D01D1002071E031
:10B630006889B0F59A7F06D2394B40F272724B4955
:10B640003948F6F7E9FA4046C0B2032802D17879C2
:10B65000032809D1B879002803D1FBF7B9FC444984
:10B660000860434800683860D5F804904FF49A7138
:10B670000022CA465046FBF7FDFC012089F8000075
:10B68000012089F8010096F8300089F80200386836
:10B69000F7F73FF8C9F804004046C0B2082811D0B7
:10B6A0004046C0B204280DD04046C0B2072809D099
:10B6B0004046C0B2032808D17879052802D07879AD
:10B6C000042802D17068C9F80C00002009E00100CC
:10B6D00089B2314491F82A10020092B24A4411779B
:10B6E000401C010089B20629F1D32248C9F8EC00B8
:10B6F0000123352219F1F0010020FFF730FC42460A
:10B70000D2B219F1F00180B2FFF74AFC002C00D050
:10B7100020802800BDE8F087B4840020E0140108F0
:10B7200084E1000880E80008C8F5000878EB00080C
:10B730004CEA000888EA00089C8400208413010871
:10B74000F00F0108901301085C0C01083084002000
:10B7500004100108740C0108181001082C100108CD
:10B7600050840020D0010108F00101084CE90008D4
:10B77000B88400206382536310B5FF230400A4B291
:10B780000B55401C04E000230400A4B20B55401CE0
:10B7900003009BB2442B03D3030013F0030F03D029
:10B7A00003009BB2442BEED3F030010089B21000AD
:10B7B000F6F7ABFB10BD002811D0416A00290ED06E
:10B7C000406A41790A2905D04179052902D040799A
:10B7D000042801D1012000E00020C0B200E00020D8
:10B7E000704700007CB50400002C01D1012054E01A
:10B7F000D4F88400002805D12320C4F88400200058
:10B80000FBF792FF00200090DFF86C05016851F40F
:10B8100080410160006810F4804000900098DFF8DB
:10B820005C15086830F4000008600A68A0680243EC
:10B830000A6008684FF480552068405950F00100B4
:10B840002168485100F0F2FE060020684059C00708
:10B850000ED500F0EBFE801B40F2F5118842F4D3C8
:10B860000420C4F88800E020C4F88400012014E01B
:10B87000200000F071FB200000F0FCFB200000F035
:10B880002BFC62680021200000F0D4FB0020C4F8EB
:10B8900088001020C4F88400002076BD38B504006C
:10B8A000D4F88400102837D12320C4F88400042061
:10B8B000E066200000F028F92068006850F00800D9
:10B8C0002168086020680568012001F0C9F9206836
:10B8D00005602068006850F0040021680860206856
:10B8E0000568012001F0BCF920680560200000F027
:10B8F00047FA41F218002168095851F400512268B2
:10B9000011502168095851F002012268115023207A
:10B91000C4F88400002000E0012032BDF8B5050025
:10B920001400002907D1D5F8880050F00100C5F8AF
:10B930008800012058E0D5F88400232853D1002244
:10B94000280000F009FC002807D0D5F8880050F046
:10B950000200C5F88800012046E0BFF34F8FA86AB7
:10B9600005EB80008669A86A401CA862A86A0428C2
:10B9700002D3A86A001FA862A86A05EB800080694C
:10B98000296841F20402885000F050FE0700306838
:10B99000002826D541F214002968095889040BD5DE
:10B9A000D5F8881051F00801C5F8881029680858A2
:10B9B000C5F88C00012017E014F1010FE7D000F06A
:10B9C00035FEC01B844201D3002CE0D1D5F888009D
:10B9D00050F00400C5F888005FF04050306001204E
:10B9E00002E0002000E00120F2BD2DE9F84F050043
:10B9F0000C0000265FF0000B002C07D1D5F8880062
:10BA000050F00100C5F8880001207BE0D5F88400E3
:10BA1000232801D0012075E0EF6D05EB8700D0F8F9
:10BA20004880D5F86C90D9F104094BE0D8F80000B3
:10BA3000C00505D5D8F81800A867D8F81C006867B5
:10BA4000D8F80000800502D4E86F002831D0D8F87B
:10BA50000000800503D50020286600206866D5F820
:10BA600014A0D8F80000C0050AD5D8F80000C0F32B
:10BA70000D4ABAF1040AD8F8000028675FF0010BFC
:10BA8000D8F80800C8F8200053469BB2D8F8202008
:10BA900015F1800115F17C00FBF790FF286E401C2A
:10BAA0002866686E1AEB000AC5F864A00020C8F882
:10BAB00020007F1C042F00D33F1F05EB8700D0F828
:10BAC0004880761CD8F80000002805D44E4503D2E3
:10BAD0005846C0B20028A9D0E86E3618EE66E86E67
:10BAE000002802D0280000F00FF8EF655FFA8BFB0A
:10BAF000BBF1010F05D1E86F20600020E86700204E
:10BB000000E00120BDE8F28F2DE9FC410500002096
:10BB100000900126AF6E05EB8700D0F84880EC6EF0
:10BB200014E044F2F850C8F80400BFF35F8FD8F86F
:10BB3000000050F00040C8F800007F1C042F00D324
:10BB40003F1F05EB8700D0F84880641E002C21D0F1
:10BB50003000C0B200281DD0D8F8200000280DD138
:10BB60006846FBF7DCFE0098002801D1002605E0BE
:10BB70000098C8F820000098C8F808003000C0B24B
:10BB80000028E3D0A86D0028CBD1DFF8D404C8F892
:10BB90000400CAE7E86EA04206D00020296841F2FE
:10BBA00008028850AF66EC66BDE8F381F8B5040082
:10BBB0000E001D002068006910F01C00F60216F44B
:10BBC00078460643920112F4F862164336F00206F4
:10BBD00056F001062068066100F028FD070001E02C
:10BBE00020680669F00707D500F020FDC01BB0F5FE
:10BBF000803FF5D3012004E02068406980B22860CE
:10BC00000020F2BD70B504000D002068006910F03E
:10BC10001C00ED0215F478450543920112F4F86218
:10BC2000154355F0020555F001059BB220684361AC
:10BC30002068056100F0FAFC060001E02068056953
:10BC4000E80707D500F0F2FC801BB0F5803FF5D384
:10BC5000012000E0002070BD002901D101207BE01F
:10BC600002681268120912F0010281F828200268A5
:10BC7000126812F060024A6202681268520A12F0F8
:10BC8000010292F0010281F8202002681268120C71
:10BC900012F00102CA7702681268520B12F0010218
:10BCA00092F001028A7702681268120B12F0010208
:10BCB0000A770268126812F400628A6102681268E8
:10BCC00012F480424A6102681268920D12F0010279
:10BCD00092F001024A7402681268D20D12F0010259
:10BCE00092F001020A7402681268D20912F001028D
:10BCF000CA730268126812F460228A6002681268CD
:10BD0000920A12F001020A7102689269520812F056
:10BD1000010281F8542002689269D20912F00102EE
:10BD200092F0010281F84C200268926912F0300210
:10BD30000A6502689269120C8A6402689269920824
:10BD400012F0010281F8562000688069C00810F0E6
:10BD5000010081F855000020704780B5002901D10D
:10BD6000012008E0D0F88420102A03D100F01EF84A
:10BD7000002000E0012002BD4438024004380140A8
:10BD800038B504000020009041F2180520684059A1
:10BD900050F48010216848512068405900900120DB
:10BDA00000F05EFF00982168485131BDF8B50400ED
:10BDB0000D0020680168AB480140287C002801D1B3
:10BDC000012300E00023687C002801D1012200E06B
:10BDD0000022A87F002801D1012600E0002695F866
:10BDE0002000002801D1012700E00027920552EA37
:10BDF000C352A8680243E87F52EA004268690243DE
:10BE000052EA4632287F52EA0032A8690243287972
:10BE100052EA802252EA4722E87B52EAC012686A5C
:10BE2000024395F8280052EA00121143206801608D
:10BE300020680668012000F013FF20680660206873
:10BE400081694FF64170014095F84C00002801D1FE
:10BE5000012200E0002295F85500012801D10123BC
:10BE600000E0002395F85600012801D1012600E0EA
:10BE7000002695F85400012801D1012700E0002791
:10BE8000A86CD20152EA0042286D024352EAC30272
:10BE900052EA860252EA4702114320688161206813
:10BEA0008569012000F0DCFE20688561F1BDF8B5F0
:10BEB00004000D0041F21806206881596A480140CB
:10BEC000287B002801D1012200E00022687F0028A1
:10BED00001D1012000E000206B7B5B0653EA826306
:10BEE00053EA0053A87B53EA405368690343287F11
:10BEF00053EAC013A87F53EA8013286A034395F8D6
:10BF0000240053EA8003194320688151206887592F
:10BF1000012000F0A5FE206887514FF48056287953
:10BF2000A96851EA4061A86901432869014395F86D
:10BF3000250051EAC011A86A51EA8001286801432E
:10BF400051F400012068815120688559012000F0DA
:10BF500087FE20688551F1BD10B5A4B00400012012
:10BF60008DF83C0001208DF83D0000200D90002050
:10BF70008DF84B0001208DF84A0000208DF8480014
:10BF800001208DF8300000208DF84C0000208DF845
:10BF90003B000020149000208DF8540000201D90DC
:10BFA00000208DF8780000201F9000208DF882007E
:10BFB00000208DF880004FF4804010904FF4006016
:10BFC000119000208DF881000BA92000FFF7EEFEF4
:10BFD00001208DF80C0001208DF80D0001208DF856
:10BFE0001D0001208DF80E000020059000208DF826
:10BFF0001C0000208DF81E000020089001208DF804
:10C00000240001208DF804005FF4803002905FF47A
:10C01000800006904FF40050049001208DF8250018
:10C0200000200A900020009069462000FFF73FFFA3
:10C0300024B010BD5379107950EA03200B4B5B18E4
:10C040001860D07893781B0453EA0063507853EA61
:10C05000002310780343064841180B607047000026
:10C06000F84500800F8120FF233FDEF8408002402A
:10C070004480024010B4002123E0C368D3601BE079
:10C080002823C26803FB01F4224400241460002426
:10C090005460002494600024D46000EB8104A26109
:10C0A000146854F4801414600329E6D2C46803FBB6
:10C0B00001F323442833D360136853F4400313601F
:10C0C000491C0429DCD300218162C168006841F267
:10C0D0001002815010BC704710B4002129E00269A1
:10C0E000DA6025E02822036902FB01F423440024DE
:10C0F0001C6000245C6000249C600024DC60002440
:10C100001C6200245C625FF000441C6044F2F8543E
:10C110005C605C6824F000445C6000EB8104A36414
:10C120000329DCD2046902FB01F222442832DA60DE
:10C13000491C0429D6D30021C165002101660021D4
:10C1400081660021C166002181650169006841F2B4
:10C150000C02815010BC70472DE9F04110F118031A
:10C160001C69D3F810C05FF0000E53F824508E689D
:10C1700000272868002804D403EB840040690028C5
:10C1800001D00220A1E01EF1010E3068A860D5F8B0
:10C1900004805FEA58385FEA4838706850EA080857
:10C1A000C5F804800878C00708D5D5F8008038F4B1
:10C1B0004008486950EA0808C5F8008008788006F9
:10C1C00008D5D5F8008038F04068086950EA0808BA
:10C1D000C5F800800878400703D5286850F0800033
:10C1E0002860286850F080502860BFF35F8F28686F
:10C1F00050F00040286011E01EF1010EB668306872
:10C20000A8606968490B49037068014369607F1C35
:10C21000BFF35F8F286850F000402860B0680028A6
:10C2200038D0286830F000502860002A04D02868F0
:10C2300050F08040286003E0286830F0804028609B
:10C24000641C042C00D3241F53F82450286830F0B9
:10C25000805028602868002804D403EB84004069DB
:10C260000028C9D053F82C1000200FE0BFF35F8FD7
:10C270000A6822F000420A601CF1010CBCF1040FB4
:10C2800001D3BCF1040C53F82C10401C7045EDD3C5
:10C2900002201AE0002A04D0286850F0804028606C
:10C2A00003E0286830F080402860286850F0005093
:10C2B0002860586A03EB840148611C6172B6986A71
:10C2C0007F1C3F189F6262B60020BDE8F08100002D
:10C2D00080B502000B0092B20021BE48FFF766FC59
:10C2E000002802D05FF0FF3000E0002002BD80B5E2
:10C2F00002000B009BB292B20021B648FFF782FC0D
:10C30000002802D05FF0FF3000E0002002BD80B5C1
:10C310000020009069460020FFF7DAFF009850F4F3
:10C3200080500090009989B20020FFF7E0FF01BD26
:10C3300080B50020009069460120FFF7C9FF6946DB
:10C340000120FFF7C5FF0098400701D4012039E024
:10C3500069460020FFF7BCFF0098C00413D4009882
:10C3600010F40450B0F5045F01D102202AE00098D7
:10C37000800401D5032025E00098C00501D50420E4
:10C3800020E005201EE069461F20FFF7A1FF00986E
:10C39000C00401D4062015E0009810F01C001828F5
:10C3A00001D102200EE0009810F01C00082801D1F5
:10C3B000032007E0009810F01C00142801D104208D
:10C3C00000E0052002BD80B5FBF7A9F941F2140099
:10C3D00080495FF480320B681A50402209680A5085
:10C3E00001BD70B586B004000020002000207A4D09
:10C3F0002878012805D002280CD0052800F0848078
:10C4000088E0022028702000FEF789F97348F5F7CC
:10C4100003FC7FE029787248F5F7FEFB2000FFF768
:10C42000CAF900284ED00320287066686D4D0020A0
:10C43000E8700020A8700020687002202870E8785A
:10C440000090AB786A7829786748F5F7E5FB30000B
:10C45000000E68723000000C28723000000AE8718B
:10C46000AE71687A00902B7AEA79A9795F48F5F77E
:10C47000D3FBA0680100090E69730100090C297340
:10C480000100090AE972A872687B00902B7BEA7AA6
:10C49000A97A5748F5F7C0FBE0680100090E6974F6
:10C4A0000100090C29740100090AE973A873687C6A
:10C4B00000902B7CEA7BA97B4E48F5F7ADFB00F0A2
:10C4C000E3FB20E0606A807905281CDB04202870EB
:10C4D0002000FEF735FD484860607FF07F40A06097
:10C4E0004648E060201DF6F7B9F8020038A101A81F
:10C4F00000F0DCFD4248F5F78FFB01A94148F5F754
:10C500008BFB00F0C1FB05E02000FEF719FD0020C9
:10C510002870FFE706B070BD38B5040000F086F85B
:10C52000394D2968401AB0F5FA7F05D300F07EF83E
:10C5300028602000FFF755FF31BD38B5040000F03A
:10C5400075F8324D2968401A642805D300F06EF85A
:10C5500028602000FBF77FF931BD10B586B000F0F0
:10C56000C5FD002005900020049000200390284C79
:10C5700028480290284801900020009003AB04AAAC
:10C5800005A92000FAF7ABFD2000FAF7E6FE20002F
:10C5900000F008F80FF20D012000FAF775FF06B061
:10C5A00010BD000080B590F83100400709D51B4848
:10C5B000F5F732FB0120084908701548FEF7AFF87F
:10C5C00005E00520044908701548F5F725FB01BD75
:10C5D00025730000D87E00205685002078F50008DD
:10C5E0009411010868840020D0FC0008B001010803
:10C5F000F4FC000818FD0008C0A80134C0A801011F
:10C60000C80F01082C0C0108AC840020B084002065
:10C61000F883002035CB0008CB760008A411010870
:10C62000A0F50008002200F083BD0000014800686A
:10C63000704700BFFC840020F8B4002200220022D2
:10C64000002337E0082704E0DFF8E8219042F9D121
:10C650000727FFB213F00302D2B2920097403E4385
:10C660001A00920845F82260DFF8CC512A68A243EC
:10C670004E68F60200D522432A60DFF8C0512A68CE
:10C68000A2434E68B60200D522432A60DFF8B051BB
:10C690002A68A2434E68B60300D522432A60DFF819
:10C6A000A4512A68A2434E68F60301D51443220020
:10C6B0002A605B1C102B80F0A880012515FA03F27C
:10C6C0000C6814409442F4D10A7912F00302012A52
:10C6D00004D00A7912F00302022A16D186680327D1
:10C6E0001A00D2B252009740BE43CF681A00D2B2AD
:10C6F000520097403E43866042689D40AA434D6881
:10C70000C5F300159D402A4342600A7912F00302E6
:10C71000032A0DD0C56803261A00D2B252009640F3
:10C72000B5438E681A00D2B2520096403543C560B8
:10C730000A7912F00302022A17D11A00D20800EB7C
:10C740008202156A0F2613F00702D2B292009640B9
:10C75000B5430E6913F00702D2B2920096403543FA
:10C760001A00D20800EB82021562056803261A003F
:10C77000D2B252009640B5430E7916F003061A0065
:10C78000D2B252009640354305604A6812F4403FE9
:10C790008FD0002200922C4A156855F48045156010
:10C7A000126812F480420092009A284D1A009208F2
:10C7B00055F822600F2713F00302D2B2920097407F
:10C7C000BE43234A904201D1002742E7214A9042CA
:10C7D00001D101273DE7204A904201D1022738E7E5
:10C7E0001E4A904201D1032733E71D4A904201D1EE
:10C7F00004272EE71B4A904201D1052729E71A4A50
:10C8000090427FF421AF062723E7F1BC704700690F
:10C8100089B2084201D0012000E00020C0B2704778
:10C82000D2B2002A02D089B2816102E089B2090441
:10C8300081617047001C0240083C01400C3C0140F3
:10C84000043C0140003C01404438024008380140AB
:10C85000000002400004024000080240000C0240B8
:10C8600000100240001402400018024010F00700BF
:10C87000484B1A684FF6FF010A40474951EA002128
:10C880000A431A60704743480068C0F302207047AB
:10C89000010049B2002908D4012210F01F018A408A
:10C8A0003E4940B2400941F820207047020052B290
:10C8B000002A04D409013A4A40B2115407E00901A0
:10C8C000384A40B210F00F00104400F8041C7047C2
:10C8D00010B410F00700D0F10703052B01D3042397
:10C8E00001E0D0F10703041D072C01D2002000E075
:10C8F000C01E012414FA03F35B1E1940814014FA90
:10C9000000F0401E1040084310BC704780B5411E27
:10C91000B1F1807F01D301200EE0401E2249086062
:10C920000F215FF0FF30FFF7C1FF00201F490860B3
:10C9300007201F490860002002BD80B5FFF796FF61
:10C9400001BD70B504000D0016000020FFF79BFF2D
:10C9500032002900FFF7BCFF0100200040B2FFF7C2
:10C96000A5FF70BD80B540B2FFF792FF01BD80B555
:10C97000FFF7CCFF02BD042805D10D48016851F036
:10C980000401016004E00A48016831F0040101601B
:10C99000704700000CED00E00000FA0500E100E047
:10C9A00000E400E018ED00E014E000E018E000E032
:10C9B00010E000E080B500F001F801BD70470120F3
:10C9C00000F0D0BB70470000841A71EB030604D25C
:10C9D0006E40001BB141121973414FF4001C1CEB57
:10C9E000410F34BF7CEB430683E00C0DA4EB1356E0
:10C9F000362E00F37C80012E45EAC32341DC43EA56
:10CA0000525312BFD20292025B08240545EAC121AB
:10CA100041EA5051D2EBC020994125D407D1B0FA58
:10CA200080F610FA06F162D00020203608E0B1FA54
:10CA300081F6B140C6F1200220FA02F21143B04063
:10CA40004FEAF474B4EB465434F001064FEA740430
:10CA50000AD8D6F50016760D04F00044F04061FACD
:10CA600006F25040F1404840C00A40EA415021F0EF
:10CA7000004128BF5FEA500550F1000044EBD1218E
:10CA800035E0DB0A45EAC121C90AB6F120050EDD11
:10CA900042EA0242120CC5F1200603FA06F6EB4008
:10CAA00042EA06056D42984161F100010DE062FA2B
:10CAB00006F5F240554063FA06FC82EA0C02F340A8
:10CAC0005A406D42904161EB030111F4801F05D182
:10CAD000641E620502D06D004041494121F480117D
:10CAE000430875F1004350F1000041EB045170BC64
:10CAF00070471CEB410F15D223F0004352EA430666
:10CB00000BD04FEA4C0CBCEB410F04D80C0D661E49
:10CB1000342EB7DDEBE7801A994150EA410608BF91
:10CB20000021E4E708BF1CEB430F28BF6FF00001B2
:10CB3000DDE70000F8B504000E000E2560890F281F
:10CB400004DA2000F5F7CFFA0020F2BDE07B0028E0
:10CB500003D196F83400401CE07363689F8918780D
:10CB6000C00718D5187801280AD15878002812D1A2
:10CB700098785E280FD1607B50F0100060730AE057
:10CB800006223349180000F0F3FA002803D1607B35
:10CB900050F008006073BFB2082F03D0B7F5C16F23
:10CBA00011D020E096F831000007CAD5ADB22900B7
:10CBB0002000F5F74BFA0028C3D131002000F8F728
:10CBC00094FD0020C1E796F831000007B9D5ADB259
:10CBD00029002000F5F73AFA0028B2D131002000F0
:10CBE000FCF7FAFFEDE7ACE72DE9F84304000D0090
:10CBF00016009846089880B2F5F783FD81460E210D
:10CC00002800F5F71EFA002802D07FF001001DE091
:10CC10006F68A7F80C900622B94641464846FAF7D5
:10CC200083F90622BF1D31003800FAF77DF994F828
:10CC30003000062806D0074B40F233120649074859
:10CC4000F4F7EAFF29002000A2699047BDE8F283CB
:10CC5000B0140108F4E1000814EE000868F60008BA
:10CC600038B50400FFF7E2FC050014F1010F02D013
:10CC7000044800782418FFF7D9FC401BA042FAD3DF
:10CC800031BD00BFA0000020F8B50025B14EB2496B
:10CC9000300000F00FFBF6F7A5FD0400002C31D0AA
:10CCA000AE48F4F7B9FF0020AD49087040F2D24712
:10CCB00038000200AB492000F5F76DFF40B20028B4
:10CCC0001ED1A948F4F7A8FFFF212000F5F7E5FFE2
:10CCD0000FF2F101F6F7CBFDA448F4F79DFFA4484D
:10CCE000417A0091037AC2798179A248F4F794FFDE
:10CCF0003900A148F4F790FFA048F4F78DFF2FE02A
:10CD000001252DE001252BE09D4F3800FAF7C8FCE6
:10CD1000F8F755FC300000F0D7FA0021300000F0A1
:10CD20001DFB002809D09748F4F776FF200000F09B
:10CD30001CF80121300000F011FB8948017801291D
:10CD400008D1002101700021200000F08EF98E48EA
:10CD5000F4F762FF3800FFF7F0FB3800FFF7DCFB69
:10CD60002800C0B20028CFD0F1BD70B505002C69F5
:10CD7000002C20D0854E3068FBF7F0FF01004FF407
:10CD8000C17289B23620F4F784FFA0603068FBF7E7
:10CD9000E5FF020092B23168A068F5F76BFB210055
:10CDA000280000F022F9A068002802D0A068F5F75A
:10CDB0009AF9002004E02800F5F7E8FE7FF00C0067
:10CDC00040B270BD1CB50C0001212000F6F7B6FB87
:10CDD0000C20F9F7BCFF01006D48016000292FD03D
:10CDE000012008704C6000204870002088602000FE
:10CDF000F6F7FDFC0FF259012000F6F7FCFC0FF2EC
:10CE0000B1112000F6F71FFD01220FF2B111200031
:10CE1000F6F734FD5F48616801706168090A417086
:10CE20006168090C81706168090EC170C178009158
:10CE30008378427801785848F4F7EEFE002004E049
:10CE4000200000F012F95FF0FF3040B216BD000084
:10CE50002DE9F84305000E00140098460027002D28
:10CE600005D14E4BED224E494E48F4F7D5FE002C2D
:10CE70000BD103202870A868002803D129003000B6
:10CE800000F0F3F85FF000085FE0404640B2002891
:10CE900007D0002C04D00020A8602000F5F723F96B
:10CEA00053E02878012836D1002C31D064210022AB
:10CEB000DFF8F48045462800FAF7DCF8250000E0AA
:10CEC0002D68002D1CD0D7F164006989884208D2F2
:10CED000D7F16402696808EB07094846FAF724F8B5
:10CEE00006E06A89696808EB07094846FAF71CF802
:10CEF00041462E48F4F790FE68893F18652FDFD32E
:10CF000021893000F5F77BFF2000F5F7ECF80020D1
:10CF10005FF0000819E0287803280BD12189300040
:10CF2000F5F76DFF0020A8602000F5F7DCF85FF052
:10CF300000080AE021893000F5F761FF0020A860B1
:10CF40002000F5F7D0F85FF00008404640B2BDE899
:10CF5000F2830000A484002095D20008B4120108D6
:10CF60005F850020E0140108C4120108D4120108F2
:10CF700068840020500A010830110108C8EC00083C
:10CF8000F88300203C0E0108E412010898000020FC
:10CF9000148500201885002010040108DCE7000833
:10CFA00080140108D8F9000874820020540E01088A
:10CFB00080B5002801D0F9F7B8FD01BD80B50A00A1
:10CFC00000280BD08168002906D10178032903D1FC
:10CFD0000100100000F049F8002004E01000F5F70F
:10CFE000D5FD7FF00C0040B202BD2DE9F0410400F8
:10CFF0000D00002714E0B6F80A803068A860A86821
:10D00000002802D0A868F5F7E4F83000F5F76BF8CF
:10D01000C0B20028F9D0414689B22000F5F7EFFEF2
:10D020007FB2002F1FD1A86800281CD0B4F864007C
:10D03000A9684989884216D3AE680123728971684C
:10D040002000F6F726FF0700380040B20028D2D0B3
:10D0500038005FF0FF3140B28842E1D1AE6020007D
:10D06000F7F748FCDCE7BDE8F08138B505000C00B7
:10D0700000212800F6F7BBFB00212800F6F7CFFBC4
:10D0800000212800F6F7B7FB00212800F6F7DBFBAC
:10D09000002200212800F6F7F1FB002C02D020002E
:10D0A000F9F743FD2800F5F7CFFC31BD0CB430B5DE
:10D0B00083B00A4606A90291044600250194009512
:10D0C00002AB01A9084878441E30F8F7ABFC019A7E
:10D0D000157000284EBF04460198041B204603B07B
:10D0E00030BC5DF80CFB00BFCB6AFFFF80B50020B1
:10D0F000009068466946884206D00A4B40F25112B9
:10D1000009490A48F4F788FDF9F7C0FCF9F799FBDB
:10D11000F9F7E4FFFBF720F9F5F726FBF8F729FA12
:10D1200001BD00BF24E4000808E90008E0F600089B
:10D1300000B500BF130096469446103928BFA0E8FA
:10D140000C50FAD85FEA417C28BF0CC048BF40F8B9
:10D15000042BC90728BF20F8022B48BF00F8012B79
:10D1600000BD00002021090326311820ABBEF9E7DD
:10D170000300002013F0030F09D0521E22BF13F842
:10D18000010B11F801CBB0EB0C00F3D0704711F09C
:10D19000030F14D1121F22BF53F8040B51F804CB14
:10D1A0006045F7D0121D0AD200BA9CFA8CFCB0EB95
:10D1B0000C0038BF6FF0000088BF01207047521E7E
:10D1C00022BF13F8010B11F801CBB0EB0C00F6D025
:10D1D000521C08BF1046704710B586B00020009062
:10D1E0003248016851F040010160016811F04001CE
:10D1F0000091009900210091016851F04001016007
:10D20000016811F04001009100990021009101682E
:10D2100051F040010160016811F040010091009956
:10D2200000210091016851F040010160006810F098
:10D230004000009000984FF40040019000200290C0
:10D24000012003901A4C01A92000FFF7F5F94FF4D3
:10D2500080500190002002900120039001A920003D
:10D26000FFF7EAF94FF4806001900020029001205E
:10D27000039001A92000FFF7DFF94FF480700190BF
:10D28000002002900120039001A92000FFF7D4F9AB
:10D2900006B010BD80B54FF400410548FFF7B7FA5E
:10D2A000002801D1012000E0002002BD30380240FA
:10D2B0000018024001600021017102214171022128
:10D2C00081710021C171704710B504006079012897
:10D2D00021D042D3032827D002D3042809D03CE030
:10D2E00020688047002803D00020E071042060718E
:10D2F00033E0E0790A30E071E0790A280ADB20683F
:10D300008047002804D00120A0710120607101E055
:10D310000220607121E020688047002803D10020AE
:10D32000E0710320607118E0E0790A30E071E07983
:10D330000A2812DB2068804700280CD10120A07148
:10D34000022060712079401C20712079FB2804DBC9
:10D35000FA20207101E00120607110BDC9B2C90737
:10D3600001D5002101710079C0B2704710B50400E9
:10D37000002C01D1012033E0A0690028FFD194F8EE
:10D380003D00002805D1002084F83C00200000F07A
:10D390004DFA242084F83D002068C06830F4005025
:10D3A0002168C860200000F0C7F82068006930F4E8
:10D3B0009040216808612068406930F02A002168A7
:10D3C00048612068C06850F400502168C86000209F
:10D3D0002064202084F83D00202084F83E000020B6
:10D3E00010BD2DE9FC4106000D0014001F000020B7
:10D3F00096F83D00202857D1002D03D0200080B2A0
:10D40000002801D1012050E096F83C00012801D10C
:10D4100002204AE0012086F83C00002030642120F0
:10D4200086F83D00FFF702F98046B484F484B068C2
:10D43000B0F5805F04D13069002801D1002401E0FB
:10D440002C000025002086F83C000FE02078316891
:10D450004860641C07E0002CF8D12888C005C00D86
:10D4600031684860AD1CF08C401EF084F08C0028C0
:10D470000AD00097434600228021300000F017F8C0
:10D480000028E8D0032010E0009743460022402106
:10D49000300000F00CF8002801D0032005E0202027
:10D4A00086F83D00002000E00220BDE8F6812DE96D
:10D4B000F04105000E0090461F00069C2868006899
:10D4C0003040B04201D1012000E000204146C9B205
:10D4D00088422ED114F1010FF0D0002C04D0FFF7B8
:10D4E000A5F8C01B8442E9D228680C3050E8001F20
:10D4F00031F4D071286810F10C0242E800100028C5
:10D50000F2D12868143050E8001F49084900286803
:10D5100010F1140242E800100028F2D1202085F812
:10D520003D00202085F83E00002085F83C000320C7
:10D5300000E00020BDE8F0812DE9FE4F05002868DD
:10D54000016931F44051E868014328680161A96824
:10D550002869014368690143E86901432868C26892
:10D56000AF48024011432868C1602868416931F41E
:10D570004071A8690143286841612868A949884227
:10D5800003D02868A849884203D100F060FA04005B
:10D5900002E000F051FA0400E869B0F5004F40F0F5
:10D5A0009F805FF0640A022600275FF019085FF091
:10D5B000000922000023A8FB020108FB031109FB5C
:10D5C0000211CDE9000168680021A6FB002306FBDB
:10D5D000013307FB0033DDE90001FBF707FC6421A1
:10D5E000B0FBF1F0029022000023A8FB020108FB2F
:10D5F000031109FB0211CDE9000168680021A6FBB7
:10D60000002306FB013307FB0033DDE90001FBF7D4
:10D61000EDFB834622000023A8FB020108FB031157
:10D6200009FB0211CDE9000168680021A6FB002377
:10D6300006FB013307FB0033DDE90001FBF7D6FBF6
:10D640006421B0FBF1F00AFB10B0C000323064215D
:10D65000B0FBF1F0400010F4F870029910EB0110EB
:10D66000029022000023A8FB020108FB031109FB22
:10D670000211CDE9000168680021A6FB002306FB2A
:10D68000013307FB0033DDE90001FBF7AFFB834605
:10D690002000002102000B00A8FB020108FB03117F
:10D6A00009FB02116A68002390469946A6FB0823ED
:10D6B00006FB093307FB0833FBF798FB6421B0FB3B
:10D6C000F1F00AFB10BA5FEACA0032306421B0FB05
:10D6D000F1F111F0070102980918286881609CE0B7
:10D6E000042600275FF0640A5FF019085FF0000964
:10D6F00022000023A8FB020108FB031109FB021111
:10D70000CDE9000168680021A6FB002306FB013378
:10D7100007FB0033DDE90001FBF768FB6421B0FB88
:10D72000F1F0029022000023A8FB020108FB031184
:10D7300009FB0211CDE9000168680021A6FB002366
:10D7400006FB013307FB0033DDE90001FBF74EFB6D
:10D75000834622000023A8FB020108FB031109FBFA
:10D760000211CDE9000168680021A6FB002306FB39
:10D77000013307FB0033DDE90001FBF737FB6421D0
:10D78000B0FBF1F00AFB10B0000132306421B0FBB5
:10D79000F1F010F0F000029910EB0110029022005D
:10D7A0000023A8FB020108FB031109FB0211CDE9CC
:10D7B000000168680021A6FB002306FB013307FB7C
:10D7C0000033DDE90001FBF711FB83462000002157
:10D7D00002000B00A8FB020108FB031109FB021168
:10D7E0006A68002390469946A6FB082306FB093386
:10D7F00007FB0833FBF7FAFA6421B0FBF1F00AFBF0
:10D8000010BA5FEA0A1032306421B0FBF1F111F076
:10D810000F010298091828688160BDE8F78F0000A1
:10D82000F369FFFF001001400014014010B586B0FD
:10D8300000682A49884222D10020009028480168C7
:10D8400051F400210160006810F40020009000985D
:10D850004FF4806001900220029001200390032089
:10D860000490082005901F4C01A92000FEF7E4FE5B
:10D870004FF40060019001A92000FEF7DDFE06B024
:10D8800010BD80B5002000901748016851F00401D8
:10D890000160006810F004000090009813480F49E0
:10D8A00001605FF4E1314160002181600021C160CD
:10D8B000002101610C214161002181610021C161D0
:10D8C000FFF754FD01BD01B54FF6FF730122694614
:10D8D0000648FFF786FD009802BD0000004C00409E
:10D8E0004038024000080240303802407C8300206B
:10D8F0002DE9F04104000E00002C01D1012092E03E
:10D900005E4D286810F00700B04207D22E702868DC
:10D9100010F00700B04201D0012084E02078800799
:10D9200016D52078400704D55548016851F4E051D8
:10D9300001602078000704D55148016851F4604126
:10D9400001604F490A6832F0F002A06802430A60A1
:10D950002078C00735D56068012805D1494800689E
:10D96000800313D401205EE06068022802D0606862
:10D97000032805D143480068800107D4012052E004
:10D9800040480068800701D401204CE03C4F3968D2
:10D9900089088900606801433960FEF747FE8046C8
:10D9A000386810F00C006168B0EB810F09D0FEF709
:10D9B0003DFEB0EB080041F289318842F0D30320EC
:10D9C00031E0286810F00700864207D22E702868E0
:10D9D00010F00700B04201D0012024E02078400779
:10D9E00006D527490A6832F4E052E06802430A602B
:10D9F0002078000707D52248016831F46041226988
:10DA000051EAC201016000F04DF81F491C4A12683A
:10DA1000C2F30312895CC8401C4908601C480068B6
:10DA200000F080F80020BDE8F0810120194908606D
:10DA3000704716480068704780B5FFF7FAFF16492F
:10DA40000F4A1268C2F38222895CC84002BD80B5C9
:10DA5000FFF7EFFF10490A4A1268C2F34232895CAD
:10DA6000C84002BD80B50D480068000604D500F02E
:10DA70007FF880200A49087001BD0000003C024088
:10DA8000083802400038024074120108900000205B
:10DA90008C0000204C004742C01401080C380240A2
:10DAA0000E38024010B50020002000200020194848
:10DAB000006810F00C00002804D0042804D00828C6
:10DAC00004D025E0144824E0144822E0144C2268D5
:10DAD00012F03F022068400209D52068C0F3881088
:10DAE0000E49A1FB00010023FBF780F908E0206844
:10DAF000C0F388100849A1FB00010023FBF776F969
:10DB00002168C1F30141491C4900B0FBF1F000E07C
:10DB1000014810BD083802400024F40000127A00C9
:10DB20000438024010B504004FF47A700D490978AA
:10DB3000B0FBF1F00C490968B1FBF0F0FEF717FFFC
:10DB4000002801D001200CE0102C09D20022210075
:10DB50005FF0FF30FEF7F5FE04480460002000E0AF
:10DB6000012010BDA0000020900000208C000020AB
:10DB7000704700002DE9FC410400002C01D1012078
:10DB8000C4E12078C0075FD5DFF88403016811F095
:10DB90000C01042909D0006810F00C0008280ED1EF
:10DBA000DFF870030068400209D5DFF86C030068F5
:10DBB000800349D56068002846D10120A6E160684D
:10DBC000B0F5803F06D1DFF85003016851F4803191
:10DBD000016018E06068B0F5A02F0AD1DFF83803C3
:10DBE000016851F480210160016851F480310160C5
:10DBF00009E0DFF82403016831F480310160016835
:10DC000031F480210160606800280ED0FEF70EFD1F
:10DC10000500DFF804030068800315D4FEF706FD55
:10DC2000401B6528F5D3032070E1FEF7FFFC0500DB
:10DC3000DFF8E4020068800306D5FEF7F7FC401B1E
:10DC40006528F5D3032061E1207880071DD5B04811
:10DC5000016811F00C0F08D0006810F00C000828C3
:10DC60002AD1AC480068400226D4AB480168890735
:10DC700004D5E168012901D0012047E1016831F0B4
:10DC8000F801226951EAC20101602078000751D5EC
:10DC9000606900283DD00120A0490860FEF7C6FC5D
:10DCA00005009F480068800744D4FEF7BFFC401B76
:10DCB0000328F6D3032029E1E068002818D00120CA
:10DCC00098490860FEF7B2FC05009348016889078F
:10DCD00006D4FEF7ABFC401B0328F6D3032015E166
:10DCE000016831F0F801226951EAC2010160CCE714
:10DCF00000208C490860FEF799FC05008648006802
:10DD00008007C2D5FEF792FC401B0328F6D3032000
:10DD1000FCE0002081490860FEF788FC050080488F
:10DD20000068800706D5FEF781FC401B0328F6D368
:10DD30000320EBE0207840076FD500267A4D286855
:10DD4000C0000BD400200090286850F0805028605C
:10DD5000286810F08050009000980126734F3868B2
:10DD6000C00511D4386850F480703860FEF75EFC4E
:10DD700080463868C00507D4FEF758FCB0EB0800B1
:10DD80000328F6D30320C1E0A068012805D1684824
:10DD9000016851F00101016015E0A068052809D172
:10DDA0006348016851F004010160016851F001010C
:10DDB000016008E05E4801684908490001600168A7
:10DDC00031F004010160A06800280FD0FEF72EFC9E
:10DDD000070057480068800718D4FEF727FCC01BCF
:10DDE00041F289318842F4D303208FE0FEF71EFC14
:10DDF00007004F480068800708D5FEF717FCC01BD6
:10DE000041F289318842F4D303207FE0F6B2012E3B
:10DE100003D1286830F080502860A069002874D0B1
:10DE20003B48006810F00C00082843D0A069022885
:10DE30002FD1404E00203060FEF7F8FB0700364D32
:10DE40002868800106D5FEF7F1FBC01B0328F6D336
:10DE500003205BE0E169206A0143606A51EA8011B6
:10DE6000A06A4008401E51EA0041E06A51EA0061A0
:10DE70002848016001203060FEF7D8FB04002868C4
:10DE8000800142D4FEF7D2FB001B0328F7D3032006
:10DE90003CE0002027490860FEF7C8FB04001E484C
:10DEA0000068800131D5FEF7C1FB001B0328F6D3C3
:10DEB00003202BE0A069012801D1012026E01548AC
:10DEC0000068A16901291ED010F48001E269914225
:10DED00019D110F03F01226A914214D147F6C07166
:10DEE0000140626AB1EB821F0DD110F44031A26A89
:10DEF0005208521EB1EB024F05D110F07060E16A7A
:10DF0000B0EB016F01D0012000E00020BDE8F681F8
:10DF1000083802400438024000380240800E474270
:10DF20007438024000004742403802400070004010
:10DF3000703802406000474210B500F075F800F0FC
:10DF400016F8FFF79EFCFFF747F93348F3F764FE36
:10DF5000FEF703FB314C2000F9F7A2FBF7F72FFB8C
:10DF60002000FEF7EAFA2000FEF7D6FAF2E780B5C5
:10DF700092B0002000902A48016851F08051016061
:10DF8000006810F080500090009800200090254814
:10DF9000016851F480410160006810F480400090F5
:10DFA0000098012006905FF48030079002200C90CA
:10DFB0005FF480000D9008200E904FF4A8700F9031
:10DFC000022010900720119006A8FFF7D3FD0F2024
:10DFD000019002200290002003904FF4A050049082
:10DFE0004FF480500590052101A8FFF781FCFFF751
:10DFF0001CFDFFF71EFD4FF47A71B0FBF1F0FEF748
:10E00000B6FC0420FEF7B7FC002200215FF0FF30D1
:10E01000FEF797FC13B000BD7C100108F8830020C8
:10E02000403802400070004080B50B48016851F450
:10E0300000710160016851F480610160016851F470
:10E04000807101600320FEF778FC0F20FFF76AFD66
:10E0500000F004F8002002BD003C024081B0002026
:10E0600000900C48016851F480410160006810F490
:10E07000804000900098002000900748016851F00F
:10E0800080510160006810F080500090009801B04D
:10E09000704700BF4438024040380240483A5C466E
:10E0A000342032303232E696B0E69DBF5C4C776960
:10E0B00070E4BE8BE7A88B5C595346345354445FDD
:10E0C00048414C5F4554482D3030312E2042617319
:10E0D0006963202050696E675C4D6964646C657784
:10E0E000617265735C54686972645F5061727479BF
:10E0F0005C4C7749505C7372635C636F72655C69FA
:10E100007076345C6574686172702E630000000084
:10E11000483A5C46342032303232E696B0E69DBF53
:10E120005C4C776970E4BE8BE7A88B5C595346342E
:10E130005354445F48414C5F4554482D3030312E94
:10E14000204261736963202050696E675C4D696489
:10E15000646C6577617265735C54686972645F5062
:10E16000617274795C4C7749505C7372635C636F65
:10E1700072655C697076345C6970345F6672616781
:10E180002E630000483A5C46342032303232E69644
:10E19000B0E69DBF5C4C776970E4BE8BE7A88B5CF2
:10E1A000595346345354445F48414C5F4554482DBD
:10E1B0003030312E204261736963202050696E67D0
:10E1C0005C4D6964646C6577617265735C54686901
:10E1D00072645F50617274795C4C7749505C737201
:10E1E000635C636F72655C697076345C64686370ED
:10E1F0002E630000483A5C46342032303232E696D4
:10E20000B0E69DBF5C4C776970E4BE8BE7A88B5C81
:10E21000595346345354445F48414C5F4554482D4C
:10E220003030312E204261736963202050696E675F
:10E230005C4D6964646C6577617265735C54686990
:10E2400072645F50617274795C4C7749505C737290
:10E25000635C6E657469665C65746865726E65742E
:10E260002E630000483A5C46342032303232E69663
:10E27000B0E69DBF5C4C776970E4BE8BE7A88B5C11
:10E28000595346345354445F48414C5F4554482DDC
:10E290003030312E204261736963202050696E67EF
:10E2A0005C4D6964646C6577617265735C54686920
:10E2B00072645F50617274795C4C7749505C737220
:10E2C000635C636F72655C697076345C69636D7002
:10E2D0002E630000483A5C46342032303232E696F3
:10E2E000B0E69DBF5C4C776970E4BE8BE7A88B5CA1
:10E2F000595346345354445F48414C5F4554482D6C
:10E300003030312E204261736963202050696E677E
:10E310005C4D6964646C6577617265735C546869AF
:10E3200072645F50617274795C4C7749505C7372AF
:10E33000635C636F72655C697076345C6970342EFF
:10E3400063000000483A5C46342032303232E696B0
:10E35000B0E69DBF5C4C776970E4BE8BE7A88B5C30
:10E36000595346345354445F48414C5F4554482DFB
:10E370003030312E204261736963202050696E670E
:10E380005C4D6964646C6577617265735C5468693F
:10E3900072645F50617274795C4C7749505C73723F
:10E3A000635C636F72655C7463705F6F75742E631A
:10E3B00000000000483A5C46342032303232E696A3
:10E3C000B0E69DBF5C4C776970E4BE8BE7A88B5CC0
:10E3D000595346345354445F48414C5F4554482D8B
:10E3E0003030312E204261736963202050696E679E
:10E3F0005C4D6964646C6577617265735C546869CF
:10E4000072645F50617274795C4C7749505C7372CE
:10E41000635C636F72655C74696D656F7574732E90
:10E4200063000000483A5C46342032303232E696CF
:10E43000B0E69DBF5C4C776970E4BE8BE7A88B5C4F
:10E44000595346345354445F48414C5F4554482D1A
:10E450003030312E204261736963202050696E672D
:10E460005C4D6964646C6577617265735C5468695E
:10E4700072645F50617274795C4C7749505C73725E
:10E48000635C636F72655C696E69742E6300000083
:10E49000483A5C46342032303232E696B0E69DBFD0
:10E4A0005C4C776970E4BE8BE7A88B5C59534634AB
:10E4B0005354445F48414C5F4554482D3030312E11
:10E4C000204261736963202050696E675C4D696406
:10E4D000646C6577617265735C54686972645F50DF
:10E4E000617274795C4C7749505C7372635C636FE2
:10E4F00072655C6D656D2E6300000000483A5C46F5
:10E50000342032303232E696B0E69DBF5C4C7769FB
:10E5100070E4BE8BE7A88B5C595346345354445F78
:10E5200048414C5F4554482D3030312E20426173B4
:10E530006963202050696E675C4D6964646C65771F
:10E54000617265735C54686972645F50617274795A
:10E550005C4C7749505C7372635C636F72655C6D91
:10E56000656D702E63000000483A5C4634203230FE
:10E570003232E696B0E69DBF5C4C776970E4BE8BA4
:10E58000E7A88B5C595346345354445F48414C5F71
:10E590004554482D3030312E20426173696320206C
:10E5A00050696E675C4D6964646C65776172657310
:10E5B0005C54686972645F50617274795C4C77492D
:10E5C000505C7372635C636F72655C6E65746966E0
:10E5D0002E630000483A5C46342032303232E696F0
:10E5E000B0E69DBF5C4C776970E4BE8BE7A88B5C9E
:10E5F000595346345354445F48414C5F4554482D69
:10E600003030312E204261736963202050696E677B
:10E610005C4D6964646C6577617265735C546869AC
:10E6200072645F50617274795C4C7749505C7372AC
:10E63000635C636F72655C706275662E63000000D8
:10E64000483A5C46342032303232E696B0E69DBF1E
:10E650005C4C776970E4BE8BE7A88B5C59534634F9
:10E660005354445F48414C5F4554482D3030312E5F
:10E67000204261736963202050696E675C4D696454
:10E68000646C6577617265735C54686972645F502D
:10E69000617274795C4C7749505C7372635C636F30
:10E6A00072655C7463702E6300000000483A5C463B
:10E6B000342032303232E696B0E69DBF5C4C77694A
:10E6C00070E4BE8BE7A88B5C595346345354445FC7
:10E6D00048414C5F4554482D3030312E2042617303
:10E6E0006963202050696E675C4D6964646C65776E
:10E6F000617265735C54686972645F5061727479A9
:10E700005C4C7749505C7372635C636F72655C74D8
:10E7100063705F696E2E6300483A5C463420323085
:10E720003232E696B0E69DBF5C4C776970E4BE8BF2
:10E73000E7A88B5C595346345354445F48414C5FBF
:10E740004554482D3030312E2042617369632020BA
:10E7500050696E675C4D6964646C6577617265735E
:10E760005C54686972645F50617274795C4C77497B
:10E77000505C7372635C636F72655C7564702E636A
:10E78000000000007463705F656E71756575655F8C
:10E79000666C6167733A206E6565642065697468AC
:10E7A0006572205443505F53594E206F722054437A
:10E7B000505F46494E20696E20666C616773202861
:10E7C00070726F6772616D6D65722076696F6C61D2
:10E7D000746573204150492900000000483A5C46A6
:10E7E000342032303232E696B0E69DBF5C4C776919
:10E7F00070E4BE8BE7A88B5C595346345354445F96
:10E8000048414C5F4554482D3030332E20544350FE
:10E81000205365727665725C5372635C7463705FDB
:10E820006563686F7365727665722E630000000021
:10E83000483A5C46342032303232E696B0E69DBF2C
:10E840005C4C776970E4BE8BE7A88B5C5953463407
:10E850005354445F48414C5F4554482D3030322E6C
:10E860002042617369632020444843505C537263C3
:10E870005C65746865726E657469662E630000007D
:10E88000646863705F6F7074696F6E3A206F707444
:10E89000696F6E735F6F75745F6C656E202B2032CD
:10E8A000202B206F7074696F6E5F6C656E203C3D2D
:10E8B00020444843505F4F5054494F4E535F4C459E
:10E8C0004E0000006E657469662D3E687761646471
:10E8D000725F6C656E206D7573742062652074685C
:10E8E000652073616D65206173204554485F48570A
:10E8F000414444525F4C454E20666F7220657468F7
:10E9000061727021000000004C5749505F434F4E28
:10E9100053545F43415354206E6F7420696D706C83
:10E92000656D656E74656420636F72726563746C87
:10E93000792E20436865636B20796F7572206C7740
:10E94000495020706F72742E00000000646863707C
:10E950005F6372656174655F6D73673A20636865B4
:10E96000636B2074686174206669727374207062CE
:10E9700075662063616E20686F6C642073747275B5
:10E98000637420646863705F6D736700737461748F
:10E9900065203D3D204554484152505F53544154F9
:10E9A000455F50454E44494E47207C7C207374613E
:10E9B0007465203E3D204554484152505F535441B8
:10E9C00054455F535441424C450000007463705FEE
:10E9D00077726974653A20636865636B2074686157
:10E9E0007420666972737420706275662063616E4C
:10E9F00020686F6C642074686520636F6D706C654F
:10EA00007465207365676C656E0000007379735FD1
:10EA100074696D656F75743A2074696D656F75748E
:10EA200020213D204E554C4C2C20706F6F6C204D9A
:10EA3000454D505F5359535F54494D454F555420F0
:10EA4000697320656D7074790000000064686370FC
:10EA50005F6F7074696F6E5F73686F72743A206F66
:10EA60007074696F6E735F6F75745F6C656E202B69
:10EA70002032203C3D20444843505F4F5054494F82
:10EA80004E535F4C454E0000646863705F6F707456
:10EA9000696F6E5F6C6F6E673A206F7074696F6E2E
:10EAA000735F6F75745F6C656E202B2034203C3D66
:10EAB00020444843505F4F5054494F4E535F4C459C
:10EAC0004E0000007463705F726563656976653A35
:10EAD000207365676D656E74206E6F742074726943
:10EAE0006D6D656420636F72726563746C792074F8
:10EAF0006F206F6F7365712071756575650A000011
:10EB00007463705F77726974653A207062756673BA
:10EB1000206F6E207175657565203D3E2061742003
:10EB20006C65617374206F6E652071756575652005
:10EB30006E6F6E2D656D7074790000007463705F88
:10EB4000656E71756575655F666C6167733A2063A4
:10EB50006865636B207468617420666972737420E1
:10EB6000706275662063616E20686F6C64206F70E0
:10EB7000746C656E00000000646863705F6F707491
:10EB8000696F6E5F627974653A206F7074696F6E39
:10EB9000735F6F75745F6C656E203C204448435012
:10EBA0005F4F5054494F4E535F4C454E000000009C
:10EBB00069636D705F696E7075743A206D6F766908
:10EBC0006E6720722D3E7061796C6F616420746F86
:10EBD0002069636D70206865616465722066616993
:10EBE0006C65640A000000006E6F207072657669C3
:10EBF0006F757320667261676D656E742C20746822
:10EC00006973206D75737420626520746865206671
:10EC10006972737420667261676D656E742100009D
:10EC2000286820213D204E554C4C2920262620289E
:10EC30007420213D204E554C4C29202870726F675E
:10EC400072616D6D65722076696F6C617465732099
:10EC500041504929000000007463705F6C6973744F
:10EC6000656E5F776974685F6261636B6C6F675F25
:10EC7000616E645F6572723A2070636220616C72CB
:10EC80006561647920636F6E6E656374656400000E
:10EC90007463705F736C6F7774696D723A2070651E
:10ECA0007273697374207469636B696E6720776926
:10ECB000746820656D7074792073656E6420627568
:10ECC000666665720000000020C7EBC5E4D6C3B4D9
:10ECD000AEBFDACDF8C2E7D6FACAD6B6CBCEAA63B3
:10ECE0006C69656E74A3ACB8F9BEDD4950D2D4BC72
:10ECF000B0506F7274B5E3BBF7C1ACBDD30A00006E
:10ED00007463705F726563656976653A20736567E1
:10ED10006D656E74206E6F74207472696D6D6564BC
:10ED200020636F72726563746C7920746F207263F4
:10ED3000765F776E640A00007463705F777269743F
:10ED4000653A2063616E6E6F7420636F6E636174E9
:10ED5000656E617465207768656E207063622D3E14
:10ED6000756E73656E7420697320656D70747900BB
:10ED70007463705F77726974653A20657874656E44
:10ED800073696F6E206F66207265666572656E636B
:10ED9000652072657175697265732072656665724A
:10EDA000656E63650000000054696D656F757420C1
:10EDB00074696D6520746F6F206C6F6E672C206DA9
:10EDC0006178206973204C5749505F55494E543340
:10EDD000325F4D41582F34206D736563730000001E
:10EDE000636865636B20746861742066697273740C
:10EDF00020706275662063616E20686F6C6420739A
:10EE00007472756374206574686172705F6864728F
:10EE1000000000006E657469662D3E687761646469
:10EE2000725F6C656E206D7573742062652036208C
:10EE3000666F722065746865726E65745F6F757455
:10EE4000707574210000000069636D705F696E70F9
:10EE500075743A20726573746F72696E67206F7291
:10EE60006967696E616C20702D3E7061796C6F61AD
:10EE700064206661696C65640A0000006D656D5F01
:10EE8000667265653A20696C6C6567616C206D65BA
:10EE90006D6F72793A206E6F6E2D6C696E6B656462
:10EEA0003A20646F75626C652066726565000000CB
:10EEB000504255465F504F4F4C5F42554653495A5A
:10EEC00045206D757374206265206269676765729D
:10EED000207468616E204D454D5F414C49474E4D51
:10EEE000454E5400646F6E27742063616C6C20740F
:10EEF00063705F61626F72742F7463705F616261CF
:10EF00006E646F6E20666F72206C697374656E2D0F
:10EF100070636273000000007463705F736C6F77DE
:10EF200074696D723A2070657273697374207469C4
:10EF3000636B696E67207769746820696E2D666CF3
:10EF40006967687420646174610000007463705FB5
:10EF50006E657469665F69705F616464725F63683F
:10EF6000616E6765645F7063626C6973743A20698F
:10EF70006E76616C6964206F6C645F6164647200BA
:10EF80007463705F77726974653A206E6F20706287
:10EF9000756673206F6E207175657565203D3E2026
:10EFA000626F74682071756575657320656D707426
:10EFB000790000007463705F77726974653A20614C
:10EFC0007267203D3D204E554C4C202870726F6773
:10EFD00072616D6D65722076696F6C617465732006
:10EFE00041504929000000006172705F7461626CD9
:10EFF000655B6172705F6964785D2E7374617465BE
:10F00000203E3D204554484152505F5354415445A1
:10F010005F535441424C4500636865636B207468DC
:10F020006174206669727374207062756620636112
:10F030006E20686F6C6420737472756374206970DD
:10F040005F686472000000006D656D5F6D616C6CDF
:10F050006F633A20616C6C6F6361746564206D65E9
:10F060006D6F7279206E6F742061626F76652072A9
:10F07000616D5F656E642E006D656D5F6D616C6CBA
:10F080006F633A20616C6C6F6361746564206D65B9
:10F090006D6F72792070726F7065726C7920616C1F
:10F0A00069676E65642E0000746F6F206D616E7904
:10F0B000206E65746966732C206D61782E207375DF
:10F0C00070706F72746564206E756D626572206910
:10F0D0007320323535000000706275665F616C6CBC
:10F0E0006F633A207062756620712D3E7061796C95
:10F0F0006F61642070726F7065726C7920616C69E9
:10F10000676E656400000000702D3E746F745F6C64
:10F11000656E203D3D20702D3E6C656E20286F662B
:10F12000206C617374207062756620696E2063685C
:10F1300061696E2900000000706275665F636F7020
:10F14000793A20746172676574206E6F7420626909
:10F150006720656E6F75676820746F20686F6C64D8
:10F1600020736F75726365007463705F6C6973748C
:10F17000656E5F776974685F6261636B6C6F675F10
:10F18000616E645F6572723A20696E76616C696463
:10F1900020706362000000007463705F736C6F77AF
:10F1A000746D723A20616374697665207063622DB4
:10F1B0003E737461746520213D2054494D452D579F
:10F1C0004149540A000000007463705F736C6F77EC
:10F1D000746D723A2054494D452D57414954207061
:10F1E00063622D3E7374617465203D3D2054494D2A
:10F1F000452D5741495400007463705F696E707506
:10F20000743A2054494D452D57414954207063624A
:10F210002D3E7374617465203D3D2054494D452D4C
:10F220005741495400000000756E73656E745F6F3E
:10F2300076657273697A65206D69736D6174636850
:10F2400020287063622D3E756E73656E742069733D
:10F25000204E554C4C290000636865636B20746830
:10F2600061742066697273742070627566206361D0
:10F270006E20686F6C64207374727563742074639D
:10F28000705F686472000000636865636B20746877
:10F2900061742066697273742070627566206361A0
:10F2A0006E20686F6C64207374727563742075646B
:10F2B000705F6864720000006172705F7461626CFC
:10F2C000655B695D2E7374617465203D3D20455416
:10F2D000484152505F53544154455F454D50545935
:10F2E00000000000636865636B20746861742066C9
:10F2F0006972737420706275662063616E20686F36
:10F300006C642069636D70206D657373616765005F
:10F31000706C75675F686F6C65733A206D656D2DF5
:10F320003E6E657874203C3D204D454D5F53495AF3
:10F33000455F414C49474E45440000007062756688
:10F340005F616C6C6F633A20706275662D3E706110
:10F35000796C6F61642070726F7065726C79206176
:10F360006C69676E65640000706275665F636F70DC
:10F3700079282920646F6573206E6F7420616C6C2E
:10F380006F77207061636B65742071756575657347
:10F39000210000007463705F736C6F77746D723A54
:10F3A00020616374697665207063622D3E737461B9
:10F3B000746520213D20434C4F5345440A00000012
:10F3C0007463705F736C6F77746D723A20616374ED
:10F3D000697665207063622D3E73746174652021C7
:10F3E0003D204C495354454E0A0000007463705F41
:10F3F000736C6F77746D723A206D6964646C65200C
:10F4000074637020213D207463705F61637469765A
:10F41000655F7063627300007463705F736C6F7715
:10F42000746D723A20666972737420706362203D55
:10F430003D207463705F6163746976655F706362B9
:10F44000730000007463705F696E7075743A2061B8
:10F450006374697665207063622D3E7374617465B0
:10F4600020213D2054494D452D574149540000006D
:10F470007463705F696E7075743A207063622D3EBC
:10F480006E65787420213D20706362202862656675
:10F490006F72652063616368652900007463705F43
:10F4A000696E7075743A207063622D3E6E65787473
:10F4B00020213D207063622028616674657220639C
:10F4C00061636865290000007463705F7772697416
:10F4D000653A20524F4D2070627566732063616EED
:10F4E0006E6F74206265206F76657273697A6564E9
:10F4F000000000007463705F656E71756575655F0F
:10F50000666C6167733A20696E76616C696420731A
:10F5100065676D656E74206C656E677468000000C9
:10F520007463705F6F75747075745F636F6E7472FF
:10F530006F6C5F7365676D656E743A20696E766196
:10F540006C696420706275660000000030B450F889
:10F55000041B79B10268436802440830DC0744BFE9
:10F56000A9F10104E31852F8045B43F8045B091F96
:10F57000F9D1ECE730BC7047202053746174653AD0
:10F58000204C6F6F6B696E6720666F722044484332
:10F590005020736572766572202E2E2E0A000000B0
:10F5A000546865206E6574776F726B206361626C5E
:10F5B00065206973206E6F7420636F6E6E6563746F
:10F5C0006564200A00000000417373657274696FFE
:10F5D0006E2022257322206661696C656420617447
:10F5E000206C696E6520256420696E2025730A00F1
:10F5F000646863705F696E635F7063625F726566A3
:10F60000636F756E7428293A206D656D6F7279206D
:10F610006C65616B00000000417373657274696F03
:10F620006E2022257322206661696C6564206174F6
:10F63000206C696E6520256420696E2025730A00A0
:10F640006172705F7461626C655B695D2E73746179
:10F650007465203D3D2050454E44494E47206F7211
:10F6600020535441424C4500417373657274696F75
:10F670006E2022257322206661696C6564206174A6
:10F68000206C696E6520256420696E2025730A0050
:10F69000417373657274696F6E2022257322206630
:10F6A00061696C6564206174206C696E65202564F5
:10F6B00020696E2025730A00417373657274696F47
:10F6C0006E2022257322206661696C656420617456
:10F6D000206C696E6520256420696E2025730A0000
:10F6E000417373657274696F6E20222573222066E0
:10F6F00061696C6564206174206C696E65202564A5
:10F7000020696E2025730A00417373657274696FF6
:10F710006E2022257322206661696C656420617405
:10F72000206C696E6520256420696E2025730A00AF
:10F73000417373657274696F6E202225732220668F
:10F7400061696C6564206174206C696E6520256454
:10F7500020696E2025730A00417373657274696FA6
:10F760006E2022257322206661696C6564206174B5
:10F77000206C696E6520256420696E2025730A005F
:10F780006D656D5F667265653A20696C6C65676171
:10F790006C206D656D6F72793A20646F75626C656F
:10F7A0002066726565000000417373657274696F4D
:10F7B0006E2022257322206661696C656420617465
:10F7C000206C696E6520256420696E2025730A000F
:10F7D000417373657274696F6E20222573222066EF
:10F7E00061696C6564206174206C696E65202564B4
:10F7F00020696E2025730A00417373657274696F06
:10F800006E2022257322206661696C656420617414
:10F81000206C696E6520256420696E2025730A00BE
:10F82000417373657274696F6E202225732220669E
:10F8300061696C6564206174206C696E6520256463
:10F8400020696E2025730A007463705F72656D6FA6
:10F8500076655F6C697374656E65723A20696E7661
:10F86000616C6964206C697374656E657200000078
:10F870007463705F62696E643A2063616E206F6EBC
:10F880006C792062696E6420696E2073746174659E
:10F8900020434C4F53454400646F6E2774206361CE
:10F8A0006C6C207463705F72656376656420666F4C
:10F8B00072206C697374656E2D7063627300000052
:10F8C0007463705F736C6F77746D723A206D6964E6
:10F8D000646C652074637020213D207463705F74D4
:10F8E000775F7063627300007463705F736C6F772F
:10F8F000746D723A20666972737420706362203D81
:10F900003D207463705F74775F7063627300000002
:10F910007463705F70726F636573735F7265667531
:10F920007365645F646174613A20696E76616C69C5
:10F930006420706362000000696E76616C69642007
:10F94000736F636B657420737461746520666F7286
:10F9500020726563762063616C6C6261636B00008A
:10F96000696E76616C696420736F636B6574207374
:10F970007461746520666F722073656E74206361B4
:10F980006C6C6261636B0000696E76616C69642007
:10F99000736F636B657420737461746520666F7236
:10F9A000206572722063616C6C6261636B000000A1
:10F9B0007463705F6566665F73656E645F6D7373B5
:10F9C0005F6E657469663A20696E76616C69642061
:10F9D0006473745F69700000417373657274696F5A
:10F9E0006E2022257322206661696C656420617433
:10F9F000206C696E6520256420696E2025730A00DD
:10FA0000417373657274696F6E20222573222066BC
:10FA100061696C6564206174206C696E6520256481
:10FA200020696E2025730A007463705F696E7075BB
:10FA3000743A20616374697665207063622D3E7349
:10FA40007461746520213D20434C4F5345440000B0
:10FA50007463705F696E7075743A2061637469765F
:10FA600065207063622D3E737461746520213D20B2
:10FA70004C495354454E00007463705F696E707555
:10FA8000745F64656C617965645F636C6F73653A1C
:10FA900020696E76616C696420706362000000000A
:10FAA0007463705F6F6F735F696E736572745F7399
:10FAB00065676D656E743A20696E76616C69642065
:10FAC00063736567000000007063622D3E736E64AF
:10FAD0005F71756575656C656E203E3D2070627561
:10FAE000665F636C656E286E6578742D3E702900C4
:10FAF0007463705F726563656976653A206F6F73D2
:10FB00006571207463706C656E203E207263765F51
:10FB1000776E640A00000000417373657274696F48
:10FB20006E2022257322206661696C6564206174F1
:10FB3000206C696E6520256420696E2025730A009B
:10FB40007463705F656E71756575655F666C61671E
:10FB5000733A20696E76616C6964207175657565AC
:10FB6000206C656E67746800646F6E277420636133
:10FB70006C6C207463705F6F757470757420666F41
:10FB800072206C697374656E2D706362730000007F
:10FB90007463705F6F75747075745F7365676D659E
:10FBA0006E745F627573793A20696E76616C696410
:10FBB00020736567000000007463705F6F75747078
:10FBC00075745F616C6C6F635F6865616465723AE0
:10FBD00020696E76616C69642070636200000000C9
:10FBE0007463705F6F75747075745F66696C6C5F59
:10FBF0006F7074696F6E733A20696E76616C6964B8
:10FC00002070627566000000417373657274696FDD
:10FC10006E2022257322206661696C656420617400
:10FC2000206C696E6520256420696E2025730A00AA
:10FC3000FA000000CB270008E8030000F57900086F
:10FC4000E8030000D797000860EA000005A5000857
:10FC5000F401000077A50008417373657274696F41
:10FC60006E2022257322206661696C6564206174B0
:10FC7000206C696E6520256420696E2025730A005A
:10FC80007564705F696E7075745F6C6F63616C5FD3
:10FC90006D617463683A20696E76616C6964206E88
:10FCA000657469660000000010B507497944183191
:10FCB000064C7C44163404E00A68081D1144884749
:10FCC0000146A142F8D110BDC4040000E4040000C4
:10FCD000204D41432020B5D8D6B73A2020202020FF
:10FCE0002020202025642025642025642025640A06
:10FCF0000000000020444843502047455420D7D3FB
:10FD0000CDF8D1DAC2EB3A202564202564202564A1
:10FD10002025640A00000000204448435020474545
:10FD20005420C4ACC8CFCDF8B9D83A2025642025DA
:10FD3000642025642025640A000000006468637064
:10FD40005F7063625F726566636F756E7428293ACF
:10FD500020726566636F756E74206572726F7200D3
:10FD60006E65746966206973206E6F742075702CDF
:10FD7000206F6C64207374796C6520706F72743FAF
:10FD8000000000006E657469662D3E6877616464EA
:10FD9000725F6C656E203D3D204554485F48574179
:10FDA0004444525F4C454E0069705F7265617373E5
:10FDB0005F70627566636F756E74203E3D20706281
:10FDC0007566735F667265656400000076616C69D4
:10FDD000646174655F646174616772616D3A6E65D8
:10FDE00078745F70627566213D4E554C4C00000082
:10FDF0006D656D5F667265653A2073616E697479D1
:10FE000020636865636B20616C69676E6D656E74F5
:10FE1000000000006D656D5F6D616C6C6F633A2072
:10FE200073616E69747920636865636B20616C69C6
:10FE3000676E6D656E7400006D656D705F6D616CF1
:10FE40006C6F633A206D656D702070726F706572B3
:10FE50006C7920616C69676E65640000FC130108B1
:10FE60000814010814140108201401082C140108B6
:10FE70003814010844140108501401085C140108E6
:10FE80006E657469665F6164643A204E6F20696EC6
:10FE900069742066756E6374696F6E206769766534
:10FEA0006E0000006E657469665F69737375655FE7
:10FEB0007265706F7274733A20696E76616C6964F2
:10FEC000206E6574696600006E657469665F7365AF
:10FED000745F6C696E6B5F75703A20696E76616CE9
:10FEE0006964206E65746966000000006E6574695F
:10FEF000665F7365745F6C696E6B5F646F776E3A93
:10FF000020696E76616C6964206E657469660000B4
:10FF100070632D3E637573746F6D5F667265655FA8
:10FF200066756E6374696F6E20213D204E554C4C92
:10FF300000000000706275665F636F70795F7061CA
:10FF4000727469616C3A20696E76616C69642064D0
:10FF500061746170747200007463705F75706461C5
:10FF600074655F7263765F616E6E5F776E643A2070
:10FF7000696E76616C696420706362007463705F9F
:10FF80006372656174655F7365676D656E743A2051
:10FF9000696E76616C6964207062756600000000AD
:10FFA0007463705F706275665F707265616C6C6FB0
:10FFB000633A20696E76616C6964206F766572734E
:10FFC000697A65007463705F73706C69745F756ED5
:10FFD00073656E745F7365673A20696E76616C69EC
:10FFE000642070636200000043616E2774207370A8
:10FFF0006C6974207365676D656E7420696E746FCB
:020000040801F1
:10000000206C656E67746820300000007463705F58
:100010006F75747075745F7365676D656E743A2083
:10002000696E76616C6964206E65746966000000B3
:100030007463705F7265786D69745F72746F5F70FE
:100040007265706172653A20696E76616C696420D0
:10005000706362007463705F7265786D69745F725B
:10006000746F5F636F6D6D69743A20696E76616C51
:1000700069642070636200007463705F7A65726FF8
:100080005F77696E646F775F70726F62653A20693F
:100090006E76616C69642070636200007564705FE5
:1000A000696E7075745F6C6F63616C5F6D617463B2
:1000B000683A20696E76616C696420706362000042
:1000C0007564705F73656E64746F5F69665F737289
:1000D000633A20696E76616C6964206473745F6949
:1000E000700000007564705F73656E64746F5F69A3
:1000F000665F7372633A20696E76616C696420731F
:1001000072635F69700000007564705F73656E6490
:10011000746F5F69665F7372633A20696E76616CB3
:100120006964206E657469660000000080B5FDF7A3
:1001300099FCFEE7FEE7FEE7FEE7FEE77047704743
:10014000704780B500F004F8FCF734FC01BD0000F6
:1001500003480168034A127889180160704700BF9C
:10016000FC840020A00000204EF68851CEF2000151
:10017000086840F470000860BFF34F8FBFF36F8FC3
:100180004FF00070E1EE100A70470000A325FFFF5A
:10019000C0840000A400002000000000B1F3FFFFB5
:1001A000A4000000881400000000002000000000EF
:1001B0002044484350204745542049503A202020AD
:1001C00020202025642025642025642025640A0041
:1001D000646863705F6372656174655F6D73673ACD
:1001E000206E6574696620213D204E554C4C000000
:1001F000646863705F6372656174655F6D73673AAD
:10020000206468637020213D204E554C4C00000056
:1002100070627566735F6672656564202B20636C1F
:10022000656E203C3D203078666666660000000002
:10023000636865636B20667261676D656E747320B9
:10024000646F6E2774206F7665726C6170000000B9
:100250006E6F74206669727374616C74686F756711
:1002600068206A75737420656E71756575656400C4
:1002700074686973206E65656473206120706275AF
:100280006620696E206F6E65207069656365210068
:100290006D656D5F7472696D2063616E206F6E6C49
:1002A0007920736872696E6B206D656D6F7279006D
:1002B0006D656D705F6D616C6C6F633A2074797001
:1002C00065203C204D454D505F4D415800000000D9
:1002D0006D656D705F667265653A206D656D207045
:1002E000726F7065726C7920616C69676E6564000D
:1002F0006E657469665F7365745F646F776E3A20CC
:10030000696E76616C6964206E65746966000000D0
:10031000696E6372656D656E745F6D61676E697439
:10032000756465203C3D20702D3E6C656E000000BC
:10033000706275665F636F70795F70617274696116
:100340006C3A20696E76616C6964206275660000A3
:10035000706275665F74616B653A20627566206EC7
:100360006F74206C6172676520656E6F75676800D9
:100370007463705F636C6F73655F73687574646FCB
:10038000776E3A20696E76616C69642070636200F2
:100390007463705F6163636570745F6E756C6C3AF3
:1003A00020696E76616C69642070636200000000F1
:1003B000696E76616C696420736F636B657420731A
:1003C0007461746520666F7220706F6C6C00000041
:1003D0007463705F7063625F72656D6F76653A20FB
:1003E000696E76616C6964207063626C6973740015
:1003F00053544D3332463420544350205365727663
:1004000065722073656E6420646174610D0A00007A
:10041000C1ACBDD3B5C4B5E7C4D4B6CB4950CEAAA0
:10042000A3BA25642025642025642025640A0000E1
:10043000702D3E746F745F6C656E203D3D20702D95
:100440003E6E6578742D3E746F745F6C656E00004F
:100450007463705F6C697374656E5F696E707574D8
:100460003A20696E76616C696420706362000000F6
:100470007463705F74696D65776169745F696E70CC
:1004800075743A20696E76616C69642070636200ED
:100490007463705F696E7075743A207063622D3E8C
:1004A000737461746520213D20434C4F53454400D3
:1004B0007063622D3E6C697374656E65722D3E616A
:1004C000636365707420213D204E554C4C00000044
:1004D0007463705F726563656976653A2076616CF6
:1004E0006964207175657565206C656E6774680058
:1004F0007463705F726563656976653A20746370D2
:100500006C656E203E207263765F776E640A000031
:100510007463705F6372656174655F7365676D6551
:100520006E743A20696E76616C6964207063620053
:100530007463705F706275665F707265616C6C6F1A
:10054000633A20696E76616C6964207063620000B2
:100550007463705F77726974655F636865636B73FA
:100560003A20696E76616C696420706362000000F5
:10057000696E636F6E73697374656E74206F7665F0
:100580007273697A652076732E20737061636500DB
:10059000696E636F6E73697374656E74206F7665D0
:1005A0007273697A652076732E206C656E00000088
:1005B0007463705F77726974653A2076616C696400
:1005C000207175657565206C656E67746800000044
:1005D0007463705F656E71756575655F666C616784
:1005E000733A20696E76616C696420706362000002
:1005F0007463705F6F75747075745F7365676D6534
:100600006E743A20696E76616C6964207365670068
:100610007463705F6F75747075745F7365676D6513
:100620006E743A20696E76616C6964207063620052
:100630007463705F7265786D69745F666173743A34
:1006400020696E76616C696420706362000000004E
:100650007463705F73656E645F656D7074795F61FC
:10066000636B3A20696E76616C6964207063620026
:100670007564705F73656E64746F5F69663A206954
:100680006E76616C6964206473745F697000000049
:100690007564705F73656E64746F5F69663A206934
:1006A0006E76616C6964206E657469660000000096
:1006B0007564705F73656E64746F5F69665F737293
:1006C000633A20696E76616C696420706362000031
:1006D0007564705F73656E64746F5F69665F737273
:1006E000633A20696E76616C696420706275660099
:1006F00000F00DF8002801D0FFF7D6FAAFF3008024
:100700000020AFF30080FDF717FC00F002F8012095
:10071000704700F001B8000007463846FCF722FD9C
:10072000FBE70000646863705F73656C6563743A2F
:10073000206E6574696620213D204E554C4C0000AA
:10074000646863705F73656C6563743A20646863A2
:100750007020213D204E554C4C00000064686370B1
:100760005F62696E643A206E6574696620213D207F
:100770004E554C4C000000006E6F207061636B653D
:10078000742071756575657320616C6C6F77656435
:100790002100000073616E69747920636865636B82
:1007A000206C696E6B6564206C69737400000000D6
:1007B00069705F72656173735F70627566636F7590
:1007C0006E74203E3D20636C656E00006970345F7E
:1007D0006672616728293A207062756620746F6FAF
:1007E0002073686F72740000706C75675F686F6C5F
:1007F00065733A206D656D203C2072616D5F656E9A
:1008000064000000706C75675F686F6C65733A20F8
:100810006D656D2D3E75736564203D3D2030000093
:100820006D656D5F667265653A20696C6C656761C0
:100830006C206D656D6F7279000000006D656D5FF5
:100840006D616C6C6F633A20216C667265652D3E3C
:1008500075736564000000006D656D705F6672659C
:10086000653A2074797065203C204D454D505F4DB0
:10087000415800006E657469665F6164643A20697E
:100880006E76616C6964206E6574696600000000B4
:100890006E657469665F7365745F75703A20696E22
:1008A00076616C6964206E65746966007062756655
:1008B0005F616C6C6F633A206572726F6E656F7505
:1008C00073207479706500006D656D5F7472696D79
:1008D0002072657475726E65642071203D3D204EF6
:1008E000554C4C006F66667365745F66726F6D2061
:1008F0003C3D20705F66726F6D2D3E6C656E000032
:10090000706275665F74616B653A20696E76616CC2
:100910006964206461746170747200007463705F54
:10092000667265655F6C697374656E3A20214C4927
:100930005354454E000000007063622D3E666C61AA
:10094000677320262054465F5258434C4F5345440A
:10095000000000007463705F6162616E646F6E3AE4
:1009600020696E76616C696420706362000000002B
:100970006E65775F7263765F616E6E5F776E64201F
:100980003C3D203078666666660000007463705FE8
:100990007365747072696F3A20696E76616C696410
:1009A00020706362000000007463705F7365675FAE
:1009B000636F70793A20696E76616C696420736543
:1009C000670000007463705F726563765F6E756CBC
:1009D0006C3A20696E76616C696420706362000015
:1009E0007463705F7063625F70757267653A2069E7
:1009F0006E76616C69642070636200007463705F7E
:100A00007063625F72656D6F76653A20696E7661BC
:100A10006C69642070636200756E61636B6564204D
:100A20007365676D656E7473206C65616B696E6765
:100A3000000000007463705F6E6578745F697373A3
:100A40003A20696E76616C69642070636200000010
:100A500020B7FECEF1C6F7204950A3BA20202025AA
:100A6000642025642025642025640A007063622DBB
:100A70003E726566757365645F64617461203D3DB7
:100A8000204E554C4C0000007463705F70726F63B1
:100A90006573733A20696E76616C69642070636275
:100AA000000000007463705F726563656976653A83
:100AB00020696E76616C69642070636200000000DA
:100AC0007463705F726563656976653A2077726FEB
:100AD0006E67207374617465000000007463705F5A
:100AE00070617273656F70743A20696E76616C69BB
:100AF00064207063620000007463705F73656E64ED
:100B00005F66696E3A20696E76616C696420706315
:100B1000620000007463705F7265786D69745F7263
:100B2000746F3A20696E76616C696420706362004C
:100B30007463705F7273743A20696E76616C696475
:100B4000206C6F63616C5F69700000007463705F9C
:100B50007273743A20696E76616C69642072656D97
:100B60006F74655F697000007463705F6B656570BA
:100B7000616C6976653A20696E76616C6964207093
:100B8000636200007564705F696E7075743A206905
:100B90006E76616C6964206E6574696600000000A1
:100BA000706275665F72656D6F76655F68656164BA
:100BB0006572206661696C65640A00007564705F27
:100BC00073656E64746F5F69663A20696E76616CF6
:100BD00069642070636200007564705F73656E64A1
:100BE000746F5F69663A20696E76616C6964207023
:100BF000627566007564705F636F6E6E6563743AEC
:100C000020696E76616C6964207063620000000088
:100C10007564705F636F6E6E6563743A20696E769B
:100C2000616C6964206970616464720053746174FA
:100C3000696320495020616464726573733A2025AA
:100C4000730A0000646863705F62696E643A2064CE
:100C500068637020213D204E554C4C006F766572C4
:100C60006C6F616420696E2066696C652F736E61BC
:100C70006D6500006465636F64655F6C656E20255B
:100C8000252034203D3D2030000000006172705F5F
:100C90007461626C655B695D2E71203D3D204E552F
:100CA0004C4C0000B6CFBFAACDF8CFDFA3ACD0E844
:100CB000D6D8C1ACC1ACBDD30A000000706C75675A
:100CC0005F686F6C65733A206D656D203E3D2072E4
:100CD000616D00006D656D5F7472696D3A206C65C1
:100CE00067616C206D656D6F72790000706275666A
:100CF0005F7265616C6C6F633A207020213D204EFD
:100D0000554C4C00706275665F7265616C6C6F6308
:100D10003A207120213D204E554C4C007062756682
:100D20005F667265653A20702D3E726566203E20D2
:100D3000300000006F66667365745F746F203C3D21
:100D400020705F746F2D3E6C656E0000706275667A
:100D50005F74616B653A20696E76616C69642062CC
:100D600075660000706275665F74616B653A206934
:100D70006E76616C696420706275660064696420D7
:100D80006E6F7420636F707920616C6C2064617485
:100D9000610000007063622D3E7374617465203DD4
:100DA0003D204C495354454E000000007463705F71
:100DB000636C6F73653A20696E76616C696420704C
:100DC000636200007463705F62696E643A20696EEA
:100DD00076616C6964207063620000007463705F08
:100DE0007265637665643A20696E76616C69642029
:100DF000706362007463705F706F6C6C3A20696E30
:100E000076616C696420706362000000756E7365C2
:100E10006E74207365676D656E7473206C65616BAD
:100E2000696E67006F6F736571207365676D656EBE
:100E30007473206C65616B696E6700006B65793156
:100E4000BCFCB0B4CFC2A3ACB7A2CBCDCAFDBEDD53
:100E50000A0000007463705F7365727665725F727A
:100E60006563766275663D25730A00007463705F82
:100E7000696E7075743A20696E76616C6964207071
:100E8000627566007063622D3E736E645F71756596
:100E900075656C656E203E2030000000702D3E743C
:100EA0006F745F6C656E203E3D206F70746C656E74
:100EB000000000007463705F77726974653A20699E
:100EC0006E76616C69642070636200006D73735F9D
:100ED0006C6F63616C20697320746F6F20736D6138
:100EE0006C6C00007365672D3E74637068647220DB
:100EF0006E6F7420616C69676E6564007463705F07
:100F00006F75747075743A20696E76616C696420CF
:100F100070636200525354206E6F74206578706560
:100F20006374656420686572652100007463705F96
:100F30007265786D69743A20696E76616C696420B7
:100F4000706362007564705F696E7075743A2069D1
:100F50006E76616C69642070627566007564705F9E
:100F600062696E643A20696E76616C6964207063B0
:100F7000620000007564705F726563763A20696E86
:100F800076616C6964207063620000007564705F54
:100F900072656D6F76653A20696E76616C69642062
:100FA0007063620038B504460D46284600F006F826
:100FB000A84218BF0024204632BD00000149FCF7BA
:100FC00082BC00BF00000020444843502054696D9B
:100FD000656F7574202121200A000000696E76611A
:100FE0006C696420646863702D3E7374617465007D
:100FF0006C656E203E3D206465636F64655F6C6563
:101000006E000000636865636B206465636F6465F0
:101010005F69647800000000696E76616C69642025
:101020006465636F64655F6C656E00006E657874FF
:10103000207062756620776173206E756C6C00009D
:1010400069203C204152505F5441424C455F534916
:101050005A4500006475706C65783D257820737082
:101060006565643D25780A00707265762D3E6E6573
:101070007874203D3D20697072000000D3B2CAAF81
:101080004C7769702044484350B2E2CAD40A000049
:10109000696E76616C6964206E6578742070747214
:1010A00000000000696E76616C696420706F6F6C7F
:1010B00020646573630000006E6574696620616C6E
:1010C000726561647920616464656400696E76614B
:1010D0006C696420706275665F74797065000000E9
:1010E000696E76616C6964207062756620747970CF
:1010F000650000007062756620726566206F766517
:1011000072666C6F77000000706275665F636F7067
:1011100079206661696C6564000000007463705F2B
:10112000667265653A204C495354454E00000000F4
:1011300020B7FECEF1C6F720706F7274A3BA256493
:101140000A0000006E6F207365676D656E74207411
:101150006F206672656500006E65656420756E635C
:101160006861696E6564207062756600707265768C
:101170005F73656720213D204E554C4C00000000F8
:101180006F7074696F6E73206E6F742066696C6C1B
:1011900065640000444843505F73746174653D2585
:1011A000640A0000B3C9B9A6C1ACBDD3CDF8BFA8CD
:1011B0000A0000006E6574696620213D204E554C82
:1011C0004C00000069706164647220213D204E551E
:1011D0004C4C00006E6574696620213D204E554CD4
:1011E0004C00000074797065206F766572666C6FD4
:1011F00077000000455448B3F5CABCBBAFB3C9B9CA
:10120000A60A0000455448B3F5CABCBBAFCAA7B094
:10121000DC0A00006E6574696620213D204E554C45
:101220004C00000073616E69747920636865636BBC
:1012300000000000702D3E6C656E203E3D20706FFA
:1012400066660000696E76616C696420706F696E15
:1012500074657200702D3E6E657874203D3D204EA1
:10126000554C4C00705F746F20213D204E554C4C06
:101270000000000000000000000000000102030464
:1012800006070809696E76616C696420737461747D
:1012900065000000010203040506070707070707AA
:1012A0000700000008850020048500200C85002030
:1012B0001085002020B4B4BDA8D0C2544350B3C997
:1012C000B9A60A0020544350B0F3B6A8B3C9B9A6D2
:1012D0000A00000020BDF8C8EBBCE0CCFDD7B4CCC0
:1012E000AC0A0000B6CFBFAA746370C1B4BDD30A04
:1012F00000000000702D3E6E65787420213D204E68
:10130000554C4C00696E7365672E7020213D204E50
:10131000554C4C00696E73616E65206F666673652F
:10132000742100007062756620746F6F2073686F9F
:10133000727421006F76657273697A65203D3D2075
:101340003000000073706C6974203C3D206D737335
:1013500000000000757365672D3E6C656E203E20B1
:10136000300000000148804701480047751301081C
:10137000A51401080248016851F47001016070472A
:1013800088ED00E06C656E203D3D203400000000DB
:101390006C656E203D3D2031000000007120213D34
:1013A000204E554C4C00000020060C00A4000020EC
:1013B000BC840020702D3E726566203D3D203100CA
:1013C0007072657620213D2069707200697072200C
:1013D000213D204E554C4C007020213D204E554C57
:1013E0004C00000070637220213D204E554C4C0093
:1013F000706372203D3D207000000000200004005A
:101400006C810020D08400209C00050080760020A4
:10141000D48400201C000800F47D0020D884002023
:1014200010001000FC7A0020DC8400202000050061
:10143000887F0020E084002018000F0090790020B1
:10144000E484002010000500D8820020E8840020F9
:1014500010001000007C0020EC84002060021000CE
:10146000284A0020F08400207020213D204E554C59
:101470004C00000070636220213D204E554C4C0012
:1014800061726720213D204E554C4C00702D3E6C02
:10149000656E203D3D203000736567203D3D204E48
:1014A000554C4C00AFF30080FEF75EFEFFF720F9CD
:1014B000FFFFFFFFFFFF0000000000000000000032
:1014C000000000000102030403060C1830607800DD
:1014D000756E61636B656400756E73656E74000094
:1014E00000000000FFFFFFFF00002E00FFF7FEBF1F
:1014F000FFF7FEBFFFF7FEBFFFF7FEBFFFF7FEBF20
:10150000FFF7FEBFFFF7FEBFFFF7FEBFFFF7FEBF0F
:10151000FFF7FEBFFFF7FEBFFFF7FEBFFFF7FEBFFF
:10152000FFF7FEBFFFF7FEBFFFF7FEBFFFF7FEBFEF
:10153000FFF7FEBFFFF7FEBFFFF7FEBFFFF7FEBFDF
:10154000FFF7FEBFFFF7FEBFFFF7FEBFFFF7FEBFCF
:10155000FFF7FEBFFFF7FEBFFFF7FEBFFFF7FEBFBF
:10156000FFF7FEBFFFF7FEBFFFF7FEBFFFF7FEBFAF
:10157000FFF7FEBFFFF7FEBFFFF7FEBFFFF7FEBF9F
:10158000FFF7FEBFFFF7FEBFFFF7FEBFFFF7FEBF8F
:10159000FFF7FEBFFFF7FEBFFFF7FEBFFFF7FEBF7F
:1015A000FFF7FEBFFFF7FEBFFFF7FEBFFFF7FEBF6F
:1015B000FFF7FEBFFFF7FEBFFFF7FEBFFFF7FEBF5F
:1015C000FFF7FEBFFFF7FEBFFFF7FEBFFFF7FEBF4F
:1015D000FFF7FEBFFFF7FEBFFFF7FEBFFFF7FEBF3F
:1015E000FFF7FEBFFFF7FEBFFFF7FEBFFFF7FEBF2F
:1015F000FFF7FEBFFFF7FEBFFFF7FEBFFFF7FEBF1F
:10160000FFF7FEBFFFF7FEBFFFF7FEBFFFF7FEBF0E
:10161000FFF7FEBFFFF7FEBFFFF7FEBFFFF7FEBFFE
:10162000FFF7FEBFFFF7FEBFFFF7FEBF0204010199
:101630002C8300207C8300202C8300202C8300201E
:10164000000000002C830020000000004400002067
:10165000300000200000000000000000000000003A
:10166000000000000000000000000000000000007A
:1016700000000000E8140108E8140108E81401085B
:10168000E8140108E8140108E8140108E814010846
:10169000FFFFFFFFFFFFFFFFEA140108E814010846
:1016A000E8140108FFFFFFFFFFFF0000000000003B
:1016B0000100000001031C00100000000024F400E1
:1016C0006E190000F003010800C000C00100000016
:04000005080114A535
:00000001FF
