:020000040800F2
:10000000207E00209D010008E121000863210008F6
:10001000DD21000829030008DB250008000000009E
:100020000000000000000000000000003B2200086B
:10003000A105000800000000392200083D22000848
:10004000B7010008B7010008B7010008B7010008B0
:10005000B7010008B7010008B7010008B7010008A0
:10006000B7010008B7010008B7010008B701000890
:10007000B7010008B7010008B7010008B701000880
:10008000B7010008B7010008B7010008B701000870
:10009000B7010008B7010008B7010008B701000860
:1000A000B7010008B7010008B7010008B701000850
:1000B000B7010008B7010008B7010008B701000840
:1000C000B7010008B7010008B7010008B701000830
:1000D000B7010008B7010008B7010008B701000820
:1000E000B7010008B7010008B7010008B701000810
:1000F000B7010008B7010008B7010008B701000800
:10010000B7010008B7010008B7010008B7010008EF
:10011000B7010008B7010008B7010008B7010008DF
:10012000B7010008B7010008B7010008B7010008CF
:10013000B7010008B1060008B7010008B7010008C0
:10014000B7010008B7010008B7010008B7010008AF
:10015000B7010008B7010008B7010008B70100089F
:10016000B7010008B7010008B7010008B70100088F
:10017000B7010008B7010008B7010008000000003F
:10018000B7010008B7010008DFF80CD000F0BAF89A
:10019000004800478D750008207E002006488047F3
:1001A00006480047FEE7FEE7FEE7FEE7FEE7FEE75C
:1001B000FEE7FEE7FEE7FEE70923000889010008E5
:1001C0002DE9F05F0546002092469B46884606468C
:1001D000814640241BE0284641464746224600F01F
:1001E00081F853465A46C01A914110D31146184619
:1001F000224600F068F82D1A67EB01084F462246A8
:100200000120002100F05FF817EB00094E41201E8D
:10021000A4F10104DFDC484631462A464346BDE8E6
:10022000F09F00000649074A0868504343F239022C
:10023000104408604008704701490860704700009A
:10024000E00000206D4EC64110B5431A934209D21A
:100250008318881803E010F8011D03F8011D521ED1
:10026000F9D210BD40EA01039B0703D009E008C999
:10027000121F08C0042AFAD203E011F8013B00F86B
:10028000013B521EF9D210BDD2B201E000F8012BA1
:10029000491EFBD270470022F6E710B513460A4606
:1002A00004461946FFF7F0FF204610BD30B504465E
:1002B0000020034600E05B1C934203D2E05CCD5C6F
:1002C000401BF8D030BD202A04DB203A00FA02F1AE
:1002D000002070479140C2F1200320FA03F3194334
:1002E00090407047202A04DB203A21FA02F00021D6
:1002F000704721FA02F3D040C2F120029140084336
:1003000019467047064C074D06E0E06840F00103CF
:1003100094E8070098471034AC42F6D3FFF738FF53
:100320000C0201082C02010800BFFEE710B50446CC
:1003300001F08CF906490968401AB0F5FA7F06D336
:1003400001F084F902490860204600F003F810BD6E
:10035000080000202DE9F04387B004460025002660
:1003600000274E480078012804D002280CD0052828
:100370007DD187E0022049490870204604F01AF830
:1003800047A002F02DF985E0444801784EA002F024
:1003900027F9204604F0C0F800284DD003203F493B
:1003A0000870656800204C49C87088704870022049
:1003B00008700846C0780090084683784278017833
:1003C00046A002F00DF9290E43484172290C017232
:1003D000290AC17101468D71407A00900846037A5E
:1003E000C279817946A002F0FBF8A668310E3A483E
:1003F0004173310C0173310AC17201468E72407B28
:1004000000900846037BC27A817A45A002F0E8F8A2
:10041000E768390E30484174390C0174390AC173E8
:1004200001468F73407C00900846037CC27B817B31
:1004300044A002F0D5F824E0D4F8248098F806000F
:1004400004281EDD042015490870204604F05EF8DB
:10045000454860606FF07F40A0604448E060201D28
:1004600006F074FA81464A4641A102A800E010E075
:1004700002F0C6F83FA002F0B3F802A942A002F0D1
:10048000AFF807E0204604F041F800200349087067
:1004900000E000BF00BF07B0BDE8F0830C00002003
:1004A000202053746174653A204C6F6F6B696E67DE
:1004B00020666F72204448435020736572766572DF
:1004C000202E2E2E0A000000444843505F737461B2
:1004D00074653D25640A0000CC340020204D414362
:1004E0002020B5D8D6B73A20202020202020202058
:1004F00025642025642025642025640A000000006E
:100500002044484350204745542049503A20202059
:1005100020202025642025642025642025640A00ED
:1005200020444843502047455420D7D3CDF8D1DA52
:10053000C2EB3A2025642025642025642025640A26
:100540000000000020444843502047455420C4ACDC
:10055000C8CFCDF8B9D83A20256420256420256479
:100560002025640A00000000C0A80134C0A80101D1
:1005700025730000444843502054696D656F7574BD
:10058000202121200A00000053746174696320490E
:100590005020616464726573733A2025730A000009
:1005A000704710B50146002226E002EB82040B6979
:1005B00003EBC4000023036043608360C3600362F5
:1005C00043624FF00043036044F2F85343604368D2
:1005D00023F00043436001F1480343F82200032A5B
:1005E00007D202EB82040B6903EBC4032833C36018
:1005F00001E00B69C360521C042AD6D30024CC65E9
:100600000C668C66CC668C650B6803F580530C69B0
:10061000DC6010BD10B50146002222E002EB82042E
:10062000CB6803EBC4000023036043608360C360B6
:1006300001F1180343F82200036843F480130360B8
:10064000032A07D202EB8204CB6803EBC4032833EE
:10065000C36001E0CB68C360036843F440030360F8
:10066000521C042ADAD300248C620B6803F58053F1
:10067000CC681C6110BD38B504460020009020688D
:1006800000F58050806940F48011206800F58050AA
:100690008161206800F5805080690090012000F0A1
:1006A00029FB0099206800F58050816138BD000069
:1006B00010B506F0A9FE4FF480310648006800F539
:1006C0008050416140210348006800F5805041613D
:1006D00010BD0000E433002030B50346147955798D
:1006E00044EA0520084C0C442064D478240695780C
:1006F00044EA0544557844EA0524157844EA05009F
:10070000014C0C44606430BD0080024010B5A4B0C0
:10071000044601208DF83C008DF83D0000200D902E
:100720008DF84B0001208DF84A0000208DF848001C
:1007300001208DF8300000208DF84C008DF83B0032
:1007400014908DF854001D908DF878001F908DF84E
:1007500082008DF880004FF480401090C0101190FE
:1007600000208DF881000BA9204600F087F90120B8
:100770008DF80C008DF80D008DF81D008DF80E0021
:10078000002005908DF81C008DF81E0008900120B7
:100790008DF824008DF8040000040290800106907A
:1007A0004012049001208DF8250000200A9000904E
:1007B0006946204600F002F924B010BD70B5044629
:1007C0000D462B4622460021044800F0C6FC10B11D
:1007D0004FF0FF3070BD0020FCE70000E433002044
:1007E00070B504460D462E46334622460021044885
:1007F00000F0F8FD10B14FF0FF3070BD0020FCE7B5
:10080000E43300202DE9F04F80460C46164608F1EF
:1008100018031A69D3F810904FF0000C53F8221007
:10082000A568E246086800F00040B0F1004F04D02F
:1008300003F1140050F8220010B10220BDE8F08F3F
:100840000CF1010C2868886048686FF30C00D5F83B
:1008500004B040EA0B004860207800F0010038B195
:10086000086820F44000D4F814B040EA0B00086097
:10087000207800F0200038B1086820F04060D4F8FB
:1008800010B040EA0B000860207800F0040018B1B6
:10089000086840F080000860086840F080500860F8
:1008A00000BF00BF00BFBFF35F8F00BF00BF00BF2E
:1008B000086840F0004008605DE0086820F00050E3
:1008C000086026B1086840F08040086003E00868CE
:1008D00020F08040086000BF521C042A00D3121F81
:1008E00000BF53F82210086820F0805008600868A4
:1008F00000F00040B0F1004F04D003F1140050F8B4
:100900002200E8B14A4653F82210002714E000BF45
:1009100000BF00BFBFF35F8F00BF00BF00BF08680C
:1009200020F00040086000BF521C042A00D3121FB0
:1009300000BF53F822107F1C6745E8D302207DE7F3
:100940000CF1010CAD682868886048686FF30C00F2
:10095000D5F804B040EA0B0048600AF1010A00BF74
:1009600000BF00BFBFF35F8F00BF00BF00BF0868BC
:1009700040F000400860A86800289ED126B10868B1
:1009800040F08040086003E0086820F08040086084
:10099000086840F00050086003F11400D3F824B058
:1009A00040F822B01A6172B60AF10100D3F828B0FB
:1009B0005844986262B6002040E7000070B50546D2
:1009C0000C46286800F5805086692B480640207B3D
:1009D00008B9012000E000208006617B40EA416008
:1009E000617F09B9012100E0002140EA0150A17BAB
:1009F00040EA415061690843217F40EAC110A17F6C
:100A000040EA8110216A084394F8241040EA8100EA
:100A10000643286800F580508661286800F58050FC
:100A20008669012000F066F9286800F5805086612B
:100A30002179A06840EA4160A1690843216908431F
:100A400094F8251040EAC110A16A40EA81002168AB
:100A5000084340F40001286800F5805001602868D0
:100A600000F580500668012000F044F9286800F580
:100A70008050066070BD0000233FDEF870B505466B
:100A80000C46286806683A480640207C08B90120D0
:100A900000E00020C005617C09B9012100E00021CF
:100AA00040EA8150A1680843E17F40EA0140616962
:100AB0000843A17F09B9012100E0002140EA41304B
:100AC000217F40EA0130A1690843217940EA812071
:100AD00094F8201009B9012100E0002140EA4120EA
:100AE000E17B40EAC110616A084394F8281040EAAB
:100AF000011006432868066028680668012000F097
:100B0000F9F828680660286886694FF64170064043
:100B1000A06C000494F84C1009B9012100E00021F8
:100B200040EAC110216D084394F85510012900D105
:100B300000E0002140EAC10094F85610012900D1DC
:100B400000E0002140EA810094F85410012900D10E
:100B500000E0002140EA41000643286886612868D9
:100B60008669012000F0C6F82868866170BD000023
:100B70000F8120FF2DE9F8430446002000904FF03C
:100B80000108A66E04F1480050F82650E76E2FE0E9
:100B9000286A58B9684600F015FB009810B94FF064
:100BA000000803E0009828620098A860B8F1000FE0
:100BB0001ED0A06D10B91648686002E044F2F850EB
:100BC000686000BF00BF00BFBFF35F8F00BF00BF02
:100BD00000BF286840F00040286000BF761C042E4B
:100BE00000D3361F00BF04F1480050F826507F1E86
:100BF00017B1B8F1000FCBD1E06EB84206D000219A
:100C0000206800F580508160A666E766BDE8F8833D
:100C1000F845008008B50020009069460120FFF7E4
:100C2000CDFD69460120FFF7C9FD009800F00400E2
:100C300008B9012008BD69460020FFF7BFFD0098F4
:100C400000F48050B0F5805F1FD0009800F4005091
:100C5000B0F5005F07D1009800F48070B0F5807F98
:100C600001D10220E6E7009800F40050B0F5005FE3
:100C700001D10320DEE7009800F48070B0F5807F9A
:100C800001D10420D6E70520D4E769461F20FFF7ED
:100C900095FD009800F4805008B90620CAE7009836
:100CA00000F01C00182801D10220C3E7009800F0D2
:100CB0001C00082801D10320BCE7009800F01C00AC
:100CC000142801D10420B5E70520B3E710B5044688
:100CD00000F0BCFC06490968401A642806D300F0FD
:100CE000B5FC03490860204604F036FD10BD000045
:100CF0001000002070B5044600F0A8FC064625460A
:100D0000681C10B104480078054400BF00F09EFC48
:100D1000801BA842FAD370BD1C000020024609B90E
:100D20000120704710680068C0F3001081F82800A7
:100D30001068006800F06000486210680068C0F346
:100D4000402080F0010081F8200010680068C0F3A6
:100D50000040C87710680068C0F3403080F00100A0
:100D6000887710680068C0F3003008771068006862
:100D700000F4006088611068006800F480404861F9
:100D800010680068C0F3805080F00100487410685B
:100D90000068C0F3C05080F001000874106800685B
:100DA000C0F3C010C8731068006800F46020886049
:100DB00010680068C0F38020087110688069C0F373
:100DC000400081F8540010688069C0F3C01080F0C2
:100DD000010081F84C001068806900F0300008655F
:100DE00010688069000C886410688069C0F3800016
:100DF00081F8560010688069C0F3C00081F8550082
:100E000000208EE738B504460CB9012038BDD4F86F
:100E1000840028B92320C4F88400204600F05CF840
:100E200000BF002000902A48006840F48040284914
:100E300008600846006800F48040009000BF00BFD2
:100E40002448006820F40000224908600846006831
:100E5000A16808431F49086008460068206800F53B
:100E60008050006840F00101206800F5805001606A
:100E700000F0ECFB05460DE000F0E8FB401BB0F590
:100E8000FA7F07D90420C4F88800E020C4F8840061
:100E90000120BBE7206800F58050006800F00100E9
:100EA0000028E9D12046FFF731FC2046FFF7B2FBCE
:100EB0002046FFF776FB002120466268FFF70CFC16
:100EC0000020C4F888001020C4F8840000209DE7AA
:100ED000443802400438014010B586B0044600BFD3
:100EE000002000905748006840F001005549086014
:100EF0000846006800F00100009000BF00BF00BF7E
:100F0000002000900846006840F004000860084691
:100F1000006800F00400009000BF00BF00BF002088
:100F200000900846006840F002000860084600682B
:100F300000F00200009000BF00BF00BF0020009042
:100F40000846006840F0400008600846006800F06D
:100F50004000009000BF00BF00BF00BF0020009015
:100F60000846006840F0007008600846006800F01D
:100F70000070009000BF00BF00BF00200090084636
:100F8000006840F0806008600846006800F08060FB
:100F9000009000BF00BF00BF00200090084600681E
:100FA00040F0006008600846006800F000600090B3
:100FB00000BF00BF00BF01220421234800F040FB16
:100FC0000420019001200290002003900220049050
:100FD00001A91D4800F03AFA322001900220029047
:100FE00000200390032004900B20059001A91748CE
:100FF00000F02CFA8620019002200290002003903D
:10100000032004900B20059001A9114800F01EFA5E
:101010004FF4D04001900220029000200390032062
:1010200004900B20059001A90A4800F00FFA002255
:1010300001213D2000F094FB3D2000F081FB06B033
:1010400010BD000030380240000402400008024099
:1010500000000240001802402DE9F05F04460F46F0
:101060004FF00008C34647B9D4F8880040F00100AB
:10107000C4F888000120BDE8F09FD4F8840023283C
:1010800001D00120F7E7E66D04F1480050F8265042
:10109000E06EC0F1040942E0286800F4807018B1E5
:1010A000A969A167E9696167286800F4007008B957
:1010B000E06F40B3286800F4007010B10021216691
:1010C0006166D4F814A0286800F4807040B12868E4
:1010D000C0F30D40A0F1040A296821674FF0010B0D
:1010E000A86828621FFA8AF304F18001081F2A6A9F
:1010F00000F08CF8206E401C2066606E00EB0A0148
:1011000061660020286200BF761C042E00D3361FC3
:1011100000BF04F1480050F8265008F10108286883
:1011200000F0004020B9C84502D2BBF1000FB3D097
:10113000E06E00EB0801E166E06E10B12046FFF7BB
:1011400019FDE665BBF1010F05D1E06F38600021A4
:10115000E16700208FE701208DE72DE9F047054684
:101160000E46174698462868046904F01C044FF49C
:10117000784000EAC62004434FF4F86000EA871084
:10118000044324F0020444F001042868046100F0E0
:101190005DFA81460BE000F059FAA0EB0900B0F5CA
:1011A000803F02D30120BDE8F0872868046904F07D
:1011B00001000028EFD12868406980B2C8F800001B
:1011C0000020F0E77CB504460D4806F0DBFE05463E
:1011D00085B105F1200020600A4828614FF47A713A
:1011E00020682B464122CDE900010021084607F086
:1011F00055FD04E0012004490870002020607CBDFA
:101200002CFF00081D94000804000020F0B50446DF
:101210000D4621462E460020A2F12000002707603F
:10122000078143810F680FB9086001E037683860B3
:101230003060086803E007891F44078100680028C0
:10124000F9D1F0BD70B504460D460DB9012070BD51
:10125000D4F88400102805D129462046FFF70EFC5B
:101260000020F4E70120F2E770B50446D4F88400CA
:1012700010283DD12320C4F884000421E1662046D3
:10128000FFF778FC2068006840F0080021680860DB
:10129000206805680120FFF72DFD206805602068A3
:1012A000006840F00400216808602068056801209B
:1012B000FFF720FD206805602046FFF7DCF9206875
:1012C00000F58050806940F40051206800F580509E
:1012D0008161206800F58050806940F0020120683B
:1012E00000F5805081612320C4F88400002070BD87
:1012F0000120FCE72DE9F041044688461546B8F187
:10130000000F08D1D4F8880040F00100C4F888002C
:101310000120BDE8F081D4F88400232860D10022A8
:1013200041462046FFF76EFA38B1D4F8880040F005
:101330000200C4F888000120EBE700BF00BF00BF37
:10134000BFF34F8F00BF00BF00BF04F11800A16AB8
:1013500050F8217000BFA06A401CA062A06A042857
:1013600002D3A06A001FA06200BF04F11800A16AA6
:1013700050F82110206800F58050416000F066F9B7
:10138000064627E0206800F58050406900F40050D0
:1013900068B1D4F8880040F00800C4F888002068DC
:1013A00000F580504069C4F88C000120B1E7681C4A
:1013B00080B100F04BF9801BA84200D855B9D4F891
:1013C000880040F00400C4F888004FF040503860B6
:1013D00001209EE7386800F000400028D2D198E74D
:1013E000012096E72DE9F04705460E461746984638
:1013F0002868046904F01C044FF4784000EAC62011
:1014000004434FF4F86000EA8710044344F00204F8
:1014100044F001041FFA88F02968486128680461D3
:1014200000F014F981460BE000F010F9A0EB090080
:10143000B0F5803F02D30120BDE8F0872868046939
:1014400004F001000028EFD100BFF5E7F8B502462F
:101450000B460025002400200021D6E0012606FAD4
:1014600001F51E6806EA0504AC4274D11E7906F047
:101470000306012E04D01E7906F00306022E13D1B6
:1014800090684F000326BE40B0434F00DE68BE4068
:1014900030439060506801268E40B0431E79C6F3F9
:1014A00000168E40304350601E7906F00306032E6E
:1014B00009D0D0684F000326BE40B0434F009E685D
:1014C000BE403043D0601E7906F00306022E13D1D1
:1014D000CF0802F1200656F827004E07F70E0F2618
:1014E000BE40B0434F07FF0E1E69BE403043CF08D9
:1014F00002F1200646F8270010684F000326BE4080
:10150000B0431E7906F003064F00BE403043106022
:101510005E6806F44036002E76D000BF00260096A6
:101520003C4E366846F480463A4F3E603E4636684A
:1015300006F48046009600BF00BF374E8F0856F86D
:1015400027008E07370F0F26BE40B043334EB242FE
:1015500002D1002624E057E0314EB24201D10126EB
:101560001EE0304EB24201D1022619E02E4EB242A8
:1015700001D1032614E02D4EB24201D104260FE022
:101580002B4EB24201D105260AE02A4EB24201D1C9
:10159000062605E0284EB24201D1072600E00826C3
:1015A0008F073F0FBE4030431B4E8F0846F8270081
:1015B000224E3068A0435E6806F4801606B12043D0
:1015C0001E4E3060361D3068A0435E6806F400167B
:1015D00006B12043194E361D3060184E361F306854
:1015E000A0435E6806F4003606B12043134E361F52
:1015F0003060361F3068A0435E6806F4803606B15E
:1016000020430E4E083E3060491C1029FFF426AFDF
:10161000F8BD000044380240083801400000024094
:101620000004024000080240000C0240001002408A
:101630000014024000180240001C0240083C014017
:101640000AB1816101E00B048361704701480068C1
:10165000704700001400002003480068034909781F
:101660000844014908607047140000201C00002055
:1016700010B50D48006840F400700B49086008463A
:10168000006840F4806008600846006840F480709C
:101690000860032000F0A2F80F2000F007F800F027
:1016A0002BF8002010BD0000003C024070B504463D
:1016B0000E4800784FF47A71B1FBF0F00C490968DC
:1016C000B1FBF0F5284600F058FC08B1012070BDD0
:1016D000102C07D200222146501E00F041F8054888
:1016E000046001E00120F2E70020F0E71C00002088
:1016F000200000201800002008B500BF0020009046
:101700000E48006840F480400C49086008460068B4
:1017100000F48040009000BF00BF00BF0020009098
:10172000081F006840F08050091F086008460068E4
:1017300000F08050009000BF00BF08BD4438024058
:1017400001460846002809DB00F01F0301229A40E9
:1017500043099B0003F1E023C3F8002100BF704759
:101760002DE9F05F80460D461646002700F05CFF2D
:10177000074639462A46334601F00700C0F1070AFA
:10178000BAF1040F02D94FF0040A01E0C0F1070AD0
:10179000D14600F1040ABAF1070F02D24FF0000A55
:1017A00001E0A0F1030AD4464FF0010A0AFA09FA4F
:1017B000AAF1010A0AEA020A0AFA0CFA4FF0010B2E
:1017C0000BFA0CFBABF1010B0BEA030B4AEA0B041F
:1017D0002146404600F030FFBDE8F09F00BF00F01A
:1017E0000702064B19684FF6FF031940044B0B43E1
:1017F00043EA0221014B196000BF70470CED00E085
:101800000000FA057047000070B504460D460CB99B
:10181000012070BD5848006800F00700A84209D2B6
:1018200055490D700846006800F00700A84201D035
:101830000120EEE7207800F0020002281DD1207878
:1018400000F00400042805D14C48006840F4E05042
:101850004A490860207800F00800082805D1474868
:10186000006840F46040454908604448006820F042
:10187000F000A168084341490860207800F00100A9
:10188000A8B36068012807D13C4808380068C0F355
:101890004040B8B90120BCE76068022802D0606807
:1018A000032807D1354808380068C0F3406048B9BC
:1018B0000120AEE7314808380068C0F3400008B99D
:1018C0000120A6E72D48006820F003006168084366
:1018D0002A490860FFF7BAFE064609E0FFF7B6FEA0
:1018E000801B41F28831884202D9032091E707E04A
:1018F0002248006800F00C006168B0EB810FEDD168
:101900001D48006800F00700A84209D91A490D7067
:101910000846006800F00700A84201D0012078E7DF
:10192000207800F00400042807D11448006820F44F
:10193000E050E168084311490860207800F0080091
:10194000082808D10D48006820F46040216940EA69
:10195000C1000A49086000F045F808490968C1F368
:101960000311074A515CC8400649086006480068F0
:10197000FFF79CFE00204CE7003C02400838024084
:1019800038FF000820000020180000200120014935
:10199000C864704700004742014800687047000073
:1019A0002000002000B5FFF7F7FF04490968C1F3E4
:1019B0008221034A515CC84000BD00000838024043
:1019C00048FF000800B5FFF7E7FF04490968C1F3C5
:1019D0004231034A515CC84000BD00000838024053
:1019E00048FF00082DE9F047002400250026A14605
:1019F0002548006800F00C0020B1042805D0082814
:101A00003AD105E0DFF8849039E0DFF8849036E0E1
:101A10001D48001F006800F03F041B48001F0068BD
:101A200000F4800078B11A481749091F0968C1F30A
:101A30008811A0FB01700146224600233846FEF7BC
:101A4000BFFB05460EE011480F49091F0968C1F3A5
:101A50008811A0FB01700146224600233846FEF79C
:101A6000AFFB05460848001F0068C0F30140401C5A
:101A70004600B5FBF6F902E0DFF8109000BF00BFAA
:101A80004846BDE8F0870000083802400024F40012
:101A900000127A0010B50648006800F08000802827
:101AA00005D1FFF7AFFE80200149891C087010BDE9
:101AB0000C380240F8B504460CB90120F8BD207876
:101AC00000F00100002874D0F948006800F00C0014
:101AD00004280DD0F648006800F00C00082813D147
:101AE000F348001F006800F48000B0F5800F0BD1B0
:101AF000EF4808380068C0F34040002859D06068BB
:101B0000002856D10120D9E700BF6068B0F5803FBA
:101B100008D1E7480838006840F48030E4490839C3
:101B200008601EE06068B0F5A02F0DD1E0480838CD
:101B3000006840F48020DE490839086008460068E3
:101B400040F4803008600CE0D9480838006820F480
:101B50008030D749083908600846006820F48020A2
:101B6000086000BF606890B1FFF770FD054606E0B1
:101B7000FFF76CFD401B642801D903209EE7CC4889
:101B800008380068C0F340400028F1D011E0FFF7AA
:101B90005DFD054606E0FFF759FD401B642801D9AD
:101BA00003208BE7C24808380068C0F34040002893
:101BB000F1D1207800F0020002285FD1BC48006813
:101BC00000F00C0058B1BA48006800F00C0008287A
:101BD0001CD1B748001F006800F48000B0B9B448B9
:101BE00008380068C0F3400020B1E068012801D047
:101BF000012063E7AE480838006820F0F80021694A
:101C000040EAC100AA490839086037E0E06800B33B
:101C10000120A8490860FFF719FD054606E0FFF717
:101C200015FD401B022801D9032047E7A0480838CA
:101C30000068C0F340000028F1D09D4808380068D3
:101C400020F0F800216940EAC1009949083908608C
:101C500014E0002097490860FFF7F8FC054606E00D
:101C6000FFF7F4FC401B022801D9032026E7904827
:101C700008380068C0F340000028F1D1207800F057
:101C8000080008282CD16069A8B101208A490860A1
:101C9000FFF7DCFC054606E0FFF7D8FC401B0228F6
:101CA00001D903200AE782486C300068C0F3400085
:101CB0000028F1D014E000207F490860FFF7C6FC3F
:101CC000054606E0FFF7C2FC401B022801D90320AD
:101CD000F4E677486C300068C0F340000028F1D18A
:101CE000207800F00400042870D1002770483830B4
:101CF000006800F0805090B900BF002000906C4850
:101D00003830006840F08050694938310860084632
:101D1000006800F08050009000BF00BF01276748B6
:101D2000006800F48070B0B96448006840F48070C6
:101D300062490860FFF78AFC054606E0FFF786FC6B
:101D4000401B022801D90320B8E65C48006800F473
:101D500080700028F2D000BFA068012808D1544844
:101D60006830006840F001005149683108601DE0AA
:101D7000A06805280DD14E486830006840F0040086
:101D80004B49683108600846006840F0010008606F
:101D90000CE047486830006820F001004449683191
:101DA00008600846006820F00400086000BFA068D2
:101DB000A8B1FFF74BFC054609E0FFF747FC401BC5
:101DC00041F28831884202D9032077E626E038487C
:101DD00068300068C0F340000028EED013E0FFF741
:101DE00035FC054608E0FFF731FC401B41F2883125
:101DF000884201D9032061E62D4868300068C0F3AD
:101E000040000028EFD1012F07D129483830006861
:101E100020F0805026493831086000BFA0690028B2
:101E200045D02348006800F00C0008285DD0A06968
:101E3000022845D100201F490866FFF707FC054628
:101E400006E0FFF703FC401B022801D9032035E61A
:101E5000174808380068C0F340600028F1D1D4E981
:101E600007010843616A40EA81110122A06AC2EBBE
:101E7000500041EA00412C20005D41EA00600C491D
:101E8000091F086001200B490866FFF7DFFB0546C4
:101E900006E0FFF7DBFB401B022801D903200DE61B
:101EA000034808380068C0F340600028F1D049E0DA
:101EB0000838024000004742800E47420070004050
:101EC000002021490866FFF7C1FB054606E0FFF741
:101ED000BDFB401B022801D90320EFE51B48006829
:101EE000C0F340600028F2D12CE0A069012800D1A5
:101EF000E4E51648001D0668A069012820D006F414
:101F00008001E06981421BD106F03F01206A8142D5
:101F100016D147F6C0703040616AB0EB811F0FD117
:101F200006F440310122A06AC2EB5000B1EB004F31
:101F300006D106F070612C20005DB1EB006F01D07E
:101F40000120BBE50020B9E500004742003802400F
:101F5000042808D14FF0E021096941F004014FF055
:101F6000E022116107E04FF0E021096921F004014E
:101F70004FF0E02211617047704770B50446254666
:101F8000681EB0F1807F01D301200FE0681E4FF082
:101F9000E02148610F214FF0FF3000F04DFB0020A1
:101FA0004FF0E021886107200861002070BD10B566
:101FB000FFF7E2FF10BD10B504460CB9012010BDBB
:101FC000A06900B100E000BF94F83D0028B90020EE
:101FD00084F83C00204600F027F8242084F83D00D7
:101FE0002068C06820F400502168C860204600F0D6
:101FF00095F92068006920F4904021680861206804
:10200000406920F02A00216848612068C06840F4D7
:1020100000502168C86000202064202084F83D0022
:1020200084F83E000020CAE710B586B00446154982
:102030002068884224D100BF002000901248006828
:1020400040F40020104908600846006800F40020B1
:10205000009000BF00BF08150190022002900120EF
:102060000390032004900820059001A90748FFF77A
:10207000EDF94FF40060019001A90448FFF7E6F97B
:1020800006B010BD004C004040380240000802403D
:102090002DE9F84F04460E46174699464FF0000AC0
:1020A00094F83D0020285AD106B117B90120BDE8A7
:1020B000F88F00BF94F83C00012801D10220F6E718
:1020C000012084F83C0000BF00202064212084F817
:1020D0003D00FFF7BBFA8246A784E784A068B0F50D
:1020E000805F04D1206910B90025B04602E0354672
:1020F0004FF0000800BF002084F83C0000BF1BE048
:102100005346002280212046CDF8009000F01CFAB2
:1021100008B10320CBE745B9B8F80000C0F30800C8
:102120002168486008F1020803E0287821684860C7
:102130006D1CE08C401EE084E08C0028E0D153460A
:10214000002240212046CDF8009000F0FDF908B1B2
:102150000320ACE7202084F83D000020A7E7022000
:10216000A5E700BFFEE708B5002000906946FEF72E
:1021700025FB009840F480500090009881B2002028
:10218000FEF72EFB08BD000008B500BF0020009040
:102190000F48006840F004000D49086008460068D8
:1021A00000F00400009000BF00BF0A480A49086020
:1021B0004FF4E1304860002107488160C16001614F
:1021C0000C21416100218161C161FFF7F4FE08BD6E
:1021D00030380240004C0040E034002000BFFEE7F1
:1021E000FFF758FC00BFFEE700B587B005F050F9D7
:1021F00000200690059004900B480C49002204AB87
:10220000CDE90021029005AA06A9094805F006FFBC
:10221000074806F075F9064803F02AFB054904480B
:1022200006F0DAF907B000BD95560008E559000838
:10223000E8000020715800087047704710B5FFF79C
:102240000BFAFFF7B4FE10BD10B592B000BF00202E
:1022500000902B48006840F08050294908600846EB
:10226000006800F08050009000BF00BF00BF002059
:1022700000902448006840F48040224908600846E5
:10228000006800F48040009000BF00BF012006906D
:102290000004079002200C9041050D9108210E9139
:1022A0004FF4A8710F91022110910721119106A8F6
:1022B000FFF700FC0F200190022002900020039005
:1022C0004FF4A05004904FF480500590052101A8D0
:1022D000FFF79AFAFFF75AFBFFF75EFB4FF47A71AC
:1022E000B0FBF1F42046FFF748FE0420FFF730FE74
:1022F00000221146501EFFF733FA12B010BD000045
:1023000040380240007000400348006840F470000C
:10231000014908607047000088ED00E02DE9F84FA2
:1023200004462068006920F44050E16808432168B1
:1023300008612169A068084361690843E1690843AD
:1023400000902068C06849F20C61884300990843F6
:102350002168C8602068406920F44070A169084382
:102360002168486176492068884203D07549206811
:10237000884203D1FFF726FB814602E0FFF712FBFC
:102380008146E069B0F5004F6CD102206168A0FB86
:10239000015003461920A9FB007001462A46384621
:1023A000FDF70EFF6421B0FBF1F04FEA001A0220A6
:1023B0006168A0FB01510B461920A9FB00712A4658
:1023C0003846FDF7FDFE834602206168A0FB015000
:1023D00003461920A9FB00712A463846FDF7F0FE96
:1023E0006421B0FBF1F000EBC00101EB0010ABEB9E
:1023F0008000322101EBC0006421B0FBF1F000F05D
:10240000F8000AEB400A02206168A0FB0150034675
:102410001920A9FB007001462A463846FDF7D0FE78
:10242000834602206168A0FB015003461920A9FBE6
:1024300000712A463846FDF7C3FE6421B0FBF1F077
:1024400000EBC00101EB0010ABEB8000322101EB8F
:10245000C0006421B0FBF1F000F007005044216897
:1024600088606AE004206168A0FB015003461920DF
:10247000A9FB007001462A463846FDF7A1FE8246B8
:1024800004206168A0FB015003461920A9FB0070DD
:1024900001462A463846FDF793FE6421B0FBF1F071
:1024A00000EBC00101EB0010AAEB8000322101EB30
:1024B00000106421B0FBF1F000F0F00A0420616824
:1024C000A0FB017003461920A9FB00513A4628469B
:1024D000FDF776FE6421B0FBF1F00AEB001A042050
:1024E0006168A0FB01510B461920A9FB00712A4627
:1024F0003846FDF765FE834604206168A0FB015065
:1025000003461920A9FB007001462A463846FDF70C
:1025100057FE6421B0FBF1F000EBC00101EB0010AD
:10252000ABEB8000322101EB00106421B0FBF1F035
:1025300000F00F00504421688860BDE8F88F00006B
:1025400000100140001401402DE9F04104460D4601
:1025500017469846069E34E0701C88B32EB1FFF7EC
:1025600075F8A0EB0800B0422BD900BF00BF21686E
:102570000C3151E8001F21F4D07021680C3141E882
:102580000002002AF3D100BF00BF00BF2168143150
:1025900051E8001F21F001002168143141E80002D8
:1025A000002AF3D100BF202084F83D0084F83E00CB
:1025B00000BF002084F83C0000BF0320BDE8F0818C
:1025C000FFE7206800682840A84201D1012000E010
:1025D0000020B842C0D00020F0E700BFFEE70000B6
:1025E0000FB4054B10B503A9044A029800F048F84F
:1025F00010BC5DF814FB00009D5A0008E4000020A8
:102600000FB4084B10B504A902AA039800F038F8DB
:10261000044602A9002000F093F9204610BC5DF8A2
:1026200014FB00004129000802480068C0F30220A2
:10263000704700000CED00E010B5002804DB0A072D
:10264000130E054A135406E00A07140E034A00F05D
:102650000F031B1FD45410BD00E400E018ED00E090
:1026600002E008C8121F08C1002AFAD1704770475B
:10267000002001E001C1121F002AFBD170470000B9
:102680002DE9FF4F8DB09B460F460446002606E01D
:1026900025280BD05A460F999047641C761C207849
:1026A0000028F5D111B03046BDE8F08F0025A846CE
:1026B0000122984900E0054314F8013F203B02FA4B
:1026C00003F00842F7D120782E2817D114F8010F13
:1026D00045F004052A280ED06FF02F022078A0F1D3
:1026E000300109290AD808EB880102EB410100EB0F
:1026F0000108641CF2E757F8048B641C20786C28EE
:102700000DD004DC4C2812D06A2811D104E07428C2
:102710000DD07A280CD10AE045F4001507E0617865
:1027200045F48015814202D1641C05F58015641CB6
:102730002278692A45D008DC002AB3D0582A69D00B
:10274000632A10D0642A08D13BE0702A67D0732A2C
:1027500013D0752A5CD0782A5CD010465A460F995F
:102760009047761CD3E017F8040B8DF8000000208A
:102770008DF80100E946012003E057F8049B4FF073
:10278000FF3069074FF0000501D40AE06D1C454594
:102790000DDA8542FADB19F805100029F6D106E0BA
:1027A0006D1C8542FCDB19F805100029F8D12E4478
:1027B00004E019F8010B5A460F9990476D1EF8D2A4
:1027C000A5E00A200021CDE90801C5F30250022846
:1027D0000DD001CFC117031E71F100030DDA4FF0C8
:1027E000000CD0EB0C006CEB01012D2308E0FF1D69
:1027F00027F00707F7E80201EDE72B0504D52B23A7
:102800008DF8283001233BE0EB0739D02023F7E790
:102810000A2000E010200021CDE9080107E0102087
:10282000002145F00405CDE908014FF00808C5F383
:10283000025002280FD001CF00214FF0000A2B07D1
:102840001FD5702A0DD0DDE908C38CF0100C5CEAAE
:10285000030C0CD015E0FF1D27F00707F7E8020175
:10286000EBE740228DF828204FF0010A0BE050EAF8
:10287000010306D030238DF828308DF8292002235B
:102880009A46582A04D024A20DF120090B9209E09F
:1028900026A2F9E7DDE90823FDF792FC0B9B9B5C80
:1028A00009F8013D50EA0102F4D1ADEB09002030F6
:1028B0000890680701D44FF001080899884502DDA7
:1028C000A8EB010000E000208046002506E00AA8F1
:1028D0005A46405D0F9990476D1C761C5545F6DBB6
:1028E00004E030205A460F999047761CB8F1000159
:1028F000A8F10108F5DC05E019F8010B5A460F991B
:102900009047761C0899481E08900029F4DC641C46
:10291000C5E600000928010030313233343536373E
:10292000383961626364656600000000303132331B
:1029300034353637383941424344454600000000BB
:102940000A68531C0B6010707047000070B5054694
:102950000E4600BF002D09D100BF0CA340F28B3200
:1029600018A11CA0FFF73CFE00BF70BD00BF6C6A41
:102970004CB16079082806D13068E169884202D1FB
:10298000284600F0E3FA00BFEFE700002E2E5C4D72
:102990006964646C6577617265735C5468697264BC
:1029A0005F50617274795C4C7749505C7372635C00
:1029B000636F72655C697076345C646863702E6303
:1029C000000000006E6574696620213D204E554C64
:1029D0004C000000417373657274696F6E2022258C
:1029E0007322206661696C6564206174206C696E75
:1029F0006520256420696E2025730A007CB5064693
:102A000000BF002E09D100BF46A340F2154253A1DA
:102A100059A0FFF7E5FD00BF7CBD00BF746A00BF91
:102A2000002C09D100BF3FA340F217425CA152A085
:102A3000FFF7D6FD00BFEFE700BF00206082A06A6D
:102A4000401C70B1A06A1E303C21B0FBF1F5B5F519
:102A5000803F01D34FF6FF75A582A08A08B90120F7
:102A6000A082E06A401C80B1E06A1E303C21B0FBCD
:102A7000F1F5B5F5803F01D34FF6FF7565816089AB
:102A800008B9012060816089E081206B401C80B121
:102A9000206B1E303C21B0FBF1F5B5F5803F01D332
:102AA0004FF6FF75A581A08908B90120A081A089F2
:102AB00020826089A189884204DBA089002801DD89
:102AC00000206081E07910B1206A01900FE0207F42
:102AD0007F2802DCFF21019108E0C02803DB6FF0B2
:102AE0007F41019102E04FF6FF71019100BF606AE2
:102AF0000090009848B900BFE06901990840009033
:102B000000BF009840F0807000900A21204601F03C
:102B100049FC6B4601AA04F11C01304605F0C0FCDB
:102B200000BF79E72E2E5C4D6964646C6577617235
:102B300065735C54686972645F50617274795C4C4F
:102B40007749505C7372635C636F72655C69707621
:102B5000345C646863702E63000000006468637016
:102B60005F62696E643A206E6574696620213D205B
:102B70004E554C4C00000000417373657274696FD0
:102B80006E2022257322206661696C656420617461
:102B9000206C696E6520256420696E2025730A000B
:102BA000646863705F62696E643A20646863702071
:102BB000213D204E554C4C002DE9F04105466C6AF4
:102BC0000821204601F0EEFB002204F11C012846FA
:102BD00002F00AFA0746A079FF2802DAA079401C21
:102BE000A0714FF4FA7606F2F310314690FBF1F043
:102BF0002081BDE8F081000070B51848056829E023
:102C00006C6A34B3607920B3A08A68B1608A401CD2
:102C100080B26082A18A884206D1284601F0D0F9AC
:102C2000284601F0C7FB14E0208A40B1218A481EE3
:102C30002082012903D1284601F0A3FC09E0E089A4
:102C400038B1E189481EE081012902D1284601F00E
:102C500077FC2D68002DD3D170BD000078000020D6
:102C60002DE9F05F07460D4616469A4600BF002F35
:102C70000BD100BF48A340F2697255A15CA0FFF7D9
:102C8000AFFC00BF0020BDE8F09F00BF00BF002DDB
:102C90000AD100BF40A340F26A725FA154A0FFF7BF
:102CA0009FFC00BF0020EEE700BF4FF420724FF4FE
:102CB0009A71362005F046FE8146B9F1000F01D128
:102CC0000020E0E700BFB9F80A00B0F59A7F08D20B
:102CD00000BF31A340F2717257A145A0FFF780FCFD
:102CE00000BF00BF032E02D16879032808D1A8795C
:102CF00018B9FDF797FA604908605F4800682860D6
:102D0000D9F804404FF49A712046FDF7C4FA012027
:102D10002070607097F83000A070286804F0A4FB61
:102D20006060082E0BD0042E09D0072E07D0032E8A
:102D300007D16879052802D06879042801D178681C
:102D4000E0604FF000080BE007F12A0010F80810CF
:102D500004F11C0000F8081008F101001FFA80F8C7
:102D6000B8F1060FF0D34548C4F8EC000123352232
:102D700004F1F001002000F041FB8346324604F1EB
:102D8000F001584600F08CFB8346BAF1000F01D0E9
:102D9000AAF800B0484676E72E2E5C4D6964646C54
:102DA0006577617265735C54686972645F506172C3
:102DB00074795C4C7749505C7372635C636F7265C5
:102DC0005C697076345C646863702E630000000098
:102DD000646863705F6372656174655F6D73673AA1
:102DE000206E6574696620213D204E554C4C0000D4
:102DF000417373657274696F6E2022257322206699
:102E000061696C6564206174206C696E652025645D
:102E100020696E2025730A00646863705F637265C1
:102E20006174655F6D73673A206468637020213D4B
:102E3000204E554C4C000000646863705F637265FF
:102E40006174655F6D73673A20636865636B2074B6
:102E5000686174206669727374207062756620639D
:102E6000616E20686F6C6420737472756374206483
:102E70006863705F6D73670038000020638253637E
:102E800010B500BF0E480078002807DC00BF0DA376
:102E9000FF221AA122A0FFF7A3FB00BF00BF084832
:102EA0000078401E064908700846007830B9264868
:102EB00000680CF0ABFD00202349086010BD000045
:102EC000340000202E2E5C4D6964646C657761725D
:102ED00065735C54686972645F50617274795C4CAC
:102EE0007749505C7372635C636F72655C6970767E
:102EF000345C646863702E63000000006468637073
:102F00005F7063625F726566636F756E7428293ADD
:102F100020726566636F756E74206572726F7200E1
:102F2000417373657274696F6E2022257322206667
:102F300061696C6564206174206C696E652025642C
:102F400020696E2025730A00300000202DE9FE4F15
:102F50000646746A0C21204601F024FA02AB0422D2
:102F600021463046FFF77CFE054665B3D5F8048060
:102F70000423322208F1F001BDF8080000F03EFA07
:102F80000290E06904F070FA8246524608F1F001BE
:102F9000BDF8080000F0E8FA02902A4608F1F001B6
:102FA000BDF8080000F0C4FB11484323114A29462C
:102FB000CDE90060104800680CF05EFE0746284628
:102FC00006F05EF901E04FF0FF37A079FF2802DA42
:102FD000A079401CA07142F2107909F2F3104FF46D
:102FE000FA7190FBF1F020813846BDE8FE8F0000B9
:102FF00050FF000854FF0008300000202DE9FE4F6C
:1030000007467C6A4FF0000A0020E0610621204656
:1030100001F0C8F902AB012221463846FFF720FE35
:103020000546002D42D06E680223392206F1F001D8
:10303000BDF8080000F0E2F902903A8D06F1F001C7
:10304000BDF8080000F008FB02900323372206F1C8
:10305000F001BDF8080000F0D1F90290D0460DE073
:10306000224810F8082006F1F001BDF8080000F031
:1030700017FA029008F1010000F0FF08B8F1030F01
:10308000EED32A4606F1F001BDF8080000F050FB2F
:1030900017484323174A2946CDE9007016480068AF
:1030A0000CF0EAFD284606F0EBF800BFA079FF28F7
:1030B00002DAA079401CA071A079062803DAA17970
:1030C0000120884000E03C2000EB4001C1EBC01033
:1030D0004FF6FF7101EAC00909F2F3104FF4FA71DB
:1030E00090FBF1F020815046BDE8FE8F2C000020BF
:1030F00050FF000854FF00083000002070B50C4855
:10310000056812E06C6A7CB12089012803DD208902
:10311000401E208108E02089012805D12089401E19
:103120002081284601F051FA2D68002DEAD170BDAA
:103130007800002070B505460E466C6A00202062BB
:1031400060621A48C07810B11948C068A062174878
:10315000007918B116480069E06202E0A06A4008F0
:10316000E0621248407918B111484069206304E0D8
:10317000A06AC0EBC000C00820633069E0610B4862
:10318000807938B10A49886904F06EF9206201201B
:10319000E07101E00020E0710448C07920B10449E9
:1031A000C86904F061F9606270BD0000240000206D
:1031B0002435002070B50446656A0C21284601F0CC
:1031C000F1F8054B1A461146204605F069F92046EC
:1031D000FFF714FF70BD000050FF000870B50546F2
:1031E0000E466C6A0748807858B100202081064955
:1031F000886804F039F9A0613069E061284600F080
:10320000BBFF70BD240000202435002010B51E48EF
:103210000078002831D100BF1C480068002807D082
:1032200000BF1BA3E52228A131A0FFF7D9F900BFF9
:1032300000BF0CF063FB154908600846006810B930
:103240004FF0FF3010BD11480068407A40F0200078
:103250000E490968487244222F490C4800680CF056
:103260003BF843222C49094800680CF0C7F80022BB
:103270002A49064800680CF07BFB03480078401C94
:10328000014908700020DDE73400002030000020F4
:103290002E2E5C4D6964646C6577617265735C5455
:1032A000686972645F50617274795C4C7749505CF4
:1032B0007372635C636F72655C697076345C6468BA
:1032C00063702E6300000000646863705F696E6362
:1032D0005F7063625F726566636F756E7428293A0A
:1032E000206D656D6F7279206C65616B0000000068
:1032F000417373657274696F6E2022257322206694
:1033000061696C6564206174206C696E6520256458
:1033100020696E2025730A0050FF0008993E0008BE
:1033200070B505466C6A04B970BD6079042809D08F
:1033300003DC80B103280FD107E0052803D00A2859
:103340000AD101E000BF00BF00BF0020A0712846E5
:1033500000F016FD14E013E000BF60790C2808DDD2
:1033600000BF09A340F26D3215A11AA0FFF738F98A
:1033700000BF00BF0020A0712846FFF73FFE00BF3E
:1033800000BF00BFD0E700002E2E5C4D6964646C66
:103390006577617265735C54686972645F506172CD
:1033A00074795C4C7749505C7372635C636F7265CF
:1033B0005C697076345C646863702E6300000000A2
:1033C000696E76616C696420646863702D3E737405
:1033D00061746500417373657274696F6E20222594
:1033E0007322206661696C6564206174206C696E6B
:1033F0006520256420696E2025730A002DE9F041BF
:1034000004460D4617461E4600BFA01C3044442803
:1034100008D900BF09A340F29A52164916A0FFF737
:10342000DFF800BF00BF2046611C8CB22F5420463D
:10343000611C8CB22E542046BDE8F0812E2E5C4DCE
:103440006964646C6577617265735C546869726401
:103450005F50617274795C4C7749505C7372635C45
:10346000636F72655C697076345C646863702E6348
:103470000000000070000108417373657274696F89
:103480006E2022257322206661696C656420617458
:10349000206C696E6520256420696E2025730A0002
:1034A00070B504460D46164600BF442C08D300BF35
:1034B00007A340F2A65214A121A0FFF791F800BF84
:1034C00000BF2046611C8CB22E54204670BD000007
:1034D0002E2E5C4D6964646C6577617265735C5413
:1034E000686972645F50617274795C4C7749505CB2
:1034F0007372635C636F72655C697076345C646878
:1035000063702E6300000000646863705F6F707406
:10351000696F6E5F627974653A206F7074696F6E5F
:10352000735F6F75745F6C656E203C204448435038
:103530005F4F5054494F4E535F4C454E00000000C2
:10354000417373657274696F6E2022257322206641
:1035500061696C6564206174206C696E6520256406
:1035600020696E2025730A0070B504460D46164684
:1035700000BF201D442808D900BF10A340F2B75255
:103580001CA12BA0FFF72CF800BF00BF320E204675
:10359000611C8CB22A54C6F307422046611C8CB2CF
:1035A0002A54C6F307222046611C8CB22A542046B6
:1035B000611C8CB22E54204670BD00002E2E5C4D36
:1035C0006964646C6577617265735C546869726480
:1035D0005F50617274795C4C7749505C7372635CC4
:1035E000636F72655C697076345C646863702E63C7
:1035F00000000000646863705F6F7074696F6E5FD5
:103600006C6F6E673A206F7074696F6E735F6F7561
:10361000745F6C656E202B2034203C3D2044484371
:10362000505F4F5054494F4E535F4C454E00000081
:10363000417373657274696F6E2022257322206650
:1036400061696C6564206174206C696E6520256415
:1036500020696E2025730A0070B504460D46164693
:1036600000BFA01C442808D900BF0AA340F2AE52F4
:1036700016A125A0FEF7B4FF00BF00BF320A204606
:10368000611C8CB22A542046611C8CB22E542046F8
:1036900070BD00002E2E5C4D6964646C65776172AC
:1036A00065735C54686972645F50617274795C4CD4
:1036B0007749505C7372635C636F72655C697076A6
:1036C000345C646863702E6300000000646863709B
:1036D0005F6F7074696F6E5F73686F72743A206F9A
:1036E0007074696F6E735F6F75745F6C656E202B9D
:1036F0002032203C3D20444843505F4F5054494FB6
:103700004E535F4C454E0000417373657274696F90
:103710006E2022257322206661696C6564206174C5
:10372000206C696E6520256420696E2025730A006F
:1037300070B504460D461646FF222046611C8CB229
:103740002A5404E000222046611C8CB22A54442CE6
:1037500002D304F0030008B1442CF3D304F1F000C9
:1037600081B2304605F098FE70BD00002DE9F04FA3
:103770008BB08146002007900690F7480021016039
:103780004160B9F80A002C2803D2881E0BB0BDE8AE
:10379000F08FD9F8040005904FF0F00AB9F808004E
:1037A000089000BF4C460AE06089AAEB00001FFAAF
:1037B00080FA61890898401A80B20890246814B190
:1037C00060895045F0DD14B96FF00100DEE7554621
:1037D0000898099060680A90A0E10A98405D0490FA
:1037E00000274FF0FF38A81C1FFA80FBAB4501DA19
:1037F000B81ECBE76189681C814203DD691C0A9809
:10380000465C07E0206818B120684068007800E056
:10381000002006463746049834284FD007DC78B19C
:10382000012811D0032822D033287AD133E035285B
:1038300068D036287CD03A2875D03B28F5D19DE059
:10384000002006460746B0E000BF042E0BD000BFA4
:10385000C2A340F22E62CFA1D1A0FEF7C1FE00BFED
:103860006FF0050092E700BF4FF006089DE00427C7
:1038700000BFBE420BDA00BFB8A340F23362D2A150
:10388000C7A0FEF7ADFE00BF6FF005007EE700BFEA
:103890004FF0070889E000BF042E0BD000BFAFA394
:1038A00040F24162BBA1BEA0FEF79AFE00BF6FF0DE
:1038B00005006BE700BF4FF0030876E000BF012E64
:1038C0000BD000BFA5A340F24F62C4A1B4A0FEF785
:1038D00087FE00BF6FF0050058E700BF00BFBAF1D8
:1038E000F00F0BD000BF9DA340F25162BEA1ACA06F
:1038F000FEF776FE00BF6FF0050047E700BF4FF010
:10390000000852E000BF012E0ED000BF93A340F28A
:103910005562B2A1A2A0FEF763FE00BF6FF00500E2
:1039200034E73EE004E016E000BF4FF001083CE061
:1039300000BF042E0BD000BF88A340F2596295A1AE
:1039400097A0FEF74DFE00BF6FF005001EE700BF19
:103950004FF0020829E000BF042E0BD000BF7FA368
:1039600040F25D628BA18EA0FEF73AFE00BF6FF0C1
:1039700005000BE700BF4FF0040816E000BF042E5F
:103980000BD000BF75A340F2616282A184A0FEF754
:1039900027FE00BF6FF00500F8E600BF4FF00508F6
:1039A00003E0002700BF00BF00BF00BF049810B9AC
:1039B000681C85B28DE0A819801CB0F5803F02DB41
:1039C0006FF00100E2E6A819801C85B2002FF1DD3E
:1039D0000020039000BF00BFB8F1000F02DBB8F178
:1039E000080F08DB00BF5DA34FF4CF6284A16CA079
:1039F000FEF7F6FD00BF00BF574810F8080000288A
:103A000066D1042F01DA384600E0042002905B46BC
:103A100003A92046029A05F093FB014602988142D1
:103A200002D06FF00100B1E6042F2FDD00BFF917BF
:103A300007EB91718910A7EB810159B100BF47A332
:103A400040F2816273A156A0FEF7CAFD00BF6FF07D
:103A500005009BE600BF01203F4901F808000398DC
:103A600003F002FD714941F82800381FC7B20BF17D
:103A7000040080B201900198584502DA6FF001000D
:103A800084E6DDF804B008F10108A4E7042F04D1AE
:103A9000039803F0E9FC039012E000BF012F0BD064
:103AA00000BF2EA34FF4D26261A13DA0FEF798FDA6
:103AB00000BF6FF0050069E600BF9DF80C000390A1
:103AC0000120254901F808005849039841F82800C9
:103AD00000BF6089A84220DC6089281A85B261890C
:103AE0000998401A80B209900998854212DA246830
:103AF00000BF5CB900BF19A340F29D6251A128A08C
:103B0000FEF76EFD00BF6FF005003FE600BF606886
:103B10000A9002E06FF0010038E600BF3CB109985E
:103B2000854204DA0A98405DFF287FF456AE0A48C1
:103B3000007870B13D4908680021074A11700128DA
:103B400002D1012107918CE0022803D101210691C5
:103B500087E087E080E00000240000202E2E5C4DEE
:103B60006964646C6577617265735C5468697264DA
:103B70005F50617274795C4C7749505C7372635C1E
:103B8000636F72655C697076345C646863702E6321
:103B9000000000006C656E203D3D203400000000F8
:103BA000417373657274696F6E20222573222066DB
:103BB00061696C6564206174206C696E65202564A0
:103BC00020696E2025730A006C656E203E3D2064DE
:103BD00065636F64655F6C656E0000006C656E20E8
:103BE0003D3D2031000000006F7665726C6F6164AE
:103BF00020696E2066696C652F736E616D650000CB
:103C0000636865636B206465636F64655F6964788E
:103C1000000000006465636F64655F6C656E20255D
:103C2000252034203D3D20300000000024350020B8
:103C3000696E76616C6964206465636F64655F6C4E
:103C4000656E00006E65787420706275662077611D
:103C500073206E756C6C0000032802D1012106915F
:103C6000079100BF079830B1002007904FF06C0A11
:103C7000EC20089096E5069830B1002006904FF0B1
:103C80002C0A6C2008908DE500207FE52DE9FC478B
:103C900007467C6A0421204600F084FB01AB032226
:103CA00021463846FEF7DCFF0546002D42D06E68FF
:103CB0000223392206F1F001BDF80400FFF79EFB54
:103CC00001903A8D06F1F001BDF80400FFF7C4FC45
:103CD00001900323372206F1F001BDF80400FFF73D
:103CE0008DFB01904FF000080DE0224810F80820ED
:103CF00006F1F001BDF80400FFF7D2FB019008F1D6
:103D0000010000F0FF08B8F1030FEED32A4606F1D8
:103D1000F001BDF80400FFF70BFD4323164A2946C6
:103D20001648009700680BF0DBFE8146284605F038
:103D3000A7FA01E04FF0FF39A079FF2802DAA07955
:103D4000401CA071A0790A2805DAA0794FF47A7195
:103D500010FB01F001E042F210701FFA80FA0AF243
:103D6000F3104FF4FA7190FBF1F020814846BDE862
:103D7000FC8700002C00002054FF000830000020C9
:103D80002DE9FC5F8046D8F824400321204600F04E
:103D900009FB01AB032221464046FEF761FF0646C0
:103DA000002E54D075680223392205F1F001BDF8C8
:103DB0000400FFF723FB01904FF4107205F1F001AE
:103DC000BDF80400FFF748FC01900423322205F1FE
:103DD000F001BDF80400FFF711FB0190E06903F06A
:103DE00043FB83465A4605F1F001BDF80400FFF796
:103DF000BBFB01900323372205F1F001BDF804005D
:103E0000FFF7FCFA019000270AE02048C25D05F1A7
:103E1000F001BDF80400FFF743FB0190781CC7B226
:103E2000032FF2D3324605F1F001BDF80400FFF78D
:103E30007FFC4323164A31461648CDF800800068BF
:103E40000BF04EFE8146304605F01AFA01E04FF0C5
:103E5000FF39A079FF2802DAA079401CA071A0796F
:103E60000A2805DAA0794FF47A7110FB01F001E01D
:103E700042F210701FFA80FA0AF2F3104FF4FA714E
:103E800090FBF1F020814846BDE8FC9F2C0000200B
:103E900054FF0008300000202DE9F05F1646DDF8E1
:103EA00028B0444847687C6AD6F804900CB1207961
:103EB00000B97AE000BF00BF70892C2800DA74E0F6
:103EC00099F80000022800D06FE000250AE007F111
:103ED0002A00415D09F11C00405D814200D064E090
:103EE000681CC5B297F83000A84201DD062DEED35C
:103EF000D9F8040003F0B8FA2168884200D054E0F1
:103F000021463046FFF732FC00B14EE02A484078A7
:103F100000B94AE0D6F804A0284890F80480B8F127
:103F2000050F24D16079012810D151463846FFF79A
:103F300001F997F8310000F0080018B13846FEF793
:103F40003BFE31E03846FEF759FD2DE0607903284D
:103F500005D06079042802D06079052824D1514623
:103F60003846FFF7E7F83846FEF748FD1CE0B8F1A1
:103F7000060F0FD16079032808D06079012805D099
:103F80006079042802D06079052803D13846FFF70C
:103F900011F909E0B8F1020F06D16079062803D1C2
:103FA00051463846FFF71AF900BF304605F068F968
:103FB000BDE8F09F44360020240000202435002076
:103FC0002DE9FE430646746A0CB9BDE8FE836079AC
:103FD00000B9FAE7A06902900020A061E0612062C8
:103FE00060622063E062A062A08260822082E08141
:103FF000304600F091FA88B301AB072221463046E3
:10400000FEF72EFE054645B36F680423362207F1FE
:10401000F001BDF80400FFF7F1F90190029803F0F8
:1040200023FA8046424607F1F001BDF80400FFF78D
:104030009BFA01902A4607F1F001BDF80400FFF752
:1040400077FB432302AA29460D48009600680BF02F
:1040500047FD284605F014F900BF00BF094B1A467A
:104060001146304604F01CFA0021204600F09AF96F
:10407000207918B1FEF704FF0020207100BFA4E7EB
:104080003000002050FF00082DE9FC4707467C6AFD
:104090000521204600F086F901AB0322214638466F
:1040A000FEF7DEFD0546002D43D06E68022339225F
:1040B00006F1F001BDF80400FFF7A0F901903A8D78
:1040C00006F1F001BDF80400FFF7C6FA01900323E2
:1040D000372206F1F001BDF80400FFF78FF90190D7
:1040E0004FF000080DE0224810F8082006F1F0011A
:1040F000BDF80400FFF7D4F9019008F1010000F0C9
:10410000FF08B8F1030FEED32A4606F1F001BDF81F
:104110000400FFF70DFB432304F11802294615485C
:10412000009700680BF0DCFC8146284605F0A8F8F3
:1041300001E04FF0FF39A079FF2802DAA079401C96
:10414000A071A0790A2805DAA0794FF4FA6110FB72
:1041500001F001E044F620601FFA80FA0AF2F31041
:104160004FF4FA7190FBF1F020814846BDE8FC87DE
:104170002C000020300000202DE9FE4F074600BF34
:10418000002F0CD100BF5DA340F2771269A170A08F
:10419000FEF726FA00BF6FF00F00BDE8FE8F00BFEC
:1041A0007C6A00BF002C0AD100BF54A340F27912F0
:1041B00071A167A0FEF714FA00BFA01FEDE700BFD2
:1041C0000121204600F0EEF802AB032221463846DA
:1041D000FEF746FD0646002E6ED075680223392292
:1041E00005F1F001BDF80800FFF708F902903A8DDB
:1041F00005F1F001BDF80800FFF72EFA0290042344
:10420000322205F1F001BDF80800FFF7F7F802903F
:10421000E06903F029F983465A4605F1F001BDF83B
:104220000800FFF7A1F902900423362205F1F001FE
:10423000BDF80800FFF7E2F80290A06903F014F956
:1042400083465A4605F1F001BDF80800FFF78CF9E6
:1042500002900323372205F1F001BDF80800FFF7B3
:10426000CDF802904FF000080DE04A4810F8082001
:1042700005F1F001BDF80800FFF712F9029008F10E
:10428000010000F0FF08B8F1030FEED3324605F14C
:10429000F001BDF80800FFF74BFA3F4843233F4ABF
:1042A0003146CDE900703E4800680BF0E5FC8146E0
:1042B000304604F0E5FF01E04FF0FF39A079FF2818
:1042C00002DAA079401CA071A079062803DAA1794E
:1042D0000120884000E03C2000EB4001C1EBC01011
:1042E0004FF6FF7101EAC00A0AF2F3104FF4FA71B7
:1042F00090FBF1F0208148464FE700002E2E5C4DE8
:104300006964646C6577617265735C546869726432
:104310005F50617274795C4C7749505C7372635C76
:10432000636F72655C697076345C646863702E6379
:1043300000000000646863705F73656C6563743AC5
:10434000206E6574696620213D204E554C4C00005E
:10435000417373657274696F6E2022257322206623
:1043600061696C6564206174206C696E65202564E8
:1043700020696E2025730A00646863705F73656C42
:104380006563743A206468637020213D204E554C6B
:104390004C0000002C00002050FF000854FF0008D3
:1043A0003000002042798A4203D04171002282719C
:1043B0000281704770B5044600BF002C0BD100BFCE
:1043C0002DA340F2E7223AA13DA0FEF709F900BF74
:1043D0006FF00F0070BD00BF00BF94F8310000F017
:1043E000010000280BD100BF23A34FF43A723EA175
:1043F00033A0FEF7F5F800BF6FF00F00EAE700BF4B
:10440000656A208DB0F5107F02DA4FF0FF30E1E7EA
:104410004DB9342003F01AFA054615B94FF0FF30B4
:10442000D8E7656203E0287908B1FEF729FD342159
:104430002846FBF730FFFEF7E9FE10B14FF0FF30E2
:10444000C8E70120287194F83100C0F3800028B932
:1044500002212846FFF7A6FF0020BBE72046FEF713
:10446000CDFD06462EB12046FFF7AAFD4FF0FF30E6
:10447000B0E73046AEE700002E2E5C4D6964646CF8
:104480006577617265735C54686972645F506172CC
:1044900074795C4C7749505C7372635C636F7265CE
:1044A0005C697076345C646863702E6300000000A1
:1044B0006E6574696620213D204E554C4C0000000D
:1044C000417373657274696F6E20222573222066B2
:1044D00061696C6564206174206C696E6520256477
:1044E00020696E2025730A006E6574696620697301
:1044F000206E6F742075702C206F6C64207374793B
:104500006C6520706F72743F0000000010B50446A7
:104510002046FFF755FD10BD014679B1486A68B1E4
:104520004A6A50790A2805D05079052802D0507976
:10453000042801D1012070470020FCE70020FAE7A1
:1045400070B505466C6A6079012805D060790A2843
:1045500002D06079052813D12846FFF795FDA1897F
:10456000628A881A00EBD0710122B2EB610F07DC7E
:10457000A189628A881A00EBD071C1F34F01E181F1
:1045800070BD70B505466C6A6079012808D0607905
:104590000A2805D06079052802D06079042813D153
:1045A0002846FFF773FBA18A628A881A00EBD07154
:1045B0000122B2EB610F07DCA18A628A881A00EB44
:1045C000D071C1F34F01218270BD70B505466C6A90
:1045D00060790C2802D06079062803D12846FEF7BE
:1045E0000DFD2BE0607901280DD1A079052803DCB1
:1045F0002846FFF7C1FD21E02846FFF7E1FC2846E9
:10460000FFF7D8FE1AE0607908280AD1A0790128BE
:1046100003DC2846FEF7D0FA10E02846FEF7EEF954
:104620000CE06079032809D1A079022803DA284632
:10463000FFF7A6FB02E02846FEF7E0FC70BD000095
:1046400070B504460D4600BF05F00300002808D0F1
:1046500000BF08A34FF4B67212A11AA0FDF7C0FF65
:1046600000BF00BF2E46A06800683060A0680660EA
:1046700070BD00002E2E5C4D6964646C65776172BC
:1046800065735C54686972645F50617274795C4CE4
:104690007749505C7372635C636F72655C6D656DC6
:1046A000702E63006D656D705F667265653A206D92
:1046B000656D2070726F7065726C7920616C6967CE
:1046C0006E656400417373657274696F6E20222594
:1046D0007322206661696C6564206174206C696E68
:1046E0006520256420696E2025730A0070B5054693
:1046F000A8680468002C13D02068A968086000BF6F
:1047000004F00300002808D000BF06A34FF48C7209
:1047100010A119A0FDF764FF00BF00BF204670BDC7
:104720000020FCE72E2E5C4D6964646C6577617235
:1047300065735C54686972645F50617274795C4C33
:104740007749505C7372635C636F72655C6D656D15
:10475000702E63006D656D705F6D616C6C6F633A98
:10476000206D656D702070726F7065726C7920615C
:104770006C69676E65640000417373657274696F7C
:104780006E2022257322206661696C656420617445
:10479000206C696E6520256420696E2025730A00EF
:1047A00070B50546002411E004EB4400094901EB13
:1047B000C000067D4EB104EB440001EBC0008068F0
:1047C000A84202D1204600F087F9641C0A2CEBDBDA
:1047D00070BD0000443500202DE9FF5F0646894684
:1047E00017464FF00A0AD346D04600240A20039009
:1047F000002002900190009000BF73E004EB4400A1
:10480000764901EBC000057DB8F10A0F02D10DB960
:10481000A04665E0002D63D000BF012D0AD0022D17
:1048200008DA00BF6EA340F223127BA18AA0FDF735
:10483000D7FE00BF00BFAEB104EB4401674A02EBF4
:10484000C1013068496888420CD13FB104EB440093
:10485000114601EBC0008068B84203D1204604B085
:10486000BDE8F09F012D28D104EB44005B4951F8CD
:10487000300080B104EB440001EBC000418A029893
:1048800081422DDB039404EB4400544901EBC0004A
:10489000408A029024E004EB4400504901EBC00040
:1048A000418A019881421BDBA24604EB44004B493C
:1048B00001EBC000408A019012E0022D10DB04EBF6
:1048C0004400464901EBC000418A0098814207DB61
:1048D000A34604EB4400414901EBC000408A00902C
:1048E000601C04B20A2C89DB09F0020028B9B8F177
:1048F0000A0F05D109F0010010B94FF0FF30AEE703
:10490000B8F10A0F01DA444631E0BBF10A0F11DABF
:104910005C4600BF04EB4400304951F8300040B120
:1049200000BF2FA340F26D1255A14BA0FDF758FE1A
:1049300000BF0CE0BAF10A0F01DA544607E0039811
:104940000A2801DA039C02E04FF0FF3087E700BF3E
:104950000A2C08DB00BF22A340F27F124EA13EA02A
:10496000FDF73EFE00BF00BF204600F0B5F800BFD7
:104970000A2C08DB00BF1AA340F2831246A136A01E
:10498000FDF72EFE00BF00BF00BF04EB440013493B
:1049900001EBC000007D40B100BF11A34FF4C27213
:1049A00042A12DA0FDF71CFE00BF00BF36B104EBF5
:1049B00044010A4A02EBC10130684860002004EB60
:1049C0004401064A02EBC101488204EB440011464F
:1049D00001EBC0008760204641E70000443500201D
:1049E0002E2E5C4D6964646C6577617265735C54EE
:1049F000686972645F50617274795C4C7749505C8D
:104A00007372635C636F72655C697076345C657445
:104A1000686172702E6300007374617465203D3D9F
:104A2000204554484152505F53544154455F5045CE
:104A30004E44494E47207C7C207374617465203E4F
:104A40003D204554484152505F53544154455F53B3
:104A50005441424C45000000417373657274696FA4
:104A60006E2022257322206661696C656420617462
:104A7000206C696E6520256420696E2025730A000C
:104A80006172705F7461626C655B695D2E71203D5F
:104A90003D204E554C4C000069203C204152505F57
:104AA0005441424C455F53495A4500006172705F62
:104AB0007461626C655B695D2E7374617465203D21
:104AC0003D204554484152505F53544154455F4541
:104AD0004D5054590000000010B5044604EB44004A
:104AE0000C4951F8300060B104EB4401094A52F816
:104AF000310004F0C5FB002004EB4401054A42F8F4
:104B00003100002004EB4401024A02EBC1010875A8
:104B100010BD000044350020F0B587B007460D46B3
:104B200000BF002D0AD100BF30A340F28A223DA170
:104B300040A0FDF755FD00BF07B0F0BD00BF7C6889
:104B40002088B0F5807F08D12079062805D16079CA
:104B5000042802D16088082803D0384604F090FB6E
:104B6000EAE7D4F80E000690A0690590686808B9D5
:104B7000002607E005986968884201D1012000E01D
:104B8000002006460EB1012000E00220034604F199
:104B9000080206A9284600F0CFFCE088B0F5807F27
:104BA00003D0B0F5007F19D113E086B1022206AB25
:104BB00004F10800291DCDE90232CDE9001005F10C
:104BC0002A0302462631284600F060FB00E000BFC1
:104BD00005E006A92846FDF7B9FE00E000BF00BFCA
:104BE000384604F04DFB00BFA6E700002E2E5C4DBA
:104BF0006964646C6577617265735C54686972643A
:104C00005F50617274795C4C7749505C7372635C7D
:104C1000636F72655C697076345C6574686172702C
:104C20002E6300006E6574696620213D204E554C50
:104C30004C000000417373657274696F6E20222509
:104C40007322206661696C6564206174206C696EF2
:104C50006520256420696E2025730A002DE9FE4336
:104C600004460F461546A94600BF002C08D100BFD8
:104C70005DA340F21E326AA16DA0FDF7B1FC00BF3A
:104C800000BF00BF47B900BF57A340F21F3272A157
:104C900067A0FDF7A5FC00BF00BF00BF002D08D135
:104CA00000BF51A34FF448726EA161A0FDF798FCBC
:104CB00000BF00BF2146286801F00AF910B1DFF8F3
:104CC000B48186E0287800F0F000E02816D10120B9
:104CD0008DF8040000208DF805005E208DF8060098
:104CE000687800F07F008DF80700A8788DF808003C
:104CF000E8788DF809000DF1040869E02868A168DA
:104D00000840D4E90112114088420ED0288880B2B0
:104D10004FF6A961884208D0E06810B104F10C098F
:104D200003E06FF00300BDE8FE835348007800EB1A
:104D30004000524901EBC000007D02281BDB4E48B9
:104D4000007800EB400001EBC0008068A04212D167
:104D50004949097801EB4101484A02EBC101D9F800
:104D600000004968884206D1434802783946204607
:104D700000F086F8D7E7002622E006EB46003F4920
:104D800001EBC000007D022818DB06EB460001EBBA
:104D9000C0008068A04211D106EB4601374A02EB01
:104DA000C101D9F800004968884207D1324806702D
:104DB00032463946204600F063F8B4E7701CC6B2AC
:104DC0000A2EDADB3A464946204600F00DF9AAE7FA
:104DD00000BF4FF40060434604F12A0239460090B8
:104DE000204600F07DFD9EE72E2E5C4D6964646CCC
:104DF0006577617265735C54686972645F50617253
:104E000074795C4C7749505C7372635C636F726554
:104E10005C697076345C6574686172702E63000042
:104E20006E6574696620213D204E554C4C00000093
:104E3000417373657274696F6E2022257322206638
:104E400061696C6564206174206C696E65202564FD
:104E500020696E2025730A007120213D204E554C9B
:104E60004C00000069706164647220213D204E5541
:104E70004C4C000058FF00083C0000204435002046
:104E8000F8B505460E46144600BF04EB4400314910
:104E900001EBC000007D022808DA00BF2EA340F21B
:104EA000EE223BA146A0FDF79BFB00BF00BF04EB39
:104EB0004400284901EBC000007D022839D104EBF1
:104EC000440001EBC000408AB0F58E7F11DD04EB99
:104ED00044000A4602EBC000011D284600F09CFA7F
:104EE00038BB032004EB44011A4A02EBC1010875E8
:104EF0001FE004EB4400174901EBC000408AB0F505
:104F0000877F16DB04EB44000B4603EBC00000F187
:104F10000C0204EB440003EBC000011D284600F026
:104F200087FA30B9032004EB44010A4A02EBC101BD
:104F300008754FF40060009004EB4400054901EB54
:104F4000C00000F10C0305F12A023146284600F0AA
:104F5000C7FCF8BD443500202E2E5C4D6964646C9E
:104F60006577617265735C54686972645F506172E1
:104F700074795C4C7749505C7372635C636F7265E3
:104F80005C697076345C6574686172702E630000D1
:104F90006172705F7461626C655B6172705F69649D
:104FA000785D2E7374617465203E3D204554484100
:104FB00052505F53544154455F535441424C450055
:104FC000417373657274696F6E20222573222066A7
:104FD00061696C6564206174206C696E652025646C
:104FE00020696E2025730A002DE9FE4F81460F4689
:104FF000164609F12A0A4FF0FF3002900020019076
:105000004946386800F064FF38B9387800F0F0009D
:10501000E02802D00FB1386818B96FF00F00BDE872
:10502000FE8F4A4601213846FFF7D6FB8046B8F18D
:10503000000F02DA4FFA88F0F1E700BFB8F17F0FF6
:1050400008D300BF5FA340F2C1326CA16FA0FDF78F
:10505000C7FA00BF00BF08F0FF0404EB4400754925
:1050600001EBC000007D70B90120019004EB440108
:10507000704A02EBC101087504EB4400114601EBD4
:10508000C000C0F8089000BF04EB4400694901EB80
:10509000C000007D01280FD004EB440001EBC000EC
:1050A000007D022808DA00BF46A340F2CD3262A19B
:1050B00056A0FDF795FA00BF00BF019800B93EB9B0
:1050C0003946484600F0A8F902900EB90298A6E7C2
:1050D00000BF46B900BF3BA340F2E13260A14BA044
:1050E000FDF77EFA00BF00BF04EB4400514901EB1D
:1050F000C000007D022811DB5C4804704FF40060A2
:10510000009004EB440001EBC00000F10C03524698
:105110003146484600F0E4FB029050E004EB4400C6
:10512000444901EBC000007D012848D14FF0000B3D
:10513000354618E000BF6889298988420AD1286865
:1051400040B100BF1FA340F2F13249A12FA0FDF7EB
:1051500047FA00BF00BF287B00F0400010B14FF0BD
:10516000010B02E02D68002DE4D100BFBBF1000F60
:1051700007D032464FF420710E2003F075FE05462D
:1051800003E03546284604F03BFAA5B104EB4400A1
:10519000284951F8300030B104EB4401254A52F857
:1051A000310004F06DF804EB4400224941F830501E
:1051B0000020029002E04FF0FF30029000BF029802
:1051C0002DE700002E2E5C4D6964646C657761727A
:1051D00065735C54686972645F50617274795C4C89
:1051E0007749505C7372635C636F72655C6970765B
:1051F000345C6574686172702E6300007479706548
:10520000206F766572666C6F77000000417373657E
:105210007274696F6E2022257322206661696C6545
:1052200064206174206C696E6520256420696E209D
:1052300025730A00443500206172705F7461626CEE
:10524000655B695D2E7374617465203D3D2050453A
:105250004E44494E47206F7220535441424C450002
:105260007120213D204E554C4C0000003C00002098
:105270006E6F207061636B65742071756575657301
:1052800020616C6C6F776564210000002DE9FC5F84
:1052900006460F4690469946DDE90CAB002001908A
:1052A00000BF002E08D100BF31A340F257423EA1FB
:1052B00041A0FDF795F900BF00BF4FF420721C21FB
:1052C0000E2003F03FFB05461DB94FF0FF30BDE84F
:1052D000FC9F00BF68891C2808DA00BF24A340F2A5
:1052E00062423FA134A0FDF77BF900BF00BF6C68AC
:1052F0000F9802F0C6F8E08000BF96F8300006284C
:1053000008D000BF1AA340F2694242492AA0FDF723
:1053100067F900BF00BFD9F80000A060B9F8040029
:10532000A081DBF80000C4F81200BBF80400E082A2
:10533000DAF80000C4F80E000E980068A0614FF47F
:105340008070208008206080062020710420607119
:1053500040F6060043463A4629460090304600F0A3
:10536000BFFA284603F08CFF00250198AFE7000044
:105370002E2E5C4D6964646C6577617265735C5454
:10538000686972645F50617274795C4C7749505CF3
:105390007372635C636F72655C697076345C6574AC
:1053A000686172702E6300006E6574696620213D2D
:1053B000204E554C4C000000417373657274696F48
:1053C0006E2022257322206661696C6564206174F9
:1053D000206C696E6520256420696E2025730A00A3
:1053E000636865636B2074686174206669727374A6
:1053F00020706275662063616E20686F6C64207334
:105400007472756374206574686172705F68647229
:1054100000000000B400010870B504460D46034AC0
:105420002946204600F004F870BD000058FF00082F
:105430007FB504460D4616460121074A201D04F19A
:105440002A038DE825000391324619462046FFF7CE
:105450001DFF04B070BD00005EFF000870B50024A1
:1054600064E004EB4400334901EBC000057D002DEE
:105470005BD004EB440001EBC000408A401C04EB0D
:1054800044012C4A02EBC101488204EB440011465E
:1054900001EBC000408AB0F5967F0DDA04EB4400C2
:1054A00001EBC000007D01280AD104EB440001EBB0
:1054B000C000408A052803DB2046FFF70DFB34E0DF
:1054C00004EB44001B4901EBC000007D032807D119
:1054D000042004EB4401174A02EBC101087524E0E3
:1054E00004EB4400134901EBC000007D042807D100
:1054F000022004EB44010F4A02EBC101087514E0DD
:1055000004EB44000B4901EBC000007D01280CD1E5
:1055100004EB44020B4603EBC202111D04EB4402F0
:1055200003EBC2029068FFF777FF641C0A2C98DB3C
:1055300070BD0000443500202DE9F84305460E46B5
:105540001746984600BF95F83000062808D000BFDF
:105550002EA340F2A9123BA143A0FDF741F800BFE2
:1055600000BF5EB1306848B12946306800F0B0FC39
:1055700020B9307800F0F000E02803D16FF00F0080
:10558000BDE8F8832A4641463046FFF725F9044630
:10559000002C01DA60B2F3E7022004EB44013C4A3C
:1055A00002EBC101087504EB4400114601EBC00099
:1055B000856004EB440001EBC0003968C160B98824
:1055C0000182002004EB440102EBC101488204EB9C
:1055D0004400114651F83000B0B104EB440051F8DA
:1055E0003090002004EB440142F831004FF4006099
:1055F0003B4605F12A0249460090284600F070F922
:10560000484603F03DFE00BF0020B9E72E2E5C4D5A
:105610006964646C6577617265735C54686972640F
:105620005F50617274795C4C7749505C7372635C53
:10563000636F72655C697076345C65746861727002
:105640002E6300006E657469662D3E687761646440
:10565000725F6C656E203D3D204554485F48574160
:105660004444525F4C454E00417373657274696FD8
:105670006E2022257322206661696C656420617446
:10568000206C696E6520256420696E2025730A00F0
:10569000443500202DE9F04104460E464FF00E0837
:1056A00060890E2800DC4FE0E07B18B996F83400E2
:1056B000401CE0736568AF89287800F00100B0B144
:1056C0002878012809D1687888B9A8785E280ED191
:1056D000607B40F01000607309E006221D492846F7
:1056E000FAF7E4FD18B9607B40F008006073082FFA
:1056F00003D0B7F5C16F22D110E096F8310000F069
:10570000080000B920E04146204603F0C7FF00B181
:105710001AE03146204600F069FD11E096F83100AC
:1057200000F0080000B90FE04146204603F0B6FF44
:1057300000B109E031462046FFF7EEF900E003E052
:1057400000BF0020BDE8F081204603F099FD002055
:10575000F8E7000058FF00082DE9F0419AB0044630
:10576000642101A8FAF797FD4FF0000800260027F2
:10577000FBF750FA054694F83100C0F3800078B189
:10578000012D0DD82CA0FCF72BFF204602F0BEFE09
:10579000204602F025FF2E492E4802F01DFF48E06A
:1057A00094F83100C0F38000002842D1012D40D987
:1057B000022D06D0032D0AD0042D0ED0052D17D1B1
:1057C00011E04FF40067FE004FF0010811E00027E0
:1057D0004FF480464FF001080BE04FF400670026BD
:1057E0004FF0010805E0002700264FF0010800E017
:1057F00000BF00BFB8F1000F1BD001A91648FBF78E
:105800008DFA079706963246394614A0FCF7E8FE53
:1058100001A91148FBF716FD0F48FBF725FD2046AF
:1058200002F0B2FF204602F041FF0949094802F0A8
:10583000D3FE1AB0BDE8F081B6CFBFAACDF8CFDF56
:10584000A3ACD0E8D6D8D0C2C1ACBDD30A0000000A
:1058500071580008E8000020E43300206475706C83
:1058600065783D25782073706565643D25780A006C
:1058700010B5044694F83100C0F3800048B108A088
:10588000FCF7AEFE01200A4908700A48FEF792FDB7
:1058900005E005200649087007A0FCF7A1FE10BD31
:1058A000B3C9B9A6C1ACBDD3CDF8BFA80A000000EA
:1058B0000C000020E8000020546865206E657477B5
:1058C0006F726B206361626C65206973206E6F7408
:1058D00020636F6E6E6563746564200A00000000CB
:1058E0002DE9F04705460E4617469846DDF820900C
:1058F000484601F0C6FD82460E21304602F0A4FF64
:1059000000B122E07468A4F80CA0D8F80000206070
:10591000B8F80400A0803868C4F80600B888608130
:1059200000BF95F83000062808D000BF08A34FF448
:10593000997215A121A0FCF753FE00BF00BF3146AC
:105940002846AA699047BDE8F0876FF00100FAE7A2
:105950002E2E5C4D6964646C6577617265735C546E
:10596000686972645F50617274795C4C7749505C0D
:105970007372635C6E657469665C65746865726E8B
:1059800065742E63000000006E657469662D3E68C4
:1059900077616464725F6C656E206D7573742062EC
:1059A00065203620666F722065746865726E657456
:1059B0005F6F75747075742100000000417373652A
:1059C0007274696F6E2022257322206661696C658E
:1059D00064206174206C696E6520256420696E20E6
:1059E00025730A0010B5044600BF44B900BF0CA3DC
:1059F0004FF4B2720FA113A0FCF7F2FD00BF00BF7D
:105A0000732084F8320074213320015517486061F7
:105A10001748A061204601F009FC002010BD0000DD
:105A20002E2E5C5372635C65746865726E65746972
:105A3000662E63006E6574696620213D204E554CCC
:105A40004C000000417373657274696F6E202225EB
:105A50007322206661696C6564206174206C696ED4
:105A60006520256420696E2025730A005D4C0008BE
:105A70006973000870B50446002500BF204601F098
:105A800061FC05463DB1214628462269904710B188
:105A9000284603F0F5FB002DF0D170BD13B50C4680
:105AA0004FF6FF73012269460248FCF7F1FA0098AD
:105AB0001CBD0000E034002070B505460C462246AF
:105AC0000321284600F042F970BD00002DE9FF5F78
:105AD00005468A4669488068039003980078000765
:105AE000860E142E00DAC0E06889042800D2BCE0DB
:105AF0006868047814B1082C73D100E0B0E0DFF8D6
:105B00007C9109F114095D48007D00F0F000E02867
:105B100000D1AEE0594A1168506900F0D9F900B1DE
:105B2000A7E02889082800D29FE0284600F0A5F9C0
:105B300020B1284603F0A4FBBDE8FF9F06F10E014B
:105B4000284602F081FE002840D0288930441FFA00
:105B500080FB2889584500DD8BE04FF420725946C0
:105B60000E2002F0EFFE074607B982E0798906F1C0
:105B70000800814203D2384603F082FB79E03246C6
:105B800078680399FAF760FB3146384603F086FDE2
:105B900000280DD000BF00BF39A3B62246A154A0F3
:105BA000FCF71EFD00BF00BF384603F069FB60E054
:105BB0002946384603F0B0F918B1384603F060FBC7
:105BC00057E0284603F05CFB3D4612E006F10E016B
:105BD000284603F063FD60B100BF00BF28A3C722C1
:105BE00000E02BE04CA142A0FCF7FAFC00BF00BF94
:105BF0003FE0D5F804803146284602F025FEE0B9A2
:105C00006F68D9F80000F8601C480069386100200E
:105C100088F80000A8F80200FF2038720020788180
:105C200001200021FF230A46CDE9010A00914946DF
:105C3000284600F0D9FB834600BF11E0032C0ED0AC
:105C40000B2C0CD00C2C0AD0042C08D0052C06D020
:105C50000D2C04D00E2C02D0112C00D000BF00BFA0
:105C600000BF284603F00CFB66E7284603F008FB5C
:105C700062E7284603F004FB00BF5DE744360020DE
:105C80002E2E5C4D6964646C6577617265735C543B
:105C9000686972645F50617274795C4C7749505CDA
:105CA0007372635C636F72655C697076345C6963A0
:105CB0006D702E630000000069636D705F696E7027
:105CC00075743A206D6F76696E6720722D3E706133
:105CD000796C6F616420746F2069636D70206865F2
:105CE00061646572206661696C65640A0000000089
:105CF000417373657274696F6E202225732220666A
:105D000061696C6564206174206C696E652025642E
:105D100020696E2025730A0069636D705F696E707B
:105D200075743A20726573746F72696E67206F7252
:105D30006967696E616C20702D3E7061796C6F616E
:105D400064206661696C65640A0000002DE9FF4704
:105D50000746884691464FF420722421222002F003
:105D6000F1FD05460DB9BDE8FF8700BF688924280D
:105D700008D200BF19A34FF4B47226A130A0FCF7DB
:105D80002FFC00BF00BFD7F804A06C6884F8008027
:105D900084F801900020A080E08079686A6802F1B0
:105DA00008001C22FAF750FADAF80C00039003A856
:105DB00000F082FD06465EB10020608001200021D7
:105DC000FF2303AACDE901060091284600F00CFB51
:105DD000284603F055FA00BFC5E700002E2E5C4DA3
:105DE0006964646C6577617265735C546869726438
:105DF0005F50617274795C4C7749505C7372635C7C
:105E0000636F72655C697076345C69636D702E6374
:105E100000000000636865636B207468617420662D
:105E20006972737420706275662063616E20686F9A
:105E30006C642069636D70206D65737361676500C4
:105E4000417373657274696F6E2022257322206618
:105E500061696C6564206174206C696E65202564DD
:105E600020696E2025730A0070B505460C4622464F
:105E70000B212846FFF76AFF70BDF0B506460027E4
:105E80000024354619E06989686801F04FFB044435
:105E9000A0B200EB1444688900EBD0714910A0EB6C
:105EA000410149B10FB9012000E000200746E0B2EE
:105EB000C4F3072141EA00242D68002DE3D127B166
:105EC000E0B2C4F3072141EA0024E04380B2F0BD10
:105ED00018B502460092D04300B10AB9012018BD9E
:105EE00091F8310000F0020008B90020F7E7486897
:105EF000904201D10020F2E700988B681840D1E968
:105F000001342340984208D1886822EA00008C6856
:105F1000E343984201D10120E1E70020DFE70000E0
:105F20002DE9F74F8CB004460F464FF00008398D2D
:105F3000A1F11400C11700EB5171C1F3CF0A142075
:105F4000059060680990DDF8249099F8000000F051
:105F50000F001421B1EB800F04D06FF005000FB0DB
:105F6000BDE8F08F00BF608914280BDA00BF72A370
:105F70004FF43F727FA186A0FCF732FB00BF6FF0A9
:105F80000500ECE700BFB9F8060001F07AFA0490CA
:105F90000498C0F30C000790049800F4005003909C
:105FA000208914381FFA80FBBDE04FF6FF7000EA2D
:105FB000CA00584501DD584603E04FF6FF7000EA7D
:105FC000CA0008904FF4207214210E2002F0BAFC8F
:105FD000054605B9ADE000BF6889142808DA00BF9E
:105FE00055A34FF4497274A169A0FCF7F9FA00BFF8
:105FF00000BF142268680999FAF726F9D5F80490C9
:1060000008980A9054E061890598081A80B20290B5
:1060100000BF61890598814208DA00BF46A340F2BB
:106020002D326DA15AA0FCF7DBFA00BF00BF029928
:106030000A98884201DA0A9800E002988046B8F18E
:10604000000F03D100200590246831E000F0DCFC53
:1060500006461EB9284603F013F96AE06168059800
:106060000844334641224146CDE90008002002F0B1
:1060700015FE0B900B9830B9304600F0CBFC28464B
:1060800003F0FEF855E0204603F0BAFA7461564872
:10609000306128460B9902F02BFE0A98A0EB08000D
:1060A00080B20A900A9810B100200590246800BFC1
:1060B0000A980028A7D10598404480B20590388DF1
:1060C0001438584501DB012000E0002006900798B5
:1060D000C0F30C000490069808B1039818B1049816
:1060E00040F400500490049801F0CBF9A9F80600A0
:1060F0000899143188B201F0C4F9A9F8020000200F
:10610000A9F80A007B69294638460E9A984728461E
:1061100003F0B6F80898ABEB00001FFA80FB079875
:10612000504480B20790BBF1000F7FF43EAF0020D7
:1061300015E74FF0FF3012E72E2E5C4D6964646C5A
:106140006577617265735C54686972645F506172EF
:1061500074795C4C7749505C7372635C636F7265F1
:106160005C697076345C6970345F667261672E6357
:10617000000000006970345F6672616728293A2068
:106180007062756620746F6F2073686F72740000A0
:10619000417373657274696F6E20222573222066C5
:1061A00061696C6564206174206C696E652025648A
:1061B00020696E2025730A0074686973206E656516
:1061C00064732061207062756620696E206F6E6551
:1061D0002070696563652100702D3E6C656E203E00
:1061E0003D20706F66660000657100082DE9F0477C
:1061F00007460E464FF0010A7D6828780421B1EB6E
:10620000201F05D0384603F03BF80020BDE8F0879A
:10621000287800074FEA9068688801F032F98146D3
:106220003989494503DD4946384603F035F978890F
:10623000404505DB3889484502DBB8F1140F04DA24
:10624000384603F01DF80020E0E728695749486107
:10625000E86808610846007D00F0F000E0280AD1F7
:1062600096F8310000F0010018B1706808B13446AA
:106270001CE000241AE0304600F09CF808B13446D7
:1062800014E000244948007D7F280FD04848046866
:1062900009E0B44200D105E0204600F08BF800B1DF
:1062A00003E000BF2468002CF3D100BF64B9687A12
:1062B000112809D105EB08004188B1F5884F02D1BA
:1062C00034464FF0000A00BFBAF1000F13D0374830
:1062D000006980B1354908693146FFF7F9FD28B9F1
:1062E0003248007C00F0F000E02804D1384602F08B
:1062F000C7FF00208AE724B9384602F0C1FF00201A
:1063000084E7E8884FF63F71084038B1384600F01E
:1063100055F907460FB9002078E77D6823480460E7
:106320004660856028780007800E204988814146B4
:10633000384603F0B3F9687A01280DD0062806D054
:1063400011280ED13146384609F0FEF822E03146D8
:10635000384604F00BFC1DE031463846FFF7B6FB2B
:1063600018E0124948692146FFF7B2FD70B90F489D
:10637000007D00F0F000E02808D00FFA88F13846E0
:1063800003F060F802213846FFF796FB384602F02A
:1063900077FF00BF00BF00200449086048608860A4
:1063A00088810861486100BF30E700004436002062
:1063B0007800002010B5044694F8310000F0010088
:1063C00070B1606860B1074840696168884205D073
:1063D000044948692146FFF77BFD08B1012010BD43
:1063E0000020FCE7443600202DE9FE4F07460C460E
:1063F00015469846DDE90C9A0E9EA34625B10CB1D0
:10640000206808B906F1040B43462A465946384627
:10641000CDE9009A029600F003F8BDE8FE8F000077
:106420002DE9F84F05460F4690469A46DDF828B00C
:106430000C9E00BFA87B012808D000BF37A34FF4F3
:10644000557243A145A0FCF7CBF800BF00BFB8F1DF
:10645000000F46D04FF014091421284602F0F4F939
:1064600018B16FF00100BDE8F88F6C6800BF688953
:10647000142808D200BF29A34FF4627241A137A0AB
:10648000FCF7AEF800BF00BF84F808A00B9860725C
:10649000D8F80000206148464FEAE97109EB917194
:1064A000C1F3870141F04001217084F801B02889CF
:1064B00000F0E7FF60800020E0803E48008800F0A8
:1064C000E0FFA0803B480088401C3A4908801FB983
:1064D00039480068E06001E03868E06000206081D1
:1064E00009E06889142802DA6FF00100BBE76C68E4
:1064F00020690090E846308D48B12889318D884266
:1065000005DD424631462846FFF70AFDABE7424625
:106510002946304673699847A5E700002E2E5C4D4A
:106520006964646C6577617265735C5468697264F0
:106530005F50617274795C4C7749505C7372635C34
:10654000636F72655C697076345C6970342E6300C9
:10655000702D3E726566203D3D20310041737365AC
:106560007274696F6E2022257322206661696C65E2
:1065700064206174206C696E6520256420696E203A
:1065800025730A00636865636B2074686174206614
:106590006972737420706275662063616E20686F23
:1065A0006C64207374727563742069705F686472C0
:1065B000000000003E00002050FF00082DE9F14FD0
:1065C00084B004984568287800F00F001421B1EBDE
:1065D000800F00D011E1E88800F053FFC0F30C00F9
:1065E0004FF6FF7101EAC00A688800F04AFF0746CB
:1065F00028780007810E02910299B94200DDFCE083
:106600000298381A87B2049802F025FC06467D48A5
:10661000018888190A280ADD3146284600F044FD21
:1066200020B17848008830440A2800DDE5E076484B
:10663000046811E06069E968884209D1A0692969A4
:10664000884205D1A089A988884201D1012000E0B3
:10665000002000B102E02468002CEBD100BF34B967
:106660003146284600F006FC044694B9C5E0E888A7
:1066700000F007FFC0F30C0058B9E08900F001FFFB
:10668000C0F30C0028B11422294604F10800F9F7E0
:10669000DBFDE888012121EA50100190019850B1FA
:1066A0000AEB070188B2504503DB4FF6EB718842D5
:1066B00000DD80E000BF2046019A049900F0F6F961
:1066C00083460BF1010000B975E04E480088304464
:1066D0004C490880019840B10AEB070188B2A083B9
:1066E000A17F41F00101A17700BFBBF1010F60D193
:1066F000A08B143080B2009060684068D0F80090A1
:1067000060684568142204F108012846F9F79CFDE9
:10671000009800F0B6FE68800020E880688160681C
:1067200004900DE0D9F8040003901421484602F0CB
:10673000B5FF4946049802F0DBFA0398D0F80090C0
:10674000B9F1000FEED130480068844202D14FF019
:1067500000080EE02C48D0F8008006E0D8F80000D1
:10676000A04200D104E0D8F80080B8F1000FF5D1C4
:1067700000BF4146204600F01BFB049802F06BFB73
:10678000064600BF1F480088B04208DA00BF1FA3BA
:1067900040F29B222CA133A0FBF722FF00BF00BFD9
:1067A00018480088801B17490880049805B0BDE888
:1067B000F08F0020FAE700BF44B900BF13A34FF4E5
:1067C0002A7232A127A0FBF70BFF00BF00BF606851
:1067D00090B900BF0C480068844208D000BF0BA3EA
:1067E00040F2AB222CA11FA0FBF7FAFE00BF00BFB6
:1067F0000021204600F0DCFA00BF049802F040FDC2
:106800000020D3E744000020400000202E2E5C4DE5
:106810006964646C6577617265735C5468697264FD
:106820005F50617274795C4C7749505C7372635C41
:10683000636F72655C697076345C6970345F667230
:1068400061672E630000000069705F726561737399
:106850005F70627566636F756E74203E3D20636C79
:10686000656E0000417373657274696F6E20222536
:106870007322206661696C6564206174206C696EA6
:106880006520256420696E2025730A0069707220D6
:10689000213D204E554C4C006E6F7420666972731A
:1068A00074616C74686F756768206A7573742065AD
:1068B0006E7175657565640010B502462148016802
:1068C00021E091F8310000F00100D8B191F83100D9
:1068D000C0F38000B0B14868A0B110688B68184060
:1068E000D1E901342340984201D1084610BD91F806
:1068F000310000F0020028B91068CB68984201D13D
:106900000846F3E709680029DBD10F480068A0B109
:106910000D48006890F8310000F0010068B10A48A5
:10692000006890F83100C0F3800030B1064800687C
:10693000406810B110787F2801D10020D6E70248C6
:106940000068D3E7780000207C00002010B50446E2
:1069500010220249204600F003F810BD3436002012
:106960002DE9FC4706460B4614464FF0000C3068F4
:106970000190194601AA00273CE0002500BF1078CD
:106980004FF00A0990FBF9FA09FB1A0000F0FF0822
:10699000107890FBF9F0107008F1300000F0FF0A59
:1069A000284605F1010909F0FF050DF800A010784F
:1069B0000028E4D10BE060460CF1010CA04202DBA0
:1069C0000020BDE8FC871DF8050001F8010B281E1A
:1069D000A5F1010909F0FF05EDD160460CF1010CAC
:1069E000A04201DB0020ECE72E2001F8010B521C35
:1069F000781CC7B2042FC0DB4FF00009481E0146C7
:106A000080F800901846DCE710B5052001F062FA26
:106A100010BD000010B5044600BF002C08D100BF17
:106A200006A34FF4317214A116A0FBF7D9FD00BFE5
:106A300000BF2146052001F07FF910BD2E2E5C4DD0
:106A40006964646C6577617265735C5468697264CB
:106A50005F50617274795C4C7749505C7372635C0F
:106A6000636F72655C697076345C6970345F6672FE
:106A700061672E63000000007020213D204E554CC0
:106A80004C000000417373657274696F6E2022259B
:106A90007322206661696C6564206174206C696E84
:106AA0006520256420696E2025730A002DE9F74FC3
:106AB00084B006468846002501200190D8F80400DD
:106AC00002900299488800F0DCFC83460298007826
:106AD0000007800E03900398584503DD681E07B039
:106AE000BDE8F08F0398ABEB00001FFA80FB029922
:106AF000C88800F0C6FCC0F30C004FF6FF7101EA35
:106B0000C00A00BF00BFD8F8044000202060A4F8ED
:106B100004A00AEB0B00E080E088504502DA4FF059
:106B2000FF30DCE7D6F804903EE0D9F80470A08886
:106B3000B988884220DAC4F800909DB1A088E9881D
:106B4000884203DBE088B988884202DD4FF0FF30DD
:106B5000C5E7C5F80080E888A18888420BD00020EE
:106B6000019008E0E088B988884202DD4FF0FF30EC
:106B7000B5E7C6F804801AE0A088B988884202D137
:106B80004FF0FF30ABE7A088F988884202DA4FF077
:106B9000FF30A4E72DB1E888B988884201D00020F1
:106BA0000190D7F800903D46B9F1000FBDD100BF6C
:106BB000B9F1000F28D1002D17D000BFE888A188B7
:106BC000884208DD00BF3EA34FF4DB724BA153A007
:106BD000FBF706FD00BF00BFC5F80080E888A1886C
:106BE000884211D0002001900EE000BF706840B1D3
:106BF00000BF33A34FF4DF7252A148A0FBF7F0FCB3
:106C000000BF00BFC6F80480069820B9B07F00F02E
:106C10000100002851D00198002848D0706818B1B0
:106C200070684068808810B1002001903FE02546E0
:106C3000D4F800900BE0D9F80440E888A188884295
:106C400002D00020019005E02546D4F80090B9F16B
:106C5000000FF0D100BF0198002828D000BF706855
:106C600040B900BF16A340F2DF1244A12BA0FBF7EE
:106C7000B7FC00BF00BF00BF70684068A04208D1E9
:106C800000BF0FA34FF4F0723CA124A0FBF7A8FCB7
:106C900000BF00BF00BF206840B100BF08A34FF491
:106CA000F1723AA11DA0FBF79BFC00BF00BF019849
:106CB00008B1012013E7002011E700200FE70000D2
:106CC0002E2E5C4D6964646C6577617265735C54EB
:106CD000686972645F50617274795C4C7749505C8A
:106CE0007372635C636F72655C697076345C697043
:106CF000345F667261672E6300000000636865633D
:106D00006B20667261676D656E747320646F6E27A9
:106D100074206F7665726C6170000000417373655A
:106D20007274696F6E2022257322206661696C651A
:106D300064206174206C696E6520256420696E2072
:106D400025730A006E6F2070726576696F75732007
:106D5000667261676D656E742C2074686973206D4E
:106D60007573742062652074686520666972737437
:106D700020667261676D656E7421000073616E69D3
:106D8000747920636865636B0000000076616C694C
:106D9000646174655F646174616772616D3A6E65A8
:106DA00078745F70627566213D4E554C4C00000052
:106DB00070B504460D460E480068A04203D10C4948
:106DC000206808600EE000BF002D08D100BF09A3B5
:106DD00040F2451216A11DA0FBF702FC00BF00BF48
:106DE000206828602146042000F0A6FF70BD000046
:106DF000400000202E2E5C4D6964646C65776172E2
:106E000065735C54686972645F50617274795C4C3C
:106E10007749505C7372635C636F72655C6970760E
:106E2000345C6970345F667261672E630000000035
:106E300073616E69747920636865636B206C696E39
:106E40006B6564206C6973740000000041737365A6
:106E50007274696F6E2022257322206661696C65E9
:106E600064206174206C696E6520256420696E2041
:106E700025730A0070B505460E46042001F02AF875
:106E8000044664B93146284600F00EF9B04203DBEF
:106E9000042001F01FF804460CB9002070BD202129
:106EA0002046F9F7F8F90F20E077064800682060DF
:106EB000044804601422294604F10800F9F7C4F9D3
:106EC0002046EBE7400000202DE9F04704468846C5
:106ED000002500BFA04507D100BF40A3AB224EA1B3
:106EE00050A0FBF77DFB00BF00BFB8F1000F0DD035
:106EF00000BFD8F80000A04207D000BF37A3AD22E2
:106F000052A148A0FBF76CFB00BF00BF6068D0F83F
:106F10000490B9F80400002824D16768D9F800006B
:106F20006060142204F108017868F9F78DF90121F5
:106F30003846FEF799FF384601F08DFF064600BF40
:106F4000A819B0F5803F07DB00BF24A3BC2244A1F1
:106F500034A0FBF745FB00BF00BFA81985B2384637
:106F600002F08EF967681CE0D7F80490BA46D9F8A9
:106F70000070504601F06FFF064600BFA819B0F53B
:106F8000803F07DB00BF15A3CC2235A125A0FBF76E
:106F900027FB00BF00BFA81985B2504602F070F968
:106FA00000BF002FE0D141462046FFF701FF00BFA0
:106FB00033480088A84207DA00BF08A3D22231A1D3
:106FC00018A0FBF70DFB00BF00BF2D480088401B39
:106FD0002B4908802846BDE8F08700002E2E5C4D26
:106FE0006964646C6577617265735C546869726426
:106FF0005F50617274795C4C7749505C7372635C6A
:10700000636F72655C697076345C6970345F667258
:1070100061672E63000000007072657620213D20BC
:1070200069707200417373657274696F6E202225F6
:107030007322206661696C6564206174206C696EDE
:107040006520256420696E2025730A0070726576BC
:107050002D3E6E657874203D3D2069707200000001
:1070600070627566735F6672656564202B20636C61
:10707000656E203C3D203078666666660000000044
:107080004400002069705F72656173735F706275A0
:1070900066636F756E74203E3D2070627566735F27
:1070A00066726565640000002DE9F84F0546894663
:1070B000002700BF0026B2460020009083461B48F0
:1070C000046821E06069E968884207D1A0692969FC
:1070D000884203D1A089A988884201D0012000E01C
:1070E000002068B10BF1010B1EB92646CDF800A0B7
:1070F00006E0E07FF17F884202DC2646CDF800A062
:10710000206800B1A2462468002CDBD12EB13046A5
:107110000099FFF7D9FE804647444F4502DABBF19C
:10712000010FC7DC3846BDE8F88F000040000020A2
:1071300070B500250A4804680FE0E07F002805DDEF
:10714000E07F401EE0772546246806E02646246856
:1071500029463046FFF7B8FE00BF002CEDD170BDC8
:107160004000002070B505462C4600BF002C08D119
:1071700000BF0FA340F2CE221CA11FA0FBF730FAE4
:1071800000BF00BF00BFAC4208D000BF08A340F260
:10719000CF2223A118A0FBF723FA00BF00BF60692C
:1071A00010B1606902F06CF82046FFF733FC70BD47
:1071B0002E2E5C4D6964646C6577617265735C54F6
:1071C000686972645F50617274795C4C7749505C95
:1071D0007372635C636F72655C697076345C69704E
:1071E000345F667261672E63000000007063722076
:1071F000213D204E554C4C00417373657274696F8C
:107200006E2022257322206661696C65642061749A
:10721000206C696E6520256420696E2025730A0044
:10722000706372203D3D2070000000007CB5044674
:1072300036483749086002208DF8000000208DF89C
:1072400001008DF802008DF803008DF804008DF820
:107250000500C1F804D04FF400012D4881602D498C
:10726000C1602D4901614FF4C0614161F9F7CAFD68
:1072700005464DB929A0FBF7B3F994F8310040F069
:10728000040084F8310002E028A0FBF7A9F93821B6
:107290002A48F9F700F82120284908604FF44000F7
:1072A000486100200861264800F0FEFD062084F8B1
:1072B000300017484068007884F82A001448406875
:1072C00041782B2001551248406881782C200155C7
:1072D0000F484068C1782D2001550D48406801795C
:1072E0002E2001550A48406841792F20015540F26F
:1072F000DC50208594F8310040F00A0084F8310019
:10730000FAF731FF2046FEF727FA7CBD00800240E5
:10731000E433002044330020A4320020455448B315
:10732000F5CABCBBAFB3C9B9A60A0000455448B3FF
:10733000F5CABCBBAFCAA7B0DC0A00009434002079
:107340002CFF000838B5044600200090044800785F
:1073500018B969460348F9F77FFE009838BD000068
:1073600004000020E43300202DE9F0418CB0804679
:107370000E4600240025002730216846F8F78BFFD1
:1073800030216846F8F787FF354629E0042C04D3FE
:107390006FF00B000CB0BDE8F08104EB44016868AD
:1073A0004DF82100688904EB44016A4602EB810133
:1073B000486054B104EB4400694601EB8001601E53
:1073C00000EB400002EB80008160286830B90020AB
:1073D00004EB44016A4602EB81018860641C2D685D
:1073E000002DD3D1308906494860C1F808D008463D
:1073F000466314220348F9F77DFF3846CAE70000C8
:1074000094340020E433002010B50248FEF732FB2C
:1074100010BD0000E80000202DE9F041044625469B
:107420006868804702F0D2FA06460D492868096864
:107430004718B81BB0F1004F01D3012000E0002035
:1074400030B1296888192246064902F02BFB04E076
:1074500022460449384602F025FBBDE8F0810000D1
:10746000D0000020197400080146080601F47F428C
:1074700040EA022001F47F0240EA122040EA116053
:10748000704701460806000C40EA112070470000D2
:1074900008B50020009000BF6846804208D000BFB9
:1074A0000BA340F25112164916A0FBF799F800BF42
:1074B00000BF00BF00BF00F06FF900F0E5FC00F076
:1074C0007DFF08F035F803F045FB02F08BFB08BDAB
:1074D0002E2E5C4D6964646C6577617265735C54D3
:1074E000686972645F50617274795C4C7749505C72
:1074F0007372635C636F72655C696E69742E63009E
:10750000F8000108417373657274696F6E2022255B
:107510007322206661696C6564206174206C696EF9
:107520006520256420696E2025730A00F8B505469C
:107530000A462B4600200090002103F0010636B1D8
:10754000002A04DD13F8010B8DF80100521E1C46C1
:1075500003E034F8027B3944921E012AF9DC002A48
:1075600002DD20788DF80000BDF80000014488B2EB
:1075700000EB114188B200EB114126B1C8B2C1F352
:10758000072747EA002188B2F8BD0000FAF770F833
:10759000FAF75AFEFAF7F8FD08A0FBF721F8FAF718
:1075A00023FE0AE00A48FEF765FA02F0E5F908480A
:1075B000F9F78CFB0648F8F7B9FEF3E7D3B2CAAF88
:1075C0004C7769702044484350B2E2CAD40A0000A4
:1075D000E800002070B5054605B970BD05F0030050
:1075E00000280DD000BF00BF2BA340F2732236A1AC
:1075F0003EA0FAF7F5FF00BF00BF00BF00BFECE7F9
:10760000A5F1080443480068844205D305F10C0045
:107610004149096888420DD900BF00BF1EA340F24E
:107620007F223EA131A0FAF7DBFF00BF00BF00BF01
:1076300000BFD2E7207900280DD100BF00BF16A3FC
:107640004FF423723CA129A0FAF7CAFF00BF00BF84
:1076500000BF00BFC1E7204600F0CCF800280DD1E4
:1076600000BF00BF0CA340F295223DA11FA0FAF776
:10767000B7FF00BF00BF00BF00BFAEE70020207112
:1076800044480068844201D242480460204602F027
:107690007FF800BFA1E700002E2E5C4D6964646C8A
:1076A0006577617265735C54686972645F5061727A
:1076B00074795C4C7749505C7372635C636F72657C
:1076C0005C6D656D2E6300006D656D5F667265654E
:1076D0003A2073616E69747920636865636B206119
:1076E0006C69676E6D656E740000000041737365B0
:1076F0007274696F6E2022257322206661696C6541
:1077000064206174206C696E6520256420696E2098
:1077100025730A00480000204C0000206D656D5F55
:10772000667265653A20696C6C6567616C206D6591
:107730006D6F7279000000006D656D5F6672656542
:107740003A20696C6C6567616C206D656D6F72794C
:107750003A20646F75626C65206672656500000092
:107760006D656D5F667265653A20696C6C65676111
:107770006C206D656D6F72793A206E6F6E2D6C693D
:107780006E6B65643A20646F75626C652066726525
:10779000650000005000002010B500BF00BF114878
:1077A00020F0030010490860084604684FF4205098
:1077B00020800020608020714FF4205002F0D4F827
:1077C0000A4908600120096808714FF420500749F0
:1077D0000968088005490968488003480068044929
:1077E000086010BD5F360020480000204C000020DB
:1077F000500000202DE9F0410446204600F07AF9BF
:107800000546208802F0B0F80646608802F0ACF821
:1078100007462088B0F5205F10D86088B0F5205F5B
:107820000CD86088A84202D03888A84206D1064801
:107830000068864205D07088A84202D00020BDE8CA
:10784000F0810120FBE700004C0000202DE9F0470B
:107850008146B9F1000F02D10020BDE8F08709F19F
:10786000030020F0030085B20C2D00D20C25B5F5E5
:10787000205F01D84D4501DA0020EEE75848006846
:1078800000F038F90646A3E0304602F06DF80446F1
:10789000207900287ED1218806F10800081AA84224
:1078A00078D3218806F10800091A05F114008142F5
:1078B00029D306F1080028441FFA80F800BFB8F564
:1078C000205F08D100BF47A340F2873251A156A0E4
:1078D000FAF786FE00BF00BF404602F045F80746B3
:1078E00000213971218839807E80A4F80080012030
:1078F00020713888B0F5205F07D0388802F034F85E
:10790000A0F8028001E0012020713548006884421F
:1079100027D13348D0F800A004E0BAF8000002F004
:1079200023F882469AF8040018B149480068824555
:10793000F3D12B48C0F800A000BF00684449096893
:1079400088420CD026480068007940B100BF25A3CA
:1079500040F2B5323FA134A0FAF742FE00BF00BFAB
:1079600000BF00BF04F10800284439490968884273
:1079700008D900BF1BA340F2B9323DA12AA0FAF7F3
:107980002FFE00BF00BF00BF04F0030050B100BFD6
:1079900014A300E018E040F2BB3241A122A0FAF7A4
:1079A0001FFE00BF00BF00BF04F0030040B100BFD6
:1079B0000CA340F2BD3246A11BA0FAF711FE00BF96
:1079C00000BF04F1080048E7304601F0CDFF06880B
:1079D000C5F52050B0423FF657AF00203DE700000C
:1079E000500000202E2E5C4D6964646C65776172D6
:1079F00065735C54686972645F50617274795C4C41
:107A00007749505C7372635C636F72655C6D656D22
:107A10002E630000696E76616C6964206E6578740F
:107A20002070747200000000417373657274696F96
:107A30006E2022257322206661696C656420617462
:107A4000206C696E6520256420696E2025730A000C
:107A50004C0000206D656D5F6D616C6C6F633A204A
:107A6000216C667265652D3E7573656400000000CB
:107A70006D656D5F6D616C6C6F633A20616C6C6FEE
:107A80006361746564206D656D6F7279206E6F74CB
:107A90002061626F76652072616D5F656E642E0095
:107AA0006D656D5F6D616C6C6F633A20616C6C6FBE
:107AB0006361746564206D656D6F72792070726F9B
:107AC0007065726C7920616C69676E65642E000068
:107AD0006D656D5F6D616C6C6F633A2073616E698B
:107AE000747920636865636B20616C69676E6D658E
:107AF0006E740000014602480088081A80B2704780
:107B0000480000202DE9F84F81468B460BF1030019
:107B100020F0030085B20C2D00D20C25B5F5205FB6
:107B200001D85D4502DA0020BDE8F88F00BF564855
:107B30000068814503D355480068814508D300BFDC
:107B400053A340F2D1225EA163A0FAF749FD00BF22
:107B500000BF4D480068814503D34C48006881450B
:107B600003D300BF00BF4846DEE7A9F10806304650
:107B7000FFF7C0FF07463188C81B08381FFA80FA94
:107B800000BF554508DD00BF41A34FF439725CA129
:107B900051A0FAF725FD00BF00BF554501DD0020CB
:107BA000C2E7554501D14846BEE7308801F0DCFE0A
:107BB00004462079002833D100BF3088B0F5205F1B
:107BC00008D100BF32A340F2F52255A142A0FAF736
:107BD00007FD00BF00BF2088009007F1080028447F
:107BE0001FFA80F853480068A04204D1404601F0D3
:107BF000BBFE50490860404601F0B6FE0446002036
:107C00002071009820806780A6F800802088B0F559
:107C1000205F04D0208801F0A7FEA0F8028031E0A8
:107C200005F1140050452DD807F1080028441FFA2B
:107C300080F800BF3088B0F5205F08D100BF14A3E2
:107C400040F2163236A124A0FAF7CAFC00BF00BFEA
:107C5000404601F089FE044636480068844201D25D
:107C60003448046000202071308820806780A6F8A6
:107C700000802088B0F5205F04D0208801F074FED9
:107C8000A0F8028048464FE7480000204C00002042
:107C90002E2E5C4D6964646C6577617265735C540B
:107CA000686972645F50617274795C4C7749505CAA
:107CB0007372635C636F72655C6D656D2E6300004B
:107CC0006D656D5F7472696D3A206C6567616C20DB
:107CD0006D656D6F72790000417373657274696FC1
:107CE0006E2022257322206661696C6564206174B0
:107CF000206C696E6520256420696E2025730A005A
:107D00006D656D5F7472696D2063616E206F6E6C5E
:107D10007920736872696E6B206D656D6F72790082
:107D2000696E76616C6964206E6578742070747217
:107D3000000000005000002070B504460D4600BF52
:107D4000092C09DB00BF0AA34FF4D57214A11BA0B4
:107D5000FAF746FC00BF70BD00BF05B9FBE721493B
:107D600051F824002946FCF76BFC00BFF3E7000044
:107D70002E2E5C4D6964646C6577617265735C542A
:107D8000686972645F50617274795C4C7749505CC9
:107D90007372635C636F72655C6D656D702E6300FA
:107DA0006D656D705F667265653A207479706520E7
:107DB0003C204D454D505F4D415800004173736567
:107DC0007274696F6E2022257322206661696C656A
:107DD00064206174206C696E6520256420696E20C2
:107DE00025730A00D0FF000870B504460D4600BF99
:107DF000002C08D100BF09A340F2951213A118A0CE
:107E0000FAF7EEFB00BF00BF04B105B970BD29460B
:107E10002046FCF715FC00BFF8E700002E2E5C4D55
:107E20006964646C6577617265735C5468697264D7
:107E30005F50617274795C4C7749505C7372635C1B
:107E4000636F72655C6D656D702E6300696E76613F
:107E50006C696420706F6F6C206465736300000050
:107E6000417373657274696F6E20222573222066D8
:107E700061696C6564206174206C696E652025649D
:107E800020696E2025730A0010B5002406E005491C
:107E900051F8240000F008F8601C84B2092CF6D3D5
:107EA00010BD0000D0FF000810B5002384682360D7
:107EB0004368DB1C23F00301002207E083681B6892
:107EC0000B608368196003881944521C43889342ED
:107ED000F4DC10BD70B5044600BF092C0ADB00BFFE
:107EE00009A340F2571214A11BA0FAF779FB00BFB7
:107EF000002070BD00BF224951F82400FCF7F6FBBA
:107F000005462846F5E700002E2E5C4D6964646C3A
:107F10006577617265735C54686972645F50617201
:107F200074795C4C7749505C7372635C636F726503
:107F30005C6D656D702E63006D656D705F6D616C5D
:107F40006C6F633A2074797065203C204D454D502C
:107F50005F4D415800000000417373657274696F92
:107F60006E2022257322206661696C65642061742D
:107F7000206C696E6520256420696E2025730A00D7
:107F8000D0FF000810B5044600BF002C08D100BF88
:107F900007A34FF49E7212A116A0FAF721FB00BFAF
:107FA00000BF0CB9002010BD2046FCF79FFBFAE78C
:107FB0002E2E5C4D6964646C6577617265735C54E8
:107FC000686972645F50617274795C4C7749505C87
:107FD0007372635C636F72655C6D656D702E6300B8
:107FE000696E76616C696420706F6F6C2064657374
:107FF00063000000417373657274696F6E202225FF
:108000007322206661696C6564206174206C696EFE
:108010006520256420696E2025730A002DE9F05F34
:1080200004460E4617469846DDE90AB900BF002C03
:108030000BD100BF49A340F2271255A15BA0FAF76C
:10804000CFFA00BF0020BDE8F09F00BF00BFB9F12C
:10805000000F0AD100BF41A34FF494725DA153A059
:10806000FAF7BEFA00BF0020EDE700BF06B9624E86
:1080700007B9614FB8F1000F01D1DFF87C81002012
:108080006060A060E0605D4860610020208584F849
:1080900031006062E061C4F820B05948007884F88B
:1080A00034000C98206143463A463146204600F0A1
:1080B000F7F92046C84708B10020C4E700BF94F88C
:1080C0003400FF2802D1002084F834004FF0000A69
:1080D0004C48056829E000BFA54208D100BF1FA396
:1080E00040F28B1248A131A0FAF77AFA00BF00BF24
:1080F0000AF1010A00BFBAF1FF0F08DD00BF17A3A4
:1081000040F28D1245A129A0FAF76AFA00BF00BF1C
:1081100095F8340094F83410884205D194F834006E
:10812000401C84F8340002E02D68002DD3D100BF3C
:10813000002DC4D194F83400FE2803D1002030492A
:10814000087004E094F83400401C2D4908702D4854
:10815000006820602B480460204674E72E2E5C4D9A
:108160006964646C6577617265735C546869726494
:108170005F50617274795C4C7749505C7372635CD8
:10818000636F72655C6E657469662E630000000043
:108190006E657469665F6164643A20696E76616CCD
:1081A0006964206E65746966000000004173736540
:1081B0007274696F6E2022257322206661696C6576
:1081C00064206174206C696E6520256420696E20CE
:1081D00025730A006E657469665F6164643A204EB7
:1081E0006F20696E69742066756E6374696F6E20A6
:1081F000676976656E00000050FF000899840008EA
:1082000080000020780000206E6574696620616C33
:10821000726561647920616464656400746F6F20C5
:108220006D616E79206E65746966732C206D61785E
:108230002E20737570706F72746564206E756D6238
:1082400065722069732032353500000070B5044630
:108250000D462946204603F093FB2946204607F0A9
:1082600035FB70BD10B503460868DC68A04201D13B
:10827000012000E0002030B909B9002000E00868C2
:10828000D860012010BD0020FCE70000F8B50546CD
:108290000C46164600BF002C08D100BF18A340F2C0
:1082A000CB1224A127A0FAF79BF900BF00BF00BFA3
:1082B00046B900BF12A34FF4E6721EA121A0FAF73F
:1082C0008FF900BF00BF20686968884201D1012092
:1082D00000E0002090B9206800906868306069462E
:1082E0003046FFF7B3FF0CB9002000E0206868605B
:1082F0000121284600F064F80120F8BD0020FCE7C9
:108300002E2E5C4D6964646C6577617265735C5494
:10831000686972645F50617274795C4C7749505C33
:108320007372635C636F72655C6E657469662E63FD
:1083300000000000696E76616C696420706F696E80
:1083400074657200417373657274696F6E202225C3
:108350007322206661696C6564206174206C696EAB
:108360006520256420696E2025730A0010B5034638
:1083700008689C68A04201D1012000E0002030B9CB
:1083800009B9002000E008689860012010BD0020B5
:10839000FCE7000002466AB10748016808E091F86E
:1083A0003400401CC0B2904201D1084670470968B1
:1083B0000029F4D10020F9E7780000207047000080
:1083C00070B504460D4600BF002C08D100BF12A3B3
:1083D00040F26D321DA126A0FAF702F900BF00BFDE
:1083E00094F8310000F0040020B194F8310000F05E
:1083F000010000B970BD05F0010050B1606840B1E6
:1084000094F8310000F0080018B1211D2046FDF756
:1084100003F800BFEEE700002E2E5C4D6964646C2B
:108420006577617265735C54686972645F506172EC
:1084300074795C4C7749505C7372635C636F7265EE
:108440005C6E657469662E63000000006E65746979
:10845000665F69737375655F7265706F7274733A86
:1084600020696E76616C6964206E657469660000CF
:10847000417373657274696F6E20222573222066C2
:1084800061696C6564206174206C696E6520256487
:1084900020696E2025730A0003466FF00B007047B9
:1084A0002DE9F84F80460C4615461E464FF0000950
:1084B000CA4604B9114C05B9104D06B90F4E0CB19E
:1084C000206808B9012000E00020074627B16A466D
:1084D00021464046FFF7DAFE4A4629464046FFF766
:1084E00045FF524631464046FFF7BCFE27B96A4673
:1084F00021464046FFF7CAFEBDE8F88F50FF00084E
:1085000001490860704700007C00002010B5044657
:1085100000BF002C09D100BF10A340F29B321CA168
:1085200023A0FAF75DF800BF10BD00BF94F831003A
:1085300000F0010078B100BF94F8310000F0FE00B7
:1085400084F8310000BF94F8310000F0080010B149
:108550002046FCF725F900BFE6E700002E2E5C4D13
:108560006964646C6577617265735C546869726490
:108570005F50617274795C4C7749505C7372635CD4
:10858000636F72655C6E657469662E63000000003F
:108590006E657469665F7365745F646F776E3A20A9
:1085A000696E76616C6964206E65746966000000AE
:1085B000417373657274696F6E2022257322206681
:1085C00061696C6564206174206C696E6520256446
:1085D00020696E2025730A0000B1C1617047000058
:1085E00010B5044600BF002C09D100BF0FA340F214
:1085F00006421BA123A0F9F7F3FF00BF10BD00BF87
:1086000094F8310000F0040070B100BF94F831001C
:1086100000F0FB0084F8310000BF00BFE06910B13A
:108620002046E169884700BF00BFE7E72E2E5C4D7A
:108630006964646C6577617265735C5468697264BF
:108640005F50617274795C4C7749505C7372635C03
:10865000636F72655C6E657469662E63000000006E
:108660006E657469665F7365745F6C696E6B5F6479
:108670006F776E3A20696E76616C6964206E6574FE
:1086800069660000417373657274696F6E202225FC
:108690007322206661696C6564206174206C696E68
:1086A0006520256420696E2025730A0010B50446F4
:1086B00000BF002C09D100BF13A34FF478721FA193
:1086C00027A0F9F78DFF00BF10BD00BF94F831005F
:1086D00000F00400A8B900BF94F8310040F0040095
:1086E00084F8310000BF2046FAF71AFE0321204625
:1086F000FFF766FE00BFE06910B12046E1698847D8
:1087000000BF00BFE0E700002E2E5C4D6964646C82
:108710006577617265735C54686972645F506172F9
:1087200074795C4C7749505C7372635C636F7265FB
:108730005C6E657469662E63000000006E65746986
:10874000665F7365745F6C696E6B5F75703A206904
:108750006E76616C6964206E657469660000000065
:10876000417373657274696F6E20222573222066CF
:1087700061696C6564206174206C696E6520256494
:1087800020696E2025730A0010B5044600BF002C36
:1087900009D100BF0EA34FF454721AA120A0F9F71B
:1087A0001FFF00BF10BD00BF94F8310000F00100B2
:1087B00058B900BF94F8310040F0010084F831004E
:1087C00000BF03212046FFF7FBFD00BFEAE70000E2
:1087D0002E2E5C4D6964646C6577617265735C54C0
:1087E000686972645F50617274795C4C7749505C5F
:1087F0007372635C636F72655C6E657469662E6329
:10880000000000006E657469665F7365745F757063
:108810003A20696E76616C6964206E6574696600E1
:10882000417373657274696F6E202225732220660E
:1088300061696C6564206174206C696E65202564D3
:1088400020696E2025730A0070B504460D4600228B
:108850002946204600F002F870BD00002DE9F047DF
:1088600004460D46904600BF44B900BF1CA340F229
:10887000DF1227A129A0F9F7B3FE00BF00BF14B192
:10888000B5F5803F02D30120BDE8F0870DB9002087
:10889000FAE7AEB22089304480B2B04201DA01205A
:1088A000F2E794F80C9009F0800038B16068471B3B
:1088B00004F11000874209D20120E5E7B8F1000F6A
:1088C00002D06068471B01E00120DDE76760608936
:1088D000304460812089304420810020D4E70000AA
:1088E0002E2E5C4D6964646C6577617265735C54AF
:1088F000686972645F50617274795C4C7749505C4E
:108900007372635C636F72655C706275662E630080
:108910007020213D204E554C4C0000004173736582
:108920007274696F6E2022257322206661696C65FE
:1089300064206174206C696E6520256420696E2056
:1089400025730A002DE9FE4F82460E469046574693
:10895000B8F1010F0AD0B8F1410F06D0B8F5C17FC8
:108960000BD0B8F5207F7CD168E000BF424631468D
:10897000002000F035F90446ACE00024002002900D
:10898000B14600BF0820FFF7A5FA054635B914B176
:10899000204600F075FC0020BDE8FE8FF81C20F09A
:1089A0000300C0F5007080B2484501DD484605E08F
:1089B000F81C20F00300C0F5007080B28346002050
:1089C000CDE9008005F110003844C01C20F00301FF
:1089D0005B464A46284600F04FFD00BF287900F06C
:1089E0000300002808D000BF3CA34FF4807247A1C9
:1089F00052A0F9F7F5FD00BF00BF00BFF81C20F042
:108A00000300C0F50070002808D100BF33A34FF465
:108A1000817254A149A0F9F7E3FD00BF00BF0CB972
:108A20002C4601E0029805600295A9EB0B001FFAA5
:108A300080F90027B9F1000FA4DC4BE0F81C20F00E
:108A40000301F01C20F00300084485B205F110007A
:108A50001FFA80F9F01C20F00300A84206D8F01C91
:108A600000E02AE020F00300484501D9002093E708
:108A70004846FEF7EBFE04460CB900208CE70020C8
:108A8000CDE9008004F110003844C01C20F003013F
:108A900033463246204600F0EFFC00BF207900F05C
:108AA000030040B100BF0DA34FF491723AA123A07F
:108AB000F9F796FD00BF00BF0CE000BF00BF07A3A1
:108AC00040F227123FA11DA0F9F78AFD00BF00BFA9
:108AD000002061E700BF20465EE700002E2E5C4DBF
:108AE0006964646C6577617265735C54686972640B
:108AF0005F50617274795C4C7749505C7372635C4F
:108B0000636F72655C706275662E63007062756675
:108B10005F616C6C6F633A207062756620712D3EE8
:108B20007061796C6F61642070726F7065726C79BE
:108B300020616C69676E65640000000041737365B5
:108B40007274696F6E2022257322206661696C65DC
:108B500064206174206C696E6520256420696E2034
:108B600025730A00504255465F504F4F4C5F4255A7
:108B70004653495A45206D757374206265206269B9
:108B800067676572207468616E204D454D5F414C8A
:108B900049474E4D454E5400706275665F616C6C7E
:108BA0006F633A20706275662D3E7061796C6F61FB
:108BB000642070726F7065726C7920616C69676E89
:108BC00065640000706275665F616C6C6F633A206B
:108BD0006572726F6E656F757320747970650000D1
:108BE0002DE9FC4107460D46144600BF412C0AD032
:108BF000012C08D000BF0EA34FF4A57218A11DA030
:108C0000F9F7EEFC00BF00BF0720FFF763F9064647
:108C100016B90020BDE8FC8100202B462A463946C3
:108C2000CDE90040304600F027FC3046F2E7000076
:108C30002E2E5C4D6964646C6577617265735C545B
:108C4000686972645F50617274795C4C7749505CFA
:108C50007372635C636F72655C706275662E63002D
:108C6000696E76616C696420706275665F74797094
:108C700065000000417373657274696F6E20222570
:108C80007322206661696C6564206174206C696E72
:108C90006520256420696E2025730A002DE9FC5F9C
:108CA00005460C4617469846DDE90C9BAA460AF194
:108CB000030020F003002044584502D90020BDE8FD
:108CC000FC9FB9F1000F06D00AF1030020F0030069
:108CD00000EB090600E0002602202346224631462A
:108CE000CDE90070404600F0C7FB4046E7E70000D2
:108CF00070B506460D4600BF0EB1002D09D100BF6C
:108D00001BA340F2593226A133A0F9F769FC00BF3A
:108D100070BD00BF344604E02089298908442081C1
:108D2000246820680028F7D100BF20896189884223
:108D300008D000BF0EA340F2623231A126A0F9F79D
:108D40004FFC00BF00BF00BF206840B100BF08A3B8
:108D500040F2633236A120A0F9F742FC00BF00BF09
:108D60002089298908442081256000BFD0E70000C0
:108D70002E2E5C4D6964646C6577617265735C541A
:108D8000686972645F50617274795C4C7749505CB9
:108D90007372635C636F72655C706275662E6300EC
:108DA000286820213D204E554C4C2920262620287D
:108DB0007420213D204E554C4C29202870726F673D
:108DC00072616D6D65722076696F6C617465732078
:108DD0004150492900000000417373657274696F46
:108DE0006E2022257322206661696C65642061749F
:108DF000206C696E6520256420696E2025730A0049
:108E0000702D3E746F745F6C656E203D3D20702D3B
:108E10003E6C656E20286F66206C617374207062F2
:108E2000756620696E20636861696E290000000024
:108E3000702D3E6E657874203D3D204E554C4C00A3
:108E400070B505460C4621462846FFF751FF2046DF
:108E500000F0D6FB70BD0146002002E0421C90B23B
:108E600009680029FAD170472DE9F04180460E4685
:108E70001446218932464046FFF764FD074617B97C
:108E80000020BDE8F0812146384600F045F805464F
:108E900000BF45B100BF05A340F224520FA114A0AA
:108EA000F9F79EFB00BF00BF3846EAE72E2E5C4D67
:108EB0006964646C6577617265735C546869726437
:108EC0005F50617274795C4C7749505C7372635C7B
:108ED000636F72655C706275662E630070627566A2
:108EE0005F636F7079206661696C656400000000E3
:108EF000417373657274696F6E2022257322206638
:108F000061696C6564206174206C696E65202564FC
:108F100020696E2025730A002DE9F04105460C46B4
:108F20000026002700BF25B11CB12889218988426D
:108F30000CDA00BF44A340F2C9324FA15AA0F9F79E
:108F40004FFB00BF6FF00F00BDE8F08100BF00BF16
:108F50006889801B6189C91B884203D36089A0EBA3
:108F6000070802E06889A0EB06086268D1196A6800
:108F700090194246F7F768F94644474400BF6889AC
:108F8000B04208D200BF30A340F2D93250A146A06F
:108F9000F9F726FB00BF00BF00BF6089B84208D2C6
:108FA00000BF29A340F2DA324FA13FA0F9F718FB26
:108FB00000BF00BF6089B84201D8002724686889D3
:108FC000B04211D100262D6800BF65B95CB100BF69
:108FD0001DA34FF479724BA133A0F9F701FB00BF39
:108FE0006FF00F00B0E700BF002C13D0608921891B
:108FF00088420FD100BF206858B100BF12A340F2D1
:10900000E93244A128A0F9F7EBFA00BF6FF00500A0
:109010009AE700BF002D13D06889298988420FD1B3
:1090200000BF286858B100BF07A340F2EE3239A153
:109030001DA0F9F7D5FA00BF6FF0050084E700BF67
:10904000002C85D100207FE72E2E5C4D6964646C76
:109050006577617265735C54686972645F506172B0
:1090600074795C4C7749505C7372635C636F7265B2
:109070005C706275662E6300706275665F636F7008
:10908000793A20746172676574206E6F742062692A
:109090006720656E6F75676820746F20686F6C64F9
:1090A00020736F7572636500417373657274696FC5
:1090B0006E2022257322206661696C6564206174CC
:1090C000206C696E6520256420696E2025730A0076
:1090D0006F66667365745F746F203C3D20705F74CB
:1090E0006F2D3E6C656E00006F66667365745F661B
:1090F000726F6D203C3D20705F66726F6D2D3E6C0F
:10910000656E0000705F746F20213D204E554C4C01
:1091100000000000706275665F636F707928292017
:10912000646F6573206E6F7420616C6C6F77207054
:1091300061636B657420717565756573210000004E
:109140002DE9F05F8046894616461D464FF0000A1D
:10915000D34600BFB8F1000F0BD100BF21A340F2EE
:109160000A422CA133A0F9F73BFA00BF0020BDE86A
:10917000F09F00BF00BFB9F1000F0AD100BF19A3D3
:1091800040F20B4235A12BA0F9F72AFA00BF0020CC
:10919000EDE700BF444620E035B16089A84203DC1A
:1091A0006089281A85B217E06089401B87B2B742F0
:1091B00000DD37466268511909EB0A003A46F7F7B5
:1091C00043F80BEB07001FFA80FB0AEB07001FFABE
:1091D00080FAF01B86B2002524680EB1002CDBD18A
:1091E0005846C4E72E2E5C4D6964646C65776172E5
:1091F00065735C54686972645F50617274795C4C29
:109200007749505C7372635C636F72655C70627502
:10921000662E6300706275665F636F70795F706160
:10922000727469616C3A20696E76616C696420625F
:1092300075660000417373657274696F6E20222534
:109240007322206661696C6564206174206C696EAC
:109250006520256420696E2025730A00706275669A
:109260005F636F70795F7061727469616C3A2069D5
:109270006E76616C69642064617461707472000060
:109280002DE9F0470446002C0ED100BF44B900BFC1
:1092900035A34FF4377240A142A0F9F7A1F900BFFE
:1092A00000BF0020BDE8F087002658E000BFA07B8B
:1092B000002808DC00BF2CA340F2F12243A139A012
:1092C000F9F78EF900BF00BFA07B401E00F0FF0839
:1092D00084F80E80B8F1000F3FD12768207B00F0A2
:1092E0000F05607B00F00200002814D0A14600BFEB
:1092F000D9F81000002808D100BF1BA340F2FF22BC
:1093000038A128A0F9F76CF900BF00BF2046D9F8B2
:10931000101088471DE0022D04D121460820FEF7D9
:109320000BFD16E0012D04D121460720FEF704FDB8
:109330000FE01DB92046FEF74DF90AE000BF00BF5F
:1093400009A340F20F3230A116A0F9F749F900BF86
:1093500000BF701CC6B23C4600E0002400BF002CD9
:10936000A4D130469EE700002E2E5C4D6964646CEB
:109370006577617265735C54686972645F5061728D
:1093800074795C4C7749505C7372635C636F72658F
:109390005C706275662E63007020213D204E554C36
:1093A0004C000000417373657274696F6E20222552
:1093B0007322206661696C6564206174206C696E3B
:1093C0006520256420696E2025730A007062756629
:1093D0005F667265653A20702D3E726566203E209C
:1093E0003000000070632D3E637573746F6D5F66AF
:1093F0007265655F66756E6374696F6E20213D20CE
:109400004E554C4C00000000696E76616C6964201A
:1094100070627566207479706500000070B504464E
:10942000254629460548FEF7DFFC05480078012857
:1094300002D100200249087070BD00002CFF000816
:109440000400002070B504460D460122294620463E
:1094500000F001F870BD70B505460C461646002CAC
:1094600004DA6142284600F019F970BD32462146FF
:109470002846FFF7F3F9F8E770B5DDE90445002663
:10948000066041600281438104734573012686733F
:109490000026C67370BD00002DE9F04106460F4658
:1094A00000BF002E08D100BF2CA34FF4CC7237A10F
:1094B0003CA0F9F795F800BF00BF3089B84201DC45
:1094C000BDE8F0813089C01B1FFA80F83D46344664
:1094D00013E06089281A85B22089A0EB080020815A
:1094E000246800BF44B900BF1CA340F2AF1237A1EB
:1094F0002CA0F9F775F800BF00BF6089A842E8DB2F
:10950000207B00F00F0000281BD16089A84218D0F2
:10951000607B00F00200002813D1A088001B2844C3
:1095200081B22046FEF7EEFA044600BF44B900BF00
:109530000AA340F2BD122BA11AA0F9F751F800BFFF
:1095400000BF658160892081206810B12068FFF725
:1095500097FE0020206000BFB2E700002E2E5C4D79
:109560006964646C6577617265735C546869726480
:109570005F50617274795C4C7749505C7372635CC4
:10958000636F72655C706275662E630070627566EB
:109590005F7265616C6C6F633A207020213D204ED4
:1095A000554C4C00417373657274696F6E202225AF
:1095B0007322206661696C6564206174206C696E39
:1095C0006520256420696E2025730A007062756627
:1095D0005F7265616C6C6F633A207120213D204E93
:1095E000554C4C006D656D5F7472696D20726574C9
:1095F00075726E65642071203D3D204E554C4C00C7
:1096000010B50446002C12D000BFA07B401CA073F4
:1096100000BF00BFA07B002808DC00BF04A340F20D
:1096200042320FA113A0F8F7DBFF00BF00BF10BD4F
:109630002E2E5C4D6964646C6577617265735C5451
:10964000686972645F50617274795C4C7749505CF0
:109650007372635C636F72655C706275662E630023
:109660007062756620726566206F766572666C6FD3
:1096700077000000417373657274696F6E20222554
:109680007322206661696C6564206174206C696E68
:109690006520256420696E2025730A002DE9F041BC
:1096A00004460D4600BF44B900BF18A340F24B2248
:1096B00022A125A0F8F794FF00BF00BF14B1B5F5B3
:1096C000803F02D30120BDE8F0810DB90020FAE708
:1096D000AEB200BF6089B0420ADA00BF0BA340F20D
:1096E000552223A118A0F8F77BFF00BF0120EAE76D
:1096F00000BF67686068284460606089801B608183
:109700002089801B20810020DDE700002E2E5C4D8B
:109710006964646C6577617265735C5468697264CE
:109720005F50617274795C4C7749505C7372635C12
:10973000636F72655C706275662E63007020213DF8
:10974000204E554C4C000000417373657274696F74
:109750006E2022257322206661696C656420617425
:10976000206C696E6520256420696E2025730A00CF
:10977000696E6372656D656E745F6D61676E697445
:10978000756465203C3D20702D3E6C656E000000C8
:109790002DE9F041044600BF3B480068844208D2EE
:1097A00000BF3AA340F2DF1244A14AA0F8F718FF25
:1097B00000BF00BF00BF51480068844208D300BF0B
:1097C00032A34FF4F0724EA142A0F8F709FF00BF98
:1097D00000BF00BF2079002808D000BF2BA340F2B3
:1097E000E1124EA13BA0F8F7FBFE00BF00BF00BF97
:1097F0002088B0F5205F08D900BF24A34FF4F2728F
:109800004DA134A0F8F7ECFE00BF00BF208800F0A7
:10981000ABF80546AC4219D02879B8B9374800688A
:10982000854213D04F480068A84201D14D480460DA
:10983000288820802888B0F5205F07D02046FEF7D2
:1098400059F90746288800F08FF84780608800F0B3
:109850008BF80646A64215D0307998B94148006881
:10986000A04201D13F480660208830802088B0F5B2
:10987000205F07D03046FEF73DF90746208800F00C
:1098800073F84780BDE8F081480000202E2E5C4D23
:109890006964646C6577617265735C54686972644D
:1098A0005F50617274795C4C7749505C7372635C91
:1098B000636F72655C6D656D2E630000706C75671B
:1098C0005F686F6C65733A206D656D203E3D207258
:1098D000616D0000417373657274696F6E2022259B
:1098E0007322206661696C6564206174206C696E06
:1098F0006520256420696E2025730A004C00002035
:10990000706C75675F686F6C65733A206D656D206C
:109910003C2072616D5F656E64000000706C75675D
:109920005F686F6C65733A206D656D2D3E7573656C
:1099300064203D3D20300000706C75675F686F6C7F
:1099400065733A206D656D2D3E6E657874203C3DE3
:10995000204D454D5F53495A455F414C49474E455F
:1099600044000000500000200146024800680844FE
:1099700070470000480000202DE9F04100F026F873
:10998000074600BF0F4804680CB9BDE8F081606865
:10999000381AB0F1004F01D3012000E0002000B1DF
:1099A000F3E7084920680860A568E668064960682A
:1099B000086021460620FEF7BFF90DB13046A847E2
:1099C000E0E70000CC000020D000002010B5F7F741
:1099D0003DFE10BD2DE9F04104460E46174600BF7E
:1099E000B4F1804F08D300BF09A340F2291215A19A
:1099F00022A0F8F7F5FD00BF00BFFFF7E7FF05194C
:109A00003A463146284600F04DF8BDE8F0810000A6
:109A10002E2E5C4D6964646C6577617265735C546D
:109A2000686972645F50617274795C4C7749505C0C
:109A30007372635C636F72655C74696D656F757476
:109A4000732E630054696D656F75742074696D655C
:109A500020746F6F206C6F6E672C206D61782069A9
:109A600073204C5749505F55494E5433325F4D4136
:109A7000582F34206D736563730000004173736564
:109A80007274696F6E2022257322206661696C658D
:109A900064206174206C696E6520256420696E20E5
:109AA00025730A002DE9F04106460F469046062030
:109AB000FEF710FA0446002C0CD100BF07D100BFFE
:109AC00020A3BE222CA13CA0F8F78AFD00BF00BF56
:109AD000BDE8F08100202060A760C4F80C806660BB
:109AE0003F48006810B93E480460F1E73C496068AF
:109AF00009684968401AB0F1004F01D3012000E025
:109B0000002028B13648006820603548046017E01E
:109B10003348056811E0286850B1606829684968D1
:109B2000401AB0F1004F01D3012000E0002018B12D
:109B3000286820602C6002E02D68002DEBD100BF6A
:109B400000BFC5E72E2E5C4D6964646C6577617259
:109B500065735C54686972645F50617274795C4CBF
:109B60007749505C7372635C636F72655C74696D96
:109B7000656F7574732E63007379735F74696D65B7
:109B80006F75743A2074696D656F757420213D207E
:109B90004E554C4C2C20706F6F6C204D454D505FD6
:109BA0005359535F54494D454F55542069732065AF
:109BB0006D70747900000000417373657274696F91
:109BC0006E2022257322206661696C6564206174B1
:109BD000206C696E6520256420696E2025730A005B
:109BE000CC00002010B5012408E0064901EBC402B6
:109BF00051F834000449FFF7EDFE641C052CF4D342
:109C000010BD000044000108197400082DE9FF5F31
:109C100004460E4600BF002C0AD100BF40A340F20C
:109C20003D224BA151A0F8F7DBFC00BFBDE8FF9F30
:109C300000BF00BF207D012808D100BF38A34FF42A
:109C4000107254A149A0F8F7CBFC00BF00BF207DE3
:109C50000A2807D121465C4802F0BCFD204600F0EE
:109C6000F5FD5AE04FF0000AD346276DD4F8248062
:109C7000D4F88C50D4F81090207DE8B9E08A38B33D
:109C800000BF52480068A04205D150480068C06833
:109C90004E4908600DE04D49086806E0C168A142E0
:109CA00002D1E168C16002E0C0680028F6D100BFBF
:109CB00000BF0020E0600BE0B246B4F816B000BF71
:109CC0002146434802F086FD01204249087000BF4A
:109CD000206F10B1206F04F0B6FAE06E10B1E06EA4
:109CE00004F0B1FABAF1000F0AD0208B211D2346EF
:109CF0004246CDE9001B02903946204604F002FAA4
:109D0000207D0390204600F0A1FD00BF1DB16FF043
:109D10000C014846A84700BF00BF00BF86E700000F
:109D20002E2E5C4D6964646C6577617265735C545A
:109D3000686972645F50617274795C4C7749505CF9
:109D40007372635C636F72655C7463702E63000092
:109D50007463705F6162616E646F6E3A20696E76E3
:109D6000616C696420706362000000004173736578
:109D70007274696F6E2022257322206661696C659A
:109D800064206174206C696E6520256420696E20F2
:109D900025730A00646F6E27742063616C6C2074F5
:109DA00063705F61626F72742F7463705F61626170
:109DB0006E646F6E20666F72206C697374656E2DB1
:109DC0007063627300000000980000208C00002087
:109DD000940000209C00002010B50446012120467C
:109DE000FFF714FF10BD000070B505460120FEF717
:109DF00071F804461CBB00F093FE01F03FFC01200B
:109E0000FEF768F80446CCB9092001F0CFFB012029
:109E1000FEF760F8044684B9082001F0C7FB012072
:109E2000FEF758F804463CB9284601F08BFB0120A8
:109E3000FEF750F8044600BF00BF00BF00BF3CB3B0
:109E400098212046F6F727FA1434657041F2D06065
:109E5000A4F850004010E082A082FF2004F8090C12
:109E60004FF40670E0830620A0856085C01FA083A4
:109E70000120A08607480068E06007480078A072CB
:109E800041F2D060E0860548E0660548E067143C92
:109E9000204670BD880000209E000020C5D9000823
:109EA00000DD6D0010B5044600BF002C0BD100BFD3
:109EB0000CA34FF4F47217A11CA0F8F791FB00BF9C
:109EC0006FF00F0010BD00BF207D012805D000BF3E
:109ED000608B40F01000608300BF0121204600F03D
:109EE00039F8EFE72E2E5C4D6964646C657761721A
:109EF00065735C54686972645F50617274795C4C1C
:109F00007749505C7372635C636F72655C746370F5
:109F10002E6300007463705F636C6F73653A206931
:109F20006E76616C696420706362000041737365D2
:109F30007274696F6E2022257322206661696C65D8
:109F400064206174206C696E6520256420696E2030
:109F500025730A003EB504460D4600BF002C08D10B
:109F600000BF55A34FF4AF725FA167A0F8F738FBAD
:109F700000BF00BF002D57D0207D042802D0207DD7
:109F8000072851D1606F20B9208D40F66831884292
:109F90004AD000BFA07E00F0100040B900BF46A329
:109FA0004FF4B27262A158A0F8F71AFB00BF00BFCD
:109FB000208BE18A221DCDE9002102902346204614
:109FC000626A216D04F09EF8204602F099FB00BF02
:109FD00000BF5E480068A04205D15C480068C068C8
:109FE0005A4908600DE05949086806E0C168A14275
:109FF00002D1E168C16002E0C0680028F6D100BF6C
:10A0000000BF0020E06000BF01205149087000BF80
:10A0100050480068A04202D104F0F4FF02E020465C
:10A0200000F014FC00203EBD207D20B1012824D08A
:10A0300002283AD12CE0E08AD8B100BF4648006837
:10A04000A04205D144480068C068434908600DE05B
:10A050004149086806E0C168A14202D1E168C160D7
:10A0600002E0C0680028F6D100BF00BF0020E06019
:10A0700000BF204600F0EAFB1BE0204601F01CFB7D
:10A080002146364802F0A6FB204600F0D7FC10E03F
:10A0900000BF21462D4802F09DFB01202C4908708D
:10A0A00000BF204600F0D2FB03E0204600F058F845
:10A0B000B9E700BF0020B6E72E2E5C4D6964646CE2
:10A0C0006577617265735C54686972645F50617230
:10A0D00074795C4C7749505C7372635C636F726532
:10A0E0005C7463702E6300007463705F636C6F73E5
:10A0F000655F73687574646F776E3A20696E766118
:10A100006C69642070636200417373657274696F77
:10A110006E2022257322206661696C65642061745B
:10A12000206C696E6520256420696E2025730A0005
:10A130007063622D3E666C61677320262054465F13
:10A140005258434C4F5345440000000094000020F7
:10A150009C000020C80000208C00002090000020FF
:10A1600070B5054600BF45B900BF1EA34FF4CE72BF
:10A1700028A12BA0F8F734FA00BF00BF287D0328E0
:10A1800004D004280AD0072818D10FE0284604F08C
:10A1900007F904460CB90520287511E0284604F09B
:10A1A000FFF804460CB90520287509E0284604F09C
:10A1B000F7F804460CB90920287501E0002070BDAD
:10A1C00000BF1CB9284601F0C1FC09E0601C38B989
:10A1D00000BF688B40F00800688300BF0020EEE7F6
:10A1E0002046ECE72E2E5C4D6964646C65776172E5
:10A1F00065735C54686972645F50617274795C4C19
:10A200007749505C7372635C636F72655C746370F2
:10A210002E63000070636220213D204E554C4C009F
:10A22000417373657274696F6E20222573222066F4
:10A2300061696C6564206174206C696E65202564B9
:10A2400020696E2025730A002DE9F05F80460D46D7
:10A2500091469A460A9F00BFB8F1000F07D100BF90
:10A2600040A3A3224CA154A0F8F7BAF900BF00BF45
:10A2700000BF002D07D100BF3AA3A42258A14EA0D1
:10A28000F8F7AEF900BF00BF07F0010008B10420E5
:10A2900000E0002007F0020109B1002100E00021E8
:10A2A000084407F0080109B1002100E0002108443A
:10A2B00007F0100109B1002100E000214618032039
:10A2C000FDF708FE041E05D12846FEF7D9FF002041
:10A2D000BDE8F09FA77200202060656000BF28895C
:10A2E000B04207DA00BF1FA3B02246A132A0F8F7A0
:10A2F00077F900BF00BF2889801B208114212846E0
:10A30000FEF7A2FA20B1204603F090FF0020DFE71D
:10A3100060684068E060B8F81600FDF7B2F8E168E0
:10A320000880B8F81800FDF7ACF8E168488050469E
:10A33000FDF79AF8E1684860B346F11706EB9171B2
:10A340008910491D4FF6FF7202EA013141EA090006
:10A35000FDF797F8E16888810020E168488220468F
:10A36000B6E700002E2E5C4D6964646C65776172FF
:10A3700065735C54686972645F50617274795C4C97
:10A380007749505C7372635C636F72655C74637071
:10A390005F6F75742E6300007463705F6372656134
:10A3A00074655F7365676D656E743A20696E76617A
:10A3B0006C69642070636200417373657274696FC5
:10A3C0006E2022257322206661696C6564206174A9
:10A3D000206C696E6520256420696E2025730A0053
:10A3E0007463705F6372656174655F7365676D65E3
:10A3F0006E743A20696E76616C696420706275666D
:10A4000000000000702D3E746F745F6C656E203E1E
:10A410003D206F70746C656E000000002DE9F04106
:10A4200006460D46174600BF002F08D100BF10A3F7
:10A4300040F6C5021AA124A0F8F7D2F800BF00BF69
:10A4400015B93046BDE8F0812C8D74B128208442C6
:10A4500002DD211A89B200E000218846464501DA72
:10A46000314600E041460E4600BF3046EAE70000B4
:10A470002E2E5C4D6964646C6577617265735C5403
:10A48000686972645F50617274795C4C7749505CA2
:10A490007372635C636F72655C7463702E6300003B
:10A4A0007463705F6566665F73656E645F6D73731A
:10A4B0005F6E657469663A20696E76616C696420C6
:10A4C0006473745F69700000417373657274696FBF
:10A4D0006E2022257322206661696C656420617498
:10A4E000206C696E6520256420696E2025730A0042
:10A4F0002DE9F84304460D460027B94600BF05F094
:10A50000030040B900BF60A340F211426B496CA048
:10A51000F8F766F800BF00BF00BF002C08D100BFED
:10A5200059A340F2134270A165A0F8F759F800BF93
:10A5300000BF05F0020000B1012707F0010008B1DB
:10A54000042000E0002007F0020109B1002100E032
:10A550000021084407F0080109B1002100E00021B2
:10A56000084407F0100109B1002100E0002100EBD0
:10A5700001094FF4207249463620FEF7E3F9B0F1A5
:10A58000000809D100BF608B40F08000608300BFED
:10A590004FF0FF30BDE8F88300BFB8F80A00484527
:10A5A00008DA00BF38A340F2394257A144A0F8F7B7
:10A5B00017F800BF00BF00972A4641462046E36DCA
:10A5C000FFF742FE061E07D100BF608B40F08000FF
:10A5D000608300BF701EDDE700BF307B00F003002A
:10A5E00040B100BF28A340F2424256A134A0F7F781
:10A5F000F7FF00BF00BF00BF308940B100BF22A3FA
:10A6000040F2434255A12EA0F7F7EAFF00BF00BF7A
:10A61000E06E08B9E66607E0E06E00E000680168F9
:10A620000029FBD1066000BF0020A4F8680005F0F7
:10A63000020010B905F0010010B1E06D401CE065AA
:10A6400005F0010028B100BF608B40F0200060835E
:10A6500000BF7068FEF7FFFB34F8661F08442080D7
:10A6600034F8660970B100BF206F50B9E06E40B990
:10A6700000BF05A340F2654243A111A0F7F7B0FF68
:10A6800000BF00BF002085E72E2E5C4D6964646C1E
:10A690006577617265735C54686972645F5061725A
:10A6A00074795C4C7749505C7372635C636F72655C
:10A6B0005C7463705F6F75742E630000B4010108F1
:10A6C000417373657274696F6E2022257322206650
:10A6D00061696C6564206174206C696E6520256415
:10A6E00020696E2025730A007463705F656E717552
:10A6F0006575655F666C6167733A20696E76616C3B
:10A7000069642070636200007463705F656E7175C8
:10A710006575655F666C6167733A20636865636B36
:10A720002074686174206669727374207062756643
:10A730002063616E20686F6C64206F70746C656E4E
:10A74000000000007365672D3E74637068647220BA
:10A750006E6F7420616C69676E6564007463705F0E
:10A76000656E71756575655F666C6167733A2069C2
:10A770006E76616C6964207365676D656E74206CBC
:10A78000656E6774680000007463705F656E717554
:10A790006575655F666C6167733A20696E76616C9A
:10A7A0006964207175657565206C656E67746800F5
:10A7B00070B523480078401C2149087000BF21482B
:10A7C000046839E0A07F1E490978884233D01C48CC
:10A7D0000078A077A07E00F0010078B100BF608B08
:10A7E00040F00200608300BF204601F0AFF900BFD7
:10A7F000608B4FF6FC710840608300BFA07E00F0C4
:10A80000080048B100BF608B4FF6F77108406083C5
:10A8100000BF2046FFF7A4FCE568606F48B1002048
:10A8200009490870204602F049FC0748007800B149
:10A83000C5E72C4600E0E468002CC3D170BD0000E1
:10A840009E000020940000209C00002010B50446CB
:10A8500000BF207D012807D100BF06A3D42211A18B
:10A8600015A0F7F7BDFE00BF00BF21460120FDF790
:10A8700063FA10BD2E2E5C4D6964646C657761725D
:10A8800065735C54686972645F50617274795C4C82
:10A890007749505C7372635C636F72655C7463705C
:10A8A0002E6300007463705F667265653A204C49E0
:10A8B0005354454E00000000417373657274696F14
:10A8C0006E2022257322206661696C6564206174A4
:10A8D000206C696E6520256420696E2025730A004E
:10A8E0002DE9F04705460C469146984635E0264648
:10A8F00024687068FEF7AFFA074600BFB5F8660037
:10A90000B84208DA00BF22A340F257422DA137A077
:10A91000F7F766FE00BF00BF35F8660FC01B288042
:10A9200030893C49098808443A490880304603F098
:10A930007DFC35F8660900280FD000BF002C0BD134
:10A94000B8F1000F08D100BF11A340F2614232A15B
:10A9500026A0F7F745FE00BF00BFB4B1E168486824
:10A96000FCF782FD8246E1688889FCF78AFD00F0E9
:10A97000030008B1012000E0002021890844504470
:10A980002D490968401A0028B1DD2046BDE8F0874E
:10A990002E2E5C4D6964646C6577617265735C54DE
:10A9A000686972645F50617274795C4C7749505C7D
:10A9B0007372635C636F72655C7463705F696E2E43
:10A9C000630000007063622D3E736E645F71756595
:10A9D00075656C656E203E3D20706275665F636CC8
:10A9E000656E286E6578742D3E702900417373651D
:10A9F0007274696F6E2022257322206661696C650E
:10AA000064206174206C696E6520256420696E2065
:10AA100025730A00BC0000207463705F7265636573
:10AA20006976653A2076616C696420717565756533
:10AA3000206C656E67746800B800002010B504468D
:10AA400000BF207D012807D100BF06A3DF2211A18E
:10AA500017A0F7F7C5FD00BF00BF21460220FDF794
:10AA60006BF910BD2E2E5C4D6964646C6577617264
:10AA700065735C54686972645F50617274795C4C90
:10AA80007749505C7372635C636F72655C7463706A
:10AA90002E6300007463705F667265655F6C697336
:10AAA00074656E3A20214C495354454E0000000015
:10AAB000417373657274696F6E202225732220665C
:10AAC00061696C6564206174206C696E6520256421
:10AAD00020696E2025730A000D4801880088401CFB
:10AAE0000B4A10800B48006818B10B48008881425F
:10AAF00005DA0A48006800F11402505C7047064805
:10AB00000078081AC2B203480068805CF6E70000CB
:10AB1000B0000020AC000020AA000020A40000200B
:10AB200070B50B48046810E0E568A07E00F00800EE
:10AB300048B100BF608B4FF6F7710840608300BFDB
:10AB40002046FFF70DFB2C4600BF002CECD170BD5A
:10AB50009400002010B5F5F765FBC0F30D0000F57B
:10AB600040400149088010BD840000202DE9FE4FBF
:10AB700005468B4600BF002D07D100BFE2A383220C
:10AB8000EEA1F4A0F7F72CFD00BF00BFFB496868F9
:10AB900008606889142800DAC7E3F94A1168506927
:10ABA000FBF796F928B9F648007D00F0F000E028A0
:10ABB00000D1BAE3F14909688889FCF762FC001307
:10ABC0008700142F02DB2889B84200DAADE3A7F131
:10ABD0001400EC4908800020EB4908606889B842FD
:10ABE00008DBE8480088E949088039462846FEF72E
:10ABF00055FD4AE000BF286838B900BFC2A3C22291
:10AC0000E3A1D4A0F7F7ECFC00BF00BF1421284655
:10AC1000FEF744FD6889DD490880DA480088098824
:10AC2000401A1FFA80FAD94801882846FEF736FDF7
:10AC300028684089504500DA77E328684068D2499F
:10AC4000086051462868FEF729FD2889A0EB0A0014
:10AC5000288100BF688938B100BFABA3DF22D0A133
:10AC6000BCA0F7F7BDFC00BF00BF00BF2889296862
:10AC70000989884207D000BFA3A3E022CBA1B5A0D9
:10AC8000F7F7AEFC00BF00BF00BFBC4909680888E9
:10AC9000FCF7F7FBB94909680880B8490968488892
:10ACA000FCF7EFFBB54909684880B4490968486872
:10ACB000FCF7DAFBB14909684860C4490860AF494C
:10ACC00009688868FCF7D0FBAC4909688860C0490E
:10ACD0000860AA490968C889FCF7D3FBA749096835
:10ACE000C881A64909688889FCF7CBFB00F03F00C2
:10ACF000B84908702889B8490880B648007800F03B
:10AD0000030040B108460088401C08802889098853
:10AD1000884200DD09E34FF00009B048046873E0A1
:10AD200000BF207D38B900BF77A3FB22ACA189A06A
:10AD3000F7F756FC00BF00BF00BF207D0A2807D1EF
:10AD400000BF71A3FC22B0A182A0F7F749FC00BFAD
:10AD500000BF00BF207D012807D100BF6AA3FD22EC
:10AD6000B4A17CA0F7F73CFC00BF00BF207A50B133
:10AD7000217A8348406890F83400401CC0B2814278
:10AD800001D0A1463FE0208B7C49096809888842B0
:10AD900037D1E08A794909684988884231D17849B0
:10ADA0006068096988422CD17549206849698842E0
:10ADB00027D100BFE068A04208D100BF52A340F2F3
:10ADC0000D12A6A163A0F7F70BFC00BF00BFB9F1FD
:10ADD000000F07D0E068C9F80C0080480068E06008
:10ADE0007E48046000BFE068A04208D100BF46A3CF
:10ADF00040F21512A4A157A0F7F7F2FB00BF00BF65
:10AE000004E0A14600BFE468002C89D100BF002CFB
:10AE100078D1A848046839E000BF207D0A2808D00E
:10AE200000BF39A340F21F12A3A14AA0F7F7D8FB35
:10AE300000BF00BF207A48B1217A5148406890F89D
:10AE40003400401CC0B2814200D01EE0208B4B4930
:10AE500009680988884217D1E08A48490968498801
:10AE6000884211D146496068096988420CD1444939
:10AE700020684969884207D1204604F00FF8284627
:10AE8000FEF7FEF9BDE8FE8F00BFE468002CC3D1D9
:10AE9000A146954806681FE0307A50B1317A3848AB
:10AEA000406890F83400401CC0B2814201D0B146E5
:10AEB00011E0F08A314909684988884209D130494E
:10AEC00030684969884200D108E00EB1306800B9A5
:10AED00004E0B14600BFF668002EDDD100BF8EB1A0
:10AEE000B9F1000F07D0F068C9F80C007E4800687F
:10AEF000F0607D480660304600F048FC2846FEF7CA
:10AF0000BFF9BFE7F2E000002E2E5C4D6964646C6F
:10AF10006577617265735C54686972645F506172D1
:10AF200074795C4C7749505C7372635C636F7265D3
:10AF30005C7463705F696E2E630000007463705F01
:10AF4000696E7075743A20696E76616C6964207000
:10AF500062756600417373657274696F6E20222595
:10AF60007322206661696C6564206174206C696E6F
:10AF70006520256420696E2025730A00A400002046
:10AF800044360020A8000020AC000020AA000020C9
:10AF9000702D3E6E65787420213D204E554C4C003E
:10AFA000702D3E6C656E203D3D203000702D3E744E
:10AFB0006F745F6C656E203D3D20702D3E6E657830
:10AFC000742D3E746F745F6C656E0000B4000020D9
:10AFD000B8000020C0000020BE0000209400002027
:10AFE0007463705F696E7075743A2061637469761A
:10AFF00065207063622D3E737461746520213D206D
:10B00000434C4F53454400007463705F696E707524
:10B01000743A20616374697665207063622D3E73B3
:10B020007461746520213D2054494D452D57414997
:10B03000540000007463705F696E7075743A20612B
:10B040006374697665207063622D3E737461746504
:10B0500020213D204C495354454E00007463705FDD
:10B06000696E7075743A207063622D3E6E657874F7
:10B0700020213D2070636220286265666F72652022
:10B0800063616368652900007463705F696E707541
:10B09000743A207063622D3E6E65787420213D20E5
:10B0A00070636220286166746572206361636865FD
:10B0B00029000000980000207463705F696E70754D
:10B0C000743A2054494D452D5741495420706362CC
:10B0D0002D3E7374617465203D3D2054494D452DCE
:10B0E000574149540000000090000020002C71D00E
:10B0F00000209049086028890881084645608E48EC
:10B100000068C86000208D4908608D4908708D492D
:10B1100008808D48007800F0080018B1687B40F086
:10B1200001006873606F80B1204601F0C7FF0D30E9
:10B1300028B1606F48B185480088002805DD608D22
:10B1400010B9204603F08CF8BBE08148046020462B
:10B1500001F012FC804608F10D00002816D0784856
:10B16000007800F0080090B100BFD4F88C0028B13E
:10B170006FF00D01D4F88C202069904700BF214664
:10B18000744801F027FB2046FFF760FB98E04FF082
:10B1900000086C480088002817DD6A48B0F800A055
:10B1A00000BFE06F30B152462146E36F20699847F7
:10B1B000804601E04FF0000800BF08F10D0000B923
:10B1C0007FE000205F49088000BF204600F0D8F8EB
:10B1D00008B176E085E059480068A8B300BF606F09
:10B1E00050B100BFAFF2E0234FF4F3725AA1AFF2B7
:10B1F0009C20F7F7F5F900BF00BFA07E00F010001B
:10B2000038B14E480068FEF73BF82046FEF7E4FDF3
:10B2100057E000BFD4F8800048B100234749D4F874
:10B2200080C020690A682146E047804607E0002385
:10B23000424821460268184602F0C4FB804600BF1F
:10B2400008F10D0008B93CE005E0B8F1000F02D0AC
:10B250003A48006860673A48007800F0200020B360
:10B26000606F30B1606F407B40F02000616F4873C9
:10B270001BE0208D40F66831884202D0208D401CB2
:10B28000208500BFD4F8800040B100231A46214633
:10B29000D4F880C02069E047804601E04FF0000804
:10B2A00000BF08F10D0000B90BE00020284908603C
:10B2B000204600F065F800B103E0204600F046FCAF
:10B2C00000BF0020224908601C49086019484068F6
:10B2D00040B318494868FDF7D3FF0020154948607E
:10B2E00020E0154909688889FCF7CBF800F00400D4
:10B2F000A8B91148006800880F49096849881D4AA3
:10B30000CDE9002102901C480068104909884218C4
:10B31000184B1B1D19480168002002F0F3FE284657
:10B32000FDF7AEFF00BF00BFACE52846FDF7A8FF64
:10B3300000BFA7E5107A0020A4000020C400002070
:10B34000C1000020BC000020C0000020BE00002082
:10B35000C8000020940000207063622D3E72656674
:10B36000757365645F64617461203D3D204E554C8A
:10B370004C00000054360020B4000020B80000202B
:10B3800010B5044600BF002C08D100BF13A340F243
:10B390005A221FA128A0F7F723F900BF00BF3048A9
:10B3A000007800F01000B8B1A07E00F0100050B995
:10B3B00000BFD4F88C0028B16FF00E01D4F88C20B7
:10B3C0002069904700BF2146264801F003FA204635
:10B3D000FFF73CFA012010BD0020FCE72E2E5C4D4B
:10B3E0006964646C6577617265735C5468697264E2
:10B3F0005F50617274795C4C7749505C7372635C26
:10B40000636F72655C7463705F696E2E6300000029
:10B410007463705F696E7075745F64656C61796583
:10B42000645F636C6F73653A20696E76616C696402
:10B430002070636200000000417373657274696F6D
:10B440006E2022257322206661696C656420617418
:10B45000206C696E6520256420696E2025730A00C2
:10B46000C1000020940000202DE9F0410446002690
:10B4700000BF002C08D100BF14A340F6240220A175
:10B4800026A0F7F7ADF800BF00BF216D481EFBF7FF
:10B49000EBFF8046434600223146204600F008FD7F
:10B4A00005461DB94FF0FF30BDE8F081334600225C
:10B4B0002946204600F07AFE231D224629462046D2
:10B4C00000F0F6FD07463846EEE700002E2E5C4DF4
:10B4D0006964646C6577617265735C5468697264F1
:10B4E0005F50617274795C4C7749505C7372635C35
:10B4F000636F72655C7463705F6F75742E630000B8
:10B500007463705F6B656570616C6976653A20691C
:10B510006E76616C696420706362000041737365CC
:10B520007274696F6E2022257322206661696C65D2
:10B5300064206174206C696E6520256420696E202A
:10B5400025730A002DE9F04107467F2F01DD7F209A
:10B5500000E0384606460EB9BDE8F081701EC6B25E
:10B560004FF0000800250F48046813E0607DB042EA
:10B5700008DB607DB0420CD10B49206A0968081ACB
:10B58000404506D30849206A0968A1EB0008254612
:10B59000667DE468002CE9D115B12846FEF71CFC55
:10B5A00000BFD9E794000020880000202DE9F04179
:10B5B000054600BF082D0AD0092D08D000BF13A3EF
:10B5C00040F2DD621DA121A0F7F70AF800BF00BF1D
:10B5D00000270026274804680EE0207DA8420AD1F3
:10B5E0002549206A0968081AB84204D32249206A0A
:10B5F00009680F1A2646E468002CEED11EB100211E
:10B600003046FEF703FBBDE8F08100002E2E5C4DB6
:10B610006964646C6577617265735C5468697264AF
:10B620005F50617274795C4C7749505C7372635CF3
:10B63000636F72655C7463702E630000696E76617F
:10B640006C696420737461746500000041737365F4
:10B650007274696F6E2022257322206661696C65A1
:10B6600064206174206C696E6520256420696E20F9
:10B6700025730A00940000208800002070B5002681
:10B6800000250B4804680BE00A49206A0968081A7B
:10B69000B04204D30749206A09680E1A2546E468B7
:10B6A000002CF1D115B12846FEF796FB70BD0000C5
:10B6B000980000208800002070B5044600BF44B9FF
:10B6C00000BF12A340F211121CA11FA0F6F788FFC1
:10B6D00000BF00BF00BF207D012808D000BF0BA322
:10B6E0004FF4897222A118A0F6F77AFF00BF00BFBD
:10B6F000012507E0244951F825100868214602F089
:10B7000053FA6D1C042DF5D370BD00002E2E5C4D38
:10B710006964646C6577617265735C5468697264AE
:10B720005F50617274795C4C7749505C7372635CF2
:10B73000636F72655C7463702E63000070636220D7
:10B74000213D204E554C4C00417373657274696FF6
:10B750006E2022257322206661696C656420617405
:10B76000206C696E6520256420696E2025730A00AF
:10B770007063622D3E7374617465203D3D204C49B9
:10B780005354454E00000000340001082DE9FE43EB
:10B7900005465448007800F0040008B1BDE8FE8377
:10B7A00000BF002D08D100BF4FA340F281225BA152
:10B7B00062A0F6F715FF00BF00BF4A48007800F00E
:10B7C0001000B0B167480068008866490968498878
:10B7D000654ACDE9002102906448006864490988FF
:10B7E0004218614B1B1D63480168284602F08AFC21
:10B7F00075E03C48007800F0020000286FD0687DBA
:10B80000FEF7F2FA044674B900BFA86938B14FF0E8
:10B81000FF320021AB6928699847804601E06FF04C
:10B820000F0800BFBAE750481038406920604E4802
:10B83000103800696060E88AE0824A480068008841
:10B8400020830320207549480068401C6062606ABC
:10B85000E062204600F022F90646A6652665666489
:10B86000E66542480068401E606528692061A5675A
:10B87000687A00F00C006072287A207200BF00BF66
:10B880003D480068E0603C48046003F0EBFA00BF0C
:10B8900001203A49087000BF204600F099FE314867
:10B8A0000068C08924F8600F20886080603C201DFB
:10B8B000FBF702F88046608E221D4146FEF7AEFD82
:10B8C000608612212046FEF713FE074627B10021AD
:10B8D0002046FEF79BF961E7204600F037F900BFEC
:10B8E0005CE70000C00000202E2E5C4D6964646C93
:10B8F0006577617265735C54686972645F506172E8
:10B9000074795C4C7749505C7372635C636F7265E9
:10B910005C7463705F696E2E630000007463705F17
:10B920006C697374656E5F696E7075743A20696EC8
:10B9300076616C6964207063620000004173736516
:10B940007274696F6E2022257322206661696C65AE
:10B9500064206174206C696E6520256420696E2006
:10B9600025730A00A400002054360020B4000020F3
:10B97000BE000020B8000020940000209C000020A1
:10B9800070B506460D46D6B13068C0B10C480168A6
:10B99000304600F01BF80B480168304600F016F8FE
:10B9A0006DB1286858B10848046806E0206831681D
:10B9B000884201D128682060E468002CF6D170BD6F
:10B9C000940000208C000020900000202DE9F04120
:10B9D00005460E46344600BF002D08D100BF0CA31B
:10B9E0004FF4106216A123A0F6F7FAFD00BF00BFC6
:10B9F0000AE020682968884205D1E7682046FEF7FA
:10BA0000EBF93C4600E0E468002CF2D1BDE8F0819F
:10BA10002E2E5C4D6964646C6577617265735C544D
:10BA2000686972645F50617274795C4C7749505CEC
:10BA30007372635C636F72655C7463702E63000085
:10BA40007463705F6E657469665F69705F6164647A
:10BA5000725F6368616E6765645F7063626C69736F
:10BA6000743A20696E76616C6964206F6C645F6102
:10BA700064647200417373657274696F6E2022256D
:10BA80007322206661696C6564206174206C696E44
:10BA90006520256420696E2025730A0010B50446D0
:10BAA00000BF002C08D100BF09A340F6AF0214A1CB
:10BAB0001AA0F6F795FD00BF00BF22480068224992
:10BAC000096808441F4908600846006810BD000066
:10BAD0002E2E5C4D6964646C6577617265735C548D
:10BAE000686972645F50617274795C4C7749505C2C
:10BAF0007372635C636F72655C7463702E630000C5
:10BB00007463705F6E6578745F6973733A20696EF1
:10BB100076616C6964207063620000004173736534
:10BB20007274696F6E2022257322206661696C65CC
:10BB300064206174206C696E6520256420696E2024
:10BB400025730A00A0000020880000202DE9F84F8E
:10BB5000044600BF002C08D100BFA7A340F2E14279
:10BB6000B2A1B8A0F6F73CFD00BF00BF00BF207D2A
:10BB7000012808D100BFA0A340F2E342BBA1B1A0BD
:10BB8000F6F72EFD00BF00BFC2480068A04202D1F8
:10BB90000020BDE8F88FB4F86000B4F8481088427F
:10BBA00002DAB4F8600001E0B4F848008146E56EBE
:10BBB00045B9A07E00F0020018B1204602F050FB0B
:10BBC000E7E710E1221D2146204602F08BFA0746E6
:10BBD00017B96FF00300DCE70CB1206858B90FB15A
:10BBE000381D00E00020014611B96FF00300D0E7D6
:10BBF0000868206000BFE9684868FBF735FC616CA5
:10BC0000401A29890844484519D9B4F860004845C4
:10BC10000CD1206F50B994F8950038B9002004F881
:10BC2000940F012060700020A070943CA07E00F072
:10BC3000020018B1204602F013FBAAE7D3E000206F
:10BC400084F89500266F26B100E036683068002839
:10BC5000FBD1B5E000BFE9688889FBF712FC00F072
:10BC6000040040B100BF64A340F236528AA175A01F
:10BC7000F6F7B6FC00BF00BF206FA0B1A07E00F0B9
:10BC8000440080B9E06E38B1E06E006858B9E06EEB
:10BC90000089618E884206DAB4F8640018B1B4F8FD
:10BCA0006600082801DB012000E0002020B9A07E0A
:10BCB00000F0A00000B98FE0207D022807D01020FE
:10BCC000FBF7DFFBE96889890843E96888813A4620
:10BCD0002146284600F0FCFA0090009838B100BFD9
:10BCE000608B40F08000608300BF009851E72868B7
:10BCF000E066207D022806D000BF608B4FF6FC7105
:10BD00000840608300BFE9684868FBF7ADFB8046E8
:10BD1000E9688889FBF7B5FB00F0030008B1012052
:10BD200000E000202989084408EB000A206DB0EBF0
:10BD30000A0001D5C4F850A0E9688889FBF7A1FB87
:10BD400000F0030008B1012000E000202989084428
:10BD500088B300202860206F10B925672E462EE09A
:10BD6000E9684868FBF780FB8046F1684868FBF7A4
:10BD70007BFBB8EB00001BD504F1700801E0D8F89C
:10BD80000080D8F8000068B1D8F80010C968486889
:10BD9000FBF76AFB8346E9684868FBF765FBBBEB8A
:10BDA0000000ECD4D8F800002860C8F8005006E085
:10BDB0003560366803E0FFE7284602F037FAE56EA3
:10BDC00055B1E9684868FBF74FFB616C401A298957
:10BDD000084448457FF63EAF00BFE06E10B9002032
:10BDE000A4F8680000BF00BF608B4FF67F71084069
:10BDF000608300BF0020CCE62E2E5C4D6964646C2D
:10BE00006577617265735C54686972645F506172D2
:10BE100074795C4C7749505C7372635C636F7265D4
:10BE20005C7463705F6F75742E6300007463705F81
:10BE30006F75747075743A20696E76616C696420F0
:10BE400070636200417373657274696F6E2022259E
:10BE50007322206661696C6564206174206C696E70
:10BE60006520256420696E2025730A00646F6E27A3
:10BE7000742063616C6C207463705F6F757470758F
:10BE80007420666F72206C697374656E2D706362C6
:10BE900073000000C8000020525354206E6F7420BD
:10BEA000657870656374656420686572652100005B
:10BEB0002DE9FF4104460E461746984600BF002C68
:10BEC00008D100BF10A340F242721CA125A0F6F7D2
:10BED00087FB00BF00BF608D1023218BE28ACDE974
:10BEE00001130092039043463A463146606A00F0DF
:10BEF0004DF805461DB1618D606A0844E062284630
:10BF000004B0BDE8F08100002E2E5C4D6964646CC5
:10BF10006577617265735C54686972645F506172C1
:10BF200074795C4C7749505C7372635C636F7265C3
:10BF30005C7463705F6F75742E6300007463705F70
:10BF40006F75747075745F616C6C6F635F68656149
:10BF50006465723A20696E76616C69642070636210
:10BF600000000000417373657274696F6E202225B2
:10BF70007322206661696C6564206174206C696E4F
:10BF80006520256420696E2025730A002DE9F05F85
:10BF900082460D4617469846DDF830B005F114008C
:10BFA000384481B24FF420722220FCF7CBFC0646C5
:10BFB000002E34D000BF718905F11400814208DAE7
:10BFC00000BF18A340F2237223A12FA0F6F708FBAD
:10BFD00000BF00BF74680A98FBF753FA20800B98E3
:10BFE000FBF74FFA6080C4F804805046FBF73CFA38
:10BFF000A060A946E91705EB91718910491D4FF61C
:10C00000FF7202EA013141EA0B00FBF73AFAA08124
:10C010000D98FBF736FAE0810020208260823046DE
:10C02000BDE8F09F2E2E5C4D6964646C657761728B
:10C0300065735C54686972645F50617274795C4CBA
:10C040007749505C7372635C636F72655C74637094
:10C050005F6F75742E630000636865636B2074689E
:10C060006174206669727374207062756620636102
:10C070006E20686F6C6420737472756374207463CF
:10C08000705F686472000000417373657274696F59
:10C090006E2022257322206661696C6564206174BC
:10C0A000206C696E6520256420696E2025730A0066
:10C0B0002DE9FE4F04460E4692469B4600BF002ED9
:10C0C00008D100BF17A340F2877223A12DA0F6F775
:10C0D00087FA00BF00BF5A465146204602F002F8D8
:10C0E000054615B96FF0030715E024B194F80B80ED
:10C0F00094F80A9003E04FF0FF084FF00009062083
:10C1000043465A465146CDE9009002953046FAF72B
:10C110006BF9074600BF3046FDF7B2F83846BDE878
:10C12000FE8F00002E2E5C4D6964646C6577617231
:10C1300065735C54686972645F50617274795C4CB9
:10C140007749505C7372635C636F72655C74637093
:10C150005F6F75742E6300007463705F6F75747029
:10C1600075745F636F6E74726F6C5F7365676D6516
:10C170006E743A20696E76616C69642070627566CF
:10C1800000000000417373657274696F6E20222590
:10C190007322206661696C6564206174206C696E2D
:10C1A0006520256420696E2025730A002DE9F0477B
:10C1B00081460D4614469A464FF0000800BF002DF8
:10C1C00008D100BF1CA340F2567228A131A0F6F797
:10C1D00007FA00BF00BF6E6806F1140700BF3846BB
:10C1E00000EB880004F0010109B1042100E0002106
:10C1F000084404F0020109B1002100E000210844D4
:10C2000004F0080109B1002100E00021084404F015
:10C21000100109B1002100E000210844B84208D013
:10C2200000BF05A340F2757224A11AA0F6F7D8F951
:10C2300000BF00BFBDE8F0872E2E5C4D6964646CC2
:10C240006577617265735C54686972645F5061728E
:10C2500074795C4C7749505C7372635C636F726590
:10C260005C7463705F6F75742E6300007463705F3D
:10C270006F75747075745F66696C6C5F6F707469EC
:10C280006F6E733A20696E76616C696420706275B6
:10C2900066000000417373657274696F6E20222519
:10C2A0007322206661696C6564206174206C696E1C
:10C2B0006520256420696E2025730A006F707469FB
:10C2C0006F6E73206E6F742066696C6C656400001D
:10C2D0002DE9FE4F04460D46164600BF002C08D13E
:10C2E00000BF58A34FF4B76263A16BA0F6F778F9CB
:10C2F00000BF00BF00BF002D08D100BF51A340F216
:10C30000B9526FA164A0F6F76BF900BF00BF00BF80
:10C31000002E08D100BF4BA340F2BA5270A15EA01C
:10C32000F6F75EF900BF00BF204600F0F7F810B145
:10C330000020BDE8FE8F686AFBF796F8E168886028
:10C34000688DFBF79EF8E168C881698D686A0844CA
:10C35000E862E06800F11407A07A00F0010068B11B
:10C360002A1D314640F2B450FEF758F882464AF092
:10C370000170FBF779F838603F1D00BFB5F9300058
:10C38000002801DA00202886686B38B95D4800680B
:10C390006863E1684868FBF767F8A863A08961688B
:10C3A0008988401A1FFA80F860684089A0EB08006D
:10C3B0006168488160680089A0EB080061680881B5
:10C3C0006168E06848600020E168088200BFE068BA
:10C3D0001430A17A01F0010109B1042100E000212B
:10C3E0000844A17A01F0020109B1002100E0002116
:10C3F0000844A17A01F0080109B1002100E0002100
:10C400000844A17A01F0100109B1002100E00021E7
:10C410000844B84208D000BF0AA340F21C623AA107
:10C420001DA0F6F7DDF800BF00BF0621A87A8DE851
:10C430004300EB7A2A1D29466068F9F7D5FF81464B
:10C44000484676E72E2E5C4D6964646C65776172B0
:10C4500065735C54686972645F50617274795C4C96
:10C460007749505C7372635C636F72655C74637070
:10C470005F6F75742E6300007463705F6F75747006
:10C4800075745F7365676D656E743A20696E766169
:10C490006C69642073656700417373657274696FBA
:10C4A0006E2022257322206661696C6564206174A8
:10C4B000206C696E6520256420696E2025730A0052
:10C4C0007463705F6F75747075745F7365676D65A5
:10C4D0006E743A20696E76616C69642070636200E4
:10C4E0007463705F6F75747075745F7365676D6585
:10C4F0006E743A20696E76616C6964206E65746949
:10C5000066000000880000206F7074696F6E7320F1
:10C510006E6F742066696C6C6564000010B504462B
:10C5200000BF002C08D100BF08A340F29A5214A10A
:10C530001DA0F6F755F800BF00BF6068807B01289A
:10C5400001D0012010BD0020FCE700002E2E5C4D24
:10C550006964646C6577617265735C546869726460
:10C560005F50617274795C4C7749505C7372635CA4
:10C57000636F72655C7463705F6F75742E63000027
:10C580007463705F6F75747075745F7365676D65E4
:10C590006E745F627573793A20696E76616C696456
:10C5A0002073656700000000417373657274696FE2
:10C5B0006E2022257322206661696C656420617497
:10C5C000206C696E6520256420696E2025730A0041
:10C5D0002DE9F041054600BF002D08D100BF28A37A
:10C5E00040F27D7233A13AA0F5F7FAFF00BF00BF19
:10C5F00041480088002841D000204049088037E0A9
:10C60000FEF76AFA074627B1012F04D0022F20D186
:10C6100002E0BDE8F08129E0FEF75EFA042806D1C9
:10C6200036480088801C34490988884200DDF0E7DC
:10C63000FEF752FA0602FEF74FFA064340F2B450F4
:10C64000864200DC16B940F2B45000E030466886FD
:10C650000CE0FEF741FA0446022C00DAD9E7A01EEE
:10C660002649098808442549088000BF00BF00BF4B
:10C6700022480088204909888842C1DB00BFC8E7FA
:10C680002E2E5C4D6964646C6577617265735C54D1
:10C69000686972645F50617274795C4C7749505C70
:10C6A0007372635C636F72655C7463705F696E2E36
:10C6B000630000007463705F70617273656F707403
:10C6C0003A20696E76616C696420706362000000D4
:10C6D000417373657274696F6E2022257322206620
:10C6E00061696C6564206174206C696E65202564E5
:10C6F00020696E2025730A00A8000020B0000020E9
:10C7000010B5044600BF002C09D100BF14A340F6A9
:10C7100051021FA125A0F5F763FF00BF10BD00BFA8
:10C72000207DD0B1207D0A2817D0207D012814D08B
:10C73000606F20B1606FFCF7A3FD002060674FF0D1
:10C74000FF302086E06E01F07EFD206F01F07BFD62
:10C750000020E0662067A4F8680000BFDEE7000064
:10C760002E2E5C4D6964646C6577617265735C54F0
:10C77000686972645F50617274795C4C7749505C8F
:10C780007372635C636F72655C7463702E63000028
:10C790007463705F7063625F70757267653A206979
:10C7A0006E76616C6964207063620000417373652A
:10C7B0007274696F6E2022257322206661696C6530
:10C7C00064206174206C696E6520256420696E2088
:10C7D00025730A0070B505460C4600BF002C08D131
:10C7E00000BF33A340F683023DA144A0F5F7F8FE55
:10C7F00000BF00BF00BF002D08D100BF2CA340F632
:10C80000840248A13DA0F5F7EBFE00BF00BF00BFCA
:10C810002868A04203D12868C06828600CE0286816
:10C8200006E0C168A14202D1E168C16002E0C068CF
:10C830000028F6D100BF00BF0020E06000BF204606
:10C84000FFF75EFF207D0A280FD0207D01280CD045
:10C85000A07E00F0010040B100BF608B40F00200FC
:10C86000608300BF2046FFF771F9207D012819D0B1
:10C8700000BFE06E40B100BF0DA340F6930231A1AE
:10C880001EA0F5F7ADFE00BF00BF00BF206F40B196
:10C8900000BF07A340F6940230A118A0F5F7A0FE50
:10C8A00000BF00BF00202075E08200BF00BF70BD48
:10C8B0002E2E5C4D6964646C6577617265735C549F
:10C8C000686972645F50617274795C4C7749505C3E
:10C8D0007372635C636F72655C7463702E630000D7
:10C8E0007463705F7063625F72656D6F76653A2026
:10C8F000696E76616C696420706362004173736570
:10C900007274696F6E2022257322206661696C65DE
:10C9100064206174206C696E6520256420696E2036
:10C9200025730A007463705F7063625F72656D6F78
:10C9300076653A20696E76616C6964207063626C1A
:10C9400069737400756E73656E74207365676D65C9
:10C950006E7473206C65616B696E6700756E6163E0
:10C960006B6564207365676D656E7473206C6561BB
:10C970006B696E67000000002DE9FE430446002746
:10C98000002600BF002C08D100BFE5A34FF447727A
:10C99000F0A1F7A0F5F724FE00BF00BFFE48007825
:10C9A00000F00400002845D0207D022806D1FB4974
:10C9B000206D096888421BD1012719E0F849606A97
:10C9C0000968884201D1012712E0F549606A0968C7
:10C9D000081A0DD4218D606A0844F1490968081AC3
:10C9E000002805DC00BF608B40F00200608300BFC0
:10C9F000002F1DD000BF207D40B900BFC8A34FF459
:10CA00004E72E8A1DAA0F5F7EBFD00BF00BFED48DC
:10CA1000007840F00800EB49087000BF608B4FF6CB
:10CA2000FE710840608300BF6FF00D00BDE8FE831B
:10CA30000020FBE7D848007800F0020068B1207DB4
:10CA400002280AD0207D032807D000BF608B40F069
:10CA50000200608300BF0020E8E7A07E00F0100025
:10CA600010B9D94800682062002084F8970084F843
:10CA700096002046FFF7ACFD207D801E082875D269
:10CA8000DFE800F004CDF4F3F2F1F0EFC2480078F3
:10CA900000F0100000286AD0BF48007800F00200C3
:10CAA0000028F8D0606C401CBC49096888425ED1FF
:10CAB000BB480068401C6062606AE062B74800687A
:10CAC0006064C2480068C089A4F86000B4F86000DF
:10CAD000A4F86200B2480068401E6065042020751A
:10CAE000201DF9F7E9FE8046608E221D4146FDF7C4
:10CAF00095FC6086608E8100400041F21C129042DD
:10CB000002D9608E400001E041F21C10814202D245
:10CB1000608E80000AE0608E400041F21C11884265
:10CB200002D9608E400001E041F21C10A4F84800D8
:10CB300000BFB4F86600002808DC00BF78A34FF4FB
:10CB40005B72A3A18AA0F5F74BFD00BF00BFB4F84C
:10CB50006600401EA4F86600256F95B9E56E00BF1B
:10CB60005DB900BF6EA34FF45D7201E08DE231E06C
:10CB70009DA17FA0F5F734FD00BF00BF2868E066E7
:10CB800001E028682067284601F050FB206F18B9A3
:10CB90004FF0FF30208603E00020208684F842001A
:10CBA00000BFD4F8840038B100222146D4F8843084
:10CBB00020699847064600E0002600BF06F10D00F8
:10CBC00010B96FF00C0031E700BF608B40F002003D
:10CBD000608323E07048007800F01000F0B17B48DB
:10CBE00000680088794909684988844ACDE90021AC
:10CBF00002906B4800688249098842187F4B1B1DD0
:10CC000066480168204601F07DFA94F84200062843
:10CC100004DA00202086204601F028F936E25E483A
:10CC2000007800F01000002876D0606C401C5B4952
:10CC30000968081A71D45949206D0968081A002832
:10CC40006BDC04202075A06F10B96FF0050623E09F
:10CC500000BFA06F806978B900BF31A34FF46A723A
:10CC600005E0FCE1BCE107E17CE117E105E165A13C
:10CC70003FA0F5F7B5FC00BF00BF00BFA06F806903
:10CC800038B1A16F206900228B692146984706467A
:10CC900001E06FF00F0600BF46B106F10D0010B1C4
:10CCA0002046FDF799F86FF00C00BFE6204600F033
:10CCB000A1FA5C48008820B15A480088401E5949B2
:10CCC0000880608E8100400041F21C12904202D91F
:10CCD000608E400001E041F21C10814202D2608E61
:10CCE00080000AE0608E400041F21C11884202D9A7
:10CCF000608E400001E041F21C10A4F84800314869
:10CD0000007800F0200048B100BF608B40F00200C6
:10CD1000608300BF072087E09FE087E0ABE0000072
:10CD20002E2E5C4D6964646C6577617265735C542A
:10CD3000686972645F50617274795C4C7749505CC9
:10CD40007372635C636F72655C7463705F696E2E8F
:10CD5000630000007463705F70726F636573733A91
:10CD600020696E76616C6964207063620000000067
:10CD7000417373657274696F6E2022257322206679
:10CD800061696C6564206174206C696E652025643E
:10CD900020696E2025730A00C0000020B800002022
:10CDA000B40000207463705F696E7075743A20700F
:10CDB00063622D3E737461746520213D20434C4FA6
:10CDC00053454400C100002088000020A40000203A
:10CDD0007063622D3E736E645F71756575656C6519
:10CDE0006E203E20300000006E6F207365676D6519
:10CDF0006E7420746F2066726565000054360020E2
:10CE0000BE0000207063622D3E6C697374656E65B0
:10CE1000722D3E61636365707420213D204E554C38
:10CE20004C000000BC000020207524E099480068F8
:10CE30000188984800684088974ACDE9002002910F
:10CE400096480068964909884218934B1B1D9548DF
:10CE50000168204601F056F90DE09348007800F093
:10CE6000020040B1606A401E8C490968884202D1C4
:10CE7000204600F0F3FE09E100BF204600F0BAF9B9
:10CE80008A48007800F0200038B100BF608B40F085
:10CE90000200608300BF07202075F7E0204600F005
:10CEA000A9F98248007800F02000E8B37E480078B5
:10CEB00000F01000C8B37B49206D0968884239D161
:10CEC000E06E90BB00BF608B40F00200608300BF4B
:10CED0002046FFF715FC00BF00BF75480068A04260
:10CEE00005D173480068C068714908600DE0704959
:10CEF000086806E0C168A14202D1E168C16002E0B1
:10CF0000C0680028F6D100BF00BF0020E06000BF6D
:10CF100001206849087000BF0A20207500BF6648DC
:10CF20000068E060644801E00DE003E0046001F0A7
:10CF300099FF16E000BF608B40F00200608300BFE5
:10CF4000082020750DE05848007800F0100040B12E
:10CF50005449206D0968884203D1E06E08B9062063
:10CF6000207593E0204600F045F95048007800F025
:10CF70002000A0B300BF608B40F00200608300BFC0
:10CF80002046FFF7BDFB00BF00BF49480068A04234
:10CF900005D147480068C068454908600DE044492C
:10CFA000086806E0C168A14202D1E168C16002E000
:10CFB000C0680028F6D100BF00BF0020E06000BFBD
:10CFC00001203C49087000BF0A20207500BF3A4884
:10CFD0000068E0603848046001F044FF00BF55E09D
:10CFE000204600F007F93048007800F01000A8B3A0
:10CFF0002C49206D0968884230D1E06E70BB204614
:10D00000FFF77EFB00BF00BF29480068A04205D1A2
:10D0100027480068C068264908600DE02449086870
:10D0200006E0C168A14202D1E168C16002E0C068C7
:10D030000028F6D100BF00BF0020E06000BF012043
:10D040001C49087000BF0A20207500BF1A480068FC
:10D05000E0601948046001F005FF00BF16E02046BB
:10D0600000F0C8F81048007800F0100060B10D49D9
:10D07000206D0968884207D1E06E28B90B48007816
:10D0800040F010000949087000E000BF00BF002018
:10D09000CCE40000A400002054360020B40000209E
:10D0A000BE000020B8000020C0000020C100002009
:10D0B000940000209C000020980000202DE9F04101
:10D0C000044600BF002C0CD100BF2AA340F2096225
:10D0D00034A13EA0F5F784FA00BF6FF00F00BDE861
:10D0E000F08100BF606F477B666F0020606700BF04
:10D0F000D4F8800040B1002332462146D4F880C0E5
:10D100002069E047054606E00023324621461846DE
:10D1100000F058FC054600BFFDB907F0200030B311
:10D12000208D40F66831884202D0208D401C208539
:10D1300000BFD4F8800040B100231A462146D4F83D
:10D1400080C02069E047054600E0002500BF05F1EA
:10D150000D0060B96FF00C00C1E705F10D0010B9CA
:10D160006FF00C00BBE766676FF00400B7E70020C4
:10D17000B5E700002E2E5C4D6964646C65776172C2
:10D1800065735C54686972645F50617274795C4C59
:10D190007749505C7372635C636F72655C74637033
:10D1A0002E6300007463705F70726F636573735FEA
:10D1B000726566757365645F646174613A20696E57
:10D1C00076616C696420706362000000417373656E
:10D1D0007274696F6E2022257322206661696C6506
:10D1E00064206174206C696E6520256420696E205E
:10D1F00025730A002DE9F05F04464FF0000A00BFD6
:10D20000002C08D100BFE5A340F27B42F0A1F7A0BB
:10D21000F5F7E6F900BF00BF00BF207D042808DA5B
:10D2200000BFDEA340F27C42FAA1F0A0F5F7D8F9E6
:10D2300000BF00BFFE48007800F01000002870D04A
:10D24000B4F86000A16D00EB0108FA49606D09684F
:10D25000401A15D4F749606D0968884204D1F6492F
:10D26000A06D0968401A0BD4F349A06D0968884283
:10D270001AD1F2480068C089B4F86010884213D906
:10D28000EE480068C08924F8600F608834F860199F
:10D29000884203DAB4F86000A4F86200E548006848
:10D2A0006065E5480068A065E349606C0968081A94
:10D2B00000284ADCE248008890BBB4F86010A06DFA
:10D2C000084440453AD1B4F93000002836DBDA4949
:10D2D000606C0968884231D14FF0010A94F843002C
:10D2E000401CC0B294F84310884204DD94F8430017
:10D2F000401C84F8430094F84300032817DD00BF66
:10D30000B4F84800618E084480B2B4F848108842EE
:10D3100008DBB4F84800618E0844A4F8480005E032
:10D320000CE02AE14FF6FF70A4F8480000BF94F823
:10D330004300032802DB204600F012FDBAF1000F83
:10D3400002D1002084F84300EBE0606C401CBA4935
:10D350000968081A7ED4B849206D0968081A00289F
:10D3600078DCA07E00F0040060B100BF608B4FF657
:10D37000FB710840608300BF483460882080002033
:10D380006084483C00202434A077608BB4F91810E6
:10D3900000EBE10000B2A083208CA7490988081A9D
:10D3A00085B20020E077A4480068206214F8100CD1
:10D3B000243C042865DBB4F84800B4F84A108842DD
:10D3C00027DA628B02F400620AB1012200E0022235
:10D3D0001146628E4A4392B2AA4201DD2A4602E019
:10D3E000628E4A4392B2104600BFB4F8482002440D
:10D3F00092B2B4F848309A4205DBB4F848200244AF
:10D40000A4F8482003E04FF6FF72A4F8482000BFBC
:10D4100037E000BFB4F86A00284480B2B4F86A105C
:10D42000884205DBB4F86A002844A4F86A0003E0E7
:10D430004FF6FF70A4F86A0000BFB4F86A00B4F8B1
:10D44000481088421DDB4834608C2188401A608473
:10D45000483C00E062E000BFB4F84800618E084438
:10D4600080B2B4F84810884206DBB4F84800618EF8
:10D470000844A4F8480003E04FF6FF70A4F8480001
:10D4800000BF70A22046D4E91B31FDF729FA2067BE
:10D490006EA22046D4E91B13FDF722FAE066206F46
:10D4A00018B94FF0FF30208601E0002020860020D0
:10D4B0002077E06E10B90020A4F86800B4F864008A
:10D4C000644909880844A4F86400608B00F4006093
:10D4D00018B3206F88B9E06E40B1E16EC968486842
:10D4E000F9F7C2FFE16C081A002816DC00BF608B58
:10D4F0004FF2FF71084060830FE0216FC9684868F0
:10D50000F9F7B2FFE16C081A002806DC00BF608B57
:10D510004FF2FF710840608300BF02E0204600F038
:10D520009FFE606B48B34449A06B0968401A24D53C
:10D53000A08E49490988081A06B2B4F93C00A6EB46
:10D54000E00006B2A08F304400B2A087002E01DABE
:10D55000704206B2B4F93E00A6EBA00006B2E08F1E
:10D56000304400B2E087E08FB4F93C1000EBE100FA
:10D5700000B2A4F840000020606331480088002811
:10D580006CDD207D072869DA2A48616A0068401C42
:10D59000081A7CD42748616A006860E02E2E5C4D32
:10D5A0006964646C6577617265735C546869726400
:10D5B0005F50617274795C4C7749505C7372635C44
:10D5C000636F72655C7463705F696E2E6300000048
:10D5D0007463705F726563656976653A20696E761B
:10D5E000616C6964207063620000000041737365C0
:10D5F0007274696F6E2022257322206661696C65E2
:10D6000064206174206C696E6520256420696E2039
:10D6100025730A007463705F726563656976653AA5
:10D620002077726F6E67207374617465000000006C
:10D63000C0000020B4000020B8000020A40000209A
:10D64000BE000020756E61636B656400756E736566
:10D650006E740000BC000020880000204DE1B24A3A
:10D6600012881044401E081A00285FDCAF48476843
:10D67000AF49606A0968A0EB010900BFAB48406888
:10D6800060B900BFAFF2EC0340F2945200E04DE00D
:10D69000A8A1AFF2A800F4F7A3FF00BF00BF00BF2E
:10D6A0004FF6FF7081450AD300BFAFF2101340F26E
:10D6B0009552A4A1AFF2CC00F4F792FF00BF00BFD7
:10D6C0001FFA89F500BF994840680089A8420ADA24
:10D6D00000BFAFF2381340F297529EA1AFF2F400B0
:10D6E000F4F77EFF00BF00BF90480089401B8F49C0
:10D6F0000881084640680089401B1FFA80FB07E04C
:10D700007889281A85B2A7F808B0002078813F6888
:10D710007889A842F4DB29463846FBF7BFFF8449E5
:10D72000606A08608149C96848600AE08049606AA7
:10D730000968081A05D500BF608B40F002006083BD
:10D7400000BF7B49606A0968081A7DD4218D606A30
:10D750000844401E76490968081A002874DC744998
:10D76000606A0968884270D17049C9688889F9F788
:10D7700088FE00F0030008B1012000E000206B49A2
:10D780000989084468490880208D0988884256DA4A
:10D790006649C9688889F9F774FE00F0010098B1FC
:10D7A0006249C9688889F9F76CFE00F03E05284691
:10D7B000F9F767FE5D49C96889894CF2FF0211409B
:10D7C00008435A49C9688881208D58490881C96829
:10D7D0008889F9F756FE00F0020020B1534800890D
:10D7E000401E52490881514A11895068FBF754FE86
:10D7F0004E49C9688889F9F744FE00F0030008B172
:10D80000012000E000204949098908444649088070
:10D8100000BF218D606A014445480068424A128871
:10D82000104481420AD000BFAFF2902340F2CB52A5
:10D830004CA1AFF24820F4F7D3FE00BF00BF3C4834
:10D8400000683949098801E053E04EE0084460620D
:10D8500000BF208D3449098888420ADA00BFAFF240
:10D86000C42340F207624DA1AFF28020F4F7B8FE66
:10D8700000BF00BF208D2C490988401A2085204612
:10D8800001F0CAFB294840680089002806DD2748C6
:10D8900040684A4908600020244948602349C96813
:10D8A0008889F9F7EEFD00F0010028B144480078BE
:10D8B00040F020004249087000BFA07E00F0010047
:10D8C00060B100BF608B4FF6FE710840608300BFFF
:10D8D00000BF608B40F00200608305E000BF608BFA
:10D8E00040F00100608300BF1BE0204600F0B8FC60
:10D8F00017E0204600F0B4FC13E00D49606A0968A7
:10D90000081A08D4218D606A0844401E0849096835
:10D91000081A002805DD00BF608B40F0020060831C
:10D9200000BFBDE8F09F0000BE000020107A00207C
:10D93000B4000020696E7365672E7020213D204E73
:10D94000554C4C00696E73616E65206F6666736539
:10D95000742100007062756620746F6F2073686FA9
:10D96000727421007463705F726563656976653AED
:10D97000207365676D656E74206E6F7420747269B4
:10D980006D6D656420636F72726563746C79207469
:10D990006F207263765F776E640A00007463705F55
:10D9A000726563656976653A207463706C656E2094
:10D9B0003E207263765F776E640A0000C400002028
:10D9C000C10000202DE9F04107460D4614461E46D1
:10D9D00000BF002D0CD100BF0EA34FF4D36219A1DC
:10D9E0001FA0F4F7FDFD00BF6FF00F00BDE8F08150
:10D9F00000BF3CB12189284600F046F82046FBF7DD
:10DA00003FFC04E01EB92846FCF74CFAEEE7002084
:10DA1000ECE700002E2E5C4D6964646C65776172E2
:10DA200065735C54686972645F50617274795C4CB0
:10DA30007749505C7372635C636F72655C7463708A
:10DA40002E6300007463705F726563765F6E756C41
:10DA50006C3A20696E76616C6964207063620000C4
:10DA6000417373657274696F6E202225732220667C
:10DA700061696C6564206174206C696E6520256441
:10DA800020696E2025730A002DE9F04104460F46F7
:10DA900000BF002C0AD100BF1DA340F2CF3228A145
:10DAA0002DA0F4F79DFD00BFBDE8F08100BF00BFD1
:10DAB000207D012808D100BF15A340F2D23230A149
:10DAC00025A0F4F78DFD00BF00BF208D384485B23E
:10DAD00040F66830854202DC208DA84203DD40F626
:10DAE0006830208500E02585204601F095FA06463D
:10DAF00040F2DA20864208D300BF608B40F002007B
:10DB0000608300BF2046FEF721F800BFCCE700008D
:10DB10002E2E5C4D6964646C6577617265735C542C
:10DB2000686972645F50617274795C4C7749505CCB
:10DB30007372635C636F72655C7463702E63000064
:10DB40007463705F7265637665643A20696E7661AE
:10DB50006C69642070636200417373657274696FED
:10DB60006E2022257322206661696C6564206174D1
:10DB7000206C696E6520256420696E2025730A007B
:10DB8000646F6E27742063616C6C207463705F72C5
:10DB9000656376656420666F72206C697374656E68
:10DBA0002D7063627300000070B506460D4600BF1D
:10DBB000002D07D100BF09A3FF2214A11DA0F4F777
:10DBC0000FFD00BF00BF344605E0A06FA84201D1A1
:10DBD0000020A067E468002CF7D170BD2E2E5C4DAC
:10DBE0006964646C6577617265735C5468697264BA
:10DBF0005F50617274795C4C7749505C7372635CFE
:10DC0000636F72655C7463702E6300007463705F91
:10DC100072656D6F76655F6C697374656E65723A77
:10DC200020696E76616C6964206C697374656E65D9
:10DC300072000000417373657274696F6E20222553
:10DC40007322206661696C6564206174206C696E62
:10DC50006520256420696E2025730A002DE9F041B6
:10DC6000044600BF002C08D100BF20A340F2C162CF
:10DC70002BA131A0F4F7B4FC00BF00BF206F18B98E
:10DC80006FF00500BDE8F081256F2846FEF746FCE1
:10DC900010B16FF00500F5E72868206704F16C0605
:10DCA00000E03668306858B13168C9684868F9F7EB
:10DCB000DBFB0746E9684868F9F7D6FB381AF0D469
:10DCC000306828603560286810B90020A4F8680022
:10DCD00094F84200FF2804DA94F84200401C84F8CB
:10DCE00042000020606300BFCCE700002E2E5C4D98
:10DCF0006964646C6577617265735C5468697264A9
:10DD00005F50617274795C4C7749505C7372635CEC
:10DD1000636F72655C7463705F6F75742E6300006F
:10DD20007463705F7265786D69743A20696E7661AC
:10DD30006C69642070636200417373657274696F0B
:10DD40006E2022257322206661696C6564206174EF
:10DD5000206C696E6520256420696E2025730A0099
:10DD600010B5044600BF002C08D100BF20A340F22C
:10DD7000F9622CA133A0F4F733FC00BF00BF206F81
:10DD8000A0B3A07E00F0040080BB2046FFF766FF32
:10DD900060BBB4F84810B4F86020914202DAB4F8DD
:10DDA000481001E0B4F86010084601EBD071C1F3EF
:10DDB0004F01A4F84A10B4F84A00618E4900884225
:10DDC00004D2608E4004000CA4F84A00B4F84A0063
:10DDD000618E032202FB0100A4F8480000BF608BA3
:10DDE00040F00400608300BF0020208610BD0000CA
:10DDF0002E2E5C4D6964646C6577617265735C544A
:10DE0000686972645F50617274795C4C7749505CE8
:10DE10007372635C636F72655C7463705F6F75745B
:10DE20002E6300007463705F7265786D69745F665D
:10DE30006173743A20696E76616C69642070636204
:10DE400000000000417373657274696F6E202225B3
:10DE50007322206661696C6564206174206C696E50
:10DE60006520256420696E2025730A0010B50446DC
:10DE700000BF002C08D100BF08A340F2AD6214A17E
:10DE80001AA0F4F7ADFB00BF00BF204600F09EF8DB
:10DE900010B9204600F03EF810BD00002E2E5C4D5B
:10DEA0006964646C6577617265735C5468697264F7
:10DEB0005F50617274795C4C7749505C7372635C3B
:10DEC000636F72655C7463705F6F75742E630000BE
:10DED0007463705F7265786D69745F72746F3A20F5
:10DEE000696E76616C69642070636200417373656A
:10DEF0007274696F6E2022257322206661696C65D9
:10DF000064206174206C696E6520256420696E2030
:10DF100025730A0010B5044600BF002C08D100BFCD
:10DF20000AA34FF4D36216A11EA0F4F759FB00BF59
:10DF300000BF94F84200FF2804DA94F84200401C25
:10DF400084F842002046FDF701FE10BD2E2E5C4DE8
:10DF50006964646C6577617265735C546869726446
:10DF60005F50617274795C4C7749505C7372635C8A
:10DF7000636F72655C7463705F6F75742E6300000D
:10DF80007463705F7265786D69745F72746F5F63DC
:10DF90006F6D6D69743A20696E76616C696420708A
:10DFA00063620000417373657274696F6E2022258D
:10DFB0007322206661696C6564206174206C696EEF
:10DFC0006520256420696E2025730A0070B504461B
:10DFD00000BF002C08D100BF22A340F263622EA133
:10DFE00036A0F4F7FDFA00BF00BF206F10B96FF044
:10DFF000050070BD256F07E02846FEF78FFA10B1C7
:10E000006FF00500F5E72D6828680028F4D1284650
:10E01000FEF784FA10B16FF00500EAE7E06E2860C1
:10E02000206FE0660020206700BF608B40F4006036
:10E03000608300BFE9684868F9F716FA0646E968A0
:10E040008889F9F71EFA00F0030008B1012000E00A
:10E050000020298908443044E0640020606300BF48
:10E06000C7E700002E2E5C4D6964646C65776172B1
:10E0700065735C54686972645F50617274795C4C5A
:10E080007749505C7372635C636F72655C74637034
:10E090005F6F75742E6300007463705F7265786DD6
:10E0A00069745F72746F5F707265706172653A2037
:10E0B000696E76616C696420706362004173736598
:10E0C0007274696F6E2022257322206661696C6507
:10E0D00064206174206C696E6520256420696E205F
:10E0E00025730A0070B504460E4615462CB1207AF9
:10E0F00018B1207AFAF74EF970BD2846F8F7DCFB24
:10E10000FAE700002DE9F04F85B083460F469046B0
:10E110001D46DDF8389000BF002D08D100BF1EA3BA
:10E1200040F2C47229A130A0F4F75AFA00BF00BF30
:10E1300000BFB9F1000F08D100BF17A340F2C572AC
:10E1400033A129A0F4F74CFA00BF00BF002646F621
:10E150000B0A3846F9F788F914220490DDE90F011B
:10E160008DE80704002231464046049BFDF70EFF70
:10E17000044614B905B0BDE8F08F334600222146AD
:10E180005846FEF713F84B462A4621465846FDF7F7
:10E190008FFF00BFEEE700002E2E5C4D6964646CBB
:10E1A0006577617265735C54686972645F5061720F
:10E1B00074795C4C7749505C7372635C636F726511
:10E1C0005C7463705F6F75742E6300007463705FBE
:10E1D0007273743A20696E76616C6964206C6F6347
:10E1E000616C5F6970000000417373657274696FE0
:10E1F0006E2022257322206661696C65642061743B
:10E20000206C696E6520256420696E2025730A00E4
:10E210007463705F7273743A20696E76616C6964BE
:10E220002072656D6F74655F6970000010B50446FB
:10E2300044B1606810B16068FBF722F82146032002
:10E24000F9F77AFD10BD70B5044605E02568204653
:10E25000FFF7ECFF2C4600BF002CF7D170BD00008B
:10E260002DE9F04704460025A94600BF002C08D13F
:10E2700000BF2CA340F2EA7237A13FA0F4F7B0F937
:10E2800000BF00BF05F0010008B1042000E000203D
:10E2900005F0020109B1002100E00021084405F069
:10E2A000080109B1002100E00021084405F0100137
:10E2B00009B1002100E0002100EB0108206DF9F711
:10E2C000D3F882465346002241462046FDF7F0FD32
:10E2D00006464EB900BF608B40F00300608300BF6C
:10E2E0006FF00100BDE8F0874B462A4631462046D4
:10E2F000FDF75CFF231D224631462046FDF7D8FE80
:10E3000007462FB100BF608B40F00300608306E03A
:10E3100000BF608B4FF6FC710840608300BF384639
:10E32000E0E700002E2E5C4D6964646C65776172D5
:10E3300065735C54686972645F50617274795C4C97
:10E340007749505C7372635C636F72655C74637071
:10E350005F6F75742E6300007463705F73656E6425
:10E360005F656D7074795F61636B3A20696E766189
:10E370006C69642070636200417373657274696FC5
:10E380006E2022257322206661696C6564206174A9
:10E39000206C696E6520256420696E2025730A0053
:10E3A00070B5044600BF002C08D100BF16A340F290
:10E3B000EB3222A128A0F4F713F900BF00BFE06EF2
:10E3C000E8B1E56E00E02D6828680028FBD1E96817
:10E3D0008889F9F756F800F0070078B90120F9F7B5
:10E3E00050F8E96889890843E968888100BF608B33
:10E3F00040F02000608300BF002070BD00BF0121FD
:10E400002046FCF775F8F8E72E2E5C4D6964646CC5
:10E410006577617265735C54686972645F5061729C
:10E4200074795C4C7749505C7372635C636F72659E
:10E430005C7463705F6F75742E6300007463705F4B
:10E4400073656E645F66696E3A20696E76616C69A9
:10E450006420706362000000417373657274696FB9
:10E460006E2022257322206661696C6564206174C8
:10E47000206C696E6520256420696E2025730A0072
:10E480002DE9F04F85B04FF00009E9480068401CC5
:10E49000E7490860E7480078401CE649087000BF7B
:10E4A0000025E5480468D4E200BF207D002808D19B
:10E4B00000BFE2A340F2BE42ECA1F7A0F4F790F84F
:10E4C00000BF00BF00BF207D012808D100BFDBA333
:10E4D00040F2BF42FAA1F0A0F4F782F800BF00BFFB
:10E4E00000BF207D0A2808D100BFD4A34FF4986252
:10E4F000FEA1E9A0F4F774F800BF00BFA07FCD49EA
:10E500000978884202D12546E468A2E2C948007829
:10E51000A0770026B046207D022806D194F842005C
:10E52000062802DB701CC6B2D1E094F842000C2829
:10E5300002DB701CC6B2CAE094F8950000285DDDCD
:10E5400000BF206F002808D000BFBCA340F2D44217
:10E55000F2A1D1A0F4F744F800BF00BF00BFE06E05
:10E56000002808D100BFB5A340F2D542F8A1CAA047
:10E57000F4F736F800BF00BF94F896000C2802DBD1
:10E58000701CC6B2A3E094F89500401EFE490F5CD3
:10E5900094F89400B84204DA94F89400401C84F88B
:10E5A000940094F89400B84227DB4FF0010AB4F8C5
:10E5B000600030B9204600F0BBFD70B14FF0000A9A
:10E5C0000BE0B4F86010204600F0E4FA28B92046C9
:10E5D000FDF7BCFA08B94FF0000ABAF1000F0BD0F2
:10E5E000002084F8940094F89500072804D294F849
:10E5F0009500401C84F8950000BF68E0B4F9300035
:10E60000002809DBB4F9300047F6FF71884203DACD
:10E61000208E401C00B22086B4F93000B4F94010BE
:10E62000884254DB2046FFF7D1FC18B1206F70BB45
:10E63000E06E60B3207D02281ED094F842200C2AA0
:10E6400002D294F8422000E00C221146B4F93E2098
:10E65000B4F93C3002EBE302CC4B5B5C02FA03F012
:10E6600047F6FF72904201DA024601E047F6FF7278
:10E6700012B2A4F8402000BF00202086B4F8480061
:10E68000B4F86010884203DAB4F8480002E01EE0F3
:10E69000B4F86000049004984010A4F84A00B4F85C
:10E6A0004A00618E4FF6FF7202EA4101884205DAA4
:10E6B000608E114601EA4000A4F84A00608EA4F87A
:10E6C00048000020A4F86A002046FFF723FC207DC4
:10E6D00006280BD1A07E00F0100038B15449206A02
:10E6E0000968081A282801D9701CC6B2607A00F09F
:10E6F0000800D0B3207D042802D0207D072834D123
:10E70000A349D4F8900008444FF4FA71B0FBF1F03B
:10E71000474A216A1268511A884206D2701CC6B252
:10E7200008F1010000F0FF081FE094F8971042F292
:10E730009F4211FB02F1D4F8900000EBC1004FF4AE
:10E74000FA71B0FBF1F03A4A216A1268511A884214
:10E750000BD22046FCF788FE8146B9F1000F04D1A8
:10E7600094F89700401C84F89700207D032807D177
:10E770002F49206A0968081A282801D9701CC6B2D6
:10E78000207D092807D12A49206A0968081AF0283B
:10E7900001D9701CC6B2002E48D0D4F88CA02046F7
:10E7A000FDF7AEFF8DB100BF23480068844208D159
:10E7B00000BF22A340F26D5276A137A0F3F710FFFD
:10E7C00000BF00BFE068E86011E000BF1A480068C1
:10E7D000A04208D000BF19A340F2715278A12EA028
:10E7E000F3F7FEFE00BF00BF1349E0680860B8F110
:10E7F000000F0BD0208BE18A221DCDE90021029071
:10E8000023462046626A216DFFF77CFCD4F810B0E5
:10E81000207D03902746E4683846FCF717F800206F
:10E820007249087000BFBAF1000FE1E0EBE00000B0
:10E83000880000209E000020940000202E2E5C4DB9
:10E840006964646C6577617265735C54686972644D
:10E850005F50617274795C4C7749505C7372635C91
:10E86000636F72655C7463702E6300007463705F25
:10E87000736C6F77746D723A20616374697665208A
:10E880007063622D3E737461746520213D20434C9A
:10E890004F5345440A000000417373657274696FF9
:10E8A0006E2022257322206661696C656420617484
:10E8B000206C696E6520256420696E2025730A002E
:10E8C0007463705F736C6F77746D723A20616374F8
:10E8D000697665207063622D3E73746174652021D2
:10E8E0003D204C495354454E0A0000007463705F4C
:10E8F000736C6F77746D723A20616374697665200A
:10E900007063622D3E737461746520213D2054490B
:10E910004D452D574149540A000000007463705F53
:10E92000736C6F7774696D723A2070657273697376
:10E9300074207469636B696E6720776974682069F5
:10E940006E2D666C696768742064617461000000F4
:10E950007463705F736C6F7774696D723A20706561
:10E960007273697374207469636B696E6720776969
:10E97000746820656D7074792073656E64206275AB
:10E9800066666572000000002D0001082000010885
:10E99000B84C0A007463705F736C6F77746D723A71
:10E9A000206D6964646C652074637020213D20745F
:10E9B00063705F6163746976655F706362730000A2
:10E9C0007463705F736C6F77746D723A20666972EE
:10E9D000737420706362203D3D207463705F6163D7
:10E9E000746976655F706362730000009C000020AC
:10E9F00003D06FF00C015846D04700BF4248007862
:10EA000000B14DE524E02546E468287F401C2877C6
:10EA1000287F697F88421BDB002028773A490870ED
:10EA200000BFD5F8880030B12946D5F8882028697C
:10EA30009047814601E04FF0000900BF324800785E
:10EA400000B12DE5B9F1000F02D12846FDF77EF89F
:10EA500000BF002C7FF428AD00252C4804684EE050
:10EA600000BF207D0A280AD000BFAFF2302340F259
:10EA7000A15227A1AFF2E010F3F7B2FD00BF00BF33
:10EA800000262F49206A0968081AF02801D9701C4D
:10EA9000C6B2002E31D02046FDF732FE9DB100BF38
:10EAA0001A48006884420AD100BFAFF2702340F2D6
:10EAB000AF5224A1AFF22020F3F792FD00BF00BFB8
:10EAC000E068E86013E000BF10480068A0420AD088
:10EAD00000BFAFF2982340F2B35224A1AFF2482016
:10EAE000F3F77EFD00BF00BF0849E06808602746D5
:10EAF000E4683846FBF7AAFE01E02546E468002CEE
:10EB0000AED105B0BDE8F08F9C0000209800002039
:10EB10007463705F736C6F77746D723A2054494DF3
:10EB2000452D57414954207063622D3E73746174C2
:10EB300065203D3D2054494D452D57414954000025
:10EB4000880000207463705F736C6F77746D723A25
:10EB5000206D6964646C652074637020213D2074AD
:10EB600063705F74775F7063627300007463705FDB
:10EB7000736C6F77746D723A20666972737420706B
:10EB80006362203D3D207463705F74775F706362E1
:10EB9000730000002DE9F04F85B005460E460027B2
:10EBA0000024A34600BF002D08D100BF79A340F286
:10EBB0004B3285A18DA0F3F713FD00BF00BFEC6EB3
:10EBC00024B94FF0FF3005B0BDE8F08F002E0CD116
:10EBD00000BF00BF6FA340F253328EA183A0F3F7B2
:10EBE000FFFC00BF00BFB01FEDE72089B04201DC91
:10EBF0000020E8E700BF688EB04208DA00BF65A3D6
:10EC000040F25B328CA179A0F3F7EAFC00BF00BFB1
:10EC100000BF2089002808DC00BF5EA34FF45772B4
:10EC200089A172A0F3F7DCFC00BF00BF94F80A8052
:10EC300008F0010008B1042000E0002008F0020103
:10EC400009B1002100E00021084408F0080109B1E1
:10EC5000002100E00021084408F0100109B1002162
:10EC600000E00021084404902089801B1FFA80FAEC
:10EC70000498504481B24FF420723620F9F762FEB6
:10EC80008346BBF1000F00D16EE0606800892189E6
:10EC9000401A304480B20290DBF80430049A99188C
:10ECA00060685246029BFAF74BFA504500D05BE091
:10ECB000E1688889F8F7E5FB00F03F090020039040
:10ECC00009F0080028B129F00809039840F008006D
:10ECD000039009F0010028B129F00109039840F0E0
:10ECE00001000390E1684868F8F7BEFB3044034632
:10ECF000CDE9008059462846039AFBF7A5FA074656
:10ED000007B931E06068FAF7A6F835F8661F081A07
:10ED1000288062681289A2EB0A0291B26068FAF751
:10ED2000BBFB2089A0EB0A0020814846F8F7A9FB2D
:10ED3000E16889890843E16888816068FAF78BF89F
:10ED40002988084428807868FAF785F829880844D3
:10ED500025F86609206838602760386810B90020F7
:10ED6000A5F8680000202EE700BF47B100BF09A347
:10ED70004FF4767238A11DA0F3F732FC00BF00BF3C
:10ED8000BBF1000F02D05846FAF77AFA4FF0FF3085
:10ED900019E700002E2E5C4D6964646C6577617222
:10EDA00065735C54686972645F50617274795C4C1D
:10EDB0007749505C7372635C636F72655C746370F7
:10EDC0005F6F75742E6300007463705F73706C699D
:10EDD000745F756E73656E745F7365673A20696EF4
:10EDE00076616C6964207063620000004173736532
:10EDF0007274696F6E2022257322206661696C65CA
:10EE000064206174206C696E6520256420696E2021
:10EE100025730A0043616E27742073706C69742037
:10EE20007365676D656E7420696E746F206C656EB6
:10EE3000677468203000000073706C6974203C3D7A
:10EE4000206D737300000000757365672D3E6C655F
:10EE50006E203E2030000000736567203D3D204E4F
:10EE6000554C4C0010B50948006868B9084800685E
:10EE700010B90848006838B1012004490860002230
:10EE80000549FA20FAF7A6FD10BD0000D4000020C5
:10EE90009400002098000020A1F200083EB504462E
:10EEA0002948007800F0040000B13EBD00BF002CEE
:10EEB00008D100BF25A340F2EE2231A138A0F3F71C
:10EEC0008FFB00BF00BF2048007800F0020018B39D
:10EED0003D49606A0968081A26D4218D606A084491
:10EEE00039490968081A00281EDC3848006800887B
:10EEF000364909684988364ACDE9002102903248EE
:10EF00000068344909884218314B1B1D324801689A
:10EF10002046FFF7F7F8C8E70B48007800F001003B
:10EF200010B12E48006820622A480088002808DDB9
:10EF300000BF608B40F00200608300BF2046FCF7FA
:10EF400005FE00BFB1E70000C00000202E2E5C4D82
:10EF50006964646C6577617265735C546869726436
:10EF60005F50617274795C4C7749505C7372635C7A
:10EF7000636F72655C7463705F696E2E630000007E
:10EF80007463705F74696D65776169745F696E70D1
:10EF900075743A20696E76616C69642070636200F2
:10EFA000417373657274696F6E2022257322206627
:10EFB00061696C6564206174206C696E65202564EC
:10EFC00020696E2025730A00B4000020A4000020F0
:10EFD00054360020BE000020B80000208800002029
:10EFE00010B5FBF7E5FB06480078401CC0B20449A9
:10EFF000087000F0010008B1FFF742FA10BD0000F0
:10F000009D0000200348007840F01000014908707E
:10F0100070470000C100002070B5044600BF002CFE
:10F0200008D100BF1CA340F2A63227A12FA0F3F7FE
:10F03000D7FA00BF00BF218D606A4518608E40F28C
:10F04000B452E16A904201DD104600E0608E08444F
:10F05000281A04D4208D6085E06A281A70BDE16A00
:10F06000606A401A002802DD0020608512E0616AB3
:10F07000E06A461A00BFB6F5803F08D300BF06A37A
:10F0800040F2B63223A119A0F3F7AAFA00BF00BFDD
:10F09000668500BF0020E1E72E2E5C4D6964646C3C
:10F0A0006577617265735C54686972645F50617200
:10F0B00074795C4C7749505C7372635C636F726502
:10F0C0005C7463702E6300007463705F75706461BC
:10F0D00074655F7263765F616E6E5F776E643A200F
:10F0E000696E76616C696420706362004173736558
:10F0F0007274696F6E2022257322206661696C65C7
:10F1000064206174206C696E6520256420696E201E
:10F1100025730A006E65775F7263765F616E6E5F5E
:10F12000776E64203C3D203078666666660000009D
:10F130002DE9FC5F04464FF0000A00BF002C08D107
:10F1400000BF37A340F64F0242A14BA0F3F748FAA5
:10F1500000BF00BFE56E15B90020BDE8FC9F94F824
:10F160009600FF2804DA94F89600401C84F8960074
:10F17000E9688889F8F785F900F0010018B1288955
:10F1800008B9012000E000208146B9F1000F01D14B
:10F19000012000E000208346E86843685A46514653
:10F1A0002046FCF785FE064616B94FF0FF30D4E73F
:10F1B0007768B9F1000F09D01120F8F762F9B98921
:10F1C0004CF2FF0211400843B8810DE07068143022
:10F1D0000090696809892A89891A8BB201226868B6
:10F1E0000099F9F7ADFF00BFE9684868F8F73CF906
:10F1F00000F10108206DB0EB080001D5C4F8508083
:10F200005346002231462046FCF7D0FF231D2246FC
:10F2100031462046FCF74CFF019001989DE7000025
:10F220002E2E5C4D6964646C6577617265735C5405
:10F23000686972645F50617274795C4C7749505CA4
:10F240007372635C636F72655C7463705F6F757417
:10F250002E6300007463705F7A65726F5F77696E0A
:10F26000646F775F70726F62653A20696E76616C69
:10F270006964207063620000417373657274696F22
:10F280006E2022257322206661696C65642061749A
:10F29000206C696E6520256420696E2025730A0044
:10F2A00010B50446FFF79CFE0748006810B90748F0
:10F2B000006828B100220649FA20FAF78BFB02E029
:10F2C00000200449086010BD940000209800002030
:10F2D000A1F20008D40000202DE9F04105460E46B9
:10F2E000174606B9274E00BF002D0CD100BF26A33C
:10F2F00040F2B73230A136A0F3F772F900BF6FF0D9
:10F300000F00BDE8F08100BF4FF000083A480468E4
:10F3100005E0A54202D14FF0010802E0E468002CAC
:10F32000F7D100BF37B900F0F7FA0746D7B96FF049
:10F330000700E6E73048046812E0A5420FD0608A73
:10F34000B8420CD120683168884205D026B13068B7
:10F3500010B10CB1206810B96FF00700D1E7E46874
:10F36000002CEAD10EB9002000E0306828606F82DE
:10F37000B8F1000F04D120480068E8601E4805601D
:10F380000020BEE750FF00082E2E5C4D6964646CBF
:10F390006577617265735C54686972645F5061720D
:10F3A00074795C4C7749505C7372635C636F72650F
:10F3B0005C7564702E6300007564705F62696E64D2
:10F3C0003A20696E76616C696420706362000000A7
:10F3D000417373657274696F6E20222573222066F3
:10F3E00061696C6564206174206C696E65202564B8
:10F3F00020696E2025730A00DC0000202DE9F04111
:10F4000004460D46174600BF002C0CD100BF23A3B5
:10F4100040F235422DA134A0F3F7E2F800BF6FF0BF
:10F420000F00BDE8F08100BF00BF002D0BD100BF71
:10F430001AA340F2364236A12BA0F3F7D1F800BF51
:10F440006FF00F00EDE700BF608A58B9628A21466D
:10F450002046FFF741FF8046B8F1000F01D040463B
:10F46000DFE700BF0DB9002000E028686060A782D8
:10F47000207C40F0040020742C48066804E0B4426C
:10F4800001D10020CDE7F668002EF8D127480068AA
:10F49000E060264804600020C3E700002E2E5C4D8B
:10F4A0006964646C6577617265735C5468697264E1
:10F4B0005F50617274795C4C7749505C7372635C25
:10F4C000636F72655C7564702E6300007564705FB5
:10F4D000636F6E6E6563743A20696E76616C696401
:10F4E0002070636200000000417373657274696F7D
:10F4F0006E2022257322206661696C656420617428
:10F50000206C696E6520256420696E2025730A00D1
:10F510007564705F636F6E6E6563743A20696E76B2
:10F52000616C69642069706164647200DC000020B1
:10F5300010B5F0F777FEC0F30D0000F5404001492B
:10F54000088010BDD80000202DE9FE4F05460E466C
:10F550000020019000BF002D07D100BF61A3CF2282
:10F560006CA172A0F3F73CF800BF00BF00BF002EF3
:10F5700007D100BF5BA3D02276A16CA0F3F730F8CF
:10F5800000BF00BF6889082803DA2846F9F778FE2B
:10F59000A6E0D5F804A0764A11685069F6F798FC01
:10F5A0008146BAF80000F7F76CFF8346BAF802000C
:10F5B000F7F767FF029000240027A0466D48046813
:10F5C00038E0618A0298814232D14A46314620466B
:10F5D00000F0E0F860B3207C00F00400A8B9B8F1B6
:10F5E000000F01D1A04610E0B9F1000F0DD0604826
:10F5F0004069401C48B9D8F800007168884204D0BE
:10F6000020687168884200D1A046A08A58450FD171
:10F61000606820B1564960680969884208D137B1ED
:10F62000E068F86053480068E0605248046003E016
:10F630002746E468002CC4D100BF04B9444614B185
:10F640000120019008E04A4970684969884201D167
:10F65000012000E000200190019800283CD0082102
:10F660002846FAF71BF870B100BF00BF1DA34FF486
:10F67000B87241A12DA0F2F7B3FF00BF00BF28462A
:10F68000F9F7FEFD2CE07CB1A06948B1CDF800B0DF
:10F69000374B10332A462146D4E906C0E0471EE026
:10F6A0002846F9F7EDFD1BE0B9F1000F10D1304805
:10F6B000007D00F0F000E0280AD02D488089083055
:10F6C00001B22846F9F7BEFE03212846F6F7F4F901
:10F6D0002846F9F7D5FD02E02846F9F7D1FD00BF2D
:10F6E000BDE8FE8F2E2E5C4D6964646C6577617297
:10F6F00065735C54686972645F50617274795C4CC4
:10F700007749505C7372635C636F72655C7564709B
:10F710002E6300007564705F696E7075743A2069BD
:10F720006E76616C69642070627566004173736502
:10F730007274696F6E2022257322206661696C6580
:10F7400064206174206C696E6520256420696E20D8
:10F7500025730A007564705F696E7075743A20696C
:10F760006E76616C6964206E6574696600000000E5
:10F7700044360020DC000020706275665F72656DA3
:10F780006F76655F686561646572206661696C6546
:10F79000640A000070B504460D46164600BF002CF2
:10F7A00007D100BF1FA387222AA133A0F2F718FFB9
:10F7B00000BF00BF00BF002D07D100BF19A38822E2
:10F7C00037A12DA0F2F70CFF00BF00BF207A50B187
:10F7D000217A3D48406890F83400401CC0B2814214
:10F7E00001D0002070BD8EB174B1206860B1364880
:10F7F0004069401C40B12068A96808403249496905
:10F80000AA68114088420BD10120EBE734B120688F
:10F8100020B12D4920684969884201D10120E1E7E2
:10F820000020DFE72E2E5C4D6964646C65776172A1
:10F8300065735C54686972645F50617274795C4C82
:10F840007749505C7372635C636F72655C7564705A
:10F850002E6300007564705F696E7075745F6C6F05
:10F8600063616C5F6D617463683A20696E76616C88
:10F870006964207063620000417373657274696F1C
:10F880006E2022257322206661696C656420617494
:10F89000206C696E6520256420696E2025730A003E
:10F8A0007564705F696E7075745F6C6F63616C5FB7
:10F8B0006D617463683A20696E76616C6964206E6C
:10F8C00065746966000000004436002010B50246E9
:10F8D00082B1136873B169B10B685BB1064B1868EC
:10F8E00006E003681468A34201D10B680360C06896
:10F8F0000028F6D110BD0000DC00002010B500206B
:10F90000F8F7E8FA04462CB120212046F0F7C3FCB2
:10F91000FF20E072204610BD10B5002200BF124843
:10F9200003880088401C104C20804FF6FF708342F3
:10F9300003D14FF44040234618800C4801680EE084
:10F94000488A094B1B88984208D1501C80B2024655
:10F95000B0F5804F01DB002010BDE0E7C968002949
:10F96000EED101480088F7E7D8000020DC00002035
:10F9700070B504460E46154600BF002C09D100BFE5
:10F9800006A340F28A4211A116A0F2F729FE00BF99
:10F9900070BD00BFA661E56100BFF9E72E2E5C4D8A
:10F9A0006964646C6577617265735C5468697264DC
:10F9B0005F50617274795C4C7749505C7372635C20
:10F9C000636F72655C7564702E6300007564705FB0
:10F9D000726563763A20696E76616C696420706343
:10F9E00062000000417373657274696F6E20222596
:10F9F0007322206661696C6564206174206C696E95
:10FA00006520256420696E2025730A0070B50546BF
:10FA100000BF002D09D100BF14A340F2A1421FA1D5
:10FA200024A0F2F7DDFD00BF70BD00BF2B480068C9
:10FA3000A84205D129480068C068284908600EE03E
:10FA40002648046808E0E06828B1E068A84202D1CE
:10FA5000E868E06002E0E468002CF4D100BF2946C9
:10FA60000020F8F769F900BFDEE700002E2E5C4D9C
:10FA70006964646C6577617265735C54686972640B
:10FA80005F50617274795C4C7749505C7372635C4F
:10FA9000636F72655C7564702E6300007564705FDF
:10FAA00072656D6F76653A20696E76616C69642067
:10FAB00070636200417373657274696F6E202225F2
:10FAC0007322206661696C6564206174206C696EC4
:10FAD0006520256420696E2025730A00DC00002063
:10FAE0002DE9FC4704460F46904699460A9D00BF03
:10FAF000002C0CD100BF2CA34FF4207236A13DA0E6
:10FB0000F2F76EFD00BF6FF00F00BDE8FC8700BF8D
:10FB100000BF002F0BD100BF23A340F281223FA1E1
:10FB200034A0F2F75DFD00BF6FF00F00EDE700BFFE
:10FB300000BFB8F1000F0BD100BF1BA340F282221F
:10FB40003DA12CA0F2F74CFD00BF6FF00F00DCE7E9
:10FB500000BF00BF002D0BD100BF13A340F28322D2
:10FB60003DA124A0F2F73CFD00BF6FF00F00CCE7F1
:10FB700000BF34B1206820B1207800F0F000E02808
:10FB800001D12E1D07E020686968884202D06FF01D
:10FB90000300BAE726464B46424639462046CDE9A1
:10FBA000005600F069F8B0E72E2E5C4D6964646C75
:10FBB0006577617265735C54686972645F506172E5
:10FBC00074795C4C7749505C7372635C636F7265E7
:10FBD0005C7564702E6300007564705F73656E649D
:10FBE000746F5F69663A20696E76616C6964207033
:10FBF00063620000417373657274696F6E20222521
:10FC00007322206661696C6564206174206C696E82
:10FC10006520256420696E2025730A007564705F75
:10FC200073656E64746F5F69663A20696E76616CA5
:10FC300069642070627566007564705F73656E64D8
:10FC4000746F5F69663A20696E76616C69642064DE
:10FC500073745F69700000007564705F73656E6433
:10FC6000746F5F69663A20696E76616C6964206EB4
:10FC700065746966000000002DE9FF4F85B00446F9
:10FC80000D469146DDE912AB00BF002C0DD100BF3F
:10FC900059A340F2D12264A16BA0F2F7A1FC00BFEE
:10FCA0006FF00F0009B0BDE8F08F00BF00BF002D5E
:10FCB0000BD100BF50A340F2D2226DA162A0F2F797
:10FCC0008FFC00BF6FF00F00ECE700BF00BFB9F181
:10FCD000000F0BD100BF48A340F2D3226CA15AA061
:10FCE000F2F77EFC00BF6FF00F00DBE700BF00BF44
:10FCF000BBF1000F0BD100BF3FA34FF435726DA1D4
:10FD000051A0F2F76DFC00BF6FF00F00CAE700BF13
:10FD100000BFBAF1000F0BD100BF37A340F2D522CC
:10FD20006DA149A0F2F75CFC00BF6FF00F00B9E7CE
:10FD300000BF608A50B9628A21462046FFF7CCFA9C
:10FD40008046B8F1000F01D04046ABE72889083063
:10FD500080B22989884202DA4FF0FF30A2E70821F9
:10FD60002846F8F771FD88B14FF42072082122204F
:10FD7000F8F7E8FD064616B94FF0FF3092E72889FC
:10FD800028B129463046F9F75BF800E02E4600BF5F
:10FD90007089082808D200BF17A340F20D3257A17E
:10FDA00029A0F2F71DFC00BF00BF7768608AF7F753
:10FDB00068FB38800898F7F764FB78800020F880AB
:10FDC0003089F7F75EFBB88011200490E07A039049
:10FDD000A17A0498CDE9010A00914A465946304675
:10FDE000039BF6F71DFB8046AE4203D03046F9F781
:10FDF00047FA0026404655E72E2E5C4D6964646C38
:10FE00006577617265735C54686972645F50617292
:10FE100074795C4C7749505C7372635C636F726594
:10FE20005C7564702E6300007564705F73656E644A
:10FE3000746F5F69665F7372633A20696E76616C96
:10FE40006964207063620000417373657274696F46
:10FE50006E2022257322206661696C6564206174BE
:10FE6000206C696E6520256420696E2025730A0068
:10FE70007564705F73656E64746F5F69665F7372DB
:10FE8000633A20696E76616C696420706275660001
:10FE90007564705F73656E64746F5F69665F7372BB
:10FEA000633A20696E76616C6964206473745F697B
:10FEB000700000007564705F73656E64746F5F69D5
:10FEC000665F7372633A20696E76616C6964207351
:10FED00072635F69700000007564705F73656E64C3
:10FEE000746F5F69665F7372633A20696E76616CE6
:10FEF0006964206E6574696600000000636865636C
:10FF00006B20746861742066697273742070627506
:10FF1000662063616E20686F6C6420737472756311
:10FF200074207564705F68647200000020040C0027
:10FF30002001002000000020000000000000000060
:10FF4000010203040607080900000000010203047F
:10FF500000000000FFFFFFFFFFFFFFFFFFFF0000AB
:10FF600000000000200006006F5E0020540000200A
:10FF700098000A00325F0020580000201C00050095
:10FF8000256500205C00002010000800B4650020FA
:10FF9000600000202000050037660020640000207B
:10FFA00018000F00DA6600206800002010000A0028
:10FFB000456800206C00002010000A00E86800205E
:10FFC00070000020100208008B69002074000020DF
:10FFD00064FF000870FF00087CFF000888FF00082D
:10FFE00094FF0008A0FF0008ACFF0008B8FF00085D
:10FFF000C4FF00086001010888010108A801010888
:020000040801F1
:1000000068010108540101083C0101084801010888
:100010009C010108740101087C010108900101089C
:100020000102030405060707070707070703060C75
:1000300018306078900000208C0000209400002090
:1000400098000020FA000000E1EF0008E80300003B
:1000500031710008E80300005D54000860EA000008
:10006000F92B0008F4010000FD3000080500000035
:10007000646863705F6F7074696F6E3A206F70743C
:10008000696F6E735F6F75745F6C656E202B2032C5
:10009000202B206F7074696F6E5F6C656E203C3D25
:1000A00020444843505F4F5054494F4E535F4C4596
:1000B0004E0000006E657469662D3E687761646469
:1000C000725F6C656E206D75737420626520746854
:1000D000652073616D65206173204554485F485702
:1000E000414444525F4C454E20666F7220657468EF
:1000F00061727021000000004C5749505F434F4E21
:1001000053545F43415354206E6F7420696D706C7B
:10011000656D656E74656420636F72726563746C7F
:10012000792E20436865636B20796F7572206C7738
:10013000495020706F72742E0000000046494E5FD7
:10014000574149545F31000046494E5F5741495479
:100150005F32000045535441424C495348454400E6
:10016000434C4F534544000053594E5F524356444D
:1001700000000000434C4F53494E47004C4153543C
:100180005F41434B000000004C495354454E000072
:1001900054494D455F57414954000000434C4F536B
:1001A000455F57414954000053594E5F53454E54E3
:1001B000000000007463705F656E71756575655F42
:1001C000666C6167733A206E656564206569746862
:1001D0006572205443505F53594E206F7220544330
:1001E000505F46494E20696E20666C616773202817
:1001F00070726F6772616D6D65722076696F6C6188
:100200007465732041504929000000002C02010848
:1002100000000020E8000000602600081403010828
:10022000E8000020387D0000702600080000000073
:1002300000000000000000000000000000000000BE
:100240000000000010000000010000000024F40085
:10025000000000000000000001031C00000000007E
:10026000000000000000000000000000000000008E
:10027000000000000000000000000000000000007E
:10028000000000000000000000000000000000006E
:10029000000000000000000000000000000000005E
:1002A000000000000000000000000000000000004E
:1002B00000C000000000000000000000000000007E
:1002C0000000000000000000000000006E190000A7
:1002D000000000000000000000000000000000001E
:1002E000000000000000000000000000000000000E
:1002F00000000000000000000000000000000000FE
:100300000000000000C0000000000000000000002D
:0403100000000000E9
:040000050800018965
:00000001FF
