:020000040800F2
:10000000B87E00209D010008B5230008A321000848
:10001000B123000839030008AF27000800000000E2
:100020000000000000000000000000000F24000895
:10003000B5050008000000000D2400081124000888
:10004000B7010008B7010008B7010008B7010008B0
:10005000B7010008B7010008B7010008B7010008A0
:10006000B7010008B7010008B7010008B701000890
:10007000B7010008B7010008B7010008B701000880
:10008000B7010008B7010008B7010008B701000870
:10009000B7010008B7010008B7010008B701000860
:1000A000B7010008B7010008B7010008B701000850
:1000B000B7010008B7010008B7010008B701000840
:1000C000B7010008B7010008B7010008B701000830
:1000D000B7010008B7010008B7010008B701000820
:1000E000B7010008B7010008B7010008B701000810
:1000F000B7010008B7010008B7010008B701000800
:10010000B7010008B7010008B7010008B7010008EF
:10011000B7010008B7010008B7010008B7010008DF
:10012000B7010008B7010008B7010008B7010008CF
:10013000B7010008C5060008B7010008B7010008AC
:10014000B7010008B7010008B7010008B7010008AF
:10015000B7010008B7010008B7010008B70100089F
:10016000B7010008B7010008B7010008B70100088F
:10017000B7010008B7010008B7010008000000003F
:10018000B7010008B7010008DFF80CD000F0C2F892
:100190000048004719790008B87E002006488047CB
:1001A00006480047FEE7FEE7FEE7FEE7FEE7FEE75C
:1001B000FEE7FEE7FEE7FEE7DD2400088901000810
:1001C0002DE9F05F0546002092469B46884606468C
:1001D000814640241BE0284641464746224600F01F
:1001E00088F853465A46C01A914110D31146184612
:1001F000224600F06FF82D1A67EB01084F462246A1
:100200000120002100F066F817EB00094E41201E86
:10021000A4F10104DFDC484631462A464346BDE8E6
:10022000F09F00000649074A0868504343F239022C
:10023000104408604008704701490860704700009A
:10024000140100206D4EC64110B5431A934209D2E5
:100250008318881803E010F8011D03F8011D521ED1
:10026000F9D210BD40EA01039B0703D009E008C999
:10027000121F08C0042AFAD203E011F8013B00F86B
:10028000013B521EF9D210BDD2B201E000F8012BA1
:10029000491EFBD270470022F6E710B513460A4606
:1002A00004461946FFF7F0FF204610BD421C10F827
:1002B000011B0029FBD1801A704730B5044600208D
:1002C000034600E05B1C934203D2E05CCD5C401B24
:1002D000F8D030BD202A04DB203A00FA02F10020D9
:1002E00070479140C2F1200320FA03F31943904074
:1002F0007047202A04DB203A21FA02F000217047DF
:1003000021FA02F3D040C2F120029140084319467D
:1003100070470000064C074D06E0E06840F001031E
:1003200094E8070098471034AC42F6D3FFF730FF4B
:10033000501E0108701E010800BFFEE710B50446FC
:1003400001F0A4F906490968401AB0F5FA7F06D30E
:1003500001F09CF902490860204600F003F810BD46
:10036000280000202DE9F04387B004460025002630
:1003700000274F480078012804D002280CD0052817
:100380007ED189E002204A490870204604F0D8F95D
:1003900048A002F0EBFA87E0454801784FA002F050
:1003A000E5FA204604F07EFA00284FD003204049A9
:1003B0000870656800204D49C87088704870022038
:1003C00008700846C0780090084683784278017823
:1003D00047A002F0CBFA290E44484172290C017261
:1003E000290AC17101468D71407A00900846037A4E
:1003F000C279817947A002F0B9FAA668310E3B486C
:100400004173310C0173310AC17201468E72407B17
:1004100000900846037BC27A817A46A002F0A6FAD1
:10042000E768390E31484174390C0174390AC173D7
:1004300001468F73407C00900846037CC27B817B21
:1004400045A002F093FA02F0B5F924E0D4F8248034
:1004500098F8060004281EDD04201549087020467F
:1004600004F01AFA454860606FF07F40A06044488D
:10047000E060201D06F030FC81464A4641A100E0C4
:1004800011E002A802F082FA3FA002F06FFA02A97E
:1004900042A002F06BFA07E0204604F0FDF90020CC
:1004A0000349087000E000BF00BF07B0BDE8F0835B
:1004B0002C000020202053746174653A204C6F6F2B
:1004C0006B696E6720666F722044484350207365E5
:1004D00072766572202E2E2E0A000000444843508A
:1004E0005F73746174653D25640A00000035002067
:1004F000204D41432020B5D8D6B73A2020202020D7
:100500002020202025642025642025642025640ADD
:1005100000000000204448435020474554204950E3
:100520003A202020202020256420256420256420D6
:1005300025640A0020444843502047455420D7D31F
:10054000CDF8D1DAC2EB3A20256420256420256459
:100550002025640A000000002044484350204745FD
:100560005420C4ACC8CFCDF8B9D83A202564202592
:10057000642025642025640A00000000C0A801341E
:10058000C0A8010125730000444843502054696D00
:10059000656F7574202121200A0000005374617476
:1005A000696320495020616464726573733A202541
:1005B000730A0000704710B50146002226E002EBE6
:1005C00082040B6903EBC400002303604360836073
:1005D000C360036243624FF00043036044F2F85388
:1005E0004360436823F00043436001F1480343F84C
:1005F0002200032A07D202EB82040B6903EBC40337
:100600002833C36001E00B69C360521C042AD6D3AF
:100610000024CC650C668C66CC668C650B6803F593
:1006200080530C69DC6010BD10B50146002222E049
:1006300002EB8204CB6803EBC40000230360436039
:100640008360C36001F1180343F82200036843F498
:1006500080130360032A07D202EB8204CB6803EB0A
:10066000C4032833C36001E0CB68C360036843F46C
:1006700040030360521C042ADAD300248C620B6806
:1006800003F58053CC681C6110BD38B504460020CA
:100690000090206800F58050806940F48011206847
:1006A00000F580508161206800F5805080690090DD
:1006B000012000F037FB0099206800F5805081612F
:1006C00038BD000010B507F065F84FF480310648DA
:1006D000006800F58050416140210348006800F542
:1006E0008050416110BD00001834002030B5034631
:1006F0001479557944EA0520084C0C442064D478D8
:100700002406957844EA0544557844EA052415788A
:1007100044EA0500014C0C44606430BD0080024096
:1007200010B5A4B0044601208DF83C008DF83D00C2
:1007300000200D908DF84B0001208DF84A0000201C
:100740008DF8480001208DF8300000208DF84C0015
:100750008DF83B0014908DF854001D908DF87800B2
:100760001F908DF882008DF880004FF4804010902B
:10077000C010119000208DF881000BA9204600F0D8
:1007800087F901208DF80C008DF80D008DF81D0003
:100790008DF80E00002005908DF81C008DF81E00CD
:1007A000089001208DF824008DF8040000040290C8
:1007B000800106904012049001208DF82500002051
:1007C0000A9000906946204600F002F924B010BD5E
:1007D00070B504460D462B4622460021044800F021
:1007E000D4FC10B14FF0FF3070BD0020FCE70000DA
:1007F0001834002070B504460D462E463346224676
:100800000021044800F006FE10B14FF0FF3070BD2B
:100810000020FCE7183400202DE9F04F80460C46FC
:10082000164608F118031A69D3F810904FF0000C1F
:1008300053F82210A568E246086800F00040B0F1C5
:10084000004F04D003F1140050F8220010B1022030
:10085000BDE8F08F0CF1010C2868886048686FF3E0
:100860000C00D5F804B040EA0B004860207800F096
:10087000010038B1086820F44000D4F814B040EA10
:100880000B000860207800F0200038B1086820F0E4
:100890004060D4F810B040EA0B000860207800F007
:1008A000040018B1086840F080000860086840F053
:1008B0008050086000BF00BF00BFBFF35F8F00BF64
:1008C00000BF00BF086840F0004008605DE00868B5
:1008D00020F00050086026B1086840F080400860B1
:1008E00003E0086820F08040086000BF521C042A22
:1008F00000D3121F00BF53F82210086820F0805068
:100900000860086800F00040B0F1004F04D003F127
:10091000140050F82200E8B14A4653F8221000278C
:1009200014E000BF00BF00BFBFF35F8F00BF00BF78
:1009300000BF086820F00040086000BF521C042A75
:1009400000D3121F00BF53F822107F1C6745E8D365
:1009500002207DE70CF1010CAD68286888604868CA
:100960006FF30C00D5F804B040EA0B0048600AF1C0
:10097000010A00BF00BF00BFBFF35F8F00BF00BF11
:1009800000BF086840F000400860A86800289ED1B9
:1009900026B1086840F08040086003E0086820F055
:1009A00080400860086840F00050086003F11400BF
:1009B000D3F824B040F822B01A6172B60AF10100EF
:1009C000D3F828B05844986262B6002040E700008F
:1009D00070B505460C46286800F5805086692B489E
:1009E0000640207B08B9012000E000208006617BE2
:1009F00040EA4160617F09B9012100E0002140EA3D
:100A00000150A17B40EA415061690843217F40EADF
:100A1000C110A17F40EA8110216A084394F8241094
:100A200040EA81000643286800F580508661286806
:100A300000F580508669012000F074F9286800F5FF
:100A4000805086612179A06840EA4160A16908432D
:100A50002169084394F8251040EAC110A16A40EAD0
:100A600081002168084340F40001286800F58050A7
:100A70000160286800F580500668012000F052F9F6
:100A8000286800F58050066070BD0000233FDEF846
:100A900070B505460C46286806683A480640207C32
:100AA00008B9012000E00020C005617C09B90121DE
:100AB00000E0002140EA8150A1680843E17F40EA5C
:100AC000014061690843A17F09B9012100E00021CB
:100AD00040EA4130217F40EA0130A1690843217991
:100AE00040EA812094F8201009B9012100E000219A
:100AF00040EA4120E17B40EAC110616A084394F872
:100B0000281040EA01100643286806602868066835
:100B1000012000F007F928680660286886694FF60A
:100B200041700640A06C000494F84C1009B90121F2
:100B300000E0002140EAC110216D084394F85510EF
:100B4000012900D100E0002140EAC10094F85610CC
:100B5000012900D100E0002140EA810094F85410FE
:100B6000012900D100E0002140EA41000643286845
:100B7000866128688669012000F0D4F828688661BB
:100B800070BD00000F8120FF2DE9F84304460020CE
:100B900000904FF00108A66E04F1480050F826506E
:100BA000E76E2FE0286A58B9684600F023FB0098EA
:100BB00010B94FF0000803E0009828620098A86080
:100BC000B8F1000F1ED0A06D10B91648686002E0A1
:100BD00044F2F850686000BF00BF00BFBFF35F8FF2
:100BE00000BF00BF00BF286840F00040286000BF81
:100BF000761C042E00D3361F00BF04F1480050F8C5
:100C000026507F1E17B1B8F1000FCBD1E06EB8426D
:100C100006D00021206800F580508160A666E76656
:100C2000BDE8F883F845008008B5002000906946CB
:100C30000120FFF7CDFD69460120FFF7C9FD0098AF
:100C400000F0040008B9012008BD69460020FFF744
:100C5000BFFD009800F48050B0F5805F1FD0009871
:100C600000F40050B0F5005F07D1009800F48070E8
:100C7000B0F5807F01D10220E6E7009800F4005033
:100C8000B0F5005F01D10320DEE7009800F480702A
:100C9000B0F5807F01D10420D6E70520D4E769466E
:100CA0001F20FFF795FD009800F4805008B906203A
:100CB000CAE7009800F01C00182801D10220C3E701
:100CC000009800F01C00082801D10320BCE7009820
:100CD00000F01C00142801D10420B5E70520B3E77B
:100CE00010B5044600F0D2FC06490968401A642891
:100CF00006D300F0CBFC03490860204604F0F2FE66
:100D000010BD00003000002010B54FF40041044831
:100D100000F0AEFC08B9012010BD0020FCE7000087
:100D20000018024070B5044600F0B0FC06462546A7
:100D3000681C10B104480078054400BF00F0A6FC10
:100D4000801BA842FAD370BD50000020024609B9AA
:100D50000120704710680068C0F3001081F8280077
:100D60001068006800F06000486210680068C0F316
:100D7000402080F0010081F8200010680068C0F376
:100D80000040C87710680068C0F3403080F0010070
:100D9000887710680068C0F3003008771068006832
:100DA00000F4006088611068006800F480404861C9
:100DB00010680068C0F3805080F00100487410682B
:100DC0000068C0F3C05080F001000874106800682B
:100DD000C0F3C010C8731068006800F46020886019
:100DE00010680068C0F38020087110688069C0F343
:100DF000400081F8540010688069C0F3C01080F092
:100E0000010081F84C001068806900F0300008652E
:100E100010688069000C886410688069C0F38000E5
:100E200081F8560010688069C0F3C00081F8550051
:100E300000208EE738B504460CB9012038BDD4F83F
:100E4000840028B92320C4F88400204600F05CF810
:100E500000BF002000902A48006840F480402849E4
:100E600008600846006800F48040009000BF00BFA2
:100E70002448006820F40000224908600846006801
:100E8000A16808431F49086008460068206800F50B
:100E90008050006840F00101206800F5805001603A
:100EA00000F0F4FB05460DE000F0F0FB401BB0F550
:100EB000FA7F07D90420C4F88800E020C4F8840031
:100EC0000120BBE7206800F58050006800F00100B9
:100ED0000028E9D12046FFF723FC2046FFF7A4FBBA
:100EE0002046FFF768FB002120466268FFF7FEFB03
:100EF0000020C4F888001020C4F8840000209DE77A
:100F0000443802400438014010B586B0044600BFA2
:100F1000002000905748006840F0010055490860E3
:100F20000846006800F00100009000BF00BF00BF4D
:100F3000002000900846006840F004000860084661
:100F4000006800F00400009000BF00BF00BF002058
:100F500000900846006840F00200086008460068FB
:100F600000F00200009000BF00BF00BF0020009012
:100F70000846006840F0400008600846006800F03D
:100F80004000009000BF00BF00BF00BF00200090E5
:100F90000846006840F0007008600846006800F0ED
:100FA0000070009000BF00BF00BF00200090084606
:100FB000006840F0806008600846006800F08060CB
:100FC000009000BF00BF00BF0020009008460068EE
:100FD00040F0006008600846006800F00060009083
:100FE00000BF00BF00BF01220421234800F048FBDE
:100FF0000420019001200290002003900220049020
:1010000001A91D4800F03AFA322001900220029016
:1010100000200390032004900B20059001A917489D
:1010200000F02CFA8620019002200290002003900C
:10103000032004900B20059001A9114800F01EFA2E
:101040004FF4D04001900220029000200390032032
:1010500004900B20059001A90A4800F00FFA002225
:1010600001213D2000F09CFB3D2000F089FB06B0F3
:1010700010BD000030380240000402400008024069
:1010800000000240001802402DE9F05F04460F46C0
:101090004FF00008C34647B9D4F8880040F001007B
:1010A000C4F888000120BDE8F09FD4F8840023280C
:1010B00001D00120F7E7E66D04F1480050F8265012
:1010C000E06EC0F1040942E0286800F4807018B1B5
:1010D000A969A167E9696167286800F4007008B927
:1010E000E06F40B3286800F4007010B10021216661
:1010F0006166D4F814A0286800F4807040B12868B4
:10110000C0F30D40A0F1040A296821674FF0010BDC
:10111000A86828621FFA8AF304F18001081F2A6A6E
:1011200000F08CF8206E401C2066606E00EB0A0117
:1011300061660020286200BF761C042E00D3361F93
:1011400000BF04F1480050F8265008F10108286853
:1011500000F0004020B9C84502D2BBF1000FB3D067
:10116000E06E00EB0801E166E06E10B12046FFF78B
:101170000BFDE665BBF1010F05D1E06F3860002182
:10118000E16700208FE701208DE72DE9F047054654
:101190000E46174698462868046904F01C044FF46C
:1011A000784000EAC62004434FF4F86000EA871054
:1011B000044324F0020444F001042868046100F0B0
:1011C00065FA81460BE000F061FAA0EB0900B0F58A
:1011D000803F02D30120BDE8F0872868046904F04D
:1011E00001000028EFD12868406980B2C8F80000EB
:1011F0000020F0E77CB504460D4807F08BF8054663
:1012000085B105F1200020600A4828614FF47A7109
:1012100020682B464122CDE900010021084607F055
:1012200005FF04E0012004490870002020607CBD17
:10123000501B0108AD97000824000020F0B50446BB
:101240000D4621462E460020A2F12000002707600F
:10125000078143810F680FB9086001E03768386083
:101260003060086803E007891F4407810068002890
:10127000F9D1F0BD70B504460D460DB9012070BD21
:10128000D4F88400102805D129462046FFF700FC39
:101290000020F4E70120F2E770B50446D4F884009A
:1012A00010283DD12320C4F884000421E1662046A3
:1012B000FFF76AFC2068006840F0080021680860B9
:1012C000206805680120FFF72DFD20680560206873
:1012D000006840F00400216808602068056801206B
:1012E000FFF720FD206805602046FFF7CEF9206853
:1012F00000F58050806940F40051206800F580506E
:101300008161206800F58050806940F0020120680A
:1013100000F5805081612320C4F88400002070BD56
:101320000120FCE72DE9F041044688461546B8F156
:10133000000F08D1D4F8880040F00100C4F88800FC
:101340000120BDE8F081D4F88400232860D1002278
:1013500041462046FFF760FA38B1D4F8880040F0E3
:101360000200C4F888000120EBE700BF00BF00BF07
:10137000BFF34F8F00BF00BF00BF04F11800A16A88
:1013800050F8217000BFA06A401CA062A06A042827
:1013900002D3A06A001FA06200BF04F11800A16A76
:1013A00050F82110206800F58050416000F06EF97F
:1013B000064627E0206800F58050406900F40050A0
:1013C00068B1D4F8880040F00800C4F888002068AC
:1013D00000F580504069C4F88C000120B1E7681C1A
:1013E00080B100F053F9801BA84200D855B9D4F859
:1013F000880040F00400C4F888004FF04050386086
:1014000001209EE7386800F000400028D2D198E71C
:10141000012096E72DE9F04705460E461746984607
:101420002868046904F01C044FF4784000EAC620E0
:1014300004434FF4F86000EA8710044344F00204C8
:1014400044F001041FFA88F02968486128680461A3
:1014500000F01CF981460BE000F018F9A0EB090040
:10146000B0F5803F02D30120BDE8F0872868046909
:1014700004F001000028EFD100BFF5E7F8B50246FF
:101480000B460025002400200021D6E0012606FAA4
:1014900001F51E6806EA0504AC4274D11E7906F017
:1014A0000306012E04D01E7906F00306022E13D186
:1014B00090684F000326BE40B0434F00DE68BE4038
:1014C00030439060506801268E40B0431E79C6F3C9
:1014D00000168E40304350601E7906F00306032E3E
:1014E00009D0D0684F000326BE40B0434F009E682D
:1014F000BE403043D0601E7906F00306022E13D1A1
:10150000CF0802F1200656F827004E07F70E0F26E7
:10151000BE40B0434F07FF0E1E69BE403043CF08A8
:1015200002F1200646F8270010684F000326BE404F
:10153000B0431E7906F003064F00BE4030431060F2
:101540005E6806F44036002E76D000BF0026009676
:101550003C4E366846F480463A4F3E603E4636681A
:1015600006F48046009600BF00BF374E8F0856F83D
:1015700027008E07370F0F26BE40B043334EB242CE
:1015800002D1002624E057E0314EB24201D10126BB
:101590001EE0304EB24201D1022619E02E4EB24278
:1015A00001D1032614E02D4EB24201D104260FE0F2
:1015B0002B4EB24201D105260AE02A4EB24201D199
:1015C000062605E0284EB24201D1072600E0082693
:1015D0008F073F0FBE4030431B4E8F0846F8270051
:1015E000224E3068A0435E6806F4801606B12043A0
:1015F0001E4E3060361D3068A0435E6806F400164B
:1016000006B12043194E361D3060184E361F306823
:10161000A0435E6806F4003606B12043134E361F21
:101620003060361F3068A0435E6806F4803606B12D
:1016300020430E4E083E3060491C1029FFF426AFAF
:10164000F8BD000044380240083801400000024064
:101650000004024000080240000C0240001002405A
:101660000014024000180240001C0240083C0140E7
:10167000024613690B400BB1012000E000207047C7
:101680000AB1816101E00B04836170470148006881
:1016900070470000480000200348006803490978AB
:1016A00008440149086070474800002050000020AD
:1016B00010B50D48006840F400700B4908600846FA
:1016C000006840F4806008600846006840F480705C
:1016D0000860032000F0A2F80F2000F007F800F0E7
:1016E0002BF8002010BD0000003C024070B50446FD
:1016F0000E4800784FF47A71B1FBF0F00C4909689C
:10170000B1FBF0F5284600F058FC08B1012070BD8F
:10171000102C07D200222146501E00F041F8054847
:10172000046001E00120F2E70020F0E75000002013
:10173000540000204C00002008B500BF002000909D
:101740000E48006840F480400C4908600846006874
:1017500000F48040009000BF00BF00BF0020009058
:10176000081F006840F08050091F086008460068A4
:1017700000F08050009000BF00BF08BD4438024018
:1017800001460846002809DB00F01F0301229A40A9
:1017900043099B0003F1E023C3F8002100BF704719
:1017A0002DE9F05F80460D461646002701F002F94C
:1017B000074639462A46334601F00700C0F1070ABA
:1017C000BAF1040F02D94FF0040A01E0C0F1070A90
:1017D000D14600F1040ABAF1070F02D24FF0000A15
:1017E00001E0A0F1030AD4464FF0010A0AFA09FA0F
:1017F000AAF1010A0AEA020A0AFA0CFA4FF0010BEE
:101800000BFA0CFBABF1010B0BEA030B4AEA0B04DE
:101810002146404601F0D6F8BDE8F09F00BF00F039
:101820000702064B19684FF6FF031940044B0B43A0
:1018300043EA0221014B196000BF70470CED00E044
:101840000000FA057047000070B504460D460CB95B
:10185000012070BD5848006800F00700A84209D276
:1018600055490D700846006800F00700A84201D0F5
:101870000120EEE7207800F0020002281DD1207838
:1018800000F00400042805D14C48006840F4E05002
:101890004A490860207800F00800082805D1474828
:1018A000006840F46040454908604448006820F002
:1018B000F000A168084341490860207800F0010069
:1018C000A8B36068012807D13C4808380068C0F315
:1018D0004040B8B90120BCE76068022802D06068C7
:1018E000032807D1354808380068C0F3406048B97C
:1018F0000120AEE7314808380068C0F3400008B95D
:101900000120A6E72D48006820F003006168084325
:101910002A490860FFF7BAFE064609E0FFF7B6FE5F
:10192000801B41F28831884202D9032091E707E009
:101930002248006800F00C006168B0EB810FEDD127
:101940001D48006800F00700A84209D91A490D7027
:101950000846006800F00700A84201D0012078E79F
:10196000207800F00400042807D11448006820F40F
:10197000E050E168084311490860207800F0080051
:10198000082808D10D48006820F46040216940EA29
:10199000C1000A49086000F045F808490968C1F328
:1019A0000311074A515CC8400649086006480068B0
:1019B000FFF79CFE00204CE7003C02400838024044
:1019C0005C1B0108540000204C000020012001494C
:1019D000C864704700004742014800687047000033
:1019E0005400002000B5FFF7F7FF04490968C1F370
:1019F0008221034A515CC84000BD00000838024003
:101A00006C1B010800B5FFF7E7FF04490968C1F343
:101A10004231034A515CC84000BD00000838024012
:101A20006C1B01082DE9F047002400250026A14683
:101A30002548006800F00C0020B1042805D00828D3
:101A40003AD105E0DFF8849039E0DFF8849036E0A1
:101A50001D48001F006800F03F041B48001F00687D
:101A600000F4800078B11A481749091F0968C1F3CA
:101A70008811A0FB01700146224600233846FEF77C
:101A80009FFB05460EE011480F49091F0968C1F385
:101A90008811A0FB01700146224600233846FEF75C
:101AA0008FFB05460848001F0068C0F30140401C3A
:101AB0004600B5FBF6F902E0DFF8109000BF00BF6A
:101AC0004846BDE8F0870000083802400024F400D2
:101AD00000127A0010B50648006800F080008028E7
:101AE00005D1FFF7AFFE80200149891C087010BDA9
:101AF0000C380240F8B504460CB90120F8BD207836
:101B000000F00100002874D0F948006800F00C00D3
:101B100004280DD0F648006800F00C00082813D106
:101B2000F348001F006800F48000B0F5800F0BD16F
:101B3000EF4808380068C0F34040002859D060687A
:101B4000002856D10120D9E700BF6068B0F5803F7A
:101B500008D1E7480838006840F48030E449083983
:101B600008601EE06068B0F5A02F0DD1E04808388D
:101B7000006840F48020DE490839086008460068A3
:101B800040F4803008600CE0D9480838006820F440
:101B90008030D749083908600846006820F4802062
:101BA000086000BF606890B1FFF770FD054606E071
:101BB000FFF76CFD401B642801D903209EE7CC4849
:101BC00008380068C0F340400028F1D011E0FFF76A
:101BD0005DFD054606E0FFF759FD401B642801D96D
:101BE00003208BE7C24808380068C0F34040002853
:101BF000F1D1207800F0020002285FD1BC480068D3
:101C000000F00C0058B1BA48006800F00C00082839
:101C10001CD1B748001F006800F48000B0B9B44878
:101C200008380068C0F3400020B1E068012801D006
:101C3000012063E7AE480838006820F0F800216909
:101C400040EAC100AA490839086037E0E06800B3FB
:101C50000120A8490860FFF719FD054606E0FFF7D7
:101C600015FD401B022801D9032047E7A04808388A
:101C70000068C0F340000028F1D09D480838006893
:101C800020F0F800216940EAC1009949083908604C
:101C900014E0002097490860FFF7F8FC054606E0CD
:101CA000FFF7F4FC401B022801D9032026E79048E7
:101CB00008380068C0F340000028F1D1207800F017
:101CC000080008282CD16069A8B101208A49086061
:101CD000FFF7DCFC054606E0FFF7D8FC401B0228B6
:101CE00001D903200AE782486C300068C0F3400045
:101CF0000028F1D014E000207F490860FFF7C6FCFF
:101D0000054606E0FFF7C2FC401B022801D903206C
:101D1000F4E677486C300068C0F340000028F1D149
:101D2000207800F00400042870D100277048383073
:101D3000006800F0805090B900BF002000906C480F
:101D40003830006840F080506949383108600846F2
:101D5000006800F08050009000BF00BF0127674876
:101D6000006800F48070B0B96448006840F4807086
:101D700062490860FFF78AFC054606E0FFF786FC2B
:101D8000401B022801D90320B8E65C48006800F433
:101D900080700028F2D000BFA068012808D1544804
:101DA0006830006840F001005149683108601DE06A
:101DB000A06805280DD14E486830006840F0040046
:101DC0004B49683108600846006840F0010008602F
:101DD0000CE047486830006820F001004449683151
:101DE00008600846006820F00400086000BFA06892
:101DF000A8B1FFF74BFC054609E0FFF747FC401B85
:101E000041F28831884202D9032077E626E038483B
:101E100068300068C0F340000028EED013E0FFF700
:101E200035FC054608E0FFF731FC401B41F28831E4
:101E3000884201D9032061E62D4868300068C0F36C
:101E400040000028EFD1012F07D129483830006821
:101E500020F0805026493831086000BFA069002872
:101E600045D02348006800F00C0008285DD0A06928
:101E7000022845D100201F490866FFF707FC0546E8
:101E800006E0FFF703FC401B022801D9032035E6DA
:101E9000174808380068C0F340600028F1D1D4E941
:101EA00007010843616A40EA81110122A06AC2EB7E
:101EB000500041EA00412C20005D41EA00600C49DD
:101EC000091F086001200B490866FFF7DFFB054684
:101ED00006E0FFF7DBFB401B022801D903200DE6DB
:101EE000034808380068C0F340600028F1D049E09A
:101EF0000838024000004742800E47420070004010
:101F0000002021490866FFF7C1FB054606E0FFF700
:101F1000BDFB401B022801D90320EFE51B480068E8
:101F2000C0F340600028F2D12CE0A069012800D164
:101F3000E4E51648001D0668A069012820D006F4D3
:101F40008001E06981421BD106F03F01206A814295
:101F500016D147F6C0703040616AB0EB811F0FD1D7
:101F600006F440310122A06AC2EB5000B1EB004FF1
:101F700006D106F070612C20005DB1EB006F01D03E
:101F80000120BBE50020B9E50000474200380240CF
:101F9000042808D14FF0E021096941F004014FF015
:101FA000E022116107E04FF0E021096921F004010E
:101FB0004FF0E02211617047704770B50446254626
:101FC000681EB0F1807F01D301200FE0681E4FF042
:101FD000E02148610F214FF0FF3000F0F3FC0020BA
:101FE0004FF0E021886107200861002070BD10B526
:101FF000FFF7E2FF10BD10B504460CB9012010BD7B
:10200000A06900B100E000BF94F83D0028B90020AD
:1020100084F83C00204600F027F8242084F83D0096
:102020002068C06820F400502168C860204600F095
:102030005FFA2068006920F49040216808612068F8
:10204000406920F02A00216848612068C06840F497
:1020500000502168C86000202064202084F83D00E2
:1020600084F83E000020CAE710B586B00446154942
:102070002068884224D100BF0020009012480068E8
:1020800040F40020104908600846006800F4002071
:10209000009000BF00BF08150190022002900120AF
:1020A0000390032004900820059001A90748FFF73A
:1020B000E5F94FF40060019001A90448FFF7DEF94B
:1020C00006B010BD004C00404038024000080240FD
:1020D0002DE9F84F04460E46174699464FF0000A80
:1020E00094F83D0020285AD106B117B90120BDE867
:1020F000F88F00BF94F83C00012801D10220F6E7D8
:10210000012084F83C0000BF00202064212084F8D6
:102110003D00FFF7BBFA8246A784E784A068B0F5CC
:10212000805F04D1206910B90025B04602E0354631
:102130004FF0000800BF002084F83C0000BF1BE007
:102140005346002280212046CDF8009000F0E6FAA8
:1021500008B10320CBE745B9B8F80000C0F3080088
:102160002168486008F1020803E028782168486087
:102170006D1CE08C401EE084E08C0028E0D15346CA
:10218000002240212046CDF8009000F0C7FA08B1A7
:102190000320ACE7202084F83D000020A7E70220C0
:1021A000A5E700BFFEE7000000B587B000BF002034
:1021B00001903448006840F0400032490860084609
:1021C000006800F04000019000BF00BF00BF002089
:1021D00001900846006840F040000860084600682A
:1021E00000F04000019000BF00BF00BF0020019040
:1021F0000846006840F0400008600846006800F0AB
:102200004000019000BF00BF00BF002001900846C1
:10221000006840F0400008600846006800F0400098
:10222000019000BF00BF4FF40040029000200390D7
:102230000120049002A91448FFF720F94FF48050C0
:102240000290002003900120049002A90E48FFF79D
:1022500015F94FF480600290002003900120049053
:1022600002A90948FFF70AF94FF480700290002094
:1022700003900120049002A90348FFF7FFF807B07C
:1022800000BD00003038024000180240016000220A
:1022900002710222427182710022C27170470246AD
:1022A00001F001030BB1002313711079704710B5D1
:1022B0000446607901281ED0022804D0032822D0C9
:1022C000042839D107E02068804718B10020E07168
:1022D0000420607130E0E0790A30E071E0790A288A
:1022E00008DB2068804718B10120A071607101E00F
:1022F0000220607120E02068804718B90020E0715A
:102300000320607118E0E0790A30E071E0790A2872
:1023100011DB2068804760B90120A0710220607144
:102320002079401C20712079FA2804DDFA202071E0
:1023300001E00120607100BF00BF10BD08B50020A2
:1023400000906946FEF744FA009840F480500090EF
:10235000009881B20020FEF74DFA08BD08B500BF15
:10236000002000900F48006840F004000D4908600C
:102370000846006800F00400009000BF00BF0A4853
:102380000A4908604FF4E130486000210748816045
:10239000C16001610C21416100218161C161FFF7D0
:1023A0002AFE08BD30380240004C0040783500203D
:1023B00000BFFEE7FFF78EFB00BFFEE700B587B06A
:1023C00005F02CFA00200690059004900B480C496B
:1023D000002204ABCDE90021029005AA06A9094814
:1023E00005F0E4FF074806F053FA064803F006FC40
:1023F0000549044806F0B8FA07B000BD215A0008A4
:10240000715D00081C010020FD5B000870477047EB
:1024100010B5FFF741F9FFF7EAFD10BD10B592B016
:1024200000BF002000902B48006840F080502949F0
:1024300008600846006800F08050009000BF00BFB0
:1024400000BF002000902448006840F480402249EA
:1024500008600846006800F48040009000BF00BF9C
:10246000012006900004079002200C9041050D9178
:1024700008210E914FF4A8710F91022110910721AC
:10248000119106A8FFF736FB0F2001900220029061
:10249000002003904FF4A05004904FF4805005901A
:1024A000052101A8FFF7D0F9FFF790FAFFF794FA9A
:1024B0004FF47A71B0FBF1F42046FFF77EFD042063
:1024C000FFF766FD00221146501EFFF769F912B0B2
:1024D00010BD000040380240007000400348006812
:1024E00040F47000014908607047000088ED00E08A
:1024F0002DE9F84F04462068006920F44050E16857
:102500000843216808612169A0680843616908439C
:10251000E169084300902068C06849F20C61884373
:10252000009908432168C8602068406920F4407021
:10253000A16908432168486176492068884203D030
:1025400075492068884203D1FFF75CFA814602E0B2
:10255000FFF748FA8146E069B0F5004F6CD10220E0
:102560006168A0FB015003461920A9FB00700146D9
:102570002A463846FDF724FE6421B0FBF1F04FEA0D
:10258000001A02206168A0FB01510B461920A9FB2B
:1025900000712A463846FDF713FE83460220616823
:1025A000A0FB015003461920A9FB00712A463846BA
:1025B000FDF706FE6421B0FBF1F000EBC00101EB7A
:1025C0000010ABEB8000322101EBC0006421B0FBB6
:1025D000F1F000F0F8000AEB400A02206168A0FB6D
:1025E000015003461920A9FB007001462A463846CF
:1025F000FDF7E6FD834602206168A0FB015003461B
:102600001920A9FB00712A463846FDF7D9FD64213F
:10261000B0FBF1F000EBC00101EB0010ABEB800070
:10262000322101EBC0006421B0FBF1F000F00700A3
:102630005044216888606AE004206168A0FB015072
:1026400003461920A9FB007001462A463846FDF7CB
:10265000B7FD824604206168A0FB015003461920A3
:10266000A9FB007001462A463846FDF7A9FD642102
:10267000B0FBF1F000EBC00101EB0010AAEB800011
:10268000322101EB00106421B0FBF1F000F0F00A00
:1026900004206168A0FB017003461920A9FB0051CA
:1026A0003A462846FDF78CFD6421B0FBF1F00AEBB9
:1026B000001A04206168A0FB01510B461920A9FBF8
:1026C00000712A463846FDF77BFD83460420616889
:1026D000A0FB015003461920A9FB007001462A46C1
:1026E0003846FDF76DFD6421B0FBF1F000EBC00151
:1026F00001EB0010ABEB8000322101EB00106421F4
:10270000B0FBF1F000F00F00504421688860BDE894
:10271000F88F000000100140001401402DE9F04145
:1027200004460D4617469846069E34E0701C88B352
:102730002EB1FEF7ABFFA0EB0800B0422BD900BFD3
:1027400000BF21680C3151E8001F21F4D0702168CE
:102750000C3141E80002002AF3D100BF00BF00BFE6
:102760002168143151E8001F21F001002168143163
:1027700041E80002002AF3D100BF202084F83D0088
:1027800084F83E0000BF002084F83C0000BF032016
:10279000BDE8F081FFE7206800682840A84201D129
:1027A000012000E00020B842C0D00020F0E700BFC8
:1027B000FEE70000F8B5002635493648FFF766FD0C
:1027C0000AF002F80546002D32D033A000F0CEF812
:1027D00000203549087040F2D2423449284607F0BB
:1027E0006DFE0446002C21D131A000F0BFF8FF217E
:1027F000284609F06FFE07463149384607F09FFD2D
:1028000030A000F0B3F83348407A00903148037AA2
:10281000C279817930A000F0A9F840F2D24135A008
:1028200000F0A4F838A000F0A1F802E0012600E0D2
:1028300001262AE0424803F0E3FA07F049FB154875
:10284000FFF735FD00211348FFF729FD48B13DA0F2
:1028500000F08CF828460CF0B9FE01210D48FFF776
:102860001EFD11480078012809D100200E4908708A
:102870000021284608F0FAF938A000F077F830482F
:10288000FEF72EFA2E48FDF759FD002ED2D0F8BDE6
:10289000090D00080000002020B4B4BDA8D0C25427
:1028A0004350B3C9B9A60A0044000020741B0108B4
:1028B00020544350B0F3B6A8B3C9B9A60A0000002B
:1028C000A5AB000820BDF8C8EBBCE0CCFDD7B4CC6C
:1028D000AC0A00000035002020B7FECEF1C6F7207C
:1028E0004950A3BA20202025642025642025642097
:1028F00025640A0020B7FECEF1C6F720706F72740F
:10290000A3BA25640A00000020C7EBC5E4D6C3B40F
:10291000AEBFDACDF8C2E7D6FACAD6B6CBCEAA6336
:102920006C69656E74A3ACB8F9BEDD4950D2D4BCF5
:10293000B0506F7274B5E3BBF7C1ACBDD30A0000F1
:102940001C0100206B657931BCFCB0B4CFC2A3ACD4
:10295000B7A2CBCDCAFDBEDD0A000000B6CFBFAA2C
:10296000746370C1B4BDD30A000000000FB4054BFE
:1029700010B503A9044A029800F048F810BC5DF8AD
:1029800014FB0000295E0008180100200FB4084B5A
:1029900010B504A902AA039800F038F8044602A969
:1029A000002000F093F9204610BC5DF814FB0000F5
:1029B000CD2C000802480068C0F3022070470000D8
:1029C0000CED00E010B5002804DB0A07130E054AE1
:1029D000135406E00A07140E034A00F00F031B1FEE
:1029E000D45410BD00E400E018ED00E002E008C897
:1029F000121F08C1002AFAD170477047002001E079
:102A000001C1121F002AFBD1704700002DE9FF4FC2
:102A10008DB09B460F460446002606E025280BD0C5
:102A20005A460F999047641C761C20780028F5D1EF
:102A300011B03046BDE8F08F0025A8460122984924
:102A400000E0054314F8013F203B02FA03F008427E
:102A5000F7D120782E2817D114F8010F45F004057E
:102A60002A280ED06FF02F022078A0F1300109291A
:102A70000AD808EB880102EB410100EB0108641C55
:102A8000F2E757F8048B641C20786C280DD004DC26
:102A90004C2812D06A2811D104E074280DD07A286D
:102AA0000CD10AE045F4001507E0617845F4801583
:102AB000814202D1641C05F58015641C2278692AC4
:102AC00045D008DC002AB3D0582A69D0632A10D038
:102AD000642A08D13BE0702A67D0732A13D0752A84
:102AE0005CD0782A5CD010465A460F999047761CE5
:102AF000D3E017F8040B8DF8000000208DF80100DA
:102B0000E946012003E057F8049B4FF0FF306907C6
:102B10004FF0000501D40AE06D1C45450DDA8542F1
:102B2000FADB19F805100029F6D106E06D1C854284
:102B3000FCDB19F805100029F8D12E4404E019F83F
:102B4000010B5A460F9990476D1EF8D2A5E00A2056
:102B50000021CDE90801C5F3025002280DD001CFB4
:102B6000C117031E71F100030DDA4FF0000CD0EB1A
:102B70000C006CEB01012D2308E0FF1D27F0070777
:102B8000F7E80201EDE72B0504D52B238DF828305B
:102B900001233BE0EB0739D02023F7E70A2000E0D0
:102BA00010200021CDE9080107E01020002145F0A8
:102BB0000405CDE908014FF00808C5F302500228CA
:102BC0000FD001CF00214FF0000A2B071FD5702A2C
:102BD0000DD0DDE908C38CF0100C5CEA030C0CD0BE
:102BE00015E0FF1D27F00707F7E80201EBE7402299
:102BF0008DF828204FF0010A0BE050EA010306D0BF
:102C000030238DF828308DF8292002239A46582A3F
:102C100004D024A20DF120090B9209E026A2F9E7C5
:102C2000DDE90823FDF7CCFA0B9B9B5C09F8013D1D
:102C300050EA0102F4D1ADEB09002030089068079A
:102C400001D44FF001080899884502DDA8EB010086
:102C500000E000208046002506E00AA85A46405DB4
:102C60000F9990476D1C761C5545F6DB04E030202B
:102C70005A460F999047761CB8F10001A8F1010857
:102C8000F5DC05E019F8010B5A460F999047761CC0
:102C90000899481E08900029F4DC641CC5E6000071
:102CA0000928010030313233343536373839616222
:102CB00063646566000000003031323334353637E6
:102CC0003839414243444546000000000A68531C1D
:102CD0000B6010707047000070B505460E4600BFCF
:102CE000002D09D100BF0CA340F28B3218A11CA00B
:102CF000FFF73CFE00BF70BD00BF6C6A4CB160794D
:102D0000082806D13068E169884202D1284600F0DF
:102D1000E3FA00BFEFE700002E2E5C4D6964646C9F
:102D20006577617265735C54686972645F50617243
:102D300074795C4C7749505C7372635C636F726545
:102D40005C697076345C646863702E630000000018
:102D50006E6574696620213D204E554C4C00000084
:102D6000417373657274696F6E2022257322206629
:102D700061696C6564206174206C696E65202564EE
:102D800020696E2025730A007CB5064600BF002E20
:102D900009D100BF46A340F2154253A159A0FFF745
:102DA000E5FD00BF7CBD00BF746A00BF002C09D1E7
:102DB00000BF3FA340F217425CA152A0FFF7D6FD2F
:102DC00000BFEFE700BF00206082A06A401C70B126
:102DD000A06A1E303C21B0FBF1F5B5F5803F01D370
:102DE0004FF6FF75A582A08A08B90120A082E06A8B
:102DF000401C80B1E06A1E303C21B0FBF1F5B5F516
:102E0000803F01D34FF6FF756581608908B90120C5
:102E100060816089E081206B401C80B1206B1E3096
:102E20003C21B0FBF1F5B5F5803F01D34FF6FF75BE
:102E3000A581A08908B90120A081A089208260898C
:102E4000A189884204DBA089002801DD002060817F
:102E5000E07910B1206A01900FE0207F7F2802DC2A
:102E6000FF21019108E0C02803DB6FF07F41019151
:102E700002E04FF6FF71019100BF606A0090009878
:102E800048B900BFE06901990840009000BF009870
:102E900040F0807000900A21204601F049FC6B460A
:102EA00001AA04F11C01304605F0C2FC00BF79E71D
:102EB0002E2E5C4D6964646C6577617265735C5439
:102EC000686972645F50617274795C4C7749505CD8
:102ED0007372635C636F72655C697076345C64689E
:102EE00063702E6300000000646863705F62696E47
:102EF000643A206E6574696620213D204E554C4C25
:102F000000000000417373657274696F6E202225A2
:102F10007322206661696C6564206174206C696E3F
:102F20006520256420696E2025730A00646863703B
:102F30005F62696E643A206468637020213D204EB0
:102F4000554C4C002DE9F04105466C6A082120469D
:102F500001F0EEFB002204F11C01284602F00AFAFF
:102F60000746A079FF2802DAA079401CA0714FF42F
:102F7000FA7606F2F310314690FBF1F02081BDE8BD
:102F8000F081000070B51848056829E06C6A34B318
:102F9000607920B3A08A68B1608A401C80B26082E8
:102FA000A18A884206D1284601F0D0F9284601F0CE
:102FB000C7FB14E0208A40B1218A481E20820129E3
:102FC00003D1284601F0A3FC09E0E08938B1E1898A
:102FD000481EE081012902D1284601F077FC2D68C6
:102FE000002DD3D170BD0000AC0000202DE9F05FB2
:102FF00007460D4616469A4600BF002F0BD100BF6C
:1030000048A340F2697255A15CA0FFF7AFFC00BF76
:103010000020BDE8F09F00BF00BF002D0AD100BF17
:1030200040A340F26A725FA154A0FFF79FFC00BF6B
:103030000020EEE700BF4FF420724FF49A71362063
:1030400005F048FE8146B9F1000F01D10020E0E70C
:1030500000BFB9F80A00B0F59A7F08D200BF31A3CB
:1030600040F2717257A145A0FFF780FC00BF00BF7E
:10307000032E02D16879032808D1A87918B9FDF781
:10308000D1F8604908605F4800682860D9F80440BA
:103090004FF49A712046FDF7FEF801202070607011
:1030A00097F83000A070286804F0A4FB6060082E38
:1030B0000BD0042E09D0072E07D0032E07D1687934
:1030C000052802D06879042801D17868E0604FF0C3
:1030D00000080BE007F12A0010F8081004F11C00AA
:1030E00000F8081008F101001FFA80F8B8F1060F87
:1030F000F0D34548C4F8EC000123352204F1F00177
:10310000002000F041FB8346324604F1F0015846AE
:1031100000F08CFB8346BAF1000F01D0AAF800B092
:10312000484676E72E2E5C4D6964646C6577617263
:1031300065735C54686972645F50617274795C4C49
:103140007749505C7372635C636F72655C6970761B
:10315000345C646863702E63000000006468637010
:103160005F6372656174655F6D73673A206E657445
:10317000696620213D204E554C4C0000417373651B
:103180007274696F6E2022257322206661696C65F6
:1031900064206174206C696E6520256420696E204E
:1031A00025730A00646863705F6372656174655FAC
:1031B0006D73673A206468637020213D204E554C42
:1031C0004C000000646863705F6372656174655FE2
:1031D0006D73673A20636865636B2074686174205F
:1031E000666972737420706275662063616E206810
:1031F0006F6C642073747275637420646863705FAD
:103200006D7367006C0000206382536310B500BFCC
:103210000E480078002807DC00BF0DA3FF221AA18A
:1032200022A0FFF7A3FB00BF00BF08480078401EA4
:10323000064908700846007830B9264800680EF044
:10324000F7F900202349086010BD00006800002045
:103250002E2E5C4D6964646C6577617265735C5495
:10326000686972645F50617274795C4C7749505C34
:103270007372635C636F72655C697076345C6468FA
:1032800063702E6300000000646863705F706362A7
:103290005F726566636F756E7428293A2072656681
:1032A000636F756E74206572726F7200417373651F
:1032B0007274696F6E2022257322206661696C65C5
:1032C00064206174206C696E6520256420696E201D
:1032D00025730A00640000202DE9FE4F0646746A3B
:1032E0000C21204601F024FA02AB0422214630468C
:1032F000FFF77CFE054665B3D5F80480042332222F
:1033000008F1F001BDF8080000F03EFA0290E06913
:1033100004F070FA8246524608F1F001BDF8080048
:1033200000F0E8FA02902A4608F1F001BDF8080022
:1033300000F0C4FB11484323114A2946CDE900603F
:10334000104800680EF0AAFA0746284606F060F911
:1033500001E04FF0FF37A079FF2802DAA079401C86
:10336000A07142F2107909F2F3104FF4FA7190FB58
:10337000F1F020813846BDE8FE8F0000741B010883
:10338000781B0108640000202DE9FE4F07467C6A87
:103390004FF0000A0020E0610621204601F0C8F944
:1033A00002AB012221463846FFF720FE0546002DDC
:1033B00042D06E680223392206F1F001BDF8080000
:1033C00000F0E2F902903A8D06F1F001BDF8080034
:1033D00000F008FB02900323372206F1F001BDF84C
:1033E000080000F0D1F90290D0460DE0224810F814
:1033F000082006F1F001BDF8080000F017FA02906D
:1034000008F1010000F0FF08B8F1030FEED32A46DF
:1034100006F1F001BDF8080000F050FB1748432307
:10342000174A2946CDE90070164800680EF036FAB2
:10343000284606F0EDF800BFA079FF2802DAA0794F
:10344000401CA071A079062803DAA17901208840E8
:1034500000E03C2000EB4001C1EBC0104FF6FF71D3
:1034600001EAC00909F2F3104FF4FA7190FBF1F090
:1034700020815046BDE8FE8F60000020741B0108CB
:10348000781B01086400002070B50C48056812E044
:103490006C6A7CB12089012803DD2089401E2081CF
:1034A00008E02089012805D12089401E2081284676
:1034B00001F051FA2D68002DEAD170BDAC0000205A
:1034C00070B505460E466C6A0020206260621A489C
:1034D000C07810B11948C068A0621748007918B1C7
:1034E00016480069E06202E0A06A4008E062124803
:1034F000407918B111484069206304E0A06AC0EB2C
:10350000C000C00820633069E0610B48807938B1A1
:103510000A49886904F06EF920620120E07101E037
:103520000020E0710448C07920B10449C86904F062
:1035300061F9606270BD000058000020BC350020B9
:1035400070B50446656A0C21284601F0F1F8054B78
:103550001A461146204605F06BF92046FFF714FF86
:1035600070BD0000741B010870B505460E466C6AFC
:103570000748807858B1002020810649886804F007
:1035800039F9A0613069E061284600F0BBFF70BDE9
:1035900058000020BC35002010B51E4800780028D7
:1035A00031D100BF1C480068002807D000BF1BA312
:1035B000E52228A131A0FFF7D9F900BF00BF0DF027
:1035C000AFFF154908600846006810B94FF0FF309A
:1035D00010BD11480068407A40F020000E4909688B
:1035E000487244222F490C4800680DF087FC4322A2
:1035F0002C49094800680DF013FD00222A490648AD
:1036000000680DF0C7FF03480078401C01490870AE
:103610000020DDE768000020640000202E2E5C4DB5
:103620006964646C6577617265735C54686972641F
:103630005F50617274795C4C7749505C7372635C63
:10364000636F72655C697076345C646863702E6366
:1036500000000000646863705F696E635F7063629E
:103660005F726566636F756E7428293A206D656DAB
:103670006F7279206C65616B0000000041737365A7
:103680007274696F6E2022257322206661696C65F1
:1036900064206174206C696E6520256420696E2049
:1036A00025730A00741B01082542000870B5054601
:1036B0006C6A04B970BD6079042809D003DC80B15C
:1036C00003280FD107E0052803D00A280AD101E01A
:1036D00000BF00BF00BF0020A071284600F016FD0B
:1036E00014E013E000BF60790C2808DD00BF09A3D7
:1036F00040F26D3215A11AA0FFF738F900BF00BFE4
:103700000020A0712846FFF73FFE00BF00BF00BFAA
:10371000D0E700002E2E5C4D6964646C65776172A1
:1037200065735C54686972645F50617274795C4C53
:103730007749505C7372635C636F72655C69707625
:10374000345C646863702E6300000000696E76610B
:103750006C696420646863702D3E737461746500E5
:10376000417373657274696F6E202225732220661F
:1037700061696C6564206174206C696E65202564E4
:1037800020696E2025730A002DE9F04104460D469C
:1037900017461E4600BFA01C3044442808D900BF6D
:1037A00009A340F29A52164916A0FFF7DFF800BFAE
:1037B00000BF2046611C8CB22F542046611C8CB285
:1037C0002E542046BDE8F0812E2E5C4D6964646C59
:1037D0006577617265735C54686972645F50617289
:1037E00074795C4C7749505C7372635C636F72658B
:1037F0005C697076345C646863702E63000000005E
:10380000B41C0108417373657274696F6E202225C0
:103810007322206661696C6564206174206C696E36
:103820006520256420696E2025730A0070B5044662
:103830000D46164600BF442C08D300BF07A340F234
:10384000A65214A121A0FFF791F800BF00BF2046A7
:10385000611C8CB22E54204670BD00002E2E5C4D93
:103860006964646C6577617265735C5468697264DD
:103870005F50617274795C4C7749505C7372635C21
:10388000636F72655C697076345C646863702E6324
:1038900000000000646863705F6F7074696F6E5F32
:1038A000627974653A206F7074696F6E735F6F75BB
:1038B000745F6C656E203C20444843505F4F505409
:1038C000494F4E535F4C454E0000000041737365F5
:1038D0007274696F6E2022257322206661696C659F
:1038E00064206174206C696E6520256420696E20F7
:1038F00025730A0070B504460D46164600BF201D0C
:10390000442808D900BF10A340F2B7521CA12BA035
:10391000FFF72CF800BF00BF320E2046611C8CB2AE
:103920002A54C6F307422046611C8CB22A54C6F3BF
:1039300007222046611C8CB22A542046611C8CB29E
:103940002E54204670BD00002E2E5C4D6964646CC0
:103950006577617265735C54686972645F50617207
:1039600074795C4C7749505C7372635C636F726509
:103970005C697076345C646863702E6300000000DC
:10398000646863705F6F7074696F6E5F6C6F6E6791
:103990003A206F7074696F6E735F6F75745F6C65DA
:1039A0006E202B2034203C3D20444843505F4F5034
:1039B00054494F4E535F4C454E00000041737365B0
:1039C0007274696F6E2022257322206661696C65AE
:1039D00064206174206C696E6520256420696E2006
:1039E00025730A0070B504460D46164600BFA01C9C
:1039F000442808D900BF0AA340F2AE5216A125A060
:103A0000FEF7B4FF00BF00BF320A2046611C8CB233
:103A10002A542046611C8CB22E54204670BD0000F2
:103A20002E2E5C4D6964646C6577617265735C54BD
:103A3000686972645F50617274795C4C7749505C5C
:103A40007372635C636F72655C697076345C646822
:103A500063702E6300000000646863705F6F7074B1
:103A6000696F6E5F73686F72743A206F7074696FFC
:103A70006E735F6F75745F6C656E202B2032203C17
:103A80003D20444843505F4F5054494F4E535F4C84
:103A9000454E0000417373657274696F6E20222574
:103AA0007322206661696C6564206174206C696EA4
:103AB0006520256420696E2025730A0070B50446D0
:103AC0000D461646FF222046611C8CB22A5404E0A3
:103AD00000222046611C8CB22A54442C02D304F0EC
:103AE000030008B1442CF3D304F1F00081B2304656
:103AF00005F09AFE70BD00002DE9F04F8BB08146B5
:103B0000002007900690F748002101604160B9F855
:103B10000A002C2803D2881E0BB0BDE8F08FD9F81C
:103B2000040005904FF0F00AB9F80800089000BFB3
:103B30004C460AE06089AAEB00001FFA80FA61890E
:103B40000898401A80B20890246814B160895045E2
:103B5000F0DD14B96FF00100DEE7554608980990D2
:103B600060680A90A0E10A98405D049000274FF039
:103B7000FF38A81C1FFA80FBAB4501DAB81ECBE763
:103B80006189681C814203DD691C0A98465C07E074
:103B9000206818B120684068007800E000200646E0
:103BA0003746049834284FD007DC78B1012811D06B
:103BB000032822D033287AD133E0352868D036283C
:103BC0007CD03A2875D03B28F5D19DE000200646F0
:103BD0000746B0E000BF042E0BD000BFC2A340F2E6
:103BE0002E62CFA1D1A0FEF7C1FE00BF6FF005008D
:103BF00092E700BF4FF006089DE0042700BFBE42D9
:103C00000BDA00BFB8A340F23362D2A1C7A0FEF71F
:103C1000ADFE00BF6FF005007EE700BF4FF0070864
:103C200089E000BF042E0BD000BFAFA340F2416279
:103C3000BBA1BEA0FEF79AFE00BF6FF005006BE7C8
:103C400000BF4FF0030876E000BF012E0BD000BF8D
:103C5000A5A340F24F62C4A1B4A0FEF787FE00BF47
:103C60006FF0050058E700BF00BFBAF1F00F0BD0AE
:103C700000BF9DA340F25162BEA1ACA0FEF776FE4C
:103C800000BF6FF0050047E700BF4FF0000852E0AB
:103C900000BF012E0ED000BF93A340F25562B2A127
:103CA000A2A0FEF763FE00BF6FF0050034E73EE020
:103CB00004E016E000BF4FF001083CE000BF042E16
:103CC0000BD000BF88A340F2596295A197A0FEF7E0
:103CD0004DFE00BF6FF005001EE700BF4FF0020869
:103CE00029E000BF042E0BD000BF7FA340F25D622D
:103CF0008BA18EA0FEF73AFE00BF6FF005000BE728
:103D000000BF4FF0040816E000BF042E0BD000BF28
:103D100075A340F2616282A184A0FEF727FE00BF76
:103D20006FF00500F8E600BF4FF0050803E000273C
:103D300000BF00BF00BF00BF049810B9681C85B267
:103D40008DE0A819801CB0F5803F02DB6FF0010008
:103D5000E2E6A819801C85B2002FF1DD0020039057
:103D600000BF00BFB8F1000F02DBB8F1080F08DB9D
:103D700000BF5DA34FF4CF6284A16CA0FEF7F6FDF7
:103D800000BF00BF574810F80800002866D1042F74
:103D900001DA384600E0042002905B4603A9204681
:103DA000029A05F095FB01460298814202D06FF01D
:103DB0000100B1E6042F2FDD00BFF91707EB917169
:103DC0008910A7EB810159B100BF47A340F281627E
:103DD00073A156A0FEF7CAFD00BF6FF005009BE679
:103DE00000BF01203F4901F80800039803F002FDDD
:103DF000714941F82800381FC7B20BF1040080B2A6
:103E000001900198584502DA6FF0010084E6DDF870
:103E100004B008F10108A4E7042F04D1039803F0CB
:103E2000E9FC039012E000BF012F0BD000BF2EA3CE
:103E30004FF4D26261A13DA0FEF798FD00BF6FF084
:103E4000050069E600BF9DF80C000390012025499C
:103E500001F808005849039841F8280000BF60891C
:103E6000A84220DC6089281A85B261890998401A25
:103E700080B209900998854212DA246800BF5CB9C3
:103E800000BF19A340F29D6251A128A0FEF76EFD6C
:103E900000BF6FF005003FE600BF60680A9002E0D7
:103EA0006FF0010038E600BF3CB10998854204DAA2
:103EB0000A98405DFF287FF456AE0A48007870B13A
:103EC0003D4908680021074A1170012802D10121EB
:103ED00007918CE0022803D10121069187E087E059
:103EE00080E00000580000202E2E5C4D6964646C58
:103EF0006577617265735C54686972645F50617262
:103F000074795C4C7749505C7372635C636F726563
:103F10005C697076345C646863702E630000000036
:103F20006C656E203D3D20340000000041737365D8
:103F30007274696F6E2022257322206661696C6538
:103F400064206174206C696E6520256420696E2090
:103F500025730A006C656E203E3D206465636F64C6
:103F6000655F6C656E0000006C656E203D3D203124
:103F7000000000006F7665726C6F616420696E20CE
:103F800066696C652F736E616D65000063686563BB
:103F90006B206465636F64655F696478000000008E
:103FA0006465636F64655F6C656E20252520342031
:103FB0003D3D203000000000BC350020696E766178
:103FC0006C6964206465636F64655F6C656E000096
:103FD0006E657874207062756620776173206E75E7
:103FE0006C6C0000032802D101210691079100BFEB
:103FF000079830B1002007904FF06C0AEC20089031
:1040000096E5069830B1002006904FF02C0A6C20FF
:1040100008908DE500207FE52DE9FC4707467C6A86
:104020000421204600F084FB01AB032221463846E0
:10403000FEF7DCFF0546002D42D06E6802233922D0
:1040400006F1F001BDF80400FFF79EFB01903A8DE8
:1040500006F1F001BDF80400FFF7C4FC0190032352
:10406000372206F1F001BDF80400FFF78DFB019047
:104070004FF000080DE0224810F8082006F1F0018A
:10408000BDF80400FFF7D2FB019008F1010000F039
:10409000FF08B8F1030FEED32A4606F1F001BDF890
:1040A0000400FFF70BFD4323164A294616480097E4
:1040B00000680DF027FB8146284605F0A9FA01E0CB
:1040C0004FF0FF39A079FF2802DAA079401CA071D7
:1040D000A0790A2805DAA0794FF47A7110FB01F073
:1040E00001E042F210701FFA80FA0AF2F3104FF466
:1040F000FA7190FBF1F020814846BDE8FC87000092
:1041000060000020781B0108640000202DE9FC5F9E
:104110008046D8F824400321204600F009FB01AB7B
:10412000032221464046FEF761FF0646002E54D08A
:1041300075680223392205F1F001BDF80400FFF78C
:1041400023FB01904FF4107205F1F001BDF804005B
:10415000FFF748FC01900423322205F1F001BDF87D
:104160000400FFF711FB0190E06903F043FB834675
:104170005A4605F1F001BDF80400FFF7BBFB0190C2
:104180000323372205F1F001BDF80400FFF7FCFA24
:10419000019000270AE02048C25D05F1F001BDF85A
:1041A0000400FFF743FB0190781CC7B2032FF2D342
:1041B000324605F1F001BDF80400FFF77FFC432310
:1041C000164A31461648CDF8008000680DF09AFA7C
:1041D0008146304605F01CFA01E04FF0FF39A07926
:1041E000FF2802DAA079401CA071A0790A2805DA1C
:1041F000A0794FF47A7110FB01F001E042F21070E7
:104200001FFA80FA0AF2F3104FF4FA7190FBF1F002
:1042100020814846BDE8FC9F60000020781B010813
:10422000640000202DE9F05F1646DDF828B0444810
:1042300047687C6AD6F804900CB1207900B97AE01E
:1042400000BF00BF70892C2800DA74E099F80000E4
:10425000022800D06FE000250AE007F12A00415D46
:1042600009F11C00405D814200D064E0681CC5B2C9
:1042700097F83000A84201DD062DEED3D9F80400EE
:1042800003F0B8FA2168884200D054E02146304655
:10429000FFF732FC00B14EE02A48407800B94AE00E
:1042A000D6F804A0284890F80480B8F1050F24D16E
:1042B0006079012810D151463846FFF701F997F887
:1042C000310000F0080018B13846FEF73BFE31E03F
:1042D0003846FEF759FD2DE06079032805D0607956
:1042E000042802D06079052824D151463846FFF7CA
:1042F000E7F83846FEF748FD1CE0B8F1060F0FD18D
:104300006079032808D06079012805D060790428F5
:1043100002D06079052803D13846FFF711F909E08A
:10432000B8F1020F06D16079062803D1514638460C
:10433000FFF71AF900BF304605F06AF9BDE8F09FB3
:10434000DC36002058000020BC3500202DE9FE435B
:104350000646746A0CB9BDE8FE83607900B9FAE7D5
:10436000A06902900020A061E06120626062206389
:10437000E062A062A08260822082E081304600F08C
:1043800091FA88B301AB072221463046FEF72EFE94
:10439000054645B36F680423362207F1F001BDF8E6
:1043A0000400FFF7F1F90190029803F023FA804628
:1043B000424607F1F001BDF80400FFF79BFA0190B7
:1043C0002A4607F1F001BDF80400FFF777FB43230D
:1043D00002AA29460D48009600680DF093F9284678
:1043E00005F016F900BF00BF094B1A4611463046CA
:1043F00004F01EFA0021204600F09AF9207918B145
:10440000FEF704FF0020207100BFA4E76400002035
:10441000741B01082DE9FC4707467C6A05212046EC
:1044200000F086F901AB032221463846FEF7DEFD97
:104430000546002D43D06E680223392206F1F001B3
:10444000BDF80400FFF7A0F901903A8D06F1F001E4
:10445000BDF80400FFF7C6FA01900323372206F1E6
:10446000F001BDF80400FFF78FF901904FF000084C
:104470000DE0224810F8082006F1F001BDF8040014
:10448000FFF7D4F9019008F1010000F0FF08B8F13E
:10449000030FEED32A4606F1F001BDF80400FFF742
:1044A0000DFB432304F118022946154800970068C4
:1044B0000DF028F98146284605F0AAF801E04FF0F2
:1044C000FF39A079FF2802DAA079401CA071A079F9
:1044D0000A2805DAA0794FF4FA6110FB01F001E037
:1044E00044F620601FFA80FA0AF2F3104FF4FA71D2
:1044F00090FBF1F020814846BDE8FC876000002079
:10450000640000202DE9FE4F074600BF002F0CD1AC
:1045100000BF5DA340F2771269A170A0FEF726FAF2
:1045200000BF6FF00F00BDE8FE8F00BF7C6A00BFC8
:10453000002C0AD100BF54A340F2791271A167A0E8
:10454000FEF714FA00BFA01FEDE700BF01212046CF
:1045500000F0EEF802AB032221463846FEF746FD96
:104560000646002E6ED075680223392205F1F0014F
:10457000BDF80800FFF708F902903A8D05F1F00147
:10458000BDF80800FFF72EFA02900423322205F14D
:10459000F001BDF80800FFF7F7F80290E06903F0BA
:1045A00029F983465A4605F1F001BDF80800FFF7E6
:1045B000A1F902900423362205F1F001BDF80800AC
:1045C000FFF7E2F80290A06903F014F983465A4617
:1045D00005F1F001BDF80800FFF78CF90290032304
:1045E000372205F1F001BDF80800FFF7CDF8029081
:1045F0004FF000080DE04A4810F8082005F1F001DE
:10460000BDF80800FFF712F9029008F1010000F070
:10461000FF08B8F1030FEED3324605F1F001BDF803
:104620000800FFF74BFA3F4843233F4A3146CDE9A4
:1046300000703E4800680DF031F98146304604F0C4
:10464000E7FF01E04FF0FF39A079FF2802DAA079F7
:10465000401CA071A079062803DAA17901208840C6
:1046600000E03C2000EB4001C1EBC0104FF6FF71B1
:1046700001EAC00A0AF2F3104FF4FA7190FBF1F06C
:10468000208148464FE700002E2E5C4D6964646C23
:104690006577617265735C54686972645F506172BA
:1046A00074795C4C7749505C7372635C636F7265BC
:1046B0005C697076345C646863702E63000000008F
:1046C000646863705F73656C6563743A206E6574CB
:1046D000696620213D204E554C4C000041737365A6
:1046E0007274696F6E2022257322206661696C6581
:1046F00064206174206C696E6520256420696E20D9
:1047000025730A00646863705F73656C6563743A4F
:10471000206468637020213D204E554C4C00000001
:1047200060000020741B0108781B01086400002051
:1047300042798A4203D0417100228271028170471E
:1047400070B5044600BF002C0BD100BF2DA340F272
:10475000E7223AA13DA0FEF709F900BF6FF00F0074
:1047600070BD00BF00BF94F8310000F001000028C8
:104770000BD100BF23A34FF43A723EA133A0FEF742
:10478000F5F800BF6FF00F00EAE700BF656A208D03
:10479000B0F5107F02DA4FF0FF30E1E74DB9342079
:1047A00003F01CFA054615B94FF0FF30D8E76562F3
:1047B00003E0287908B1FEF729FD34212846FBF7EC
:1047C0006AFDFEF7E9FE10B14FF0FF30C8E70120A7
:1047D000287194F83100C0F3800028B902212846DE
:1047E000FFF7A6FF0020BBE72046FEF7CDFD0646FB
:1047F0002EB12046FFF7AAFD4FF0FF30B0E730465C
:10480000AEE700002E2E5C4D6964646C65776172C2
:1048100065735C54686972645F50617274795C4C52
:104820007749505C7372635C636F72655C69707624
:10483000345C646863702E63000000006E65746908
:104840006620213D204E554C4C000000417373659D
:104850007274696F6E2022257322206661696C650F
:1048600064206174206C696E6520256420696E2067
:1048700025730A006E65746966206973206E6F7413
:104880002075702C206F6C64207374796C652070B7
:104890006F72743F0000000010B504462046FFF719
:1048A00055FD10BD014679B1486A68B14A6A507930
:1048B0000A2805D05079052802D05079042801D162
:1048C000012070470020FCE70020FAE770B505469C
:1048D0006C6A6079012805D060790A2802D0607975
:1048E000052813D12846FFF795FDA189628A881A09
:1048F00000EBD0710122B2EB610F07DCA189628A63
:10490000881A00EBD071C1F34F01E18170BD70B521
:1049100005466C6A6079012808D060790A2805D0BC
:104920006079052802D06079042813D12846FFF762
:1049300073FBA18A628A881A00EBD0710122B2EB64
:10494000610F07DCA18A628A881A00EBD071C1F37B
:104950004F01218270BD70B505466C6A60790C28E4
:1049600002D06079062803D12846FEF70DFD2BE022
:10497000607901280DD1A079052803DC2846FFF7CE
:10498000C1FD21E02846FFF7E1FC2846FFF7D8FEED
:104990001AE0607908280AD1A079012803DC2846AA
:1049A000FEF7D0FA10E02846FEF7EEF90CE0607949
:1049B000032809D1A079022803DA2846FFF7A6FBCD
:1049C00002E02846FEF7E0FC70BD000070B504462A
:1049D0000D4600BF05F00300002808D000BF08A363
:1049E0004FF4B67212A11AA0FDF7C0FF00BF00BFBE
:1049F0002E46A06800683060A068066070BD0000A8
:104A00002E2E5C4D6964646C6577617265735C54CD
:104A1000686972645F50617274795C4C7749505C6C
:104A20007372635C636F72655C6D656D702E63009D
:104A30006D656D705F667265653A206D656D20709D
:104A4000726F7065726C7920616C69676E65640065
:104A5000417373657274696F6E202225732220661C
:104A600061696C6564206174206C696E65202564E1
:104A700020696E2025730A0070B50546A868046891
:104A8000002C13D02068A968086000BF04F0030060
:104A9000002808D000BF06A34FF48C7210A119A003
:104AA000FDF764FF00BF00BF204670BD0020FCE79B
:104AB0002E2E5C4D6964646C6577617265735C541D
:104AC000686972645F50617274795C4C7749505CBC
:104AD0007372635C636F72655C6D656D702E6300ED
:104AE0006D656D705F6D616C6C6F633A206D656DA7
:104AF000702070726F7065726C7920616C69676E7E
:104B000065640000417373657274696F6E202225BD
:104B10007322206661696C6564206174206C696E23
:104B20006520256420696E2025730A0070B505464E
:104B3000002411E004EB4400094901EBC000067DAC
:104B40004EB104EB440001EBC0008068A84202D1E2
:104B5000204600F087F9641C0A2CEBDB70BD0000D6
:104B6000DC3500202DE9FF5F0646894617464FF0E9
:104B70000A0AD346D04600240A200390002002905F
:104B80000190009000BF73E004EB4400764901EB14
:104B9000C000057DB8F10A0F02D10DB9A04665E04D
:104BA000002D63D000BF012D0AD0022D08DA00BF0E
:104BB0006EA340F223127BA18AA0FDF7D7FE00BFAF
:104BC00000BFAEB104EB4401674A02EBC10130689B
:104BD000496888420CD13FB104EB4400114601EB17
:104BE000C0008068B84203D1204604B0BDE8F09F01
:104BF000012D28D104EB44005B4951F8300080B10D
:104C000004EB440001EBC000418A029881422DDB95
:104C1000039404EB4400544901EBC000408A029025
:104C200024E004EB4400504901EBC000418A0198A4
:104C300081421BDBA24604EB44004B4901EBC00060
:104C4000408A019012E0022D10DB04EB440046493B
:104C500001EBC000418A0098814207DBA34604EBC8
:104C60004400414901EBC000408A0090601C04B23E
:104C70000A2C89DB09F0020028B9B8F10A0F05D126
:104C800009F0010010B94FF0FF30AEE7B8F10A0F9C
:104C900001DA444631E0BBF10A0F11DA5C4600BF8D
:104CA00004EB4400304951F8300040B100BF2FA35D
:104CB00040F26D1255A14BA0FDF758FE00BF0CE06D
:104CC000BAF10A0F01DA544607E003980A2801DA1C
:104CD000039C02E04FF0FF3087E700BF0A2C08DB9F
:104CE00000BF22A340F27F124EA13EA0FDF73EFE80
:104CF00000BF00BF204600F0B5F800BF0A2C08DB5B
:104D000000BF1AA340F2831246A136A0FDF72EFE83
:104D100000BF00BF00BF04EB4400134901EBC0001B
:104D2000007D40B100BF11A34FF4C27242A12DA07B
:104D3000FDF71CFE00BF00BF36B104EB44010A4A78
:104D400002EBC10130684860002004EB4401064AD0
:104D500002EBC101488204EB4400114601EBC000A4
:104D60008760204641E70000DC3500202E2E5C4D98
:104D70006964646C6577617265735C5468697264B8
:104D80005F50617274795C4C7749505C7372635CFC
:104D9000636F72655C697076345C657468617270AB
:104DA0002E6300007374617465203D3D20455448B6
:104DB0004152505F53544154455F50454E44494E13
:104DC00047207C7C207374617465203E3D204554EF
:104DD000484152505F53544154455F535441424CF3
:104DE00045000000417373657274696F6E2022255F
:104DF0007322206661696C6564206174206C696E41
:104E00006520256420696E2025730A006172705F39
:104E10007461626C655B695D2E71203D3D204E556D
:104E20004C4C000069203C204152505F5441424CA0
:104E3000455F53495A4500006172705F7461626C4E
:104E4000655B695D2E7374617465203D3D2045543A
:104E5000484152505F53544154455F454D50545959
:104E60000000000010B5044604EB44000C4951F862
:104E7000300060B104EB4401094A52F8310004F0FB
:104E8000C7FB002004EB4401054A42F83100002032
:104E900004EB4401024A02EBC101087510BD000099
:104EA000DC350020F0B587B007460D4600BF002D69
:104EB0000AD100BF30A340F28A223DA140A0FDF7F5
:104EC00055FD00BF07B0F0BD00BF7C682088B0F57D
:104ED000807F08D12079062805D16079042802D185
:104EE0006088082803D0384604F092FBEAE7D4F83B
:104EF0000E000690A0690590686808B9002607E0D2
:104F000005986968884201D1012000E0002006462A
:104F10000EB1012000E00220034604F1080206A9B8
:104F2000284600F0CFFCE088B0F5807F03D0B0F5D4
:104F3000007F19D113E086B1022206AB04F108000C
:104F4000291DCDE90232CDE9001005F12A03024600
:104F50002631284600F060FB00E000BF05E006A90E
:104F60002846FDF7B9FE00E000BF00BF384604F058
:104F70004FFB00BFA6E700002E2E5C4D6964646CF9
:104F80006577617265735C54686972645F506172C1
:104F900074795C4C7749505C7372635C636F7265C3
:104FA0005C697076345C6574686172702E630000B1
:104FB0006E6574696620213D204E554C4C00000002
:104FC000417373657274696F6E20222573222066A7
:104FD00061696C6564206174206C696E652025646C
:104FE00020696E2025730A002DE9FE4304460F4612
:104FF0001546A94600BF002C08D100BF5DA340F2B2
:105000001E326AA16DA0FDF7B1FC00BF00BF00BF5A
:1050100047B900BF57A340F21F3272A167A0FDF746
:10502000A5FC00BF00BF00BF002D08D100BF51A3E9
:105030004FF448726EA161A0FDF798FC00BF00BF5D
:105040002146286801F00AF910B1DFF8B48186E042
:10505000287800F0F000E02816D101208DF8040037
:1050600000208DF805005E208DF80600687800F0BD
:105070007F008DF80700A8788DF80800E8788DF893
:1050800009000DF1040869E02868A1680840D4E926
:105090000112114088420ED0288880B24FF6A961D3
:1050A000884208D0E06810B104F10C0903E06FF009
:1050B0000300BDE8FE835348007800EB40005249EE
:1050C00001EBC000007D02281BDB4E48007800EB9E
:1050D000400001EBC0008068A04212D14949097824
:1050E00001EB4101484A02EBC101D9F800004968CF
:1050F000884206D1434802783946204600F086F8B7
:10510000D7E7002622E006EB46003F4901EBC0004E
:10511000007D022818DB06EB460001EBC00080682A
:10512000A04211D106EB4601374A02EBC101D9F882
:1051300000004968884207D1324806703246394635
:10514000204600F063F8B4E7701CC6B20A2EDADB22
:105150003A464946204600F00DF9AAE700BF4FF451
:105160000060434604F12A0239460090204600F0D0
:105170007DFD9EE72E2E5C4D6964646C65776172DF
:1051800065735C54686972645F50617274795C4CD9
:105190007749505C7372635C636F72655C697076AB
:1051A000345C6574686172702E6300006E657469AA
:1051B0006620213D204E554C4C0000004173736524
:1051C0007274696F6E2022257322206661696C6596
:1051D00064206174206C696E6520256420696E20EE
:1051E00025730A007120213D204E554C4C000000D3
:1051F00069706164647220213D204E554C4C000062
:105200007C1B010870000020DC350020F8B5054645
:105210000E46144600BF04EB4400314901EBC000C8
:10522000007D022808DA00BF2EA340F2EE223BA147
:1052300046A0FDF79BFB00BF00BF04EB44002849DC
:1052400001EBC000007D022839D104EB440001EBE2
:10525000C000408AB0F58E7F11DD04EB44000A46A1
:1052600002EBC000011D284600F09CFA38BB032069
:1052700004EB44011A4A02EBC10108751FE004EB7C
:105280004400174901EBC000408AB0F5877F16DB68
:1052900004EB44000B4603EBC00000F10C0204EBEE
:1052A000440003EBC000011D284600F087FA30B926
:1052B000032004EB44010A4A02EBC10108754FF4D4
:1052C0000060009004EB4400054901EBC00000F1D0
:1052D0000C0305F12A023146284600F0C7FCF8BD50
:1052E000DC3500202E2E5C4D6964646C657761723C
:1052F00065735C54686972645F50617274795C4C68
:105300007749505C7372635C636F72655C69707639
:10531000345C6574686172702E6300006172705F46
:105320007461626C655B6172705F6964785D2E7335
:1053300074617465203E3D204554484152505F538E
:10534000544154455F535441424C45004173736589
:105350007274696F6E2022257322206661696C6504
:1053600064206174206C696E6520256420696E205C
:1053700025730A002DE9FE4F81460F46164609F1B6
:105380002A0A4FF0FF300290002001904946386809
:1053900000F064FF38B9387800F0F000E02802D05F
:1053A0000FB1386818B96FF00F00BDE8FE8F4A469C
:1053B00001213846FFF7D6FB8046B8F1000F02DA2C
:1053C0004FFA88F0F1E700BFB8F17F0F08D300BFB4
:1053D0005FA340F2C1326CA16FA0FDF7C7FA00BF16
:1053E00000BF08F0FF0404EB4400754901EBC00066
:1053F000007D70B90120019004EB4401704A02EB7A
:10540000C101087504EB4400114601EBC000C0F86F
:10541000089000BF04EB4400694901EBC000007D27
:1054200001280FD004EB440001EBC000007D0228EE
:1054300008DA00BF46A340F2CD3262A156A0FDF7C4
:1054400095FA00BF00BF019800B93EB939464846F9
:1054500000F0A8F902900EB90298A6E700BF46B97D
:1054600000BF3BA340F2E13260A14BA0FDF77EFA02
:1054700000BF00BF04EB4400514901EBC000007DB8
:10548000022811DB5C4804704FF40060009004EBCC
:10549000440001EBC00000F10C035246314648467F
:1054A00000F0E4FB029050E004EB4400444901EBBF
:1054B000C000007D012848D14FF0000B354618E0B0
:1054C00000BF6889298988420AD1286840B100BF95
:1054D0001FA340F2F13249A12FA0FDF747FA00BF08
:1054E00000BF287B00F0400010B14FF0010B02E03C
:1054F0002D68002DE4D100BFBBF1000F07D032466C
:105500004FF420710E2003F077FE054603E0354688
:10551000284604F03DFAA5B104EB4400284951F8AF
:10552000300030B104EB4401254A52F8310004F058
:105530006FF804EB4400224941F8305000200290FB
:1055400002E04FF0FF30029000BF02982DE700000C
:105550002E2E5C4D6964646C6577617265735C5472
:10556000686972645F50617274795C4C7749505C11
:105570007372635C636F72655C697076345C6574CA
:10558000686172702E63000074797065206F7665B3
:1055900072666C6F77000000417373657274696F97
:1055A0006E2022257322206661696C656420617417
:1055B000206C696E6520256420696E2025730A00C1
:1055C000DC3500206172705F7461626C655B695DDF
:1055D0002E7374617465203D3D2050454E44494E04
:1055E00047206F7220535441424C45007120213DA9
:1055F000204E554C4C000000700000206E6F207053
:1056000061636B65742071756575657320616C6C81
:105610006F776564210000002DE9FC5F06460F46A8
:1056200090469946DDE90CAB0020019000BF002EAA
:1056300008D100BF31A340F257423EA141A0FDF77F
:1056400095F900BF00BF4FF420721C210E2003F01B
:1056500041FB05461DB94FF0FF30BDE8FC9F00BF80
:1056600068891C2808DA00BF24A340F262423FA1E7
:1056700034A0FDF77BF900BF00BF6C680F9802F003
:10568000C6F8E08000BF96F83000062808D000BFBA
:105690001AA340F2694242492AA0FDF767F900BF08
:1056A00000BFD9F80000A060B9F80400A081DBF8C1
:1056B0000000C4F81200BBF80400E082DAF8000031
:1056C000C4F80E000E980068A0614FF4807020802E
:1056D00008206080062020710420607140F60600DA
:1056E00043463A4629460090304600F0BFFA284625
:1056F00003F08EFF00250198AFE700002E2E5C4DD1
:105700006964646C6577617265735C54686972641E
:105710005F50617274795C4C7749505C7372635C62
:10572000636F72655C697076345C65746861727011
:105730002E6300006E6574696620213D204E554C35
:105740004C000000417373657274696F6E202225EE
:105750007322206661696C6564206174206C696ED7
:105760006520256420696E2025730A0063686563DF
:105770006B2074686174206669727374207062753E
:10578000662063616E20686F6C6420737472756349
:1057900074206574686172705F6864720000000054
:1057A000F81C010870B504460D46034A29462046F8
:1057B00000F004F870BD00007C1B01087FB50446B2
:1057C0000D4616460121074A201D04F12A038DE8E3
:1057D00025000391324619462046FFF71DFF04B00D
:1057E00070BD0000821B010870B5002464E004EB6A
:1057F0004400334901EBC000057D002D5BD004EB74
:10580000440001EBC000408A401C04EB44012C4AD8
:1058100002EBC101488204EB4400114601EBC000D9
:10582000408AB0F5967F0DDA04EB440001EBC0002E
:10583000007D01280AD104EB440001EBC000408A3E
:10584000052803DB2046FFF70DFB34E004EB4400A2
:105850001B4901EBC000007D032807D1042004EBA5
:105860004401174A02EBC101087524E004EB44002F
:10587000134901EBC000007D042807D1022004EB8E
:1058800044010F4A02EBC101087514E004EB440027
:105890000B4901EBC000007D01280CD104EB440250
:1058A0000B4603EBC202111D04EB440203EBC202E0
:1058B0009068FFF777FF641C0A2C98DB70BD00002E
:1058C000DC3500202DE9F84305460E46174698467C
:1058D00000BF95F83000062808D000BF2EA340F284
:1058E000A9123BA143A0FDF741F800BF00BF5EB184
:1058F000306848B12946306800F0B0FC20B93078F3
:1059000000F0F000E02803D16FF00F00BDE8F8834D
:105910002A4641463046FFF725F90446002C01DAB5
:1059200060B2F3E7022004EB44013C4A02EBC10100
:10593000087504EB4400114601EBC000856004EBE0
:10594000440001EBC0003968C160B98801820020C1
:1059500004EB440102EBC101488204EB4400114610
:1059600051F83000B0B104EB440051F83090002001
:1059700004EB440142F831004FF400603B4605F16E
:105980002A0249460090284600F070F9484603F084
:105990003FFE00BF0020B9E72E2E5C4D6964646CA9
:1059A0006577617265735C54686972645F50617297
:1059B00074795C4C7749505C7372635C636F726599
:1059C0005C697076345C6574686172702E63000087
:1059D0006E657469662D3E6877616464725F6C659C
:1059E0006E203D3D204554485F4857414444525F36
:1059F0004C454E00417373657274696F6E202225A9
:105A00007322206661696C6564206174206C696E24
:105A10006520256420696E2025730A00DC3500208E
:105A20002DE9F04104460E464FF00E0860890E281D
:105A300000DC4FE0E07B18B996F83400401CE073BE
:105A40006568AF89287800F00100B0B12878012896
:105A500009D1687888B9A8785E280ED1607B40F0BB
:105A60001000607309E006221D492846FAF725FC5C
:105A700018B9607B40F008006073082F03D0B7F5B9
:105A8000C16F22D110E096F8310000F0080000B993
:105A900020E04146204603F0C9FF00B11AE031463C
:105AA000204600F069FD11E096F8310000F0080092
:105AB00000B90FE04146204603F0B8FF00B109E00D
:105AC00031462046FFF7EEF900E003E000BF00207A
:105AD000BDE8F081204603F09BFD0020F8E70000C0
:105AE0007C1B01082DE9F0419AB00446642101A80D
:105AF000FAF7D1FB4FF0000800260027FBF794F8D7
:105B0000054694F83100C0F3800078B1012D0DD81E
:105B10002CA0FCF72BFF204602F0C0FE204602F02E
:105B200027FF2E492E4802F01FFF48E094F831006D
:105B3000C0F38000002842D1012D40D9022D06D0AB
:105B4000032D0AD0042D0ED0052D17D111E04FF4EE
:105B50000067FE004FF0010811E000274FF4804677
:105B60004FF001080BE04FF4006700264FF00108EA
:105B700005E0002700264FF0010800E000BF00BF4D
:105B8000B8F1000F1BD001A91648FBF7DFF8079703
:105B900006963246394614A0FCF7E8FE01A91148E2
:105BA000FBF768FB0F48FBF777FB204602F0B4FFDA
:105BB000204602F043FF0949094802F0D5FE1AB019
:105BC000BDE8F081B6CFBFAACDF8CFDFA3ACD0E857
:105BD000D6D8C1ACC1ACBDD30A000000FD5B000843
:105BE0001C010020183400206475706C65783D2518
:105BF000782073706565643D25780A0010B5044609
:105C000094F83100C0F3800048B108A0FCF7AEFE64
:105C100001200A4908700A48FEF792FD05E00520B8
:105C20000649087007A0FCF7A1FE10BDB3C9B9A6CC
:105C3000C1ACBDD3CDF8BFA80A0000002C000020E5
:105C40001C010020546865206E6574776F726B20AC
:105C50006361626C65206973206E6F7420636F6E80
:105C60006E6563746564200A000000002DE9F0474A
:105C700005460E4617469846DDF82090484601F046
:105C8000C6FD82460E21304602F0A6FF00B122E09A
:105C90007468A4F80CA0D8F800002060B8F80400DC
:105CA000A0803868C4F80600B888608100BF95F805
:105CB0003000062808D000BF08A34FF4997215A140
:105CC00021A0FCF753FE00BF00BF31462846AA6959
:105CD0009047BDE8F0876FF00100FAE72E2E5C4D8B
:105CE0006964646C6577617265735C546869726439
:105CF0005F50617274795C4C7749505C7372635C7D
:105D00006E657469665C65746865726E65742E6331
:105D1000000000006E657469662D3E6877616464FA
:105D2000725F6C656E206D7573742062652036201D
:105D3000666F722065746865726E65745F6F7574E6
:105D40007075742100000000417373657274696F8F
:105D50006E2022257322206661696C65642061745F
:105D6000206C696E6520256420696E2025730A0009
:105D700010B5044600BF44B900BF0CA340F2631243
:105D80000FA113A0FCF7F2FD00BF00BF732084F841
:105D90003200742133200155174860611748A06113
:105DA000204601F009FC002010BD00002E2E5C539F
:105DB00072635C65746865726E657469662E6300F3
:105DC0006E6574696620213D204E554C4C000000E4
:105DD000417373657274696F6E2022257322206689
:105DE00061696C6564206174206C696E652025644E
:105DF00020696E2025730A00E94F0008F576000837
:105E000070B50446002500BF204601F061FC054640
:105E10003DB1214628462269904710B1284603F03B
:105E2000F7FB002DF0D170BD13B50C464FF6FF7394
:105E3000012269460248FCF74BF900981CBD00009E
:105E40007835002070B505460C46224603212846C9
:105E500000F042F970BD00002DE9FF5F05468A465B
:105E6000694880680390039800780007860E142E16
:105E700000DAC0E06889042800D2BCE068680478D1
:105E800014B1082C73D100E0B0E0DFF87C9109F187
:105E900014095D48007D00F0F000E02800D1AEE07C
:105EA000594A1168506900F0D9F900B1A7E0288972
:105EB000082800D29FE0284600F0A5F920B1284626
:105EC00003F0A6FBBDE8FF9F06F10E01284602F095
:105ED00083FE002840D0288930441FFA80FB28899F
:105EE000584500DD8BE04FF4207259460E2002F039
:105EF000F1FE074607B982E0798906F10800814280
:105F000003D2384603F084FB79E03246786803997F
:105F1000FAF79AF93146384603F088FD00280DD08B
:105F200000BF00BF39A3B62246A154A0FCF71EFD56
:105F300000BF00BF384603F06BFB60E029463846DF
:105F400003F0B2F918B1384603F062FB57E0284677
:105F500003F05EFB3D4612E006F10E01284603F019
:105F600065FD60B100BF00BF28A3C72200E02BE0A1
:105F70004CA142A0FCF7FAFC00BF00BF3FE0D5F8FF
:105F800004803146284602F027FEE0B96F68D9F850
:105F90000000F8601C4800693861002088F80000A3
:105FA000A8F80200FF20387200207881012000212B
:105FB000FF230A46CDE9010A00914946284600F030
:105FC000D9FB834600BF11E0032C0ED00B2C0CD064
:105FD0000C2C0AD0042C08D0052C06D00D2C04D093
:105FE0000E2C02D0112C00D000BF00BF00BF2846ED
:105FF00003F00EFB66E7284603F00AFB62E728463B
:1060000003F006FB00BF5DE7DC3600202E2E5C4D62
:106010006964646C6577617265735C546869726405
:106020005F50617274795C4C7749505C7372635C49
:10603000636F72655C697076345C69636D702E6342
:106040000000000069636D705F696E7075743A20BE
:106050006D6F76696E6720722D3E7061796C6F612D
:106060006420746F2069636D702068656164657277
:10607000206661696C65640A000000004173736505
:106080007274696F6E2022257322206661696C65C7
:1060900064206174206C696E6520256420696E201F
:1060A00025730A0069636D705F696E7075743A20BC
:1060B000726573746F72696E67206F726967696E5B
:1060C000616C20702D3E7061796C6F616420666137
:1060D000696C65640A0000002DE9FF4707468846A1
:1060E00091464FF420722421222002F0F3FD054650
:1060F0000DB9BDE8FF8700BF6889242808D200BF1A
:1061000019A34FF4B47226A130A0FCF72FFC00BFF6
:1061100000BFD7F804A06C6884F8008084F8019070
:106120000020A080E08079686A6802F108001C22E3
:10613000FAF78AF8DAF80C00039003A800F082FD61
:1061400006465EB10020608001200021FF2303AAE3
:10615000CDE901060091284600F00CFB284603F02B
:1061600057FA00BFC5E700002E2E5C4D6964646CD1
:106170006577617265735C54686972645F506172BF
:1061800074795C4C7749505C7372635C636F7265C1
:106190005C697076345C69636D702E63000000008A
:1061A000636865636B2074686174206669727374D8
:1061B00020706275662063616E20686F6C64206970
:1061C000636D70206D6573736167650041737365FE
:1061D0007274696F6E2022257322206661696C6576
:1061E00064206174206C696E6520256420696E20CE
:1061F00025730A0070B505460C4622460B21284639
:10620000FFF76AFF70BDF0B506460027002435464B
:1062100019E06989686801F04FFB0444A0B200EB03
:106220001444688900EBD0714910A0EB410149B1D9
:106230000FB9012000E000200746E0B2C4F30721B7
:1062400041EA00242D68002DE3D127B1E0B2C4F368
:10625000072141EA0024E04380B2F0BD18B50246B0
:106260000092D04300B10AB9012018BD91F8310065
:1062700000F0020008B90020F7E74868904201D119
:106280000020F2E700988B681840D1E901342340E0
:10629000984208D1886822EA00008C68E34398425B
:1062A00001D10120E1E70020DFE700002DE9F74FF1
:1062B0008CB004460F464FF00008398DA1F1140050
:1062C000C11700EB5171C1F3CF0A1420059060682B
:1062D0000990DDF8249099F8000000F00F001421D7
:1062E000B1EB800F04D06FF005000FB0BDE8F08F68
:1062F00000BF608914280BDA00BF72A34FF43F720D
:106300007FA186A0FCF732FB00BF6FF00500ECE731
:1063100000BFB9F8060001F07AFA04900498C0F3BF
:106320000C000790049800F4005003902089143862
:106330001FFA80FBBDE04FF6FF7000EACA00584527
:1063400001DD584603E04FF6FF7000EACA000890EE
:106350004FF4207214210E2002F0BCFC054605B952
:10636000ADE000BF6889142808DA00BF55A34FF4D8
:10637000497274A169A0FCF7F9FA00BF00BF1422AA
:1063800068680999F9F760FFD5F8049008980A90B1
:1063900054E061890598081A80B2029000BF6189B3
:1063A0000598814208DA00BF46A340F22D326DA164
:1063B0005AA0FCF7DBFA00BF00BF02990A98884296
:1063C00001DA0A9800E002988046B8F1000F03D184
:1063D00000200590246831E000F0DCFC06461EB980
:1063E000284603F015F96AE06168059808443346C9
:1063F00041224146CDE90008002002F017FE0B9033
:106400000B9830B9304600F0CBFC284603F000F979
:1064100055E0204603F0BCFA7461564830612846C6
:106420000B9902F02DFE0A98A0EB080080B20A90AA
:106430000A9810B100200590246800BF0A9800282F
:10644000A7D10598404480B20590388D143858453E
:1064500001DB012000E0002006900798C0F30C004B
:106460000490069808B1039818B1049840F40050BD
:106470000490049801F0CBF9A9F8060008991431AA
:1064800088B201F0C4F9A9F802000020A9F80A00B6
:106490007B69294638460E9A9847284603F0B8F893
:1064A0000898ABEB00001FFA80FB0798504480B2BD
:1064B0000790BBF1000F7FF43EAF002015E74FF0CF
:1064C000FF3012E72E2E5C4D6964646C6577617253
:1064D00065735C54686972645F50617274795C4C76
:1064E0007749505C7372635C636F72655C69707648
:1064F000345C6970345F667261672E63000000006F
:106500006970345F6672616728293A207062756627
:1065100020746F6F2073686F72740000417373652D
:106520007274696F6E2022257322206661696C6522
:1065300064206174206C696E6520256420696E207A
:1065400025730A0074686973206E65656473206141
:10655000207062756620696E206F6E6520706965B7
:1065600063652100702D3E6C656E203E3D20706F8E
:1065700066660000F17400082DE9F04707460E46F4
:106580004FF0010A7D6828780421B1EB201F05D067
:10659000384603F03DF80020BDE8F0872878000772
:1065A0004FEA9068688801F032F981463989494597
:1065B00003DD4946384603F037F97889404505DB65
:1065C0003889484502DBB8F1140F04DA384603F085
:1065D0001FF80020E0E7286957494861E86808612A
:1065E0000846007D00F0F000E0280AD196F831005E
:1065F00000F0010018B1706808B134461CE00024B6
:106600001AE0304600F09CF808B1344614E000244B
:106610004948007D7F280FD04848046809E0B4420B
:1066200000D105E0204600F08BF800B103E000BF88
:106630002468002CF3D100BF64B9687A112809D10D
:1066400005EB08004188B1F5884F02D134464FF080
:10665000000A00BFBAF1000F13D03748006980B1BB
:10666000354908693146FFF7F9FD28B93248007C01
:1066700000F0F000E02804D1384602F0C9FF002005
:106680008AE724B9384602F0C3FF002084E7E8888F
:106690004FF63F71084038B1384600F055F90746CB
:1066A0000FB9002078E77D68234804604660856064
:1066B00028780007800E204988814146384603F03B
:1066C000B5F9687A01280DD0062806D011280ED118
:1066D000314638460AF04AFD22E03146384604F099
:1066E000EFFF1DE031463846FFF7B6FB18E01249D0
:1066F00048692146FFF7B2FD70B90F48007D00F0F0
:10670000F000E02808D00FFA88F1384603F062F86C
:1067100002213846FFF796FB384602F079FF00BFAA
:1067200000BF0020044908604860886088810861D3
:10673000486100BF30E70000DC360020AC000020DC
:1067400010B5044694F8310000F0010070B16068A3
:1067500060B1074840696168884205D004494869CA
:106760002146FFF77BFD08B1012010BD0020FCE7AA
:10677000DC3600202DE9FE4F07460C4615469846AC
:10678000DDE90C9A0E9EA34625B10CB1206808B92C
:1067900006F1040B43462A4659463846CDE9009A8D
:1067A000029600F003F8BDE8FE8F00002DE9F84FD7
:1067B00005460F4690469A46DDF828B00C9E00BF6D
:1067C000A87B012808D000BF37A34FF4557243A11E
:1067D00045A0FCF7CBF800BF00BFB8F1000F46D0D2
:1067E0004FF014091421284602F0F6F918B16FF0A1
:1067F0000100BDE8F88F6C6800BF6889142808D2D2
:1068000000BF29A34FF4627241A137A0FCF7AEF894
:1068100000BF00BF84F808A00B986072D8F8000091
:10682000206148464FEAE97109EB9171C1F3870194
:1068300041F04001217084F801B0288900F0E7FFA1
:1068400060800020E0803E48008800F0E0FFA080EB
:106850003B480088401C3A4908801FB93948006805
:10686000E06001E03868E0600020608109E068894C
:10687000142802DA6FF00100BBE76C682069009011
:10688000E846308D48B12889318D884205DD424681
:1068900031462846FFF70AFDABE742462946304617
:1068A00073699847A5E700002E2E5C4D6964646CFF
:1068B0006577617265735C54686972645F50617278
:1068C00074795C4C7749505C7372635C636F72657A
:1068D0005C697076345C6970342E6300702D3E7292
:1068E0006566203D3D203100417373657274696FA8
:1068F0006E2022257322206661696C6564206174B4
:10690000206C696E6520256420696E2025730A005D
:10691000636865636B207468617420666972737460
:1069200020706275662063616E20686F6C642073EE
:1069300074727563742069705F686472000000008F
:1069400072000020741B01082DE9F14F84B00498F7
:106950004568287800F00F001421B1EB800F00D0BB
:1069600011E1E88800F053FFC0F30C004FF6FF710F
:1069700001EAC00A688800F04AFF07462878000745
:10698000810E02910299B94200DDFCE00298381AAA
:1069900087B2049802F027FC06467D4801888819D2
:1069A0000A280ADD3146284600F044FD20B1784827
:1069B000008830440A2800DDE5E07648046811E0EC
:1069C0006069E968884209D1A0692969884205D1CE
:1069D000A089A988884201D1012000E0002000B1EF
:1069E00002E02468002CEBD100BF34B931462846C0
:1069F00000F006FC044694B9C5E0E88800F007FF03
:106A0000C0F30C0058B9E08900F001FFC0F30C009E
:106A100028B11422294604F10800F9F715FCE8888A
:106A2000012121EA50100190019850B10AEB0701B1
:106A300088B2504503DB4FF6EB71884200DD80E001
:106A400000BF2046019A049900F0F6F983460BF145
:106A5000010000B975E04E48008830444C49088078
:106A6000019840B10AEB070188B2A083A17F41F0F1
:106A70000101A17700BFBBF1010F60D1A08B1430E1
:106A800080B2009060684068D0F800906068456807
:106A9000142204F108012846F9F7D6FB009800F00B
:106AA000B6FE68800020E8806881606804900DE090
:106AB000D9F8040003901421484602F0B7FF494674
:106AC000049802F0DDFA0398D0F80090B9F1000FB5
:106AD000EED130480068844202D14FF000080EE049
:106AE0002C48D0F8008006E0D8F80000A04200D181
:106AF00004E0D8F80080B8F1000FF5D100BF41469E
:106B0000204600F01BFB049802F06DFB064600BF18
:106B10001F480088B04208DA00BF1FA340F29B2242
:106B20002CA133A0FBF722FF00BF00BF184800884C
:106B3000801B17490880049805B0BDE8F08F00203D
:106B4000FAE700BF44B900BF13A34FF42A7232A181
:106B500027A0FBF70BFF00BF00BF606890B900BF24
:106B60000C480068844208D000BF0BA340F2AB225F
:106B70002CA11FA0FBF7FAFE00BF00BF002120469A
:106B800000F0DCFA00BF049802F042FD0020D3E7D9
:106B900078000020740000202E2E5C4D6964646C27
:106BA0006577617265735C54686972645F50617285
:106BB00074795C4C7749505C7372635C636F726587
:106BC0005C697076345C6970345F667261672E63ED
:106BD0000000000069705F72656173735F706275B9
:106BE00066636F756E74203E3D20636C656E0000B9
:106BF000417373657274696F6E202225732220665B
:106C000061696C6564206174206C696E652025641F
:106C100020696E2025730A0069707220213D204E84
:106C2000554C4C006E6F74206669727374616C749D
:106C3000686F756768206A75737420656E71756515
:106C40007565640010B502462148016821E091F89D
:106C5000310000F00100D8B191F83100C0F380009C
:106C6000B0B14868A0B110688B681840D1E9013410
:106C70002340984201D1084610BD91F8310000F040
:106C8000020028B91068CB68984201D10846F3E7A2
:106C900009680029DBD10F480068A0B10D480068E1
:106CA00090F8310000F0010068B10A48006890F8DF
:106CB0003100C0F3800030B106480068406810B170
:106CC00010787F2801D10020D6E702480068D3E77A
:106CD000AC000020B000002010B50446102202498C
:106CE000204600F003F810BDCC3600202DE9FC470B
:106CF00006460B4614464FF0000C306801901946CA
:106D000001AA00273CE0002500BF10784FF00A09D7
:106D100090FBF9FA09FB1A0000F0FF08107890FBCD
:106D2000F9F0107008F1300000F0FF0A284605F174
:106D3000010909F0FF050DF800A010780028E4D142
:106D40000BE060460CF1010CA04202DB0020BDE824
:106D5000FC871DF8050001F8010B281EA5F10109AB
:106D600009F0FF05EDD160460CF1010CA04201DBFA
:106D70000020ECE72E2001F8010B521C781CC7B252
:106D8000042FC0DB4FF00009481E014680F8009038
:106D90001846DCE710B5052001F064FA10BD0000CC
:106DA00010B5044600BF002C08D100BF06A34FF465
:106DB000317214A116A0FBF7D9FD00BF00BF214618
:106DC000052001F081F910BD2E2E5C4D6964646CC4
:106DD0006577617265735C54686972645F50617253
:106DE00074795C4C7749505C7372635C636F726555
:106DF0005C697076345C6970345F667261672E63BB
:106E0000000000007020213D204E554C4C00000039
:106E1000417373657274696F6E2022257322206638
:106E200061696C6564206174206C696E65202564FD
:106E300020696E2025730A002DE9F74F84B00646BD
:106E40008846002501200190D8F80400029002999C
:106E5000488800F0DCFC8346029800780007800E2A
:106E600003900398584503DD681E07B0BDE8F08F16
:106E70000398ABEB00001FFA80FB0299C88800F072
:106E8000C6FCC0F30C004FF6FF7101EAC00A00BF58
:106E900000BFD8F8044000202060A4F804A00AEB4A
:106EA0000B00E080E088504502DA4FF0FF30DCE76D
:106EB000D6F804903EE0D9F80470A088B9888842DA
:106EC00020DAC4F800909DB1A088E988884203DBED
:106ED000E088B988884202DD4FF0FF30C5E7C5F889
:106EE0000080E888A18888420BD00020019008E04B
:106EF000E088B988884202DD4FF0FF30B5E7C6F878
:106F000004801AE0A088B988884202D14FF0FF308F
:106F1000ABE7A088F988884202DA4FF0FF30A4E797
:106F20002DB1E888B988884201D000200190D7F8B7
:106F300000903D46B9F1000FBDD100BFB9F1000F7F
:106F400028D1002D17D000BFE888A188884208DD2D
:106F500000BF3EA34FF4DB724BA153A0FBF706FD2D
:106F600000BF00BFC5F80080E888A188884211D022
:106F7000002001900EE000BF706840B100BF33A355
:106F80004FF4DF7252A148A0FBF7F0FC00BF00BF36
:106F9000C6F80480069820B9B07F00F001000028F0
:106FA00051D00198002848D0706818B170684068C6
:106FB000808810B1002001903FE02546D4F8009071
:106FC0000BE0D9F80440E888A188884202D000206C
:106FD000019005E02546D4F80090B9F1000FF0D1FA
:106FE00000BF0198002828D000BF706840B900BFDA
:106FF00016A340F2DF1244A12BA0FBF7B7FC00BFA1
:1070000000BF00BF70684068A04208D100BF0FA356
:107010004FF4F0723CA124A0FBF7A8FC00BF00BF16
:1070200000BF206840B100BF08A34FF4F1723AA13D
:107030001DA0FBF79BFC00BF00BF019808B1012019
:1070400013E7002011E700200FE700002E2E5C4D13
:107050006964646C6577617265735C5468697264B5
:107060005F50617274795C4C7749505C7372635CF9
:10707000636F72655C697076345C6970345F6672E8
:1070800061672E6300000000636865636B206672B1
:1070900061676D656E747320646F6E2774206F7600
:1070A00065726C6170000000417373657274696F82
:1070B0006E2022257322206661696C6564206174EC
:1070C000206C696E6520256420696E2025730A0096
:1070D0006E6F2070726576696F7573206672616776
:1070E0006D656E742C2074686973206D75737420DF
:1070F00062652074686520666972737420667261C7
:10710000676D656E7421000073616E697479206328
:107110006865636B0000000076616C69646174658A
:107120005F646174616772616D3A6E6578745F70F7
:10713000627566213D4E554C4C00000070B504460A
:107140000D460E480068A04203D10C492068086033
:107150000EE000BF002D08D100BF09A340F2451288
:1071600016A11DA0FBF702FC00BF00BF206828602D
:107170002146042000F0A8FF70BD0000740000202C
:107180002E2E5C4D6964646C6577617265735C5426
:10719000686972645F50617274795C4C7749505CC5
:1071A0007372635C636F72655C697076345C69707E
:1071B000345F667261672E630000000073616E6960
:1071C000747920636865636B206C696E6B656420FD
:1071D0006C69737400000000417373657274696FA9
:1071E0006E2022257322206661696C6564206174BB
:1071F000206C696E6520256420696E2025730A0065
:1072000070B505460E46042001F02CF8044664B91A
:107210003146284600F00EF9B04203DB042001F0AD
:1072200021F804460CB9002070BD20212046F9F752
:1072300032F80F20E07706480068206004480460B8
:107240001422294604F10800F8F7FEFF2046EBE778
:10725000740000202DE9F04704468846002500BF51
:10726000A04507D100BF40A3AB224EA150A0FBF721
:107270007DFB00BF00BFB8F1000F0DD000BFD8F8F4
:107280000000A04207D000BF37A3AD2252A148A002
:10729000FBF76CFB00BF00BF6068D0F80490B9F842
:1072A0000400002824D16768D9F800006060142227
:1072B00004F108017868F8F7C7FF01213846FEF7A6
:1072C00099FF384601F08FFF064600BFA819B0F5B8
:1072D000803F07DB00BF24A3BC2244A134A0FBF7FE
:1072E00045FB00BF00BFA81985B2384602F090F9EF
:1072F00067681CE0D7F80490BA46D9F80070504689
:1073000001F071FF064600BFA819B0F5803F07DB0A
:1073100000BF15A3CC2235A125A0FBF727FB00BF9A
:1073200000BFA81985B2504602F072F900BF002FC5
:10733000E0D141462046FFF701FF00BF33480088F7
:10734000A84207DA00BF08A3D22231A118A0FBF798
:107350000DFB00BF00BF2D480088401B2B49088053
:107360002846BDE8F08700002E2E5C4D6964646CF1
:107370006577617265735C54686972645F506172AD
:1073800074795C4C7749505C7372635C636F7265AF
:107390005C697076345C6970345F667261672E6315
:1073A000000000007072657620213D206970720037
:1073B000417373657274696F6E2022257322206693
:1073C00061696C6564206174206C696E6520256458
:1073D00020696E2025730A00707265762D3E6E65F9
:1073E0007874203D3D2069707200000070627566FF
:1073F000735F6672656564202B20636C656E203C4C
:107400003D20307866666666000000007800002047
:1074100069705F72656173735F70627566636F75C3
:107420006E74203E3D2070627566735F667265659E
:10743000640000002DE9F84F05468946002700BF8B
:107440000026B2460020009083461B48046821E0D5
:107450006069E968884207D1A0692969884203D137
:10746000A089A988884201D0012000E0002068B1ED
:107470000BF1010B1EB92646CDF800A006E0E07F17
:10748000F17F884202DC2646CDF800A0206800B1DA
:10749000A2462468002CDBD12EB130460099FFF7BC
:1074A000D9FE804647444F4502DABBF1010FC7DCE5
:1074B0003846BDE8F88F00007400002070B5002544
:1074C0000A4804680FE0E07F002805DDE07F401EE9
:1074D000E0772546246806E026462468294630469B
:1074E000FFF7B8FE00BF002CEDD170BD7400002086
:1074F00070B505462C4600BF002C08D100BF0FA375
:1075000040F2CE221CA11FA0FBF730FA00BF00BF43
:1075100000BFAC4208D000BF08A340F2CF2223A195
:1075200018A0FBF723FA00BF00BF606910B16069C3
:1075300002F06EF82046FFF733FC70BD2E2E5C4D36
:107540006964646C6577617265735C5468697264C0
:107550005F50617274795C4C7749505C7372635C04
:10756000636F72655C697076345C6970345F6672F3
:1075700061672E630000000070637220213D204E81
:10758000554C4C00417373657274696F6E202225EF
:107590007322206661696C6564206174206C696E79
:1075A0006520256420696E2025730A0070637220AF
:1075B0003D3D2070000000007CB504463648374948
:1075C000086002208DF8000000208DF801008DF881
:1075D00002008DF803008DF804008DF80500C1F855
:1075E00004D04FF400012D4881602D49C1602D4920
:1075F00001614FF4C0614161F9F71CFC05464DB9CA
:1076000029A0FBF7B3F994F8310040F0040084F8A6
:10761000310002E028A0FBF7A9F938212A48F8F741
:107620003AFE2120284908604FF4400048610020BC
:107630000861264800F000FE062084F83000174854
:107640004068007884F82A001448406841782B206C
:1076500001551248406881782C2001550F48406838
:10766000C1782D2001550D48406801792E20015523
:107670000A48406841792F20015540F2DC502085AE
:1076800094F8310040F00A0084F83100FAF756FE11
:107690002046FEF727FA7CBD008002401834002007
:1076A00078330020D8320020455448B3F5CABCBB1B
:1076B000AFB3C9B9A60A0000455448B3F5CABCBB6C
:1076C000AFCAA7B0DC0A0000C8340020501B010874
:1076D00038B50446002000900448007818B969467F
:1076E0000348F9F7D1FC009838BD000024000020C1
:1076F000183400202DE9F0418CB080460E4600245D
:107700000025002730216846F8F7C5FD302168467E
:10771000F8F7C1FD354629E0042C04D36FF00B00C7
:107720000CB0BDE8F08104EB440168684DF821001D
:10773000688904EB44016A4602EB8101486054B158
:1077400004EB4400694601EB8001601E00EB400041
:1077500002EB80008160286830B9002004EB44010E
:107760006A4602EB81018860641C2D68002DD3D12C
:10777000308906494860C1F808D00846466314229B
:107780000348F9F7CFFD3846CAE70000C8340020A7
:107790001834002010B50248FEF732FB10BD00007F
:1077A0001C0100202DE9F041044625466868804709
:1077B00002F0B8FB06460D49286809684718B81B4F
:1077C000B0F1004F01D3012000E0002030B1296862
:1077D00088192246064902F011FC04E022460449B9
:1077E000384602F00BFCBDE8F081000004010020E7
:1077F000A57700080146080601F47F4240EA02200E
:1078000001F47F0240EA122040EA1160704701460D
:107810000806000C40EA11207047000008B500205F
:10782000009000BF6846804208D000BF0BA340F222
:107830005112164916A0FBF799F800BF00BF00BF10
:1078400000BF00F071F900F0E7FC00F07FFF09F0E5
:1078500081FC03F029FF02F071FC08BD2E2E5C4D67
:107860006964646C6577617265735C54686972649D
:107870005F50617274795C4C7749505C7372635CE1
:10788000636F72655C696E69742E63003C1D01084C
:10789000417373657274696F6E20222573222066AE
:1078A00061696C6564206174206C696E6520256473
:1078B00020696E2025730A00F8B505460A462B4656
:1078C00000200090002103F0010636B1002A04DDFB
:1078D00013F8010B8DF80100521E1C4603E034F82A
:1078E000027B3944921E012AF9DC002A02DD20784D
:1078F0008DF80000BDF80000014488B200EB114192
:1079000088B200EB114126B1C8B2C1F3072747EA9C
:10791000002188B2F8BD0000F9F7CAFEFAF77EFD33
:10792000FAF71CFDFAF740FC08A0FBF71FF8FAF77E
:1079300045FD0AE00A48FEF763FA02F0C9FA084872
:10794000F9F7CEF90648F8F7F9FCF3E7D3B2CAAF76
:107950004C7769702044484350B2E2CAD40A000010
:107960001C01002070B5054605B970BD05F0030087
:1079700000280DD000BF00BF2BA340F2732236A118
:107980003EA0FAF7F3FF00BF00BF00BF00BFECE767
:10799000A5F1080443480068844205D305F10C00B2
:1079A0004149096888420DD900BF00BF1EA340F2BB
:1079B0007F223EA131A0FAF7D9FF00BF00BF00BF70
:1079C00000BFD2E7207900280DD100BF00BF16A369
:1079D0004FF423723CA129A0FAF7C8FF00BF00BFF3
:1079E00000BF00BFC1E7204600F0CCF800280DD151
:1079F00000BF00BF0CA340F295223DA11FA0FAF7E3
:107A0000B5FF00BF00BF00BF00BFAEE70020207180
:107A100044480068844201D242480460204602F093
:107A200063F900BFA1E700002E2E5C4D6964646C11
:107A30006577617265735C54686972645F506172E6
:107A400074795C4C7749505C7372635C636F7265E8
:107A50005C6D656D2E6300006D656D5F66726565BA
:107A60003A2073616E69747920636865636B206185
:107A70006C69676E6D656E7400000000417373651C
:107A80007274696F6E2022257322206661696C65AD
:107A900064206174206C696E6520256420696E2005
:107AA00025730A007C000020800000206D656D5F5A
:107AB000667265653A20696C6C6567616C206D65FE
:107AC0006D6F7279000000006D656D5F66726565AF
:107AD0003A20696C6C6567616C206D656D6F7279B9
:107AE0003A20646F75626C652066726565000000FF
:107AF0006D656D5F667265653A20696C6C6567617E
:107B00006C206D656D6F72793A206E6F6E2D6C69A9
:107B10006E6B65643A20646F75626C652066726591
:107B2000650000008400002010B500BF00BF1148B0
:107B300020F0030010490860084604684FF4205004
:107B400020800020608020714FF4205002F0B8F9AE
:107B50000A4908600120096808714FF4205007495C
:107B60000968088005490968488003480068044995
:107B7000086010BDF73600207C0000208000002047
:107B8000840000202DE9F0410446204600F07AF9F7
:107B90000546208802F094F90646608802F090F9C4
:107BA00007462088B0F5205F10D86088B0F5205FC8
:107BB0000CD86088A84202D03888A84206D106486E
:107BC0000068864205D07088A84202D00020BDE837
:107BD000F0810120FBE70000800000202DE9F04744
:107BE0008146B9F1000F02D10020BDE8F08709F10C
:107BF000030020F0030085B20C2D00D20C25B5F552
:107C0000205F01D84D4501DA0020EEE758480068B2
:107C100000F038F90646A3E0304602F051F9044678
:107C2000207900287ED1218806F10800081AA84290
:107C300078D3218806F10800091A05F11400814261
:107C400029D306F1080028441FFA80F800BFB8F5D0
:107C5000205F08D100BF47A340F2873251A156A050
:107C6000FAF784FE00BF00BF404602F029F907463C
:107C700000213971218839807E80A4F8008001209C
:107C800020713888B0F5205F07D0388802F018F9E5
:107C9000A0F8028001E0012020713548006884428C
:107CA00027D13348D0F800A004E0BAF8000002F071
:107CB00007F982469AF8040018B1494800688245DD
:107CC000F3D12B48C0F800A000BF00684449096800
:107CD00088420CD026480068007940B100BF25A337
:107CE00040F2B5323FA134A0FAF740FE00BF00BF1A
:107CF00000BF00BF04F108002844394909688842E0
:107D000008D900BF1BA340F2B9323DA12AA0FAF75F
:107D10002DFE00BF00BF00BF04F0030050B100BF44
:107D200014A300E018E040F2BB3241A122A0FAF710
:107D30001DFE00BF00BF00BF04F0030040B100BF44
:107D40000CA340F2BD3246A11BA0FAF70FFE00BF04
:107D500000BF04F1080048E7304602F0B1F8068899
:107D6000C5F52050B0423FF657AF00203DE7000078
:107D7000840000202E2E5C4D6964646C657761720E
:107D800065735C54686972645F50617274795C4CAD
:107D90007749505C7372635C636F72655C6D656D8F
:107DA0002E630000696E76616C6964206E6578747C
:107DB0002070747200000000417373657274696F03
:107DC0006E2022257322206661696C6564206174CF
:107DD000206C696E6520256420696E2025730A0079
:107DE000800000206D656D5F6D616C6C6F633A2083
:107DF000216C667265652D3E757365640000000038
:107E00006D656D5F6D616C6C6F633A20616C6C6F5A
:107E10006361746564206D656D6F7279206E6F7437
:107E20002061626F76652072616D5F656E642E0001
:107E30006D656D5F6D616C6C6F633A20616C6C6F2A
:107E40006361746564206D656D6F72792070726F07
:107E50007065726C7920616C69676E65642E0000D4
:107E60006D656D5F6D616C6C6F633A2073616E69F7
:107E7000747920636865636B20616C69676E6D65FA
:107E80006E740000014602480088081A80B27047EC
:107E90007C0000202DE9F84F81468B460BF1030052
:107EA00020F0030085B20C2D00D20C25B5F5205F23
:107EB00001D85D4502DA0020BDE8F88F00BF5648C2
:107EC0000068814503D355480068814508D300BF49
:107ED00053A340F2D1225EA163A0FAF747FD00BF91
:107EE00000BF4D480068814503D34C480068814578
:107EF00003D300BF00BF4846DEE7A9F108063046BD
:107F0000FFF7C0FF07463188C81B08381FFA80FA00
:107F100000BF554508DD00BF41A34FF439725CA195
:107F200051A0FAF723FD00BF00BF554501DD002039
:107F3000C2E7554501D14846BEE7308801F0C0FF91
:107F400004462079002833D100BF3088B0F5205F87
:107F500008D100BF32A340F2F52255A142A0FAF7A2
:107F600005FD00BF00BF2088009007F108002844ED
:107F70001FFA80F853480068A04204D1404601F03F
:107F80009FFF50490860404601F09AFF04460020D8
:107F90002071009820806780A6F800802088B0F5C6
:107FA000205F04D0208801F08BFFA0F8028031E030
:107FB00005F1140050452DD807F1080028441FFA98
:107FC00080F800BF3088B0F5205F08D100BF14A34F
:107FD00040F2163236A124A0FAF7C8FC00BF00BF59
:107FE000404601F06DFF044636480068844201D2E5
:107FF0003448046000202071308820806780A6F813
:1080000000802088B0F5205F04D0208801F058FF60
:10801000A0F8028048464FE77C0000208000002046
:108020002E2E5C4D6964646C6577617265735C5477
:10803000686972645F50617274795C4C7749505C16
:108040007372635C636F72655C6D656D2E630000B7
:108050006D656D5F7472696D3A206C6567616C2047
:108060006D656D6F72790000417373657274696F2D
:108070006E2022257322206661696C65642061741C
:10808000206C696E6520256420696E2025730A00C6
:108090006D656D5F7472696D2063616E206F6E6CCB
:1080A0007920736872696E6B206D656D6F727900EF
:1080B000696E76616C6964206E6578742070747284
:1080C000000000008400002070B504460D4600BF8B
:1080D000092C09DB00BF0AA34FF4D57214A11BA021
:1080E000FAF744FC00BF70BD00BF05B9FBE72149AA
:1080F00051F824002946FCF769FC00BFF3E70000B3
:108100002E2E5C4D6964646C6577617265735C5496
:10811000686972645F50617274795C4C7749505C35
:108120007372635C636F72655C6D656D702E630066
:108130006D656D705F667265653A20747970652053
:108140003C204D454D505F4D4158000041737365D3
:108150007274696F6E2022257322206661696C65D6
:1081600064206174206C696E6520256420696E202E
:1081700025730A00F41B010870B504460D4600BFC4
:10818000002C08D100BF09A340F2951213A118A03A
:10819000FAF7ECFB00BF00BF04B105B970BD29467A
:1081A0002046FCF713FC00BFF8E700002E2E5C4DC4
:1081B0006964646C6577617265735C546869726444
:1081C0005F50617274795C4C7749505C7372635C88
:1081D000636F72655C6D656D702E6300696E7661AC
:1081E0006C696420706F6F6C2064657363000000BD
:1081F000417373657274696F6E2022257322206645
:1082000061696C6564206174206C696E6520256409
:1082100020696E2025730A0010B5002406E0054988
:1082200051F8240000F008F8601C84B2092CF6D341
:1082300010BD0000F41B010810B500238468236002
:108240004368DB1C23F00301002207E083681B68FE
:108250000B608368196003881944521C4388934259
:10826000F4DC10BD70B5044600BF092C0ADB00BF6A
:1082700009A340F2571214A11BA0FAF777FB00BF25
:10828000002070BD00BF224951F82400FCF7F4FB28
:1082900005462846F5E700002E2E5C4D6964646CA7
:1082A0006577617265735C54686972645F5061726E
:1082B00074795C4C7749505C7372635C636F726570
:1082C0005C6D656D702E63006D656D705F6D616CCA
:1082D0006C6F633A2074797065203C204D454D5099
:1082E0005F4D415800000000417373657274696FFF
:1082F0006E2022257322206661696C65642061749A
:10830000206C696E6520256420696E2025730A0043
:10831000F41B010810B5044600BF002C08D100BFB3
:1083200007A34FF49E7212A116A0FAF71FFB00BF1D
:1083300000BF0CB9002010BD2046FCF79DFBFAE7FA
:108340002E2E5C4D6964646C6577617265735C5454
:10835000686972645F50617274795C4C7749505CF3
:108360007372635C636F72655C6D656D702E630024
:10837000696E76616C696420706F6F6C20646573E0
:1083800063000000417373657274696F6E2022256B
:108390007322206661696C6564206174206C696E6B
:1083A0006520256420696E2025730A002DE9F05FA1
:1083B00004460E4617469846DDE90AB900BF002C70
:1083C0000BD100BF49A340F2271255A15BA0FAF7D9
:1083D000CDFA00BF0020BDE8F09F00BF00BFB9F19B
:1083E000000F0AD100BF41A34FF494725DA153A0C6
:1083F000FAF7BCFA00BF0020EDE700BF06B9624EF5
:1084000007B9614FB8F1000F01D1DFF87C8100207E
:108410006060A060E0605D4860610020208584F8B5
:1084200031006062E061C4F820B05948007884F8F7
:1084300034000C98206143463A463146204600F00D
:10844000F7F92046C84708B10020C4E700BF94F8F8
:108450003400FF2802D1002084F834004FF0000AD5
:108460004C48056829E000BFA54208D100BF1FA302
:1084700040F28B1248A131A0FAF778FA00BF00BF92
:108480000AF1010A00BFBAF1FF0F08DD00BF17A310
:1084900040F28D1245A129A0FAF768FA00BF00BF8B
:1084A00095F8340094F83410884205D194F83400DB
:1084B000401C84F8340002E02D68002DD3D100BFA9
:1084C000002DC4D194F83400FE2803D10020304997
:1084D000087004E094F83400401C2D4908702D48C1
:1084E000006820602B480460204674E72E2E5C4D07
:1084F0006964646C6577617265735C546869726401
:108500005F50617274795C4C7749505C7372635C44
:10851000636F72655C6E657469662E6300000000AF
:108520006E657469665F6164643A20696E76616C39
:108530006964206E657469660000000041737365AC
:108540007274696F6E2022257322206661696C65E2
:1085500064206174206C696E6520256420696E203A
:1085600025730A006E657469665F6164643A204E23
:108570006F20696E69742066756E6374696F6E2012
:10858000676976656E000000741B01082988000881
:10859000B4000020AC0000206E6574696620616C38
:1085A000726561647920616464656400746F6F2032
:1085B0006D616E79206E65746966732C206D6178CB
:1085C0002E20737570706F72746564206E756D62A5
:1085D00065722069732032353500000070B504469D
:1085E0000D462946204604F061F82946204608F049
:1085F0007FFF70BD10B503460868DC68A04201D15A
:10860000012000E0002030B909B9002000E008682E
:10861000D860012010BD0020FCE70000F8B5054639
:108620000C46164600BF002C08D100BF18A340F22C
:10863000CB1224A127A0FAF799F900BF00BF00BF11
:1086400046B900BF12A34FF4E6721EA121A0FAF7AB
:108650008DF900BF00BF20686968884201D1012000
:1086600000E0002090B9206800906868306069469A
:108670003046FFF7B3FF0CB9002000E020686860C7
:108680000121284600F064F80120F8BD0020FCE735
:108690002E2E5C4D6964646C6577617265735C5401
:1086A000686972645F50617274795C4C7749505CA0
:1086B0007372635C636F72655C6E657469662E636A
:1086C00000000000696E76616C696420706F696EED
:1086D00074657200417373657274696F6E20222530
:1086E0007322206661696C6564206174206C696E18
:1086F0006520256420696E2025730A0010B50346A5
:1087000008689C68A04201D1012000E0002030B937
:1087100009B9002000E008689860012010BD002021
:10872000FCE7000002466AB10748016808E091F8DA
:108730003400401CC0B2904201D10846704709681D
:108740000029F4D10020F9E7AC00002070470000B8
:1087500070B504460D4600BF002C08D100BF12A31F
:1087600040F26D321DA126A0FAF700F900BF00BF4C
:1087700094F8310000F0040020B194F8310000F0CA
:10878000010000B970BD05F0010050B1606840B152
:1087900094F8310000F0080018B1211D2046FDF7C3
:1087A00001F800BFEEE700002E2E5C4D6964646C9A
:1087B0006577617265735C54686972645F50617259
:1087C00074795C4C7749505C7372635C636F72655B
:1087D0005C6E657469662E63000000006E657469E6
:1087E000665F69737375655F7265706F7274733AF3
:1087F00020696E76616C6964206E6574696600003C
:10880000417373657274696F6E202225732220662E
:1088100061696C6564206174206C696E65202564F3
:1088200020696E2025730A0003466FF00B00704725
:108830002DE9F84F80460C4615461E464FF00009BC
:10884000CA4604B9114C05B9104D06B90F4E0CB10A
:10885000206808B9012000E00020074627B16A46D9
:1088600021464046FFF7DAFE4A4629464046FFF7D2
:1088700045FF524631464046FFF7BCFE27B96A46DF
:1088800021464046FFF7CAFEBDE8F88F741B010879
:108890000149086070470000B000002010B5044690
:1088A00000BF002C09D100BF10A340F29B321CA1D5
:1088B00023A0FAF75BF800BF10BD00BF94F83100A9
:1088C00000F0010078B100BF94F8310000F0FE0024
:1088D00084F8310000BF94F8310000F0080010B1B6
:1088E0002046FCF723F900BFE6E700002E2E5C4D82
:1088F0006964646C6577617265735C5468697264FD
:108900005F50617274795C4C7749505C7372635C40
:10891000636F72655C6E657469662E6300000000AB
:108920006E657469665F7365745F646F776E3A2015
:10893000696E76616C6964206E657469660000001A
:10894000417373657274696F6E20222573222066ED
:1089500061696C6564206174206C696E65202564B2
:1089600020696E2025730A0000B1C16170470000C4
:1089700010B5044600BF002C09D100BF0FA340F280
:1089800006421BA123A0F9F7F1FF00BF10BD00BFF5
:1089900094F8310000F0040070B100BF94F8310089
:1089A00000F0FB0084F8310000BF00BFE06910B1A7
:1089B0002046E169884700BF00BFE7E72E2E5C4DE7
:1089C0006964646C6577617265735C54686972642C
:1089D0005F50617274795C4C7749505C7372635C70
:1089E000636F72655C6E657469662E6300000000DB
:1089F0006E657469665F7365745F6C696E6B5F64E6
:108A00006F776E3A20696E76616C6964206E65746A
:108A100069660000417373657274696F6E20222568
:108A20007322206661696C6564206174206C696ED4
:108A30006520256420696E2025730A0010B5044660
:108A400000BF002C09D100BF13A34FF478721FA1FF
:108A500027A0F9F78BFF00BF10BD00BF94F83100CD
:108A600000F00400A8B900BF94F8310040F0040001
:108A700084F8310000BF2046FAF718FE0321204693
:108A8000FFF766FE00BFE06910B12046E169884744
:108A900000BF00BFE0E700002E2E5C4D6964646CEF
:108AA0006577617265735C54686972645F50617266
:108AB00074795C4C7749505C7372635C636F726568
:108AC0005C6E657469662E63000000006E657469F3
:108AD000665F7365745F6C696E6B5F75703A206971
:108AE0006E76616C6964206E6574696600000000D2
:108AF000417373657274696F6E202225732220663C
:108B000061696C6564206174206C696E6520256400
:108B100020696E2025730A0010B5044600BF002CA2
:108B200009D100BF0EA34FF454721AA120A0F9F787
:108B30001DFF00BF10BD00BF94F8310000F0010020
:108B400058B900BF94F8310040F0010084F83100BA
:108B500000BF03212046FFF7FBFD00BFEAE700004E
:108B60002E2E5C4D6964646C6577617265735C542C
:108B7000686972645F50617274795C4C7749505CCB
:108B80007372635C636F72655C6E657469662E6395
:108B9000000000006E657469665F7365745F7570D0
:108BA0003A20696E76616C6964206E65746966004E
:108BB000417373657274696F6E202225732220667B
:108BC00061696C6564206174206C696E6520256440
:108BD00020696E2025730A0070B504460D460022F8
:108BE0002946204600F002F870BD00002DE9F0474C
:108BF00004460D46904600BF44B900BF1CA340F296
:108C0000DF1227A129A0F9F7B1FE00BF00BF14B100
:108C1000B5F5803F02D30120BDE8F0870DB90020F3
:108C2000FAE7AEB22089304480B2B04201DA0120C6
:108C3000F2E794F80C9009F0800038B16068471BA7
:108C400004F11000874209D20120E5E7B8F1000FD6
:108C500002D06068471B01E00120DDE767606089A2
:108C6000304460812089304420810020D4E7000016
:108C70002E2E5C4D6964646C6577617265735C541B
:108C8000686972645F50617274795C4C7749505CBA
:108C90007372635C636F72655C706275662E6300ED
:108CA0007020213D204E554C4C00000041737365EF
:108CB0007274696F6E2022257322206661696C656B
:108CC00064206174206C696E6520256420696E20C3
:108CD00025730A002DE9FE4F82460E469046574600
:108CE000B8F1010F0AD0B8F1410F06D0B8F5C17F35
:108CF0000BD0B8F5207F7CD168E000BF42463146FA
:108D0000002000F035F90446ACE000240020029079
:108D1000B14600BF0820FFF7A5FA054635B914B1E2
:108D2000204600F075FC0020BDE8FE8FF81C20F006
:108D30000300C0F5007080B2484501DD484605E0FB
:108D4000F81C20F00300C0F5007080B283460020BC
:108D5000CDE9008005F110003844C01C20F003016B
:108D60005B464A46284600F04FFD00BF287900F0D8
:108D70000300002808D000BF3CA34FF4807247A135
:108D800052A0F9F7F3FD00BF00BF00BFF81C20F0B0
:108D90000300C0F50070002808D100BF33A34FF4D2
:108DA000817254A149A0F9F7E1FD00BF00BF0CB9E1
:108DB0002C4601E0029805600295A9EB0B001FFA12
:108DC00080F90027B9F1000FA4DC4BE0F81C20F07B
:108DD0000301F01C20F00300084485B205F11000E7
:108DE0001FFA80F9F01C20F00300A84206D8F01CFE
:108DF00000E02AE020F00300484501D9002093E775
:108E00004846FEF7EBFE04460CB900208CE7002034
:108E1000CDE9008004F110003844C01C20F00301AB
:108E200033463246204600F0EFFC00BF207900F0C8
:108E3000030040B100BF0DA34FF491723AA123A0EB
:108E4000F9F794FD00BF00BF0CE000BF00BF07A30F
:108E500040F227123FA11DA0F9F788FD00BF00BF17
:108E6000002061E700BF20465EE700002E2E5C4D2B
:108E70006964646C6577617265735C546869726477
:108E80005F50617274795C4C7749505C7372635CBB
:108E9000636F72655C706275662E630070627566E2
:108EA0005F616C6C6F633A207062756620712D3E55
:108EB0007061796C6F61642070726F7065726C792B
:108EC00020616C69676E6564000000004173736522
:108ED0007274696F6E2022257322206661696C6549
:108EE00064206174206C696E6520256420696E20A1
:108EF00025730A00504255465F504F4F4C5F425514
:108F00004653495A45206D75737420626520626925
:108F100067676572207468616E204D454D5F414CF6
:108F200049474E4D454E5400706275665F616C6CEA
:108F30006F633A20706275662D3E7061796C6F6167
:108F4000642070726F7065726C7920616C69676EF5
:108F500065640000706275665F616C6C6F633A20D7
:108F60006572726F6E656F7573207479706500003D
:108F70002DE9FC4107460D46144600BF412C0AD09E
:108F8000012C08D000BF0EA34FF4A57218A11DA09C
:108F9000F9F7ECFC00BF00BF0720FFF763F90646B6
:108FA00016B90020BDE8FC8100202B462A46394630
:108FB000CDE90040304600F027FC3046F2E70000E3
:108FC0002E2E5C4D6964646C6577617265735C54C8
:108FD000686972645F50617274795C4C7749505C67
:108FE0007372635C636F72655C706275662E63009A
:108FF000696E76616C696420706275665F74797001
:1090000065000000417373657274696F6E202225DC
:109010007322206661696C6564206174206C696EDE
:109020006520256420696E2025730A002DE9FC5F08
:1090300005460C4617469846DDE90C9BAA460AF100
:10904000030020F003002044584502D90020BDE869
:10905000FC9FB9F1000F06D00AF1030020F00300D5
:1090600000EB090600E00026022023462246314696
:10907000CDE90070404600F0C7FB4046E7E700003E
:1090800070B506460D4600BF0EB1002D09D100BFD8
:109090001BA340F2593226A133A0F9F767FC00BFA9
:1090A00070BD00BF344604E020892989084420812E
:1090B000246820680028F7D100BF20896189884290
:1090C00008D000BF0EA340F2623231A126A0F9F70A
:1090D0004DFC00BF00BF00BF206840B100BF08A327
:1090E00040F2633236A120A0F9F740FC00BF00BF78
:1090F0002089298908442081256000BFD0E700002D
:109100002E2E5C4D6964646C6577617265735C5486
:10911000686972645F50617274795C4C7749505C25
:109120007372635C636F72655C706275662E630058
:10913000286820213D204E554C4C292026262028E9
:109140007420213D204E554C4C29202870726F67A9
:1091500072616D6D65722076696F6C6174657320E4
:109160004150492900000000417373657274696FB2
:109170006E2022257322206661696C65642061740B
:10918000206C696E6520256420696E2025730A00B5
:10919000702D3E746F745F6C656E203D3D20702DA8
:1091A0003E6C656E20286F66206C6173742070625F
:1091B000756620696E20636861696E290000000091
:1091C000702D3E6E657874203D3D204E554C4C0010
:1091D00070B505460C4621462846FFF751FF20464C
:1091E00000F0D6FB70BD0146002002E0421C90B2A8
:1091F00009680029FAD170472DE9F04180460E46F2
:109200001446218932464046FFF764FD074617B9E8
:109210000020BDE8F0812146384600F045F80546BB
:1092200000BF45B100BF05A340F224520FA114A016
:10923000F9F79CFB00BF00BF3846EAE72E2E5C4DD5
:109240006964646C6577617265735C5468697264A3
:109250005F50617274795C4C7749505C7372635CE7
:10926000636F72655C706275662E6300706275660E
:109270005F636F7079206661696C6564000000004F
:10928000417373657274696F6E20222573222066A4
:1092900061696C6564206174206C696E6520256469
:1092A00020696E2025730A002DE9F04105460C4621
:1092B0000026002700BF25B11CB1288921898842DA
:1092C0000CDA00BF44A340F2C9324FA15AA0F9F70B
:1092D0004DFB00BF6FF00F00BDE8F08100BF00BF85
:1092E0006889801B6189C91B884203D36089A0EB10
:1092F000070802E06889A0EB06086268D1196A686D
:1093000090194246F6F7A0FF4644474400BF6889DB
:10931000B04208D200BF30A340F2D93250A146A0DB
:10932000F9F724FB00BF00BF00BF6089B84208D234
:1093300000BF29A340F2DA324FA13FA0F9F716FB94
:1093400000BF00BF6089B84201D80027246868893F
:10935000B04211D100262D6800BF65B95CB100BFD5
:109360001DA34FF479724BA133A0F9F7FFFA00BFA8
:109370006FF00F00B0E700BF002C13D06089218987
:1093800088420FD100BF206858B100BF12A340F23D
:10939000E93244A128A0F9F7E9FA00BF6FF005000F
:1093A0009AE700BF002D13D06889298988420FD120
:1093B00000BF286858B100BF07A340F2EE3239A1C0
:1093C0001DA0F9F7D3FA00BF6FF0050084E700BFD6
:1093D000002C85D100207FE72E2E5C4D6964646CE3
:1093E0006577617265735C54686972645F5061721D
:1093F00074795C4C7749505C7372635C636F72651F
:109400005C706275662E6300706275665F636F7074
:10941000793A20746172676574206E6F7420626996
:109420006720656E6F75676820746F20686F6C6465
:1094300020736F7572636500417373657274696F31
:109440006E2022257322206661696C656420617438
:10945000206C696E6520256420696E2025730A00E2
:109460006F66667365745F746F203C3D20705F7437
:109470006F2D3E6C656E00006F66667365745F6687
:10948000726F6D203C3D20705F66726F6D2D3E6C7B
:10949000656E0000705F746F20213D204E554C4C6E
:1094A00000000000706275665F636F707928292084
:1094B000646F6573206E6F7420616C6C6F772070C1
:1094C00061636B65742071756575657321000000BB
:1094D0002DE9F05F8046894616461D464FF0000A8A
:1094E000D34600BFB8F1000F0BD100BF21A340F25B
:1094F0000A422CA133A0F9F739FA00BF0020BDE8D9
:10950000F09F00BF00BFB9F1000F0AD100BF19A33F
:1095100040F20B4235A12BA0F9F728FA00BF00203A
:10952000EDE700BF444620E035B16089A84203DC86
:109530006089281A85B217E06089401B87B2B7425C
:1095400000DD37466268511909EB0A003A46F6F722
:109550007BFE0BEB07001FFA80FB0AEB07001FFAEC
:1095600080FAF01B86B2002524680EB1002CDBD1F6
:109570005846C4E72E2E5C4D6964646C6577617251
:1095800065735C54686972645F50617274795C4C95
:109590007749505C7372635C636F72655C7062756F
:1095A000662E6300706275665F636F70795F7061CD
:1095B000727469616C3A20696E76616C69642062CC
:1095C00075660000417373657274696F6E202225A1
:1095D0007322206661696C6564206174206C696E19
:1095E0006520256420696E2025730A007062756607
:1095F0005F636F70795F7061727469616C3A206942
:109600006E76616C696420646174617074720000CC
:109610002DE9F0470446002C0ED100BF44B900BF2D
:1096200035A34FF4377240A142A0F9F79FF900BF6C
:1096300000BF0020BDE8F087002658E000BFA07BF7
:10964000002808DC00BF2CA340F2F12243A139A07E
:10965000F9F78CF900BF00BFA07B401E00F0FF08A7
:1096600084F80E80B8F1000F3FD12768207B00F00E
:109670000F05607B00F00200002814D0A14600BF57
:10968000D9F81000002808D100BF1BA340F2FF2228
:1096900038A128A0F9F76AF900BF00BF2046D9F821
:1096A000101088471DE0022D04D121460820FEF746
:1096B0000BFD16E0012D04D121460720FEF704FD25
:1096C0000FE01DB92046FEF74DF90AE000BF00BFCC
:1096D00009A340F20F3230A116A0F9F747F900BFF5
:1096E00000BF701CC6B23C4600E0002400BF002C46
:1096F000A4D130469EE700002E2E5C4D6964646C58
:109700006577617265735C54686972645F506172F9
:1097100074795C4C7749505C7372635C636F7265FB
:109720005C706275662E63007020213D204E554CA2
:109730004C000000417373657274696F6E202225BE
:109740007322206661696C6564206174206C696EA7
:109750006520256420696E2025730A007062756695
:109760005F667265653A20702D3E726566203E2008
:109770003000000070632D3E637573746F6D5F661B
:109780007265655F66756E6374696F6E20213D203A
:109790004E554C4C00000000696E76616C69642087
:1097A00070627566207479706500000070B50446BB
:1097B000254629460548FEF7DFFC054800780128C4
:1097C00002D100200249087070BD0000501B010842
:1097D0002400002070B504460D460122294620468B
:1097E00000F001F870BD70B505460C461646002C19
:1097F00004DA6142284600F019F970BD324621466C
:109800002846FFF7F3F9F8E770B5DDE904450026CF
:1098100006604160028143810473457301268673AB
:109820000026C67370BD00002DE9F04106460F46C4
:1098300000BF002E08D100BF2CA34FF4CC7237A17B
:109840003CA0F9F793F800BF00BF3089B84201DCB3
:10985000BDE8F0813089C01B1FFA80F83D463446D0
:1098600013E06089281A85B22089A0EB08002081C6
:10987000246800BF44B900BF1CA340F2AF1237A157
:109880002CA0F9F773F800BF00BF6089A842E8DB9D
:10989000207B00F00F0000281BD16089A84218D05F
:1098A000607B00F00200002813D1A088001B284430
:1098B00081B22046FEF7EEFA044600BF44B900BF6D
:1098C0000AA340F2BD122BA11AA0F9F74FF800BF6E
:1098D00000BF658160892081206810B12068FFF792
:1098E00097FE0020206000BFB2E700002E2E5C4DE6
:1098F0006964646C6577617265735C5468697264ED
:109900005F50617274795C4C7749505C7372635C30
:10991000636F72655C706275662E63007062756657
:109920005F7265616C6C6F633A207020213D204E40
:10993000554C4C00417373657274696F6E2022251B
:109940007322206661696C6564206174206C696EA5
:109950006520256420696E2025730A007062756693
:109960005F7265616C6C6F633A207120213D204EFF
:10997000554C4C006D656D5F7472696D2072657435
:1099800075726E65642071203D3D204E554C4C0033
:1099900010B50446002C12D000BFA07B401CA07361
:1099A00000BF00BFA07B002808DC00BF04A340F27A
:1099B00042320FA113A0F8F7D9FF00BF00BF10BDBE
:1099C0002E2E5C4D6964646C6577617265735C54BE
:1099D000686972645F50617274795C4C7749505C5D
:1099E0007372635C636F72655C706275662E630090
:1099F0007062756620726566206F766572666C6F40
:109A000077000000417373657274696F6E202225C0
:109A10007322206661696C6564206174206C696ED4
:109A20006520256420696E2025730A002DE9F04128
:109A300004460D4600BF44B900BF18A340F24B22B4
:109A400022A125A0F8F792FF00BF00BF14B1B5F521
:109A5000803F02D30120BDE8F0810DB90020FAE774
:109A6000AEB200BF6089B0420ADA00BF0BA340F279
:109A7000552223A118A0F8F779FF00BF0120EAE7DB
:109A800000BF67686068284460606089801B6081EF
:109A90002089801B20810020DDE700002E2E5C4DF8
:109AA0006964646C6577617265735C54686972643B
:109AB0005F50617274795C4C7749505C7372635C7F
:109AC000636F72655C706275662E63007020213D65
:109AD000204E554C4C000000417373657274696FE1
:109AE0006E2022257322206661696C656420617492
:109AF000206C696E6520256420696E2025730A003C
:109B0000696E6372656D656E745F6D61676E6974B1
:109B1000756465203C3D20702D3E6C656E00000034
:109B20002DE9F04704468846164637464FF0000AAE
:109B300000BF002C0CD100BF34A340F2B3423FA1C0
:109B400044A0F8F713FF00BF6FF00F00BDE8F087E7
:109B500000BF00BFB8F1000F0BD100BF2BA340F234
:109B6000B44246A13BA0F8F701FF00BF6FF00F0021
:109B7000ECE700BF00BF2089B0420BDA00BF23A38F
:109B800040F2B54244A133A0F8F7F0FE00BF4FF019
:109B9000FF30DBE700BF2CB1B8F1000F02D0208905
:109BA000B04202DA6FF00F00D0E725461BE000BF9D
:109BB00045B900BF15A340F2BD423FA125A0F8F76B
:109BC000D5FE00BF00BFB9466889484501D2B5F847
:109BD0000A9008EB0A014A466868F6F735FBA7EBDE
:109BE0000907CA442D68002FE1D100BF0FB9B24563
:109BF00008D000BF05A34FF4996235A115A0F8F76E
:109C0000B5FE00BF00BF0020A0E700002E2E5C4D77
:109C10006964646C6577617265735C5468697264C9
:109C20005F50617274795C4C7749505C7372635C0D
:109C3000636F72655C706275662E63007062756634
:109C40005F74616B653A20696E76616C696420624D
:109C500075660000417373657274696F6E2022250A
:109C60007322206661696C6564206174206C696E82
:109C70006520256420696E2025730A007062756670
:109C80005F74616B653A20696E76616C696420640B
:109C90006174617074720000706275665F74616BEC
:109CA000653A20627566206E6F74206C617267651C
:109CB00020656E6F75676800706275665F74616BB2
:109CC000653A20696E76616C696420706275660021
:109CD000646964206E6F7420636F707920616C6CAE
:109CE00020646174610000002DE9F041044600BF6A
:109CF0003B480068844208D200BF3AA340F2DF121A
:109D000044A14AA0F8F732FE00BF00BF00BF51488F
:109D10000068844208D300BF32A34FF4F0724EA112
:109D200042A0F8F723FE00BF00BF00BF2079002843
:109D300008D000BF2BA340F2E1124EA13BA0F8F7E0
:109D400015FE00BF00BF00BF2088B0F5205F08D916
:109D500000BF24A34FF4F2724DA134A0F8F706FE21
:109D600000BF00BF208800F0ABF80546AC4219D018
:109D70002879B8B937480068854213D04F48006841
:109D8000A84201D14D480460288820802888B0F579
:109D9000205F07D02046FEF775F80746288800F0B8
:109DA0008FF84780608800F08BF80646A64215D0F1
:109DB000307998B941480068A04201D13F48066017
:109DC000208830802088B0F5205F07D03046FEF72D
:109DD00059F80746208800F073F84780BDE8F08105
:109DE0007C0000202E2E5C4D6964646C6577617286
:109DF00065735C54686972645F50617274795C4C1D
:109E00007749505C7372635C636F72655C6D656DFE
:109E10002E630000706C75675F686F6C65733A2025
:109E20006D656D203E3D2072616D0000417373656C
:109E30007274696F6E2022257322206661696C65D9
:109E400064206174206C696E6520256420696E2031
:109E500025730A0080000020706C75675F686F6C66
:109E600065733A206D656D203C2072616D5F656E93
:109E700064000000706C75675F686F6C65733A20F2
:109E80006D656D2D3E75736564203D3D203000008D
:109E9000706C75675F686F6C65733A206D656D2DCA
:109EA0003E6E657874203C3D204D454D5F53495AC8
:109EB000455F414C49474E45440000008400002066
:109EC0000146024800680844704700007C000020FA
:109ED0002DE9F04100F026F8074600BF0F4804685E
:109EE0000CB9BDE8F0816068381AB0F1004F01D3B9
:109EF000012000E0002000B1F3E708492068086075
:109F0000A568E66806496068086021460620FEF7F5
:109F1000DBF80DB13046A847E0E700000001002063
:109F20000401002010B5F7F7B1FB10BD2DE9F04199
:109F300004460E46174600BFB4F1804F08D300BF59
:109F400009A340F2291215A122A0F8F70FFD00BFC6
:109F500000BFFFF7E7FF05193A463146284600F0F3
:109F60004DF8BDE8F08100002E2E5C4D6964646CF4
:109F70006577617265735C54686972645F50617281
:109F800074795C4C7749505C7372635C636F726583
:109F90005C74696D656F7574732E630054696D65CB
:109FA0006F75742074696D6520746F6F206C6F6EAF
:109FB000672C206D6178206973204C5749505F559C
:109FC000494E5433325F4D41582F34206D736563D1
:109FD00073000000417373657274696F6E202225EF
:109FE0007322206661696C6564206174206C696EFF
:109FF0006520256420696E2025730A002DE9F04153
:10A0000006460F4690460620FEF72CF90446002C23
:10A010000CD100BF07D100BF20A3BE222CA13CA0C1
:10A02000F8F7A4FC00BF00BFBDE8F081002020606D
:10A03000A760C4F80C8066603F48006810B93E48CD
:10A040000460F1E73C49606809684968401AB0F16A
:10A05000004F01D3012000E0002028B136480068FD
:10A0600020603548046017E03348056811E028682F
:10A0700050B1606829684968401AB0F1004F01D3B7
:10A08000012000E0002018B1286820602C6002E068
:10A090002D68002DEBD100BF00BFC5E72E2E5C4D13
:10A0A0006964646C6577617265735C546869726435
:10A0B0005F50617274795C4C7749505C7372635C79
:10A0C000636F72655C74696D656F7574732E630080
:10A0D0007379735F74696D656F75743A2074696D17
:10A0E000656F757420213D204E554C4C2C20706FAF
:10A0F0006F6C204D454D505F5359535F54494D454A
:10A100004F555420697320656D707479000000000C
:10A11000417373657274696F6E2022257322206605
:10A1200061696C6564206174206C696E65202564CA
:10A1300020696E2025730A000001002010B501245B
:10A1400008E0064901EBC40251F834000449FFF766
:10A15000EDFE641C052CF4D310BD0000681C010842
:10A16000A57700082DE9FF5F04460E4600BF002CCE
:10A170000AD100BF40A340F23D224BA151A0F8F705
:10A18000F5FB00BFBDE8FF9F00BF00BF207D012899
:10A1900008D100BF38A34FF4107254A149A0F8F7BA
:10A1A000E5FB00BF00BF207D0A2807D121465C489F
:10A1B00003F09CFA204601F0F3F85AE04FF0000A51
:10A1C000D346276DD4F82480D4F88C50D4F810905E
:10A1D000207DE8B9E08A38B300BF52480068A04249
:10A1E00005D150480068C0684E4908600DE04D49EF
:10A1F000086806E0C168A14202D1E168C16002E0DE
:10A20000C0680028F6D100BF00BF0020E0600BE06E
:10A21000B246B4F816B000BF2146434803F066FAD0
:10A2200001204249087000BF206F10B1206F05F077
:10A230005AF8E06E10B1E06E05F055F8BAF1000F73
:10A240000AD0208B211D23464246CDE9001B0290F7
:10A250003946204604F0A6FF207D0390204601F0F9
:10A260009FF800BF1DB16FF00C014846A84700BF22
:10A2700000BF00BF86E700002E2E5C4D6964646C51
:10A280006577617265735C54686972645F5061726E
:10A2900074795C4C7749505C7372635C636F726570
:10A2A0005C7463702E6300007463705F6162616E42
:10A2B000646F6E3A20696E76616C696420706362C7
:10A2C00000000000417373657274696F6E2022256F
:10A2D0007322206661696C6564206174206C696E0C
:10A2E0006520256420696E2025730A00646F6E273F
:10A2F000742063616C6C207463705F61626F727450
:10A300002F7463705F6162616E646F6E20666F723E
:10A31000206C697374656E2D7063627300000000B9
:10A32000CC000020C0000020C8000020D000002089
:10A3300010B5044601212046FFF714FF10BD28B1D7
:10A34000027D012A02D10246916100BF70470000E0
:10A3500070B505460C46164600BF002C08D100BF5C
:10A3600007A340F20F3212A119A0F8F7FFFA00BFBD
:10A3700000BF2046FFF7DCFF6FF00C0070BD00004F
:10A380002E2E5C4D6964646C6577617265735C54F4
:10A39000686972645F50617274795C4C7749505C93
:10A3A0007372635C636F72655C7463702E6300002C
:10A3B0007463705F6163636570745F6E756C6C3A33
:10A3C00020696E76616C6964207063620000000031
:10A3D000417373657274696F6E2022257322206643
:10A3E00061696C6564206174206C696E6520256408
:10A3F00020696E2025730A0070B505460120FDF71F
:10A4000031FF04461CBB01F035F901F0E1FE0120EB
:10A41000FDF728FF0446CCB9092001F071FE0120A8
:10A42000FDF720FF044684B9082001F069FE0120F1
:10A43000FDF718FF04463CB9284601F02DFE012027
:10A44000FDF710FF044600BF00BF00BF00BF3CB3D4
:10A4500098212046F5F71FFF1434657041F2D06053
:10A46000A4F850004010E082A082FF2004F8090CFC
:10A470004FF40670E0830620A0856085C01FA0838E
:10A480000120A08607480068E06007480078A072B5
:10A4900041F2D060E0860548E0660548E067143C7C
:10A4A000204670BDBC000020D200002065EA0008F4
:10A4B00000DD6D0000B10161704700002DE9F0473B
:10A4C00005460C4617464FF0040904B92E4C00BF50
:10A4D000002D0CD100BF2DA340F2A92237A13DA031
:10A4E000F8F744FA00BF6FF00F00BDE8F08700BF37
:10A4F00000BF287D00280BD000BF24A340F2AB2270
:10A500003EA134A0F8F732FA00BF6FF00500ECE787
:10A5100000BF37B902F05EF907460FBB6FF00100CC
:10A52000E3E74FF0000819E03E4850F828000668BD
:10A5300010E0F08AB8420CD146B1306830B12CB18D
:10A54000206818B130682168884202D16FF0070096
:10A55000CBE7F668002EECD108F10108C845E3DB33
:10A5600034B1206820B10CB9002000E020682860D8
:10A57000EF8200BF2C480068E8602B48056005F0BA
:10A5800097FD00BF0020B0E7741B01082E2E5C4D24
:10A590006964646C6577617265735C546869726440
:10A5A0005F50617274795C4C7749505C7372635C84
:10A5B000636F72655C7463702E6300007463705F18
:10A5C00062696E643A20696E76616C6964207063BA
:10A5D00062000000417373657274696F6E202225FA
:10A5E0007322206661696C6564206174206C696EF9
:10A5F0006520256420696E2025730A007463705FEE
:10A6000062696E643A2063616E206F6E6C792062BD
:10A61000696E6420696E20737461746520434C4FC9
:10A6200053454400581C0108C000002010B50446E2
:10A6300000BF002C0BD100BF0CA34FF4F47217A184
:10A640001CA0F8F793F900BF6FF00F0010BD00BF1A
:10A65000207D012805D000BF608B40F01000608392
:10A6600000BF0121204600F039F8EFE72E2E5C4DA7
:10A670006964646C6577617265735C54686972645F
:10A680005F50617274795C4C7749505C7372635CA3
:10A69000636F72655C7463702E6300007463705F37
:10A6A000636C6F73653A20696E76616C69642070C3
:10A6B00063620000417373657274696F6E202225B6
:10A6C0007322206661696C6564206174206C696E18
:10A6D0006520256420696E2025730A003EB5044676
:10A6E0000D4600BF002C08D100BF55A34FF4AF7238
:10A6F0005FA167A0F8F73AF900BF00BF002D57D05F
:10A70000207D042802D0207D072851D1606F20B918
:10A71000208D40F6683188424AD000BFA07E00F00C
:10A72000100040B900BF46A34FF4B27262A158A016
:10A73000F8F71CF900BF00BF208BE18A221DCDE98C
:10A740000021029023462046626A216D04F02AFD12
:10A75000204602F061FF00BF00BF5E480068A042D3
:10A7600005D15C480068C0685A4908600DE0594945
:10A77000086806E0C168A14202D1E168C16002E058
:10A78000C0680028F6D100BF00BF0020E06000BF15
:10A7900001205149087000BF50480068A04202D112
:10A7A00005F056FD02E0204600F0FAFD00203EBD17
:10A7B000207D20B1012824D002283AD12CE0E08A63
:10A7C000D8B100BF46480068A04205D1444800689F
:10A7D000C068434908600DE04149086806E0C16867
:10A7E000A14202D1E168C16002E0C0680028F6D150
:10A7F00000BF00BF0020E06000BF204600F0D0FD99
:10A800001BE0204601F002FD2146364802F06EFFB3
:10A81000204600F0BDFE10E000BF21462D4802F0AA
:10A8200065FF01202C49087000BF204600F0B8FDEC
:10A8300003E0204600F058F8B9E700BF0020B6E773
:10A840002E2E5C4D6964646C6577617265735C542F
:10A85000686972645F50617274795C4C7749505CCE
:10A860007372635C636F72655C7463702E63000067
:10A870007463705F636C6F73655F73687574646F26
:10A88000776E3A20696E76616C696420706362004D
:10A89000417373657274696F6E202225732220667E
:10A8A00061696C6564206174206C696E6520256443
:10A8B00020696E2025730A007063622D3E666C610C
:10A8C000677320262054465F5258434C4F534544EB
:10A8D00000000000C8000020D0000020FC00002084
:10A8E000C0000020C400002070B5054600BF45B977
:10A8F00000BF1EA34FF4CE7228A12BA0F8F736F8A4
:10A9000000BF00BF287D032804D004280AD00728F0
:10A9100018D10FE0284604F093FD04460CB9052039
:10A92000287511E0284604F08BFD04460CB905207B
:10A93000287509E0284604F083FD04460CB9092077
:10A94000287501E0002070BD00BF1CB9284601F049
:10A95000CDFF09E0601C38B900BF688B40F00800EB
:10A96000688300BF0020EEE72046ECE72E2E5C4D0A
:10A970006964646C6577617265735C54686972645C
:10A980005F50617274795C4C7749505C7372635CA0
:10A99000636F72655C7463702E6300007063622085
:10A9A000213D204E554C4C00417373657274696FA4
:10A9B0006E2022257322206661696C6564206174B3
:10A9C000206C696E6520256420696E2025730A005D
:10A9D0002DE9F05F80460D4691469A460A9F00BFDA
:10A9E000B8F1000F07D100BF40A3A3224CA154A08F
:10A9F000F7F7BCFF00BF00BF00BF002D07D100BFAD
:10AA00003AA3A42258A14EA0F7F7B0FF00BF00BFA1
:10AA100007F0010008B1042000E0002007F0020167
:10AA200009B1002100E00021084407F0080109B144
:10AA3000002100E00021084407F0100109B10021C5
:10AA400000E0002146180320FDF70CFC041E05D190
:10AA50002846FEF7DDFD0020BDE8F09FA77200202C
:10AA60002060656000BF2889B04207DA00BF1FA3DD
:10AA7000B02246A132A0F7F779FF00BF00BF2889B6
:10AA8000801B208114212846FEF7A6F820B120461D
:10AA900004F01CFC0020DFE760684068E060B8F864
:10AAA0001600FCF7B4FEE1680880B8F81800FCF75F
:10AAB000AEFEE16848805046FCF79CFEE1684860C5
:10AAC000B346F11706EB91718910491D4FF6FF72DD
:10AAD00002EA013141EA0900FCF799FEE168888148
:10AAE0000020E16848822046B6E700002E2E5C4D2B
:10AAF0006964646C6577617265735C5468697264DB
:10AB00005F50617274795C4C7749505C7372635C1E
:10AB1000636F72655C7463705F6F75742E630000A1
:10AB20007463705F6372656174655F7365676D659B
:10AB30006E743A20696E76616C696420706362009D
:10AB4000417373657274696F6E20222573222066CB
:10AB500061696C6564206174206C696E6520256490
:10AB600020696E2025730A007463705F63726561EB
:10AB700074655F7365676D656E743A20696E7661A2
:10AB80006C6964207062756600000000702D3E7470
:10AB90006F745F6C656E203E3D206F70746C656EE7
:10ABA000000000002DE9F84307460C4690460121BD
:10ABB000204604F03DFD0C20FDF710F805461E4828
:10ABC0000560002D2ED0012028706C600020687078
:10ABD000A86029462046FFF76DFC1849204603F07F
:10ABE000EBFE1749204600F037FB012215492046AD
:10ABF00002F04EFE207914490870A088000A4870BF
:10AC00006068000C88706068000EC8700846C078E4
:10AC1000009008468378427801780CA0F7F7A6FEEA
:10AC2000002605E02946204600F020F84FF0FF36C8
:10AC30003046BDE8F883000038000020F1AC000881
:10AC4000ADAC0008BFAC00083C000020C1ACBDD3D7
:10AC5000B5C4B5E7C4D4B6CB4950CEAAA3BA2564CF
:10AC60002025642025642025640A000070B505466F
:10AC70000C4600212846FFF71DFC0021284604F061
:10AC80004FFC0021284603F097FE0021284600F0E3
:10AC9000E3FA00221146284602F0FAFD14B12046DC
:10ACA000FCF760FE2846FFF7C1FC70BD70B5044696
:10ACB0000E46254615B12846FCF754FE70BD2DE919
:10ACC000F04105460F462C4654B1A06830B92078B3
:10ACD000032803D121463846FFF7C8FF002604E0C9
:10ACE0003846FFF725FB6FF00C063046BDE8F081D3
:10ACF0002DE9F05F81468B4614469A46002700BF37
:10AD0000B9F1000F07D100BF39A3ED223EA141A048
:10AD1000F7F72CFE00BF00BF4D4654B90320287042
:10AD2000A86818B929465846FFF7A0FF4FF0000859
:10AD30005BE0BAF1000F07D024B10020A8602046E4
:10AD4000FEF766FCD04650E02878012833D1002C6D
:10AD50002ED064213948F5F79EFA26461CE070890A
:10AD6000C7F16401884207D9C7F16402334BD8198F
:10AD70007168F5F769FA05E07289304BD819716886
:10AD8000F5F762FA2D492EA0F7F7F0FD7089074418
:10AD9000642F00D902E03668002EE0D100BF21897F
:10ADA000584603F0C1FE2046FEF732FC4FF0000883
:10ADB0004FF0000819E0287803280BD12189584664
:10ADC00003F0B2FE0020A8602046FEF721FC4FF001
:10ADD00000080AE02189584603F0A6FE0020A8607A
:10ADE0002046FEF715FC4FF000084046BDE8F09FF6
:10ADF0002E2E5C5372635C7463705F6563686F735F
:10AE000065727665722E630061726720213D204E67
:10AE1000554C4C00417373657274696F6E20222526
:10AE20007322206661696C6564206174206C696EB0
:10AE30006520256420696E2025730A0012350020E4
:10AE40007463705F7365727665725F726563766254
:10AE500075663D25730A00002DE9F04780460C46D3
:10AE6000002623E0A5686A8901234046696805F049
:10AE700085FA0646A6B9B5F80A902868A060A068C9
:10AE800010B1A068FEF784FD00BF2846FEF7C0FBA6
:10AE90000746002FF9D04946404603F045FE05E03D
:10AEA000701C18B9A560404601F020FD3EB9A068AD
:10AEB00028B1A0684089B8F864108842D2DDBDE8A6
:10AEC000F08700002DE9F04106460D46174600BF09
:10AED000002F08D100BF10A340F6C5021AA124A07C
:10AEE000F7F744FD00BF00BF15B93046BDE8F0815B
:10AEF0002C8D74B12820844202DD211A89B200E031
:10AF000000218846464501DA314600E041460E46BA
:10AF100000BF3046EAE700002E2E5C4D6964646C89
:10AF20006577617265735C54686972645F506172C1
:10AF300074795C4C7749505C7372635C636F7265C3
:10AF40005C7463702E6300007463705F6566665F97
:10AF500073656E645F6D73735F6E657469663A20C6
:10AF6000696E76616C6964206473745F6970000057
:10AF7000417373657274696F6E2022257322206697
:10AF800061696C6564206174206C696E652025645C
:10AF900020696E2025730A002DE9F84304460D460A
:10AFA0000027B94600BF05F0030040B900BF60A309
:10AFB00040F211426B496CA0F7F7D8FC00BF00BF0C
:10AFC00000BF002C08D100BF59A340F2134270A16A
:10AFD00065A0F7F7CBFC00BF00BF05F0020000B191
:10AFE000012707F0010008B1042000E0002007F06D
:10AFF000020109B1002100E00021084407F0080126
:10B0000009B1002100E00021084407F0100109B156
:10B01000002100E0002100EB01094FF420724946B5
:10B020003620FDF757FEB0F1000809D100BF608B54
:10B0300040F08000608300BF4FF0FF30BDE8F88330
:10B0400000BFB8F80A00484508DA00BF38A340F24C
:10B05000394257A144A0F7F789FC00BF00BF009711
:10B060002A4641462046E36DFFF7B2FC061E07D193
:10B0700000BF608B40F08000608300BF701EDDE782
:10B0800000BF307B00F0030040B100BF28A340F2B6
:10B09000424256A134A0F7F769FC00BF00BF00BFD1
:10B0A000308940B100BF22A340F2434255A12EA0F7
:10B0B000F7F75CFC00BF00BFE06E08B9E66607E08A
:10B0C000E06E00E0006801680029FBD1066000BF67
:10B0D0000020A4F8680005F0020010B905F0010096
:10B0E00010B1E06D401CE06505F0010028B100BF23
:10B0F000608B40F02000608300BF7068FEF773F83B
:10B1000034F8661F0844208034F8660970B100BF27
:10B11000206F50B9E06E40B900BF05A340F2654210
:10B1200043A111A0F7F722FC00BF00BF002085E774
:10B130002E2E5C4D6964646C6577617265735C5436
:10B14000686972645F50617274795C4C7749505CD5
:10B150007372635C636F72655C7463705F6F757448
:10B160002E630000F81D0108417373657274696FE6
:10B170006E2022257322206661696C6564206174EB
:10B18000206C696E6520256420696E2025730A0095
:10B190007463705F656E71756575655F666C616718
:10B1A000733A20696E76616C696420706362000096
:10B1B0007463705F656E71756575655F666C6167F8
:10B1C000733A20636865636B2074686174206669F4
:10B1D00072737420706275662063616E20686F6C94
:10B1E00064206F70746C656E000000007365672DDD
:10B1F0003E746370686472206E6F7420616C69675E
:10B200006E6564007463705F656E71756575655F0A
:10B21000666C6167733A20696E76616C696420734D
:10B2200065676D656E74206C656E677468000000FC
:10B230007463705F656E71756575655F666C616777
:10B24000733A20696E76616C696420717565756505
:10B25000206C656E6774680070B504460D46002C5E
:10B260000FD000BF207D012808D100BF05A340F604
:10B270000D0210A119A0F7F779FB00BF00BFC4F8B9
:10B280008C5070BD2E2E5C4D6964646C6577617264
:10B2900065735C54686972645F50617274795C4C68
:10B2A0007749505C7372635C636F72655C74637042
:10B2B0002E630000696E76616C696420736F636B46
:10B2C000657420737461746520666F722065727294
:10B2D0002063616C6C6261636B0000004173736595
:10B2E0007274696F6E2022257322206661696C6515
:10B2F00064206174206C696E6520256420696E206D
:10B3000025730A0070B523480078401C2149087055
:10B3100000BF2148046839E0A07F1E4909788842AF
:10B3200033D01C480078A077A07E00F0010078B1EF
:10B3300000BF608B40F00200608300BF204601F038
:10B34000D5FA00BF608B4FF6FC710840608300BFE8
:10B35000A07E00F0080048B100BF608B4FF6F77187
:10B360000840608300BF2046FFF7BEFAE568606FC3
:10B3700048B1002009490870204602F099FE0748AC
:10B38000007800B1C5E72C4600E0E468002CC3D18A
:10B3900070BD0000D2000020C8000020D0000020B6
:10B3A00010B5044600BF207D012807D100BF06A3C9
:10B3B000D42211A115A0F7F7D9FA00BF00BF21468A
:10B3C0000120FCF781FE10BD2E2E5C4D6964646C7B
:10B3D0006577617265735C54686972645F5061720D
:10B3E00074795C4C7749505C7372635C636F72650F
:10B3F0005C7463702E6300007463705F66726565D1
:10B400003A204C495354454E000000004173736587
:10B410007274696F6E2022257322206661696C65E3
:10B4200064206174206C696E6520256420696E203B
:10B4300025730A002DE9F04705460C4691469846CB
:10B4400035E0264624687068FDF7CDFE074600BF4C
:10B45000B5F86600B84208DA00BF22A340F25742AE
:10B460002DA137A0F7F782FA00BF00BF35F8660FAD
:10B47000C01B288030893C49098808443A49088023
:10B48000304603F023FF35F8660900280FD000BFCF
:10B49000002C0BD1B8F1000F08D100BF11A340F26E
:10B4A000614232A126A0F7F761FA00BF00BFB4B134
:10B4B000E1684868FCF79EF98246E1688889FCF7F4
:10B4C000A6F900F0030008B1012000E00020218966
:10B4D000084450442D490968401A0028B1DD20462F
:10B4E000BDE8F0872E2E5C4D6964646C65776172EF
:10B4F00065735C54686972645F50617274795C4C06
:10B500007749505C7372635C636F72655C746370DF
:10B510005F696E2E630000007063622D3E736E647F
:10B520005F71756575656C656E203E3D2070627556
:10B53000665F636C656E286E6578742D3E702900B9
:10B54000417373657274696F6E20222573222066C1
:10B5500061696C6564206174206C696E6520256486
:10B5600020696E2025730A00F00000207463705F6C
:10B57000726563656976653A2076616C69642071ED
:10B5800075657565206C656E67746800EC00002059
:10B5900010B5044600BF207D012807D100BF06A3D7
:10B5A000DF2211A117A0F7F7E1F900BF00BF214684
:10B5B0000220FCF789FD10BD2E2E5C4D6964646C81
:10B5C0006577617265735C54686972645F5061721B
:10B5D00074795C4C7749505C7372635C636F72651D
:10B5E0005C7463702E6300007463705F66726565DF
:10B5F0005F6C697374656E3A20214C495354454E13
:10B6000000000000417373657274696F6E2022251B
:10B610007322206661696C6564206174206C696EB8
:10B620006520256420696E2025730A000D48018875
:10B630000088401C0B4A10800B48006818B10B486A
:10B640000088814205DA0A48006800F11402505C63
:10B65000704706480078081AC2B203480068805C48
:10B66000F6E70000E4000020E0000020DE000020FB
:10B67000D800002070B50B48046810E0E568A07E93
:10B6800000F0080048B100BF608B4FF6F77108402A
:10B69000608300BF2046FFF727F92C4600BF002C2F
:10B6A000ECD170BDC800002010B5F4F7BBFDC0F3AD
:10B6B0000D0000F540400149088010BDB800002091
:10B6C0002DE9FE4F05468B4600BF002D07D100BF78
:10B6D000E2A38322EEA1F4A0F7F748F900BF00BF70
:10B6E000FB49686808606889142800DAC7E3F94AEA
:10B6F00011685069FAF7B2FD28B9F648007D00F0EC
:10B70000F000E02800D1BAE3F14909688889FCF724
:10B710007EF800138700142F02DB2889B84200DA74
:10B72000ADE3A7F11400EC4908800020EB49086064
:10B730006889B84208DBE8480088E949088039464A
:10B740002846FEF773F94AE000BF286838B900BF01
:10B75000C2A3C222E3A1D4A0F7F708F900BF00BF3B
:10B7600014212846FEF762F96889DD490880DA4825
:10B7700000880988401A1FFA80FAD94801882846AB
:10B78000FEF754F928684089504500DA77E32868C5
:10B790004068D249086051462868FEF747F9288971
:10B7A000A0EB0A00288100BF688938B100BFABA3B5
:10B7B000DF22D0A1BCA0F7F7D9F800BF00BF00BFBF
:10B7C000288929680989884207D000BFA3A3E022FD
:10B7D000CBA1B5A0F7F7CAF800BF00BF00BFBC49B6
:10B7E00009680888FCF713F8B94909680880B8495E
:10B7F00009684888FCF70BF8B54909684880B449DE
:10B8000009684868FBF7F6FFB14909684860C44910
:10B810000860AF4909688868FBF7ECFFAC49096824
:10B820008860C0490860AA490968C889FBF7EFFF2A
:10B83000A7490968C881A64909688889FBF7E7FF15
:10B8400000F03F00B84908702889B8490880B64818
:10B85000007800F0030040B108460088401C0880D2
:10B8600028890988884200DD09E34FF00009B048C3
:10B87000046873E000BF207D38B900BF77A3FB22C6
:10B88000ACA189A0F7F772F800BF00BF00BF207D10
:10B890000A2807D100BF71A3FC22B0A182A0F7F74C
:10B8A00065F800BF00BF00BF207D012807D100BFA1
:10B8B0006AA3FD22B4A17CA0F7F758F800BF00BF2F
:10B8C000207A50B1217A8348406890F83400401CB7
:10B8D000C0B2814201D0A1463FE0208B7C4909687B
:10B8E0000988884237D1E08A7949096849888842BD
:10B8F00031D178496068096988422CD1754920683E
:10B900004969884227D100BFE068A04208D100BF42
:10B9100052A340F20D12A6A163A0F7F727F800BFCB
:10B9200000BFB9F1000F07D0E068C9F80C008048EB
:10B930000068E0607E48046000BFE068A04208D173
:10B9400000BF46A340F21512A4A157A0F7F70EF8C6
:10B9500000BF00BF04E0A14600BFE468002C89D10D
:10B9600000BF002C78D1A848046839E000BF207DD2
:10B970000A2808D000BF39A340F21F12A3A14AA091
:10B98000F6F7F4FF00BF00BF207A48B1217A514892
:10B99000406890F83400401CC0B2814200D01EE0E4
:10B9A000208B4B4909680988884217D1E08A4849A9
:10B9B00009684988884211D1464960680969884206
:10B9C0000CD1444920684969884207D1204604F0D7
:10B9D0008BFB2846FDF71CFEBDE8FE8F00BFE46828
:10B9E000002CC3D1A146954806681FE0307A50B1BB
:10B9F000317A3848406890F83400401CC0B2814227
:10BA000001D0B14611E0F08A31490968498888427D
:10BA100009D1304930684969884200D108E00EB147
:10BA2000306800B904E0B14600BFF668002EDDD1F1
:10BA300000BF8EB1B9F1000F07D0F068C9F80C0053
:10BA40007E480068F0607D480660304600F048FCA3
:10BA50002846FDF7DDFDBFE7F2E000002E2E5C4D2D
:10BA60006964646C6577617265735C54686972645B
:10BA70005F50617274795C4C7749505C7372635C9F
:10BA8000636F72655C7463705F696E2E63000000A3
:10BA90007463705F696E7075743A20696E76616C5C
:10BAA0006964207062756600417373657274696FB2
:10BAB0006E2022257322206661696C6564206174A2
:10BAC000206C696E6520256420696E2025730A004C
:10BAD000D8000020DC360020DC000020E000002040
:10BAE000DE000020702D3E6E65787420213D204ED2
:10BAF000554C4C00702D3E6C656E203D3D20300055
:10BB0000702D3E746F745F6C656E203D3D20702D0E
:10BB10003E6E6578742D3E746F745F6C656E0000C8
:10BB2000E8000020EC000020F4000020F2000020DB
:10BB3000C80000207463705F696E7075743A20618C
:10BB40006374697665207063622D3E7374617465F9
:10BB500020213D20434C4F53454400007463705FE7
:10BB6000696E7075743A20616374697665207063DC
:10BB7000622D3E737461746520213D2054494D450A
:10BB80002D574149540000007463705F696E7075F1
:10BB9000743A20616374697665207063622D3E7328
:10BBA0007461746520213D204C495354454E00007A
:10BBB0007463705F696E7075743A207063622D3EB5
:10BBC0006E65787420213D2070636220286265666E
:10BBD0006F72652063616368652900007463705F3C
:10BBE000696E7075743A207063622D3E6E6578746C
:10BBF00020213D2070636220286166746572206395
:10BC00006163686529000000CC0000207463705FE8
:10BC1000696E7075743A2054494D452D5741495409
:10BC2000207063622D3E7374617465203D3D205425
:10BC3000494D452D5741495400000000C4000020E3
:10BC4000002C71D00020904908602889088108469E
:10BC500045608E480068C86000208D4908608D49A5
:10BC600008708D4908808D48007800F0080018B1F0
:10BC7000687B40F001006873606F80B1204602F07D
:10BC800017FA0D3028B1606F48B185480088002848
:10BC900005DD608D10B9204603F032FBBBE0814822
:10BCA0000460204601F062FE804608F10D00002885
:10BCB00016D07848007800F0080090B100BFD4F8A2
:10BCC0008C0028B16FF00D01D4F88C2020699047CA
:10BCD00000BF2146744801F009FD2046FFF760FBD4
:10BCE00098E04FF000086C480088002817DD6A488B
:10BCF000B0F800A000BFE06F30B152462146E36FBC
:10BD000020699847804601E04FF0000800BF08F125
:10BD10000D0000B97FE000205F49088000BF204689
:10BD200000F0D8F808B176E085E059480068A8B37B
:10BD300000BF606F50B100BFAFF2E0234FF4F37269
:10BD40005AA1AFF29C20F6F711FE00BF00BFA07E03
:10BD500000F0100038B14E480068FDF759FC20464D
:10BD6000FEF7E6FA57E000BFD4F8800048B10023A0
:10BD70004749D4F880C020690A682146E0478046D8
:10BD800007E00023424821460268184602F06AFE96
:10BD9000804600BF08F10D0008B93CE005E0B8F1AD
:10BDA000000F02D03A48006860673A48007800F017
:10BDB000200020B3606F30B1606F407B40F0200006
:10BDC000616F48731BE0208D40F66831884202D0D5
:10BDD000208D401C208500BFD4F8800040B1002396
:10BDE0001A462146D4F880C02069E047804601E029
:10BDF0004FF0000800BF08F10D0000B90BE0002073
:10BE000028490860204600F065F800B103E02046AC
:10BE100000F06CFD00BF0020224908601C4908604A
:10BE20001948406840B318494868FDF7F1FB002005
:10BE30001549486020E0154909688889FBF7E7FC47
:10BE400000F00400A8B91148006800880F4909688B
:10BE500049881D4ACDE9002102901C48006810491C
:10BE600009884218184B1B1D19480168002003F06F
:10BE700099F92846FDF7CCFB00BF00BFACE528468A
:10BE8000FDF7C6FB00BFA7E5A87A0020D800002078
:10BE9000F8000020F5000020F0000020F400002051
:10BEA000F2000020FC000020C80000207063622D1A
:10BEB0003E726566757365645F64617461203D3DC3
:10BEC000204E554C4C000000EC360020E8000020CD
:10BED000EC00002010B5044600BF002C08D100BFC4
:10BEE00013A340F25A221FA128A0F6F73FFD00BF7E
:10BEF00000BF3048007800F01000B8B1A07E00F01C
:10BF0000100050B900BFD4F88C0028B16FF00E01BA
:10BF1000D4F88C202069904700BF2146264801F0C4
:10BF2000E5FB2046FFF73CFA012010BD0020FCE7AE
:10BF30002E2E5C4D6964646C6577617265735C5428
:10BF4000686972645F50617274795C4C7749505CC7
:10BF50007372635C636F72655C7463705F696E2E8D
:10BF6000630000007463705F696E7075745F646570
:10BF70006C617965645F636C6F73653A20696E7696
:10BF8000616C696420706362000000004173736536
:10BF90007274696F6E2022257322206661696C6558
:10BFA00064206174206C696E6520256420696E20B0
:10BFB00025730A00F5000020C80000202DE9F0419B
:10BFC0000446002600BF002C08D100BF14A340F691
:10BFD000240220A126A0F6F7C9FC00BF00BF216DF6
:10BFE000481EFBF707FC80464346002231462046A8
:10BFF00000F02EFE05461DB94FF0FF30BDE8F08180
:10C00000334600222946204600F0A0FF231D224689
:10C010002946204600F01CFF07463846EEE70000A0
:10C020002E2E5C4D6964646C6577617265735C5437
:10C03000686972645F50617274795C4C7749505CD6
:10C040007372635C636F72655C7463705F6F757449
:10C050002E6300007463705F6B656570616C697658
:10C06000653A20696E76616C6964207063620000D5
:10C07000417373657274696F6E2022257322206686
:10C0800061696C6564206174206C696E652025644B
:10C0900020696E2025730A002DE9F04107467F2FA5
:10C0A00001DD7F2000E0384606460EB9BDE8F0818C
:10C0B000701EC6B24FF0000800250F48046813E058
:10C0C000607DB04208DB607DB0420CD10B49206A34
:10C0D0000968081A404506D30849206A0968A1EB97
:10C0E00000082546667DE468002CE9D115B1284694
:10C0F000FEF71EF900BFD9E7C8000020BC000020F1
:10C100002DE9F041054600BF082D0AD0092D08D0C1
:10C1100000BF13A340F2DD621DA121A0F6F726FCAB
:10C1200000BF00BF00270026274804680EE0207DDE
:10C13000A8420AD12549206A0968081AB84204D3DE
:10C140002249206A09680F1A2646E468002CEED1BD
:10C150001EB100213046FEF705F8BDE8F081000071
:10C160002E2E5C4D6964646C6577617265735C54F6
:10C17000686972645F50617274795C4C7749505C95
:10C180007372635C636F72655C7463702E6300002E
:10C19000696E76616C696420737461746500000077
:10C1A000417373657274696F6E2022257322206655
:10C1B00061696C6564206174206C696E652025641A
:10C1C00020696E2025730A00C8000020BC000020F2
:10C1D00070B5002600250B4804680BE00A49206A68
:10C1E0000968081AB04204D30749206A09680E1A80
:10C1F0002546E468002CF1D115B12846FEF798F8E1
:10C2000070BD0000CC000020BC00002070B50446CA
:10C2100000BF44B900BF12A340F211121CA11FA01D
:10C22000F6F7A4FB00BF00BF00BF207D012808D0A7
:10C2300000BF0BA34FF4897222A118A0F6F796FB5A
:10C2400000BF00BF012507E0244951F82510086808
:10C25000214602F0F9FC6D1C042DF5D370BD0000E1
:10C260002E2E5C4D6964646C6577617265735C54F5
:10C27000686972645F50617274795C4C7749505C94
:10C280007372635C636F72655C7463702E6300002D
:10C2900070636220213D204E554C4C004173736504
:10C2A0007274696F6E2022257322206661696C6545
:10C2B00064206174206C696E6520256420696E209D
:10C2C00025730A007063622D3E7374617465203DAE
:10C2D0003D204C495354454E00000000581C0108B5
:10C2E0002DE9FE4305465448007800F0040008B1EB
:10C2F000BDE8FE8300BF002D08D100BF4FA340F270
:10C3000081225BA162A0F6F731FB00BF00BF4A4863
:10C31000007800F01000B0B16748006800886649F6
:10C3200009684988654ACDE900210290644800689F
:10C33000644909884218614B1B1D634801682846FF
:10C3400002F030FF75E03C48007800F00200002861
:10C350006FD0687DFEF750F8044674B900BFA86935
:10C3600038B14FF0FF320021AB6928699847804609
:10C3700001E06FF00F0800BFBAE75048103840697D
:10C3800020604E48103800696060E88AE0824A48C0
:10C390000068008820830320207549480068401CFD
:10C3A0006062606AE062204600F048FA0646A665D0
:10C3B00026656664E66542480068401E6065286937
:10C3C0002061A567687A00F00C006072287A2072FC
:10C3D00000BF00BF3D480068E0603C48046003F0D7
:10C3E00067FE00BF01203A49087000BF204600F0F8
:10C3F000BFFF31480068C08924F8600F2088608042
:10C40000603C201DFAF71EFC8046608E221D4146CE
:10C41000FEF758FD608612212046FEF7BDFD074657
:10C4200027B100212046FDF79DFE61E7204600F080
:10C430005DFA00BF5CE70000F40000202E2E5C4D8A
:10C440006964646C6577617265735C546869726471
:10C450005F50617274795C4C7749505C7372635CB5
:10C46000636F72655C7463705F696E2E63000000B9
:10C470007463705F6C697374656E5F696E707574F8
:10C480003A20696E76616C69642070636200000016
:10C49000417373657274696F6E2022257322206662
:10C4A00061696C6564206174206C696E6520256427
:10C4B00020696E2025730A00D8000020EC36002089
:10C4C000E8000020F2000020EC000020C80000205E
:10C4D000D000002070B504460D46002229462046B3
:10C4E00000F002F870BD00002DE9F04104468846D6
:10C4F0001746002500BF002C0BD100BF38A340F227
:10C50000593243A14EA0F6F731FA00BF6FF00F0683
:10C5100060E000BF00BF207D00280BD000BF30A32B
:10C5200040F25A3250A146A0F6F720FA00BF6FF051
:10C530000E064FE000BF207D012803D125466FF095
:10C54000080647E00220FBF78DFE054615B94FF0BF
:10C55000FF363FE020692861E08AE88201202875E3
:10C56000607D6875607A687200202872E07AE872EF
:10C57000A07AA87220682860E08AD8B100BF484835
:10C580000068A04205D146480068C0684449086078
:10C590000DE04349086806E0C168A14202D1E168A4
:10C5A000C16002E0C0680028F6D100BF00BF0020D3
:10C5B000E06000BF2046FEF7F3FE3A48A86100BFE6
:10C5C00039480068E8603848056003F071FD00BF35
:10C5D000002600BF07B13E702846BDE8F08100008C
:10C5E0002E2E5C4D6964646C6577617265735C5472
:10C5F000686972645F50617274795C4C7749505C11
:10C600007372635C636F72655C7463702E630000A9
:10C610007463705F6C697374656E5F776974685F6B
:10C620006261636B6C6F675F616E645F6572723AC3
:10C6300020696E76616C696420706362000000009E
:10C64000417373657274696F6E20222573222066B0
:10C6500061696C6564206174206C696E6520256475
:10C6600020696E2025730A007463705F6C697374AF
:10C67000656E5F776974685F6261636B6C6F675F3B
:10C68000616E645F6572723A2070636220616C72E1
:10C690006561647920636F6E6E6563746564000024
:10C6A000C000002051A30008C400002070B5064659
:10C6B0000D46D6B13068C0B10C480168304600F074
:10C6C0001BF80B480168304600F016F86DB1286879
:10C6D00058B10848046806E020683168884201D1F2
:10C6E00028682060E468002CF6D170BDC8000020E6
:10C6F000C0000020C40000202DE9F04105460E4690
:10C70000344600BF002D08D100BF0CA34FF41062C7
:10C7100016A123A0F6F72AF900BF00BF0AE020689F
:10C720002968884205D1E7682046FDF701FE3C46AE
:10C7300000E0E468002CF2D1BDE8F0812E2E5C4DC3
:10C740006964646C6577617265735C54686972646E
:10C750005F50617274795C4C7749505C7372635CB2
:10C76000636F72655C7463702E6300007463705F46
:10C770006E657469665F69705F616464725F636847
:10C78000616E6765645F7063626C6973743A206997
:10C790006E76616C6964206F6C645F6164647200C2
:10C7A000417373657274696F6E202225732220664F
:10C7B00061696C6564206174206C696E6520256414
:10C7C00020696E2025730A0010B54020FDF714FE85
:10C7D00010BD000010B5002300BF16480088401CA3
:10C7E000144C2080204600884FF6FF74A04203D1ED
:10C7F0004FF440400F4C2080002116E00E4850F8C6
:10C80000210002680DE0D08A0A4C2488A04207D19A
:10C81000581C83B2B3F5804F01DB002010BDDCE76C
:10C82000D268002AEFD1481CC1B20429E6DB0148D6
:10C830000088F3E7B8000020581C010810B5044632
:10C8400000BF002C08D100BF09A340F6AF0214A11D
:10C850001AA0F6F78BF800BF00BF224800682249F3
:10C86000096808441F4908600846006810BD0000B8
:10C870002E2E5C4D6964646C6577617265735C54DF
:10C88000686972645F50617274795C4C7749505C7E
:10C890007372635C636F72655C7463702E63000017
:10C8A0007463705F6E6578745F6973733A20696E44
:10C8B00076616C6964207063620000004173736587
:10C8C0007274696F6E2022257322206661696C651F
:10C8D00064206174206C696E6520256420696E2077
:10C8E00025730A00D4000020BC0000202DE9F84F79
:10C8F000044600BF002C08D100BFA7A340F2E142CC
:10C90000B2A1B8A0F6F732F800BF00BF00BF207D8B
:10C91000012808D100BFA0A340F2E342BBA1B1A00F
:10C92000F6F724F800BF00BFC2480068A04202D159
:10C930000020BDE8F88FB4F86000B4F848108842D1
:10C9400002DAB4F8600001E0B4F848008146E56E10
:10C9500045B9A07E00F0020018B1204602F0D0FCDC
:10C96000E7E710E1221D2146204602F00BFC0746B6
:10C9700017B96FF00300DCE70CB1206858B90FB1AC
:10C98000381D00E00020014611B96FF00300D0E728
:10C990000868206000BFE9684868FAF72BFF616CFF
:10C9A000401A29890844484519D9B4F86000484517
:10C9B0000CD1206F50B994F8950038B9002004F8D4
:10C9C000940F012060700020A070943CA07E00F0C5
:10C9D000020018B1204602F093FCAAE7D3E0002041
:10C9E00084F89500266F26B100E03668306800288C
:10C9F000FBD1B5E000BFE9688889FAF708FF00F0CD
:10CA0000040040B100BF64A340F236528AA175A071
:10CA1000F5F7ACFF00BF00BF206FA0B1A07E00F013
:10CA2000440080B9E06E38B1E06E006858B9E06E3D
:10CA30000089618E884206DAB4F8640018B1B4F84F
:10CA40006600082801DB012000E0002020B9A07E5C
:10CA500000F0A00000B98FE0207D022807D0102050
:10CA6000FAF7D5FEE96889890843E96888813A467A
:10CA70002146284600F0FCFA0090009838B100BF2B
:10CA8000608B40F08000608300BF009851E7286809
:10CA9000E066207D022806D000BF608B4FF6FC7157
:10CAA0000840608300BFE9684868FAF7A3FE804643
:10CAB000E9688889FAF7ABFE00F0030008B10120AD
:10CAC00000E000202989084408EB000A206DB0EB43
:10CAD0000A0001D5C4F850A0E9688889FAF797FEE2
:10CAE00000F0030008B1012000E00020298908447B
:10CAF00088B300202860206F10B925672E462EE0ED
:10CB0000E9684868FAF776FE8046F1684868FAF7FF
:10CB100071FEB8EB00001BD504F1700801E0D8F8F5
:10CB20000080D8F8000068B1D8F80010C9684868DB
:10CB3000FAF760FE8346E9684868FAF75BFEBBEBEC
:10CB40000000ECD4D8F800002860C8F8005006E0D7
:10CB50003560366803E0FFE7284602F0B7FBE56E74
:10CB600055B1E9684868FAF745FE616C401A2989B1
:10CB7000084448457FF63EAF00BFE06E10B9002084
:10CB8000A4F8680000BF00BF608B4FF67F710840BB
:10CB9000608300BF0020CCE62E2E5C4D6964646C7F
:10CBA0006577617265735C54686972645F50617225
:10CBB00074795C4C7749505C7372635C636F726527
:10CBC0005C7463705F6F75742E6300007463705FD4
:10CBD0006F75747075743A20696E76616C69642043
:10CBE00070636200417373657274696F6E202225F1
:10CBF0007322206661696C6564206174206C696EC3
:10CC00006520256420696E2025730A00646F6E27F5
:10CC1000742063616C6C207463705F6F75747075E1
:10CC20007420666F72206C697374656E2D70636218
:10CC300073000000FC000020525354206E6F7420DB
:10CC400065787065637465642068657265210000AD
:10CC50002DE9FF4104460E461746984600BF002CBA
:10CC600008D100BF10A340F242721CA125A0F5F725
:10CC70007DFE00BF00BF608D1023218BE28ACDE9CD
:10CC800001130092039043463A463146606A00F031
:10CC90004DF805461DB1618D606A0844E062284682
:10CCA00004B0BDE8F08100002E2E5C4D6964646C18
:10CCB0006577617265735C54686972645F50617214
:10CCC00074795C4C7749505C7372635C636F726516
:10CCD0005C7463705F6F75742E6300007463705FC3
:10CCE0006F75747075745F616C6C6F635F6865619C
:10CCF0006465723A20696E76616C69642070636263
:10CD000000000000417373657274696F6E20222504
:10CD10007322206661696C6564206174206C696EA1
:10CD20006520256420696E2025730A002DE9F05FD7
:10CD300082460D4617469846DDF830B005F11400DE
:10CD4000384481B24FF420722220FBF7C3FF06461D
:10CD5000002E34D000BF718905F11400814208DA39
:10CD600000BF18A340F2237223A12FA0F5F7FEFD08
:10CD700000BF00BF74680A98FAF749FD20800B983D
:10CD8000FAF745FD6080C4F804805046FAF732FD9A
:10CD9000A060A946E91705EB91718910491D4FF66E
:10CDA000FF7202EA013141EA0B00FAF730FDA0817F
:10CDB0000D98FAF72CFDE081002020826082304639
:10CDC000BDE8F09F2E2E5C4D6964646C65776172DE
:10CDD00065735C54686972645F50617274795C4C0D
:10CDE0007749505C7372635C636F72655C746370E7
:10CDF0005F6F75742E630000636865636B207468F1
:10CE00006174206669727374207062756620636154
:10CE10006E20686F6C642073747275637420746321
:10CE2000705F686472000000417373657274696FAB
:10CE30006E2022257322206661696C65642061740E
:10CE4000206C696E6520256420696E2025730A00B8
:10CE50002DE9FE4F04460E4692469B4600BF002E2B
:10CE600008D100BF17A340F2877223A12DA0F5F7C8
:10CE70007DFD00BF00BF5A465146204602F082F9B0
:10CE8000054615B96FF0030715E024B194F80B803F
:10CE900094F80A9003E04FF0FF084FF000090620D5
:10CEA00043465A465146CDE9009002953046F9F77F
:10CEB00061FC074600BF3046FCF7AAFB3846BDE8D8
:10CEC000FE8F00002E2E5C4D6964646C6577617284
:10CED00065735C54686972645F50617274795C4C0C
:10CEE0007749505C7372635C636F72655C746370E6
:10CEF0005F6F75742E6300007463705F6F7574707C
:10CF000075745F636F6E74726F6C5F7365676D6568
:10CF10006E743A20696E76616C6964207062756621
:10CF200000000000417373657274696F6E202225E2
:10CF30007322206661696C6564206174206C696E7F
:10CF40006520256420696E2025730A002DE9F047CD
:10CF500081460D4614469A464FF0000800BF002D4A
:10CF600008D100BF1CA340F2567228A131A0F5F7EA
:10CF7000FDFC00BF00BF6E6806F1140700BF384615
:10CF800000EB880004F0010109B1042100E0002158
:10CF9000084404F0020109B1002100E00021084426
:10CFA00004F0080109B1002100E00021084404F068
:10CFB000100109B1002100E000210844B84208D066
:10CFC00000BF05A340F2757224A11AA0F5F7CEFCAC
:10CFD00000BF00BFBDE8F0872E2E5C4D6964646C15
:10CFE0006577617265735C54686972645F506172E1
:10CFF00074795C4C7749505C7372635C636F7265E3
:10D000005C7463705F6F75742E6300007463705F8F
:10D010006F75747075745F66696C6C5F6F7074693E
:10D020006F6E733A20696E76616C69642070627508
:10D0300066000000417373657274696F6E2022256B
:10D040007322206661696C6564206174206C696E6E
:10D050006520256420696E2025730A006F7074694D
:10D060006F6E73206E6F742066696C6C656400006F
:10D070002DE9FE4F04460D46164600BF002C08D190
:10D0800000BF58A34FF4B76263A16BA0F5F76EFC25
:10D0900000BF00BF00BF002D08D100BF51A340F268
:10D0A000B9526FA164A0F5F761FC00BF00BF00BFDB
:10D0B000002E08D100BF4BA340F2BA5270A15EA06F
:10D0C000F5F754FC00BF00BF204600F0F7F810B1A0
:10D0D0000020BDE8FE8F686AFAF78CFBE168886083
:10D0E000688DFAF794FBE168C881698D686A084425
:10D0F000E862E06800F11407A07A00F0010068B16E
:10D100002A1D314640F2B450FDF7DCFE82464AF05B
:10D110000170FAF76FFB38603F1D00BFB5F93000B2
:10D12000002801DA00202886686B38B95D4800685D
:10D130006863E1684868FAF75DFBA863A0896168E5
:10D140008988401A1FFA80F860684089A0EB0800BF
:10D150006168488160680089A0EB08006168088107
:10D160006168E06848600020E168088200BFE0680C
:10D170001430A17A01F0010109B1042100E000217D
:10D180000844A17A01F0020109B1002100E0002168
:10D190000844A17A01F0080109B1002100E0002152
:10D1A0000844A17A01F0100109B1002100E000213A
:10D1B0000844B84208D000BF0AA340F21C623AA15A
:10D1C0001DA0F5F7D3FB00BF00BF0621A87A8DE8AC
:10D1D0004300EB7A2A1D29466068F9F7CBFA8146AD
:10D1E000484676E72E2E5C4D6964646C6577617203
:10D1F00065735C54686972645F50617274795C4CE9
:10D200007749505C7372635C636F72655C746370C2
:10D210005F6F75742E6300007463705F6F75747058
:10D2200075745F7365676D656E743A20696E7661BB
:10D230006C69642073656700417373657274696F0C
:10D240006E2022257322206661696C6564206174FA
:10D25000206C696E6520256420696E2025730A00A4
:10D260007463705F6F75747075745F7365676D65F7
:10D270006E743A20696E76616C6964207063620036
:10D280007463705F6F75747075745F7365676D65D7
:10D290006E743A20696E76616C6964206E6574699B
:10D2A00066000000BC0000206F7074696F6E732010
:10D2B0006E6F742066696C6C6564000010B504467E
:10D2C00000BF002C08D100BF08A340F29A5214A15D
:10D2D0001DA0F5F74BFB00BF00BF6068807B0128F5
:10D2E00001D0012010BD0020FCE700002E2E5C4D77
:10D2F0006964646C6577617265735C5468697264B3
:10D300005F50617274795C4C7749505C7372635CF6
:10D31000636F72655C7463705F6F75742E63000079
:10D320007463705F6F75747075745F7365676D6536
:10D330006E745F627573793A20696E76616C6964A8
:10D340002073656700000000417373657274696F34
:10D350006E2022257322206661696C6564206174E9
:10D36000206C696E6520256420696E2025730A0093
:10D370002DE9F041054600BF002D08D100BF28A3CC
:10D3800040F27D7233A13AA0F5F7F0FA00BF00BF7A
:10D3900041480088002841D000204049088037E0FB
:10D3A000FEF744F9074627B1012F04D0022F20D100
:10D3B00002E0BDE8F08129E0FEF738F9042806D143
:10D3C00036480088801C34490988884200DDF0E72F
:10D3D000FEF72CF90602FEF729F9064340F2B45095
:10D3E000864200DC16B940F2B45000E03046688650
:10D3F0000CE0FEF71BF90446022C00DAD9E7A01E68
:10D400002649098808442549088000BF00BF00BF9D
:10D4100022480088204909888842C1DB00BFC8E74C
:10D420002E2E5C4D6964646C6577617265735C5423
:10D43000686972645F50617274795C4C7749505CC2
:10D440007372635C636F72655C7463705F696E2E88
:10D45000630000007463705F70617273656F707455
:10D460003A20696E76616C69642070636200000026
:10D47000417373657274696F6E2022257322206672
:10D4800061696C6564206174206C696E6520256437
:10D4900020696E2025730A00DC000020E4000020D3
:10D4A0002DE9F84F81460C4617469846DDE90BAB4F
:10D4B0000A9E009400BFB8F1000F07D100BF29A356
:10D4C000E82235A13DA0F5F751FA00BF00BF00BF2B
:10D4D000002E07D100BF23A3E92242A137A0F5F710
:10D4E00045FA00BF00BFBC421BDA0AF0020050B987
:10D4F000B07E00F04000A0B9BBF1000F03D0F06E89
:10D5000008B9306F68B104F2B75020F00300B84298
:10D5100001D9384603E004F2B75020F0030080B28E
:10D5200000904FF4207248460099FBF7D3FB054664
:10D5300015B90020BDE8F88F00BF286840B100BFD2
:10D5400008A340F20B122FA11CA0F5F70FFA00BFA1
:10D5500000BF6889001BA8F800002C816C81284658
:10D56000E8E700002E2E5C4D6964646C657761729B
:10D5700065735C54686972645F50617274795C4C65
:10D580007749505C7372635C636F72655C7463703F
:10D590005F6F75742E6300007463705F70627566F0
:10D5A0005F707265616C6C6F633A20696E76616C56
:10D5B0006964206F76657273697A6500417373657B
:10D5C0007274696F6E2022257322206661696C6512
:10D5D00064206174206C696E6520256420696E206A
:10D5E00025730A007463705F706275665F707265A0
:10D5F000616C6C6F633A20696E76616C696420704F
:10D60000636200006E65656420756E636861696EB3
:10D61000656420706275660010B5044600BF002C7A
:10D6200009D100BF14A340F651021FA125A0F5F7B0
:10D630009DF900BF10BD00BF207DD0B1207D0A281C
:10D6400017D0207D012814D0606F20B1606FFBF7E8
:10D65000DFFF002060674FF0FF302086E06E01F0B2
:10D6600042FE206F01F03FFE0020E0662067A4F834
:10D67000680000BFDEE700002E2E5C4D6964646C1C
:10D680006577617265735C54686972645F5061723A
:10D6900074795C4C7749505C7372635C636F72653C
:10D6A0005C7463702E6300007463705F7063625F0C
:10D6B00070757267653A20696E76616C6964207076
:10D6C00063620000417373657274696F6E20222576
:10D6D0007322206661696C6564206174206C696ED8
:10D6E0006520256420696E2025730A0070B5054603
:10D6F0000C4600BF002C08D100BF33A340F68302C4
:10D700003DA144A0F5F732F900BF00BF00BF002DD6
:10D7100008D100BF2CA340F6840248A13DA0F5F734
:10D7200025F900BF00BF00BF2868A04203D12868C8
:10D73000C06828600CE0286806E0C168A14202D1F8
:10D74000E168C16002E0C0680028F6D100BF00BFF8
:10D750000020E06000BF2046FFF75EFF207D0A2822
:10D760000FD0207D01280CD0A07E00F0010040B138
:10D7700000BF608B40F00200608300BF2046FFF7CF
:10D78000B5F8207D012819D000BFE06E40B100BF80
:10D790000DA340F6930231A11EA0F5F7E7F800BFF4
:10D7A00000BF00BF206F40B100BF07A340F6940246
:10D7B00030A118A0F5F7DAF800BF00BF00202075EF
:10D7C000E08200BF00BF70BD2E2E5C4D6964646CAA
:10D7D0006577617265735C54686972645F506172E9
:10D7E00074795C4C7749505C7372635C636F7265EB
:10D7F0005C7463702E6300007463705F7063625FBB
:10D8000072656D6F76653A20696E76616C69642029
:10D8100070636200417373657274696F6E202225B4
:10D820007322206661696C6564206174206C696E86
:10D830006520256420696E2025730A007463705F7B
:10D840007063625F72656D6F76653A20696E7661AE
:10D850006C6964207063626C69737400756E7365C3
:10D860006E74207365676D656E7473206C65616B93
:10D87000696E6700756E61636B6564207365676DC3
:10D88000656E7473206C65616B696E6700000000E3
:10D8900070B504460E46154600BF002C09D100BFE6
:10D8A0000EA340F63D0219A11EA0F5F75FF800BFD8
:10D8B00070BD00BF00BF207D012808D100BF07A3B5
:10D8C00040F63E0221A117A0F5F750F800BF00BFB7
:10D8D000C4F88860657700BFEAE700002E2E5C4D33
:10D8E0006964646C6577617265735C5468697264BD
:10D8F0005F50617274795C4C7749505C7372635C01
:10D90000636F72655C7463702E6300007463705F94
:10D91000706F6C6C3A20696E76616C69642070631C
:10D9200062000000417373657274696F6E20222576
:10D930007322206661696C6564206174206C696E75
:10D940006520256420696E2025730A00696E766162
:10D950006C696420736F636B6574207374617465A4
:10D9600020666F7220706F6C6C0000002DE9FE4322
:10D9700004460027002600BF002C08D100BFE5A305
:10D980004FF44772F0A1F7A0F4F7F0FF00BF00BF1B
:10D99000FE48007800F00400002845D0207D0228D1
:10D9A00006D1FB49206D096888421BD1012719E087
:10D9B000F849606A0968884201D1012712E0F549F7
:10D9C000606A0968081A0DD4218D606A0844F1491B
:10D9D0000968081A002805DC00BF608B40F00200CF
:10D9E000608300BF002F1DD000BF207D40B900BF65
:10D9F000C8A34FF44E72E8A1DAA0F4F7B7FF00BF56
:10DA000000BFED48007840F00800EB49087000BF07
:10DA1000608B4FF6FE710840608300BF6FF00D0011
:10DA2000BDE8FE830020FBE7D848007800F0020044
:10DA300068B1207D02280AD0207D032807D000BFCE
:10DA4000608B40F00200608300BF0020E8E7A07E0A
:10DA500000F0100010B9D94800682062002084F856
:10DA6000970084F896002046FFF782FC207D801EF8
:10DA7000082875D2DFE800F004CDF4F3F2F1F0EFFE
:10DA8000C248007800F0100000286AD0BF48007833
:10DA900000F002000028F8D0606C401CBC49096806
:10DAA00088425ED1BB480068401C6062606AE062E8
:10DAB000B74800686064C2480068C089A4F8600084
:10DAC000B4F86000A4F86200B2480068401E6065C7
:10DAD00004202075201DF9F7B5F88046608E221DC0
:10DAE0004146FDF7EFF96086608E8100400041F20B
:10DAF0001C12904202D9608E400001E041F21C10DD
:10DB0000814202D2608E80000AE0608E400041F2C5
:10DB10001C11884202D9608E400001E041F21C10C5
:10DB2000A4F8480000BFB4F86600002808DC00BF75
:10DB300078A34FF45B72A3A18AA0F4F717FF00BF8C
:10DB400000BFB4F86600401EA4F86600256F95B9C2
:10DB5000E56E00BF5DB900BF6EA34FF45D7201E0DA
:10DB60008DE231E09DA17FA0F4F700FF00BF00BF70
:10DB70002868E06601E028682067284601F0A6FBD7
:10DB8000206F18B94FF0FF30208603E00020208678
:10DB900084F8420000BFD4F8840038B10022214646
:10DBA000D4F8843020699847064600E0002600BF7C
:10DBB00006F10D0010B96FF00C0031E700BF608B6B
:10DBC00040F00200608323E07048007800F010000D
:10DBD000F0B17B4800680088794909684988844A1F
:10DBE000CDE9002102906B480068824909884218FB
:10DBF0007F4B1B1D66480168204601F0D3FA94F85C
:10DC00004200062804DA00202086204601F07EF932
:10DC100036E25E48007800F01000002876D0606C94
:10DC2000401C5B490968081A71D45949206D09687C
:10DC3000081A00286BDC04202075A06F10B96FF063
:10DC4000050623E000BFA06F806978B900BF31A34B
:10DC50004FF46A7205E0FCE1BCE107E17CE117E109
:10DC600005E165A13FA0F4F781FE00BF00BF00BF42
:10DC7000A06F806938B1A16F206900228B692146AD
:10DC80009847064601E06FF00F0600BF46B106F167
:10DC90000D0010B12046FCF74BFB6FF00C00BFE607
:10DCA000204600F0A1FA5C48008820B15A4800885C
:10DCB000401E59490880608E8100400041F21C12CC
:10DCC000904202D9608E400001E041F21C10814276
:10DCD00002D2608E80000AE0608E400041F21C118A
:10DCE000884202D9608E400001E041F21C10A4F885
:10DCF00048003148007800F0200048B100BF608B38
:10DD000040F00200608300BF072087E09FE087E0CB
:10DD1000ABE000002E2E5C4D6964646C6577617227
:10DD200065735C54686972645F50617274795C4CAD
:10DD30007749505C7372635C636F72655C74637087
:10DD40005F696E2E630000007463705F70726F63B2
:10DD50006573733A20696E76616C696420706362E2
:10DD600000000000417373657274696F6E20222594
:10DD70007322206661696C6564206174206C696E31
:10DD80006520256420696E2025730A00F4000020B8
:10DD9000EC000020E80000207463705F696E70750D
:10DDA000743A207063622D3E737461746520213D66
:10DDB00020434C4F53454400F5000020BC00002098
:10DDC000D80000207063622D3E736E645F717565CC
:10DDD00075656C656E203E20300000006E6F20730C
:10DDE00065676D656E7420746F20667265650000EE
:10DDF000EC360020F20000207063622D3E6C6973E7
:10DE000074656E65722D3E61636365707420213D9B
:10DE1000204E554C4C000000F0000020207524E0FE
:10DE2000994800680188984800684088974ACDE979
:10DE30000020029196480068964909884218934B41
:10DE40001B1D95480168204601F0ACF90DE0934890
:10DE5000007800F0020040B1606A401E8C490968F9
:10DE6000884202D1204600F049FF09E100BF204668
:10DE700000F0BAF98A48007800F0200038B100BFFD
:10DE8000608B40F00200608300BF07202075F7E040
:10DE9000204600F0A9F98248007800F02000E8B39D
:10DEA0007E48007800F01000C8B37B49206D0968F7
:10DEB000884239D1E06E90BB00BF608B40F0020019
:10DEC000608300BF2046FFF7A7FB00BF00BF754877
:10DED0000068A04205D173480068C06871490860B5
:10DEE0000DE07049086806E0C168A14202D1E1680E
:10DEF000C16002E0C0680028F6D100BF00BF00206A
:10DF0000E06000BF01206849087000BF0A2020754A
:10DF100000BF66480068E060644801E00DE003E08F
:10DF2000046002F0C5F816E000BF608B40F002000C
:10DF3000608300BF082020750DE05848007800F08D
:10DF4000100040B15449206D0968884203D1E06E49
:10DF500008B90620207593E0204600F045F95048A6
:10DF6000007800F02000A0B300BF608B40F00200FA
:10DF7000608300BF2046FFF74FFB00BF00BF49484A
:10DF80000068A04205D147480068C068454908605C
:10DF90000DE04449086806E0C168A14202D1E16889
:10DFA000C16002E0C0680028F6D100BF00BF0020B9
:10DFB000E06000BF01203C49087000BF0A202075C6
:10DFC00000BF3A480068E0603848046002F070F82A
:10DFD00000BF55E0204600F007F93048007800F017
:10DFE0001000A8B32C49206D0968884230D1E06E3A
:10DFF00070BB2046FFF710FB00BF00BF2948006838
:10E00000A04205D127480068C068264908600DE095
:10E010002449086806E0C168A14202D1E168C160F4
:10E0200002E0C0680028F6D100BF00BF0020E06019
:10E0300000BF01201C49087000BF0A20207500BFE6
:10E040001A480068E0601948046002F031F800BF27
:10E0500016E0204600F0C8F81048007800F01000E4
:10E0600060B10D49206D0968884207D1E06E28B97A
:10E070000B48007840F010000949087000E000BF2C
:10E0800000BF0020CCE40000D8000020EC360020C7
:10E09000E8000020F2000020EC000020F400002046
:10E0A000F5000020C8000020D0000020CC00002097
:10E0B0002DE9F041044600BF002C0CD100BF2AA37B
:10E0C00040F2096234A13EA0F4F750FC00BF6FF0AB
:10E0D0000F00BDE8F08100BF606F477B666F0020D6
:10E0E000606700BFD4F8800040B10023324621466B
:10E0F000D4F880C02069E047054606E00023324698
:10E100002146184600F0AEFC054600BFFDB907F0F9
:10E11000200030B3208D40F66831884202D0208D37
:10E12000401C208500BFD4F8800040B100231A466F
:10E130002146D4F880C02069E047054600E000256C
:10E1400000BF05F10D0060B96FF00C00C1E705F1EB
:10E150000D0010B96FF00C00BBE766676FF00400AC
:10E16000B7E70020B5E700002E2E5C4D6964646CB3
:10E170006577617265735C54686972645F5061723F
:10E1800074795C4C7749505C7372635C636F726541
:10E190005C7463702E6300007463705F70726F63F1
:10E1A0006573735F726566757365645F64617461DE
:10E1B0003A20696E76616C696420706362000000C9
:10E1C000417373657274696F6E2022257322206615
:10E1D00061696C6564206174206C696E65202564DA
:10E1E00020696E2025730A002DE9F05F04464FF088
:10E1F000000A00BF002C08D100BFE5A340F27B421B
:10E20000F0A1F7A0F4F7B2FB00BF00BF00BF207D74
:10E21000042808DA00BFDEA340F27C42FAA1F0A095
:10E22000F4F7A4FB00BF00BFFE48007800F0100028
:10E23000002870D0B4F86000A16D00EB0108FA4925
:10E24000606D0968401A15D4F749606D0968884205
:10E2500004D1F649A06D0968401A0BD4F349A06DAA
:10E26000096888421AD1F2480068C089B4F8601081
:10E27000884213D9EE480068C08924F8600F60888E
:10E2800034F86019884203DAB4F86000A4F8620038
:10E29000E54800686065E5480068A065E349606C92
:10E2A0000968081A00284ADCE248008890BBB4F8E4
:10E2B0006010A06D084440453AD1B4F93000002800
:10E2C00036DBDA49606C0968884231D14FF0010AC7
:10E2D00094F84300401CC0B294F84310884204DD17
:10E2E00094F84300401C84F8430094F8430003284A
:10E2F00017DD00BFB4F84800618E084480B2B4F85E
:10E300004810884208DBB4F84800618E0844A4F83D
:10E31000480005E00CE02AE14FF6FF70A4F8480041
:10E3200000BF94F84300032802DB204600F068FD9C
:10E33000BAF1000F02D1002084F84300EBE0606CDA
:10E34000401CBA490968081A7ED4B849206D09688A
:10E35000081A002878DCA07E00F0040060B100BF3D
:10E36000608B4FF6FB710840608300BF48346088C3
:10E37000208000206084483C00202434A077608BFB
:10E38000B4F9181000EBE10000B2A083208CA7497B
:10E390000988081A85B20020E077A4480068206246
:10E3A00014F8100C243C042865DBB4F84800B4F8D9
:10E3B0004A10884227DA628B02F400620AB1012215
:10E3C00000E002221146628E4A4392B2AA4201DD67
:10E3D0002A4602E0628E4A4392B2104600BFB4F869
:10E3E0004820024492B2B4F848309A4205DBB4F8AF
:10E3F00048200244A4F8482003E04FF6FF72A4F836
:10E40000482000BF37E000BFB4F86A00284480B25B
:10E41000B4F86A10884205DBB4F86A002844A4F80E
:10E420006A0003E04FF6FF70A4F86A0000BFB4F87A
:10E430006A00B4F8481088421DDB4834608C21889B
:10E44000401A6084483C00E062E000BFB4F8480035
:10E45000618E084480B2B4F84810884206DBB4F8F4
:10E460004800618E0844A4F8480003E04FF6FF70AE
:10E47000A4F8480000BF70A22046D4E91B31FCF785
:10E48000D9FF20676EA22046D4E91B13FCF7D2FF08
:10E49000E066206F18B94FF0FF30208601E00020C1
:10E4A000208600202077E06E10B90020A4F86800D4
:10E4B000B4F86400644909880844A4F86400608BD7
:10E4C00000F4006018B3206F88B9E06E40B1E16ECF
:10E4D000C9684868F9F78EF9E16C081A002816DC5B
:10E4E00000BF608B4FF2FF71084060830FE0216F27
:10E4F000C9684868F9F77EF9E16C081A002806DC5B
:10E5000000BF608B4FF2FF710840608300BF02E0E4
:10E51000204600F0F5FE606B48B34449A06B0968E3
:10E52000401A24D5A08E49490988081A06B2B4F9C0
:10E530003C00A6EBE00006B2A08F304400B2A087FA
:10E54000002E01DA704206B2B4F93E00A6EBA0003C
:10E5500006B2E08F304400B2E087E08FB4F93C109F
:10E5600000EBE10000B2A4F84000002060633148F5
:10E57000008800286CDD207D072869DA2A48616A56
:10E580000068401C081A7CD42748616A006860E073
:10E590002E2E5C4D6964646C6577617265735C54A2
:10E5A000686972645F50617274795C4C7749505C41
:10E5B0007372635C636F72655C7463705F696E2E07
:10E5C000630000007463705F726563656976653A25
:10E5D00020696E76616C69642070636200000000DF
:10E5E000417373657274696F6E20222573222066F1
:10E5F00061696C6564206174206C696E65202564B6
:10E6000020696E2025730A007463705F726563650C
:10E610006976653A2077726F6E67207374617465EE
:10E6200000000000F4000020E8000020EC000020C2
:10E63000D8000020F2000020756E61636B656400F5
:10E64000756E73656E740000F0000020BC00002041
:10E650004DE1B24A12881044401E081A00285FDCBF
:10E66000AF484768AF49606A0968A0EB010900BF7D
:10E67000AB48406860B900BFAFF2EC0340F294527F
:10E6800000E04DE0A8A1AFF2A800F4F76FF900BFD9
:10E6900000BF00BF4FF6FF7081450AD300BFAFF245
:10E6A000101340F29552A4A1AFF2CC00F4F75EF93A
:10E6B00000BF00BF1FFA89F500BF99484068008974
:10E6C000A8420ADA00BFAFF2381340F297529EA177
:10E6D000AFF2F400F4F74AF900BF00BF9048008998
:10E6E000401B8F490881084640680089401B1FFA7B
:10E6F00080FB07E07889281A85B2A7F808B00020C7
:10E7000078813F687889A842F4DB29463846FBF7D0
:10E710008DF98449606A08608149C96848600AE0E7
:10E720008049606A0968081A05D500BF608B40F00F
:10E730000200608300BF7B49606A0968081A7DD4C3
:10E74000218D606A0844401E76490968081A00282D
:10E7500074DC7449606A0968884270D17049C9687C
:10E760008889F9F754F800F0030008B1012000E0AF
:10E7700000206B490989084468490880208D098870
:10E78000884256DA6649C9688889F9F740F800F086
:10E79000010098B16249C9688889F9F738F800F032
:10E7A0003E052846F9F733F85D49C96889894CF276
:10E7B000FF02114008435A49C9688881208D584991
:10E7C0000881C9688889F9F722F800F0020020B1B1
:10E7D00053480089401E52490881514A11895068A6
:10E7E000FBF722F84E49C9688889F9F710F800F05C
:10E7F000030008B1012000E00020494909890844CC
:10E800004649088000BF218D606A01444548006880
:10E81000424A1288104481420AD000BFAFF29023CE
:10E8200040F2CB524CA1AFF24820F4F79FF800BF62
:10E8300000BF3C4800683949098801E053E04EE0D8
:10E840000844606200BF208D3449098888420ADA92
:10E8500000BFAFF2C42340F207624DA1AFF28020A7
:10E86000F4F784F800BF00BF208D2C490988401AB6
:10E870002085204601F0F6FC2948406800890028E0
:10E8800006DD274840684A4908600020244948605E
:10E890002349C9688889F8F7BAFF00F0010028B158
:10E8A0004448007840F020004249087000BFA07E34
:10E8B00000F0010060B100BF608B4FF6FE710840B0
:10E8C000608300BF00BF608B40F00200608305E002
:10E8D00000BF608B40F00100608300BF1BE020465A
:10E8E00000F00EFD17E0204600F00AFD13E00D4990
:10E8F000606A0968081A08D4218D606A0844401EBD
:10E9000008490968081A002805DD00BF608B40F03F
:10E910000200608300BFBDE8F09F0000F20000200D
:10E92000A87A0020E8000020696E7365672E7020C9
:10E93000213D204E554C4C00696E73616E65206F11
:10E9400066667365742100007062756620746F6F6F
:10E950002073686F727421007463705F7265636501
:10E960006976653A207365676D656E74206E6F74A5
:10E97000207472696D6D656420636F727265637473
:10E980006C7920746F207263765F776E640A000082
:10E990007463705F726563656976653A207463704D
:10E9A0006C656E203E207263765F776E640A0000AD
:10E9B000F8000020F500002070B504460D46002C3C
:10E9C0000FD000BF207D012808D100BF05A340F271
:10E9D000DF7210A119A0F3F7C9FF00BF00BFC4F890
:10E9E000805070BD2E2E5C4D6964646C65776172D9
:10E9F00065735C54686972645F50617274795C4CD1
:10EA00007749505C7372635C636F72655C746370AA
:10EA10002E630000696E76616C696420736F636BAE
:10EA2000657420737461746520666F72207265630B
:10EA3000762063616C6C6261636B00004173736587
:10EA40007274696F6E2022257322206661696C657D
:10EA500064206174206C696E6520256420696E20D5
:10EA600025730A002DE9F04107460D4614461E465F
:10EA700000BF002D0CD100BF0EA34FF4D36219A12B
:10EA80001FA0F3F773FF00BF6FF00F00BDE8F08128
:10EA900000BF3CB12189284600F046F82046FAF72D
:10EAA000B7FD04E01EB92846FBF7C0FDEEE70020E5
:10EAB000ECE700002E2E5C4D6964646C6577617232
:10EAC00065735C54686972645F50617274795C4C00
:10EAD0007749505C7372635C636F72655C746370DA
:10EAE0002E6300007463705F726563765F6E756C91
:10EAF0006C3A20696E76616C696420706362000014
:10EB0000417373657274696F6E20222573222066CB
:10EB100061696C6564206174206C696E6520256490
:10EB200020696E2025730A002DE9F04104460F4646
:10EB300000BF002C0AD100BF1DA340F2CF3228A194
:10EB40002DA0F3F713FF00BFBDE8F08100BF00BFA9
:10EB5000207D012808D100BF15A340F2D23230A198
:10EB600025A0F3F703FF00BF00BF208D384485B216
:10EB700040F66830854202DC208DA84203DD40F675
:10EB80006830208500E02585204601F06BFB0646B5
:10EB900040F2DA20864208D300BF608B40F00200CA
:10EBA000608300BF2046FDF7A1FE00BFCCE7000058
:10EBB0002E2E5C4D6964646C6577617265735C547C
:10EBC000686972645F50617274795C4C7749505C1B
:10EBD0007372635C636F72655C7463702E630000B4
:10EBE0007463705F7265637665643A20696E7661FE
:10EBF0006C69642070636200417373657274696F3D
:10EC00006E2022257322206661696C656420617420
:10EC1000206C696E6520256420696E2025730A00CA
:10EC2000646F6E27742063616C6C207463705F7214
:10EC3000656376656420666F72206C697374656EB7
:10EC40002D7063627300000070B506460D4600BF6C
:10EC5000002D07D100BF09A3FF2214A11DA0F3F7C7
:10EC600085FE00BF00BF344605E0A06FA84201D179
:10EC70000020A067E468002CF7D170BD2E2E5C4DFB
:10EC80006964646C6577617265735C546869726409
:10EC90005F50617274795C4C7749505C7372635C4D
:10ECA000636F72655C7463702E6300007463705FE1
:10ECB00072656D6F76655F6C697374656E65723AC7
:10ECC00020696E76616C6964206C697374656E6529
:10ECD00072000000417373657274696F6E202225A3
:10ECE0007322206661696C6564206174206C696EB2
:10ECF0006520256420696E2025730A002DE9F04106
:10ED0000044600BF002C08D100BF20A340F2C1621E
:10ED10002BA131A0F3F72AFE00BF00BF206F18B966
:10ED20006FF00500BDE8F081256F2846FEF7C6FAB2
:10ED300010B16FF00500F5E72868206704F16C0654
:10ED400000E03668306858B13168C9684868F8F73B
:10ED500051FD0746E9684868F8F74CFD381AF0D4C9
:10ED6000306828603560286810B90020A4F8680071
:10ED700094F84200FF2804DA94F84200401C84F81A
:10ED800042000020606300BFCCE700002E2E5C4DE7
:10ED90006964646C6577617265735C5468697264F8
:10EDA0005F50617274795C4C7749505C7372635C3C
:10EDB000636F72655C7463705F6F75742E630000BF
:10EDC0007463705F7265786D69743A20696E7661FC
:10EDD0006C69642070636200417373657274696F5B
:10EDE0006E2022257322206661696C65642061743F
:10EDF000206C696E6520256420696E2025730A00E9
:10EE000010B5044600BF002C08D100BF20A340F27B
:10EE1000F9622CA133A0F3F7A9FD00BF00BF206F5A
:10EE2000A0B3A07E00F0040080BB2046FFF766FF81
:10EE300060BBB4F84810B4F86020914202DAB4F82C
:10EE4000481001E0B4F86010084601EBD071C1F33E
:10EE50004F01A4F84A10B4F84A00618E4900884274
:10EE600004D2608E4004000CA4F84A00B4F84A00B2
:10EE7000618E032202FB0100A4F8480000BF608BF2
:10EE800040F00400608300BF0020208610BD000019
:10EE90002E2E5C4D6964646C6577617265735C5499
:10EEA000686972645F50617274795C4C7749505C38
:10EEB0007372635C636F72655C7463705F6F7574AB
:10EEC0002E6300007463705F7265786D69745F66AD
:10EED0006173743A20696E76616C69642070636254
:10EEE00000000000417373657274696F6E20222503
:10EEF0007322206661696C6564206174206C696EA0
:10EF00006520256420696E2025730A0010B504462B
:10EF100000BF002C08D100BF08A340F2AD6214A1CD
:10EF20001AA0F3F723FD00BF00BF204600F09EF8B3
:10EF300010B9204600F03EF810BD00002E2E5C4DAA
:10EF40006964646C6577617265735C546869726446
:10EF50005F50617274795C4C7749505C7372635C8A
:10EF6000636F72655C7463705F6F75742E6300000D
:10EF70007463705F7265786D69745F72746F3A2044
:10EF8000696E76616C6964207063620041737365B9
:10EF90007274696F6E2022257322206661696C6528
:10EFA00064206174206C696E6520256420696E2080
:10EFB00025730A0010B5044600BF002C08D100BF1D
:10EFC0000AA34FF4D36216A11EA0F3F7CFFC00BF33
:10EFD00000BF94F84200FF2804DA94F84200401C75
:10EFE00084F842002046FDF781FC10BD2E2E5C4DBA
:10EFF0006964646C6577617265735C546869726496
:10F000005F50617274795C4C7749505C7372635CD9
:10F01000636F72655C7463705F6F75742E6300005C
:10F020007463705F7265786D69745F72746F5F632B
:10F030006F6D6D69743A20696E76616C69642070D9
:10F0400063620000417373657274696F6E202225DC
:10F050007322206661696C6564206174206C696E3E
:10F060006520256420696E2025730A0070B504466A
:10F0700000BF002C08D100BF22A340F263622EA182
:10F0800036A0F3F773FC00BF00BF206F10B96FF01C
:10F09000050070BD256F07E02846FEF70FF910B197
:10F0A0006FF00500F5E72D6828680028F4D12846A0
:10F0B000FEF704F910B16FF00500EAE7E06E286092
:10F0C000206FE0660020206700BF608B40F4006086
:10F0D000608300BFE9684868F8F78CFB0646E9687A
:10F0E0008889F8F794FB00F0030008B1012000E0E4
:10F0F0000020298908443044E0640020606300BF98
:10F10000C7E700002E2E5C4D6964646C6577617200
:10F1100065735C54686972645F50617274795C4CA9
:10F120007749505C7372635C636F72655C74637083
:10F130005F6F75742E6300007463705F7265786D25
:10F1400069745F72746F5F707265706172653A2086
:10F15000696E76616C6964207063620041737365E7
:10F160007274696F6E2022257322206661696C6556
:10F1700064206174206C696E6520256420696E20AE
:10F1800025730A0070B504460E4615462CB1207A48
:10F1900018B1207AF9F7C6FA70BD2846F7F752FD84
:10F1A000FAE700002DE9F04F85B083460F46904600
:10F1B0001D46DDF8389000BF002D08D100BF1EA30A
:10F1C00040F2C47229A130A0F3F7D0FB00BF00BF0A
:10F1D00000BFB9F1000F08D100BF17A340F2C572FC
:10F1E00033A129A0F3F7C2FB00BF00BF002646F6FB
:10F1F0000B0A3846F8F7FEFA14220490DDE90F01F5
:10F200008DE80704002231464046049BFDF78EFD41
:10F21000044614B905B0BDE8F08F334600222146FC
:10F220005846FDF793FE4B462A4621465846FDF7C1
:10F230000FFE00BFEEE700002E2E5C4D6964646C8B
:10F240006577617265735C54686972645F5061725E
:10F2500074795C4C7749505C7372635C636F726560
:10F260005C7463705F6F75742E6300007463705F0D
:10F270007273743A20696E76616C6964206C6F6396
:10F28000616C5F6970000000417373657274696F2F
:10F290006E2022257322206661696C65642061748A
:10F2A000206C696E6520256420696E2025730A0034
:10F2B0007463705F7273743A20696E76616C69640E
:10F2C0002072656D6F74655F6970000010B504464B
:10F2D00044B1606810B16068FAF79AF921460320DA
:10F2E000F8F7F2FE10BD70B5044605E0256820462B
:10F2F000FFF7ECFF2C4600BF002CF7D170BD0000DB
:10F300002DE9F04704460025A94600BF002C08D18E
:10F3100000BF2CA340F2EA7237A13FA0F3F726FB0F
:10F3200000BF00BF05F0010008B1042000E000208C
:10F3300005F0020109B1002100E00021084405F0B8
:10F34000080109B1002100E00021084405F0100186
:10F3500009B1002100E0002100EB0108206DF8F761
:10F3600049FA82465346002241462046FDF770FC8A
:10F3700006464EB900BF608B40F00300608300BFBB
:10F380006FF00100BDE8F0874B462A463146204623
:10F39000FDF7DCFD231D224631462046FDF758FDD2
:10F3A00007462FB100BF608B40F00300608306E08A
:10F3B00000BF608B4FF6FC710840608300BF384689
:10F3C000E0E700002E2E5C4D6964646C6577617225
:10F3D00065735C54686972645F50617274795C4CE7
:10F3E0007749505C7372635C636F72655C746370C1
:10F3F0005F6F75742E6300007463705F73656E6475
:10F400005F656D7074795F61636B3A20696E7661D8
:10F410006C69642070636200417373657274696F14
:10F420006E2022257322206661696C6564206174F8
:10F43000206C696E6520256420696E2025730A00A2
:10F4400070B5044600BF002C08D100BF16A340F2DF
:10F45000EB3222A128A0F3F789FA00BF00BFE06ECB
:10F46000E8B1E56E00E02D6828680028FBD1E96866
:10F470008889F8F7CCF900F0070078B90120F8F78F
:10F48000C6F9E96889890843E968888100BF608B0B
:10F4900040F02000608300BF002070BD00BF01214C
:10F4A0002046FBF779FDF8E72E2E5C4D6964646C0D
:10F4B0006577617265735C54686972645F506172EC
:10F4C00074795C4C7749505C7372635C636F7265EE
:10F4D0005C7463705F6F75742E6300007463705F9B
:10F4E00073656E645F66696E3A20696E76616C69F9
:10F4F0006420706362000000417373657274696F09
:10F500006E2022257322206661696C656420617417
:10F51000206C696E6520256420696E2025730A00C1
:10F5200070B504460D46002C0ED000BF207D01288A
:10F5300008D100BF05A340F2F37210A119A0F3F7A0
:10F5400015FA00BF00BFE56770BD00002E2E5C4DB0
:10F550006964646C6577617265735C546869726430
:10F560005F50617274795C4C7749505C7372635C74
:10F57000636F72655C7463702E630000696E766100
:10F580006C696420736F636B657420737461746558
:10F5900020666F722073656E742063616C6C6261AB
:10F5A000636B0000417373657274696F6E2022256E
:10F5B0007322206661696C6564206174206C696ED9
:10F5C0006520256420696E2025730A002DE9F0412D
:10F5D000064634690CB315480068F0F767FE87B239
:10F5E0004FF4C17239463620F9F774FBA0600F481A
:10F5F0000068F0F75BFE87B23A460C49A0680968DC
:10F60000FAF78EFA21463046FBF726FCA06810B1C7
:10F61000A068F9F7FDFF002504E03046FAF788FE00
:10F620006FF00C052846BDE8F08100004000002086
:10F6300070B504460D4600BF002C09D100BF06A3DB
:10F640004FF4CE6210A117A0F3F790F900BF70BD80
:10F6500000BF657500BFFAE72E2E5C4D6964646CCF
:10F660006577617265735C54686972645F5061723A
:10F6700074795C4C7749505C7372635C636F72653C
:10F680005C7463702E6300007463705F73657470E4
:10F6900072696F3A20696E76616C6964207063628A
:10F6A00000000000417373657274696F6E2022253B
:10F6B0007322206661696C6564206174206C696ED8
:10F6C0006520256420696E2025730A002DE9F04F1E
:10F6D00085B04FF00009E9480068401CE749086020
:10F6E000E7480078401CE649087000BF0025E5485F
:10F6F0000468D4E200BF207D002808D100BFE2A347
:10F7000040F2BE42ECA1F7A0F3F730F900BF00BF12
:10F7100000BF207D012808D100BFDBA340F2BF421B
:10F72000FAA1F0A0F3F722F900BF00BF00BF207DCF
:10F730000A2808D100BFD4A34FF49862FEA1E9A023
:10F74000F3F714F900BF00BFA07FCD4909788842C4
:10F7500002D12546E468A2E2C9480078A0770026D5
:10F76000B046207D022806D194F84200062802DB2C
:10F77000701CC6B2D1E094F842000C2802DB701C69
:10F78000C6B2CAE094F8950000285DDD00BF206F86
:10F79000002808D000BFBCA340F2D442F2A1D1A0FF
:10F7A000F3F7E4F800BF00BF00BFE06E002808D107
:10F7B00000BFB5A340F2D542F8A1CAA0F3F7D6F82E
:10F7C00000BF00BF94F896000C2802DB701CC6B284
:10F7D000A3E094F89500401EFE490F5C94F8940055
:10F7E000B84204DA94F89400401C84F8940094F829
:10F7F0009400B84227DB4FF0010AB4F8600030B93A
:10F80000204601F0A7FA70B14FF0000A0BE0B4F8FF
:10F810006010204600F0E4FA28B92046FDF766F8AB
:10F8200008B94FF0000ABAF1000F0BD0002084F89D
:10F83000940094F89500072804D294F89500401C91
:10F8400084F8950000BF68E0B4F93000002809DBB7
:10F85000B4F9300047F6FF71884203DA208E401C6D
:10F8600000B22086B4F93000B4F94010884254DB6D
:10F870002046FFF7FBFB18B1206F70BBE06E60B352
:10F88000207D02281ED094F842200C2A02D294F83F
:10F89000422000E00C221146B4F93E20B4F93C307D
:10F8A00002EBE302CC4B5B5C02FA03F047F6FF721B
:10F8B000904201DA024601E047F6FF7212B2A4F864
:10F8C000402000BF00202086B4F84800B4F8601043
:10F8D000884203DAB4F8480002E01EE0B4F86000A1
:10F8E000049004984010A4F84A00B4F84A00618ECD
:10F8F0004FF6FF7202EA4101884205DA608E114636
:10F9000001EA4000A4F84A00608EA4F848000020F4
:10F91000A4F86A002046FFF74DFB207D06280BD196
:10F92000A07E00F0100038B15449206A0968081A16
:10F93000282801D9701CC6B2607A00F00800D0B344
:10F94000207D042802D0207D072834D1A349D4F893
:10F95000900008444FF4FA71B0FBF1F0474A216A75
:10F960001268511A884206D2701CC6B208F1010012
:10F9700000F0FF081FE094F8971042F29F4211FB3D
:10F9800002F1D4F8900000EBC1004FF4FA71B0FB23
:10F99000F1F03A4A216A1268511A88420BD2204685
:10F9A000FCF70CFB8146B9F1000F04D194F89700E5
:10F9B000401C84F89700207D032807D12F49206A36
:10F9C0000968081A282801D9701CC6B2207D0928A8
:10F9D00007D12A49206A0968081AF02801D9701C41
:10F9E000C6B2002E48D0D4F88CA02046FDF714FEF5
:10F9F0008DB100BF23480068844208D100BF22A314
:10FA000040F26D5276A137A0F2F7B0FF00BF00BF01
:10FA1000E068E86011E000BF1A480068A04208D022
:10FA200000BF19A340F2715278A12EA0F2F79EFFF9
:10FA300000BF00BF1349E0680860B8F1000F0BD0A9
:10FA4000208BE18A221DCDE9002102902346204629
:10FA5000626A216DFFF7A6FBD4F810B0207D0390F9
:10FA60002746E4683846FBF79BFC00207249087083
:10FA700000BFBAF1000FE1E0EBE00000BC000020A5
:10FA8000D2000020C80000202E2E5C4D6964646CFA
:10FA90006577617265735C54686972645F50617206
:10FAA00074795C4C7749505C7372635C636F726508
:10FAB0005C7463702E6300007463705F736C6F77A7
:10FAC000746D723A20616374697665207063622D8B
:10FAD0003E737461746520213D20434C4F5345446F
:10FAE0000A000000417373657274696F6E202225ED
:10FAF0007322206661696C6564206174206C696E94
:10FB00006520256420696E2025730A007463705F88
:10FB1000736C6F77746D723A2061637469766520D7
:10FB20007063622D3E737461746520213D204C49E1
:10FB30005354454E0A0000007463705F736C6F7716
:10FB4000746D723A20616374697665207063622D0A
:10FB50003E737461746520213D2054494D452D57F5
:10FB60004149540A000000007463705F736C6F7742
:10FB700074696D723A207065727369737420746968
:10FB8000636B696E67207769746820696E2D666C97
:10FB90006967687420646174610000007463705F59
:10FBA000736C6F7774696D723A20706572736973E4
:10FBB00074207469636B696E672077697468206567
:10FBC0006D7074792073656E642062756666657207
:10FBD00000000000511C0108441C0108B84C0A0038
:10FBE0007463705F736C6F77746D723A206D6964C3
:10FBF000646C652074637020213D207463705F61C4
:10FC000063746976655F7063627300007463705F2C
:10FC1000736C6F77746D723A2066697273742070BA
:10FC20006362203D3D207463705F61637469766533
:10FC30005F70636273000000D000002003D06FF09B
:10FC40000C015846D04700BF4248007800B14DE54E
:10FC500024E02546E468287F401C2877287F697FB8
:10FC600088421BDB002028773A49087000BFD5F88E
:10FC7000880030B12946D5F8882028699047814608
:10FC800001E04FF0000900BF3248007800B12DE5D7
:10FC9000B9F1000F02D12846FCF728FE00BF002C66
:10FCA0007FF428AD00252C4804684EE000BF207D7D
:10FCB0000A280AD000BFAFF2302340F2A15227A198
:10FCC000AFF2E010F2F752FE00BF00BF00262F494E
:10FCD000206A0968081AF02801D9701CC6B2002EE3
:10FCE00031D02046FDF798FC9DB100BF1A4800684E
:10FCF00084420AD100BFAFF2702340F2AF5224A178
:10FD0000AFF22020F2F732FE00BF00BFE068E860EB
:10FD100013E000BF10480068A0420AD000BFAFF255
:10FD2000982340F2B35224A1AFF24820F2F71EFE0E
:10FD300000BF00BF0849E06808602746E46838460D
:10FD4000FBF72EFB01E02546E468002CAED105B0A0
:10FD5000BDE8F08FD0000020CC0000207463705FFD
:10FD6000736C6F77746D723A2054494D452D57412D
:10FD70004954207063622D3E7374617465203D3D6B
:10FD80002054494D452D574149540000BC000020E6
:10FD90007463705F736C6F77746D723A206D696411
:10FDA000646C652074637020213D207463705F74FF
:10FDB000775F7063627300007463705F736C6F775A
:10FDC000746D723A20666972737420706362203DAC
:10FDD0003D207463705F74775F706362730000002E
:10FDE0002DE9F04F85B005460E4600270024A346B6
:10FDF00000BF002D08D100BF79A340F24B3285A18E
:10FE00008DA0F2F7B3FD00BF00BFEC6E24B94FF038
:10FE1000FF3005B0BDE8F08F002E0CD100BF00BF51
:10FE20006FA340F253328EA183A0F2F79FFD00BF73
:10FE300000BFB01FEDE72089B04201DC0020E8E7F9
:10FE400000BF688EB04208DA00BF65A340F25B32A3
:10FE50008CA179A0F2F78AFD00BF00BF00BF208906
:10FE6000002808DC00BF5EA34FF4577289A172A07E
:10FE7000F2F77CFD00BF00BF94F80A8008F0010093
:10FE800008B1042000E0002008F0020109B10021BF
:10FE900000E00021084408F0080109B1002100E059
:10FEA0000021084408F0100109B1002100E0002100
:10FEB000084404902089801B1FFA80FA049850445B
:10FEC00081B24FF420723620F8F704FF8346BBF16D
:10FED000000F00D16EE0606800892189401A30442B
:10FEE00080B20290DBF80430049A99186068524698
:10FEF000029BF9F7EDFA504500D05BE0E168888994
:10FF0000F7F785FC00F03F090020039009F0080096
:10FF100028B129F00809039840F00800039009F07F
:10FF2000010028B129F00109039840F00100039075
:10FF3000E1684868F7F75EFC30440346CDE900808D
:10FF400059462846039AFAF743FD074607B931E0B8
:10FF50006068F9F748F935F8661F081A2880626862
:10FF60001289A2EB0A0291B26068F9F75DFC208960
:10FF7000A0EB0A0020814846F7F749FCE16889892F
:10FF80000843E16888816068F9F72DF929880844F9
:10FF900028807868F9F727F92988084425F8660940
:10FFA000206838602760386810B90020A5F868001C
:10FFB00000202EE700BF47B100BF09A34FF47672BF
:10FFC00038A11DA0F2F7D2FC00BF00BFBBF1000FAB
:10FFD00002D05846F9F71CFB4FF0FF3019E700003C
:10FFE0002E2E5C4D6964646C6577617265735C5438
:10FFF000686972645F50617274795C4C7749505CD7
:020000040801F1
:100000007372635C636F72655C7463705F6F757449
:100010002E6300007463705F73706C69745F756E3B
:1000200073656E745F7365673A20696E76616C699B
:100030006420706362000000417373657274696FBD
:100040006E2022257322206661696C6564206174CC
:10005000206C696E6520256420696E2025730A0076
:1000600043616E27742073706C6974207365676DCB
:10007000656E7420696E746F206C656E677468209D
:100080003000000073706C6974203C3D206D737308
:1000900000000000757365672D3E6C656E203E2084
:1000A00030000000736567203D3D204E554C4C00EC
:1000B00010B50948006868B90848006810B90848D0
:1000C000006838B101200449086000220549FA207F
:1000D000F9F72CFF10BD000008010020C800002027
:1000E000CC000020C50E01083EB504462948007822
:1000F00000F0040000B13EBD00BF002C08D100BFDD
:1001000025A340F2EE2231A138A0F2F72FFC00BF68
:1001100000BF2048007800F0020018B33D49606A33
:100120000968081A26D4218D606A0844394909688B
:10013000081A00281EDC384800680088364909681B
:100140004988364ACDE90021029032480068344996
:1001500009884218314B1B1D324801682046FFF7C1
:1001600021F8C8E70B48007800F0010010B12E48D4
:10017000006820622A480088002808DD00BF608BE4
:1001800040F00200608300BF2046FCF7AFFB00BFD9
:10019000B1E70000F40000202E2E5C4D6964646C11
:1001A0006577617265735C54686972645F506172EF
:1001B00074795C4C7749505C7372635C636F7265F1
:1001C0005C7463705F696E2E630000007463705F1F
:1001D00074696D65776169745F696E7075743A20D2
:1001E000696E76616C696420706362004173736547
:1001F0007274696F6E2022257322206661696C65B6
:1002000064206174206C696E6520256420696E200D
:1002100025730A00E8000020D8000020EC360020FA
:10022000F2000020EC000020BC00002010B5FBF71D
:1002300069F806480078401CC0B20449087000F014
:10024000010008B1FFF742FA10BD0000D100002004
:100250000348007840F01000014908707047000022
:10026000F500002070B5044600BF002C08D100BF87
:100270001CA340F2A63227A12FA0F2F777FB00BF04
:1002800000BF218D606A4518608E40F2B452E16A69
:10029000904201DD104600E0608E0844281A04D424
:1002A000208D6085E06A281A70BDE16A606A401A94
:1002B000002802DD0020608512E0616AE06A461ACB
:1002C00000BFB6F5803F08D300BF06A340F2B632A8
:1002D00023A119A0F2F74AFB00BF00BF668500BF4B
:1002E0000020E1E72E2E5C4D6964646C65776172D5
:1002F00065735C54686972645F50617274795C4CB8
:100300007749505C7372635C636F72655C74637091
:100310002E6300007463705F7570646174655F7252
:1003200063765F616E6E5F776E643A20696E7661A8
:100330006C69642070636200417373657274696FE5
:100340006E2022257322206661696C6564206174C9
:10035000206C696E6520256420696E2025730A0073
:100360006E65775F7263765F616E6E5F776E642035
:100370003C3D203078666666660000002DE9FF4F40
:1003800091B004468A4617464FF0000B0025002026
:1003900010900F900E9000260B900A9081460990C5
:1003A00000BF002C0DD100BFE7A34FF4CF72F3A123
:1003B000F8A0F2F7DBFA00BF6FF00F0015B0BDE850
:1003C000F08F00BFB4F8621001EBD1725210638E4F
:1003D0009A4201DD628E04E0B4F8620000EBD07254
:1003E000521092B20792079A0AB1079800E0608E05
:1003F000079000BFBAF1000F0BD100BFD2A340F2AB
:10040000AD12EEA1E3A0F2F7B1FA00BF6FF00F005A
:10041000D4E700BF3946204600F0C2FB0890089898
:1004200008B10898CAE7B4F866000D9000200C9057
:10043000E06E00287ED0E56E00E02D682868002878
:10044000FBD1A87A00F0010008B1042000E00020F0
:10045000A97A01F0020109B1002100E0002108445D
:10046000A97A01F0080109B1002100E00021084447
:10047000A97A01F0100109B1002100E0002108442F
:10048000069000BF2989069801440798814208DD3B
:1004900000BFADA34FF4F372D5A1BEA0F2F766FA88
:1004A00000BF00BF2989069801440798401A1FFA27
:1004B00080F8B4F868000A90BDF82800002831DD03
:1004C00000BFBDF82800404508DD00BF9EA34FF4E3
:1004D000FC72CDA1AFA0F2F749FA00BF00BF1095A2
:1004E000BDF82800B84202DABDF8280000E038461E
:1004F000404501DD404607E0BDF82800B84202DA79
:10050000BDF8280000E03846814606EB090086B2B7
:10051000BDF82800A0EB090080B20A90A8EB090002
:100520001FFA80F800BFBDF8280060B1BE420AD0B3
:1005300000BF00E079E084A34FF40072BAA195A057
:10054000F2F714FA00BF00BFBE426DDAB8F1000F37
:100550006ADD2889002867DDB81B404501DD40467B
:1005600000E0B81B80B205901095149800F00100CF
:10057000E8B1012114980AAB4246CDE9004002914E
:1005800000200599FCF78CFFB0F1000B00D18CE244
:100590000AEB0601DBF80400059AEFF755FE584612
:1005A000F8F721FE0D99084480B20D9038E0686894
:1005B000049002E004980068049004980068002801
:1005C000F8D10498007B00F0C000A0B904984168FD
:1005D0004089084450450ED100BF46B100BF5AA320
:1005E00040F2312298A16BA0F2F7C0F900BF00BF22
:1005F0000598099013E0012200200599F8F76AFB9D
:10060000B0F1000B00D150E20AEB0600CBF8040079
:100610005846F8F7E8FD0D99084480B20D9000BFE8
:100620000598304486B200BF0DE000BFB4F8680002
:1006300040B100BF44A340F24A228EA155A0F2F778
:1006400095F900BF00BF7EE1B81B80B206900C99FF
:100650000798401A80B20590DDE90510884201DA5A
:10066000069800E005980490149800F00100002816
:100670002FD00E9808B9012100E000211498CDE98F
:10068000004002910C9A0498104481B20AAB3620C3
:10069000079AFCF705FFB0F1000800D105E200BFA2
:1006A000B8F80A100498814208DA00BF26A340F285
:1006B00066227CA137A0F2F759F900BF00BF0AEB10
:1006C0000601D8F804300C9A9818049AEFF7BCFD8C
:1006D0002BE000BFBDF8280040B100BF1AA340F2D4
:1006E000712280A12BA0F2F741F900BF00BF0122C7
:1006F00036200499F8F7EEFA039000B9D5E10AEB39
:100700000601039841604FF4207236200C99F8F7E7
:10071000E1FAB0F1000803D10398F8F779FFC4E1DA
:1007200040460399F8F7ACFC00BF4046F8F75BFD84
:100730000D99084480B20D900D98082803D94046C1
:10074000F8F766FFB1E1D5E02E2E5C4D6964646C6C
:100750006577617265735C54686972645F50617239
:1007600074795C4C7749505C7372635C636F72653B
:100770005C7463705F6F75742E6300007463705FE8
:1007800077726974653A20696E76616C696420706D
:1007900063620000417373657274696F6E20222575
:1007A0007322206661696C6564206174206C696ED7
:1007B0006520256420696E2025730A007463705FCC
:1007C00077726974653A20617267203D3D204E550D
:1007D0004C4C202870726F6772616D6D6572207667
:1007E000696F6C61746573204150492900000000F5
:1007F0006D73735F6C6F63616C20697320746F6FCE
:1008000020736D616C6C0000696E636F6E73697349
:1008100074656E74206F76657273697A652076737D
:100820002E20737061636500696E636F6E73697308
:1008300074656E74206F76657273697A652076735D
:100840002E206C656E0000007463705F77726974AF
:10085000653A20524F4D2070627566732063616E59
:100860006E6F74206265206F76657273697A656455
:1008700000000000756E73656E745F6F766572734D
:10088000697A65206D69736D61746368202870638F
:10089000622D3E756E73656E74206973204E554CE3
:1008A0004C2900007463705F77726974653A206345
:1008B0006865636B20746861742066697273742064
:1008C000706275662063616E20686F6C6420746866
:1008D0006520636F6D706C657465207365676C650A
:1008E0006E0000006F76657273697A65203D3D2069
:1008F000300000000B980090E06D83190022414603
:100900002046FAF765F8109000B9CEE00E9810B9BD
:1009100010980E9011E000BF0F9850B900BFAFF2D1
:10092000D81340F2AB2275A1AFF29810F2F71EF87F
:1009300000BF00BFDDE90F10086010980F90049809
:10094000304486B200BFBE42FFF67EAEB9F1000F62
:1009500021DDD5F8048017E0B8F808004844A8F86D
:100960000800D8F8000068B9B8F80A20D8F80410D0
:1009700088184A465146EFF767FCB8F80A00484421
:10098000A8F80A00D8F80080B8F1000FE4D128894F
:100990004844288100BFBDF82800A4F86800BBF1D6
:1009A000000F17D000BF55B900BFAFF264234FF45A
:1009B000387257A1AFF22420F1F7D8FF00BF00BF73
:1009C00059466868F8F75CFB2889BBF808100844AA
:1009D000288132E0099800282FDD00BF0DB168683A
:1009E00050B900BFAFF2A02340F2E62256A1AFF209
:1009F0005C20F1F7BBFF00BF00BFD5F8048007E023
:100A0000B8F8081009980844A8F80800D8F8008039
:100A1000D8F800000028F3D1B8F808100998084465
:100A2000A8F80800B8F80A1009980844A8F80A00BD
:100A3000298909980844288100BF15B90E98E066F5
:100A400001E00E98286054F85C0F3844206020893B
:100A5000C01B20810D98608160895C3C80B100BF23
:100A6000206F60B9E06E50B900BFAFF2243340F29E
:100A7000123243A1AFF2E420F1F778FF00BF00BFCC
:100A8000109880B11098C06868B1149800F0020006
:100A900048B90820F6F7BBFE1099C9688989084350
:100AA0001099C9688881002088E400BF608B40F0FD
:100AB0008000608300BFBBF1000F02D05846F8F7FA
:100AC000A7FD0E9810B10E98FEF70DFCB4F8660065
:100AD00080B100BF206F60B9E06E50B900BFAFF2C7
:100AE000983340F2273226A1AFF25830F1F73EFF9B
:100AF00000BF00BF4FF0FF3060E400007072657609
:100B00005F73656720213D204E554C4C000000006E
:100B10007463705F77726974653A2063616E6E6F9B
:100B20007420636F6E636174656E617465207768AD
:100B3000656E207063622D3E756E73656E742069FC
:100B40007320656D707479007463705F7772697477
:100B5000653A20657874656E73696F6E206F6620E4
:100B60007265666572656E6365207265717569721E
:100B70006573207265666572656E636500000000CE
:100B80007463705F77726974653A2076616C69642A
:100B9000207175657565206C656E6774680000006E
:100BA00070B504460D4600BF002C08D100BF2EA32F
:100BB00040F2331239A141A0F1F7D8FE00BF00BFC7
:100BC000207D04280BD0207D072808D0207D022816
:100BD00005D0207D032802D06FF00A0070BD0DB94A
:100BE0000020FBE7B4F86400A84208DA00BF608B7D
:100BF00040F08000608300BF4FF0FF30EEE7B4F8B4
:100C00006600082808D300BF608B40F08000608336
:100C100000BF4FF0FF30E1E7B4F86600002810D0C5
:100C200000BF206F00280BD1E06E002808D100BF64
:100C30000DA340F255122BA120A0F1F797FE00BFA3
:100C40000FE000BF206F10B9E06E002808D000BF91
:100C500005A34FF4AC7232A118A0F1F787FE00BFD4
:100C600000BF0020BAE700002E2E5C4D6964646C62
:100C70006577617265735C54686972645F50617214
:100C800074795C4C7749505C7372635C636F726516
:100C90005C7463705F6F75742E6300007463705FC3
:100CA00077726974655F636865636B733A20696E18
:100CB00076616C6964207063620000004173736543
:100CC0007274696F6E2022257322206661696C65DB
:100CD00064206174206C696E6520256420696E2033
:100CE00025730A007463705F77726974653A2070C7
:100CF00062756673206F6E207175657565203D3E67
:100D0000206174206C65617374206F6E652071754D
:100D1000657565206E6F6E2D656D707479000000CD
:100D20007463705F77726974653A206E6F207062C9
:100D3000756673206F6E207175657565203D3E2068
:100D4000626F74682071756575657320656D707468
:100D5000790000002DE9FC5F04464FF0000A00BF57
:100D6000002C08D100BF37A340F64F0242A14BA090
:100D7000F1F7FCFD00BF00BFE56E15B90020BDE82E
:100D8000FC9F94F89600FF2804DA94F89600401C23
:100D900084F89600E9688889F6F739FD00F00100CB
:100DA00018B1288908B9012000E000208146B9F176
:100DB000000F01D1012000E000208346E86843686D
:100DC0005A4651462046FBF743FF064616B94FF0F8
:100DD000FF30D4E77768B9F1000F09D01120F6F79A
:100DE00016FDB9894CF2FF0211400843B8810DE0AD
:100DF000706814300090696809892A89891A8BB251
:100E0000012268680099F8F763FB00BFE968486849
:100E1000F6F7F0FC00F10108206DB0EB080001D5F9
:100E2000C4F850805346002231462046FCF78EF825
:100E3000231D224631462046FCF70AF8019001980E
:100E40009DE700002E2E5C4D6964646C65776172CD
:100E500065735C54686972645F50617274795C4C4C
:100E60007749505C7372635C636F72655C74637026
:100E70005F6F75742E6300007463705F7A65726FC4
:100E80005F77696E646F775F70726F62653A206931
:100E90006E76616C696420706362000041737365F3
:100EA0007274696F6E2022257322206661696C65F9
:100EB00064206174206C696E6520256420696E2051
:100EC00025730A0010B50446FFF7B0F9074800681B
:100ED00010B90748006828B100220649FA20F9F73E
:100EE00025F802E000200449086010BDC800002079
:100EF000CC000020C50E0108080100202DE9F041BA
:100F000005460E46174606B9274E00BF002D0CD1E8
:100F100000BF26A340F2B73230A136A0F1F726FD7C
:100F200000BF6FF00F00BDE8F08100BF4FF0000878
:100F30003A48046805E0A54202D14FF0010802E0FA
:100F4000E468002CF7D100BF37B900F0F7FA074684
:100F5000D7B96FF00700E6E73048046812E0A54211
:100F60000FD0608AB8420CD120683168884205D021
:100F700026B1306810B10CB1206810B96FF00700CD
:100F8000D1E7E468002CEAD10EB9002000E0306817
:100F900028606F82B8F1000F04D120480068E86033
:100FA0001E4805600020BEE7741B01082E2E5C4D14
:100FB0006964646C6577617265735C5468697264B6
:100FC0005F50617274795C4C7749505C7372635CFA
:100FD000636F72655C7564702E6300007564705F8A
:100FE00062696E643A20696E76616C696420706330
:100FF00062000000417373657274696F6E20222570
:101000007322206661696C6564206174206C696E6E
:101010006520256420696E2025730A0010010020D8
:101020002DE9F04104460D46174600BF002C0CD1B7
:1010300000BF23A340F235422DA134A0F1F796FC66
:1010400000BF6FF00F00BDE8F08100BF00BF002DB2
:101050000BD100BF1AA340F2364236A12BA0F1F704
:1010600085FC00BF6FF00F00EDE700BF608A58B944
:10107000628A21462046FFF741FF8046B8F1000F03
:1010800001D04046DFE700BF0DB9002000E028682E
:101090006060A782207C40F0040020742C48066821
:1010A00004E0B44201D10020CDE7F668002EF8D16B
:1010B00027480068E060264804600020C3E700007D
:1010C0002E2E5C4D6964646C6577617265735C5447
:1010D000686972645F50617274795C4C7749505CE6
:1010E0007372635C636F72655C7564702E6300007D
:1010F0007564705F636F6E6E6563743A20696E76B7
:10110000616C696420706362000000004173736564
:101110007274696F6E2022257322206661696C6586
:1011200064206174206C696E6520256420696E20DE
:1011300025730A007564705F636F6E6E6563743A41
:1011400020696E76616C6964206970616464720004
:101150001001002010B5EFF765F8C0F30D0000F5A1
:1011600040400149088010BD0C0100202DE9FE4FD0
:1011700005460E460020019000BF002D07D100BF9C
:1011800061A3CF226CA172A0F1F7F0FB00BF00BFFA
:1011900000BF002E07D100BF5BA3D02276A16CA0B8
:1011A000F1F7E4FB00BF00BF6889082803DA28468E
:1011B000F8F72EFAA6E0D5F804A0764A116850692F
:1011C000F5F74CF88146BAF80000F6F720FB8346A5
:1011D000BAF80200F6F71BFB029000240027A04695
:1011E0006D48046838E0618A0298814232D14A46EB
:1011F0003146204600F0E0F860B3207C00F00400A7
:10120000A8B9B8F1000F01D1A04610E0B9F1000F64
:101210000DD060484069401C48B9D8F8000071689A
:10122000884204D020687168884200D1A046A08A14
:1012300058450FD1606820B15649606809698842F5
:1012400008D137B1E068F86053480068E060524860
:10125000046003E02746E468002CC4D100BF04B951
:10126000444614B10120019008E04A497068496978
:10127000884201D1012000E000200190019800285F
:101280003CD008212846F8F7D1FB70B100BF00BF61
:101290001DA34FF4B87241A12DA0F1F767FB00BF69
:1012A00000BF2846F8F7B4F92CE07CB1A06948B13A
:1012B000CDF800B0374B10332A462146D4E906C09A
:1012C000E0471EE02846F8F7A3F91BE0B9F1000F4C
:1012D00010D13048007D00F0F000E0280AD02D4801
:1012E0008089083001B22846F8F774FA03212846AD
:1012F000F4F7A8FD2846F8F78BF902E02846F8F73E
:1013000087F900BFBDE8FE8F2E2E5C4D6964646CCA
:101310006577617265735C54686972645F5061726D
:1013200074795C4C7749505C7372635C636F72656F
:101330005C7564702E6300007564705F696E707513
:10134000743A20696E76616C69642070627566001B
:10135000417373657274696F6E2022257322206653
:1013600061696C6564206174206C696E6520256418
:1013700020696E2025730A007564705F696E707550
:10138000743A20696E76616C6964206E6574696672
:1013900000000000DC36002010010020706275663D
:1013A0005F72656D6F76655F686561646572206602
:1013B00061696C65640A000070B504460D46164606
:1013C00000BF002C07D100BF1FA387222AA133A092
:1013D000F1F7CCFA00BF00BF00BF002D07D100BF5E
:1013E00019A3882237A12DA0F1F7C0FA00BF00BFD2
:1013F000207A50B1217A3D48406890F83400401C72
:10140000C0B2814201D0002070BD8EB174B120689D
:1014100060B136484069401C40B12068A968084066
:1014200032494969AA68114088420BD10120EBE793
:1014300034B1206820B12D4920684969884201D122
:101440000120E1E70020DFE72E2E5C4D6964646C2B
:101450006577617265735C54686972645F5061722C
:1014600074795C4C7749505C7372635C636F72652E
:101470005C7564702E6300007564705F696E7075D2
:10148000745F6C6F63616C5F6D617463683A20694F
:101490006E76616C696420706362000041737365ED
:1014A0007274696F6E2022257322206661696C65F3
:1014B00064206174206C696E6520256420696E204B
:1014C00025730A007564705F696E7075745F6C6F68
:1014D00063616C5F6D617463683A20696E76616CFC
:1014E0006964206E6574696600000000DC360020C7
:1014F00010B5024682B1136873B169B10B685BB174
:10150000064B186806E003681468A34201D10B6813
:101510000360C0680028F6D110BD00001001002053
:1015200010B50020F6F79EFE04462CB1202120467F
:10153000EEF7B1FEFF20E072204610BD10B500228C
:1015400000BF124803880088401C104C20804FF6D2
:10155000FF70834203D14FF44040234618800C486B
:1015600001680EE0488A094B1B88984208D1501C3C
:1015700080B20246B0F5804F01DB002010BDE0E7ED
:10158000C9680029EED101480088F7E70C01002066
:101590001001002070B504460E46154600BF002C11
:1015A00009D100BF06A340F28A4211A116A0F1F7AB
:1015B000DDF900BF70BD00BFA661E56100BFF9E7BE
:1015C0002E2E5C4D6964646C6577617265735C5442
:1015D000686972645F50617274795C4C7749505CE1
:1015E0007372635C636F72655C7564702E63000078
:1015F0007564705F726563763A20696E76616C69B6
:101600006420706362000000417373657274696FD7
:101610006E2022257322206661696C6564206174E6
:10162000206C696E6520256420696E2025730A0090
:1016300070B5054600BF002D09D100BF14A340F2CC
:10164000A1421FA124A0F1F791F900BF70BD00BF16
:101650002B480068A84205D129480068C06828497D
:1016600008600EE02648046808E0E06828B1E068F9
:10167000A84202D1E868E06002E0E468002CF4D1FE
:1016800000BF29460020F6F71FFD00BFDEE700007F
:101690002E2E5C4D6964646C6577617265735C5471
:1016A000686972645F50617274795C4C7749505C10
:1016B0007372635C636F72655C7564702E630000A7
:1016C0007564705F72656D6F76653A20696E7661DC
:1016D0006C69642070636200417373657274696F32
:1016E0006E2022257322206661696C656420617416
:1016F000206C696E6520256420696E2025730A00C0
:10170000100100202DE9FC4704460F4690469946FB
:101710000A9D00BF002C0CD100BF2CA34FF42072F7
:1017200036A13DA0F1F722F900BF6FF00F00BDE830
:10173000FC8700BF00BF002F0BD100BF23A340F2E6
:1017400081223FA134A0F1F711F900BF6FF00F0023
:10175000EDE700BF00BFB8F1000F0BD100BF1BA326
:1017600040F282223DA12CA0F1F700F900BF6FF0FA
:101770000F00DCE700BF00BF002D0BD100BF13A39B
:1017800040F283223DA124A0F1F7F0F800BF6FF0F2
:101790000F00CCE700BF34B1206820B1207800F002
:1017A000F000E02801D12E1D07E02068696888421A
:1017B00002D06FF00300BAE726464B464246394650
:1017C0002046CDE9005600F069F8B0E72E2E5C4DBA
:1017D0006964646C6577617265735C54686972648E
:1017E0005F50617274795C4C7749505C7372635CD2
:1017F000636F72655C7564702E6300007564705F62
:1018000073656E64746F5F69663A20696E76616CA9
:101810006964207063620000417373657274696F5C
:101820006E2022257322206661696C6564206174D4
:10183000206C696E6520256420696E2025730A007E
:101840007564705F73656E64746F5F69663A206972
:101850006E76616C69642070627566007564705F95
:1018600073656E64746F5F69663A20696E76616C49
:101870006964206473745F69700000007564705F50
:1018800073656E64746F5F69663A20696E76616C29
:101890006964206E65746966000000002DE9FF4FE1
:1018A00085B004460D469146DDE912AB00BF002C21
:1018B0000DD100BF59A340F2D12264A16BA0F1F772
:1018C00055F800BF6FF00F0009B0BDE8F08F00BF02
:1018D00000BF002D0BD100BF50A340F2D2226DA15A
:1018E00062A0F1F743F800BF6FF00F00ECE700BF14
:1018F00000BFB9F1000F0BD100BF48A340F2D322C3
:101900006CA15AA0F1F732F800BF6FF00F00DBE7CF
:1019100000BF00BFBBF1000F0BD100BF3FA34FF4CE
:1019200035726DA151A0F1F721F800BF6FF00F00E3
:10193000CAE700BF00BFBAF1000F0BD100BF37A349
:1019400040F2D5226DA149A0F1F710F800BF6FF069
:101950000F00B9E700BF608A50B9628A214620466D
:10196000FFF7CCFA8046B8F1000F01D04046ABE754
:101970002889083080B22989884202DA4FF0FF3086
:10198000A2E708212846F7F727F988B14FF420721B
:1019900008212220F7F79EF9064616B94FF0FF30CE
:1019A00092E7288928B129463046F7F711FC00E074
:1019B0002E4600BF7089082808D200BF17A340F246
:1019C0000D3257A129A0F0F7D1FF00BF00BF776803
:1019D000608AF5F71CFF38800898F5F718FF7880C3
:1019E0000020F8803089F5F712FFB88011200490AC
:1019F000E07A0390A17A0498CDE9010A00914A4661
:101A000059463046039BF4F7D1FE8046AE4203D0E0
:101A10003046F7F7FDFD0026404655E72E2E5C4D7B
:101A20006964646C6577617265735C54686972643B
:101A30005F50617274795C4C7749505C7372635C7F
:101A4000636F72655C7564702E6300007564705F0F
:101A500073656E64746F5F69665F7372633A206961
:101A60006E76616C69642070636200004173736517
:101A70007274696F6E2022257322206661696C651D
:101A800064206174206C696E6520256420696E2075
:101A900025730A007564705F73656E64746F5F69A7
:101AA000665F7372633A20696E76616C6964207058
:101AB000627566007564705F73656E64746F5F69EC
:101AC000665F7372633A20696E76616C6964206444
:101AD00073745F69700000007564705F73656E6495
:101AE000746F5F69665F7372633A20696E76616CCA
:101AF0006964207372635F69700000007564705FD1
:101B000073656E64746F5F69665F7372633A2069B0
:101B10006E76616C6964206E657469660000000011
:101B2000636865636B20746861742066697273749E
:101B300020706275662063616E20686F6C6420732C
:101B40007472756374207564705F6864720000005D
:101B500020040C00540100202000002000000000A0
:101B6000000000000102030406070809000000004D
:101B70000102030400000000FFFFFFFFFFFFFFFF63
:101B8000FFFF00000000000020000600075F0020AB
:101B90008800002098000A00CA5F00208C00002006
:101BA0001C000500BD65002090000020100008000A
:101BB0004C6600209400002020000500CF66002025
:101BC0009800002018000F00726700209C00002081
:101BD00010000A00DD680020A000002010000A00AC
:101BE00080690020A400002010020800236A002061
:101BF000A8000020881B0108941B0108A01B0108F5
:101C0000AC1B0108B81B0108C41B0108D01B01084C
:101C1000DC1B0108E81B0108A41D0108CC1D0108FC
:101C2000EC1D0108AC1D0108981D0108801D01086C
:101C30008C1D0108E01D0108B81D0108C01D010828
:101C4000D41D01080102030405060707070707075B
:101C50000703060C18306078C4000020C000002084
:101C6000C8000020CC000020FA0000002D0201086E
:101C7000E8030000BD740008E8030000E95700080D
:101C800060EA0000852F0008F40100008934000894
:101C90000500000053544D33324634205443502045
:101CA0005365727665722073656E64206461746139
:101CB0000D0A0000646863705F6F7074696F6E3A3C
:101CC000206F7074696F6E735F6F75745F6C656E93
:101CD000202B2032202B206F7074696F6E5F6C6533
:101CE0006E203C3D20444843505F4F5054494F4E76
:101CF000535F4C454E0000006E657469662D3E686A
:101D000077616464725F6C656E206D7573742062B8
:101D100065207468652073616D652061732045548A
:101D2000485F4857414444525F4C454E20666F72AD
:101D30002065746861727021000000004C574950A2
:101D40005F434F4E53545F43415354206E6F742092
:101D5000696D706C656D656E74656420636F727219
:101D60006563746C792E20436865636B20796F75A9
:101D700072206C77495020706F72742E0000000042
:101D800046494E5F574149545F31000046494E5F16
:101D9000574149545F32000045535441424C495326
:101DA00048454400434C4F534544000053594E5F4F
:101DB0005243564400000000434C4F53494E4700E5
:101DC0004C4153545F41434B000000004C49535475
:101DD000454E000054494D455F57414954000000AD
:101DE000434C4F53455F57414954000053594E5F90
:101DF00053454E54000000007463705F656E71754A
:101E00006575655F666C6167733A206E6565642011
:101E1000656974686572205443505F53594E206F52
:101E200072205443505F46494E20696E20666C61B3
:101E30006773202870726F6772616D6D65722076AE
:101E4000696F6C617465732041504929000000007E
:101E5000701E0108000000201C010000EC29000891
:101E60008C1F01081C0100209C7D0000FC2900083B
:101E70000000000000000000000000000000000062
:101E80000000000000000000000000000000000052
:101E90000000000000000000000000000000000042
:101EA0000000000000000000000000000000000032
:101EB000941C010800000000000000001000000059
:101EC000010000000024F4000000000000000000F9
:101ED00001031C00000000000000000000000000E2
:101EE00000000000000000000000000000000000F2
:101EF00000000000000000000000000000000000E2
:101F000000000000000000000000000000000000D1
:101F100000000000000000000000000000000000C1
:101F2000000000000000000000C0000000000000F1
:101F300000000000000000000000000000000000A1
:101F4000000000006E19000000000000000000000A
:101F50000000000000000000000000000000000081
:101F60000000000000000000000000000000000071
:101F700000000000000000000000000000C00000A1
:0C1F800000000000000000000000000055
:040000050800018965
:00000001FF
