:020000040800F2
:10000000D0460324A9030008319100089F55000839
:1000100069900008D90F00081DA200080000000028
:1000200000000000000000000000000075970008BC
:1000300065100008000000001392000821980008D5
:10004000C3030008C3030008C30300087D9500082C
:10005000C3030008C3030008C3030008C303000868
:10006000C3030008C3030008C3030008C303000858
:10007000C3030008C3030008C3030008C303000848
:10008000C3030008C3030008C3030008C303000838
:10009000C3030008C3030008C3030008C303000828
:1000A000C3030008C3030008C3030008C303000818
:1000B000C3030008A9980008E1980008C3030008DA
:1000C000C3030008C3030008C3030008C3030008F8
:1000D000C3030008D9A10008C3030008C303000834
:1000E000C30300085D94000800000000C30300087B
:1000F000C3030008C3030008C3030008C3030008C8
:10010000C3030008C3030008C3030008C3030008B7
:10011000C3030008C3030008C3030008C3030008A7
:10012000C3030008C3030008C3030008C303000897
:10013000C303000869100008C3030008C3030008D4
:1001400000000000000000000000000000000000AF
:10015000C3030008C3030008C3030008C303000867
:10016000C3030008C3030008C3030008C303000857
:10017000C3030008C3030008C30300080000000015
:10018000C3030008C3030008C3030008C303000837
:10019000C3030008C3030008C3030008C303000827
:1001A000C3030008C3030008C3030008C303000817
:1001B000C3030008C3030008C3030008C303000807
:1001C000C3030008C3030008C3030008C3030008F7
:1001D000C3030008C3030008C3030008C3030008E7
:1001E000C3030008C3030008C3030008C3030008D7
:1001F000C3030008C3030008C3030008C3030008C7
:10020000C3030008C3030008C3030008C3030008B6
:10021000C3030008C3030008C3030008C3030008A6
:10022000C3030008C3030008C30300080000000064
:10023000C3030008C303000800000000C303000854
:10024000C3030008C3030008C3030008C303000876
:10025000C3030008C3030008C3030008C303000866
:10026000C3030008C3030008C3030008C303000856
:10027000C3030008C3030008C30300080000000014
:10028000C303000800000000C303000800000000D2
:1002900000000000C303000800F002F800F06DF851
:1002A0000AA090E8000C82448344AAF10107DA45D1
:1002B00001D100F062F8AFF2090EBAE80F0013F0B6
:1002C000010F18BFFB1A43F001031847040A03008B
:1002D000240A03000A444FF0000C10F8013B13F00D
:1002E000070408BF10F8014B1D1108BF10F8015B8F
:1002F000641E05D010F8016B641E01F8016BF9D182
:1003000013F0080F1EBF10F8014BAD1C0C1B09D1D8
:100310006D1E58BF01F801CBFAD505E014F8016B4A
:1003200001F8016B6D1EF9D59142D6D370470000DC
:100330000023002400250026103A28BF78C1FBD8EE
:10034000520728BF30C148BF0B607047642900F0D6
:100350003381752900F03081782900F069816329A3
:1003600000F07F84732900F08484002070471FB55B
:1003700012F03CFA1FBD10B510BD00F095FC1146FF
:10038000FFF7F5FF0DF07EF800F0B3FC03B4FFF7C4
:10039000F2FF03BC09F05AFF30BF72B6704762B675
:1003A000704780F30888704709488047094800472C
:1003B000FEE7FEE7FEE7FEE7FEE7FEE7FEE7FEE715
:1003C000FEE7FEE704480549054A064B7047000072
:1003D0002598000899020008D0400324D046032441
:1003E000D0420324D042032453EA020C00F0698077
:1003F0002DE9F04B4FF00006002B1FBFB3FA83F539
:1004000003FA05F424FA05F65E4012BF1643B2FA69
:1004100082F502FA05F4C5F120051EBF22FA05FC9B
:1004200044EA0C04203556EA044C4FEA144418BF41
:10043000641C4FF000084FF00009904271EB030C70
:1004400039D3002919BFB1FA81F701FA07F6B0FADA
:1004500080F700FA07F6C7F120071EBF20FA07FC55
:1004600046EA0C062037B6FBF4FCA7EB0507103F65
:1004700007F01F0BCBF120060CFA0BFB2CFA06F64B
:1004800044BFB3460026202FA4BF5E464FF0000BAA
:100490005BEA060C08BF4FF0010B19EB0B09ABFB35
:1004A000027C48EB0608C01B06FB02CC0BFB03CC0E
:1004B00071EB0C01C1E70B46024641464846BDE8D8
:1004C000F08B13B54FF000004FF00001AFF3008048
:1004D000BDE81C40704700000FB4044910B503AAE2
:1004E000029800F0CBFB10BC5DF814FB1000002458
:1004F0000FB41CB5074B06AA7B44694600900598CB
:1005000000F08DFB0020694600F09CFB1CBC5DF8F0
:1005100014FB00004907000070B5044685690068B7
:10052000C10601D5302600E02026C00707D070BDE7
:10053000D4E9012130469047206A401C20626D1E9C
:10054000F6D570BD70B5044685690078C00707D13F
:1005500070BDD4E9012120209047206A401C206210
:100560006D1EF6D570BD70B50C460546012A05D046
:100570002878800600D5EA69002302E0012305E01F
:100580005B1C934202D2E05C0028F9D1A869E6180E
:10059000C01AA861286A184428622846FFF7BCFFE1
:1005A00004E0D5E9012114F8010B9047B442F8D3D7
:1005B0002846FFF7C7FF70BD2DE9F041064600242D
:1005C00010687529314616A510D0AFF300800028B9
:1005D00002DA404213A507E031688A0701D512A567
:1005E00002E0490704D511A5012401E0AFF3008022
:1005F00000210A2206F1240709E0B0FBF2FCB0FB5F
:10060000F2F302FB1C00303078541846491C0028D5
:10061000F3D123462A463046BDE8F04100F0A1BAA6
:10062000000000002D0000002B0000002000000052
:1006300070B504460D4621461068AFF3008021884E
:10064000090502D50F4A7A4402E00E4A7A440E3276
:10065000002104F1240305E000F00F060009965D77
:100660005E54491C0028F7D120780023000704D5E8
:10067000702D02D009B1022311322046BDE870402E
:1006800000F06FBA2A0403002DE9F05F89460446A2
:100690004FF0000ADFF874B1FB44C0F820A02046F8
:1006A000E1688847002874D0252806D0D4E90121C4
:1006B0009047206A401C2062F1E700265F462046F2
:1006C000E16888472028054607DB312D05D27819D7
:1006D00010F8200C08B10643F1E7B00701D526F069
:1006E0000406C4F81CA00027C4F818A02A2D09D0BD
:1006F000284609F0A4FD38B304EB8708303DC8F85C
:10070000185019E059F8041B204604EB8702916148
:10071000E1688847012F054618D1E069002820DAF2
:1007200026F020061DE0D8F8180000EB800005EB4D
:1007300040003038C8F818002046E1688847054670
:1007400009F07DFD0028EED1012F0AD02E2D08D111
:100750002046E16888477F1C0546022F46F02006A8
:10076000C4DBA069002803DA404246F00106A0611C
:10077000F00701D026F010066C2D0BD0682D09D0A3
:100780004C2D39D06A2D35D0742D35D07A2D33D0FB
:1007900016E038E0E1682F4620468847B842054613
:1007A00009D16C2F26D04FF48060E16806432046C3
:1007B0008847054604E06C2F1AD04FF4807006433A
:1007C0000DB3A5F14100192802D8203546F4006682
:1007D0004A462946204626604E46FFF7B7FD80B1BF
:1007E00001280BD0F61D26F0070000F1080956E796
:1007F0004020E4E78020D8E70020D6E706F104098E
:100800004DE7284652E7206ABDE8F09F0004030048
:10081000401ECAB210F8011F8A4202D00029F9D145
:100820000020704730B505460B462A4613F8014BA9
:1008300012F8010B08B1A042F8D01CB1002802D078
:100840006D1CF1E7284630BD40EA010310B59B0757
:100850000FD1042A0DD310C808C9121F9C42F8D02A
:1008600020BA19BA884201D9012010BD4FF0FF30DB
:1008700010BD1AB1D30703D0521C07E0002010BDF1
:1008800010F8013B11F8014B1B1B07D110F8013B7D
:1008900011F8014B1B1B01D1921EF1D1184610BD5E
:1008A00010B5431C02E010F8011B71B18107FAD1A9
:1008B0004FF0013202C88C1A8C4314EAC211F9D0ED
:1008C000C01A0A0603D0C01E10BDC01A10BD0A040B
:1008D00001D0801E10BD0902FCD0401E10BD40EAB0
:1008E000010370B59B072ED14FF00136042A2AD39D
:1008F00008C810C99D1B9D43121F15EAC61517D0C5
:10090000D8B2E1B2401A50EA056110D198B2A1B252
:10091000401A50EA05410AD123F07F4024F07F417C
:10092000401A50EA052102D1180EA0EB146070BDE8
:10093000A342DBD018BA21BA884201D9012070BD88
:100940004FF0FF3070BD0AB9002070BD10F8013BB8
:1009500011F8014B63B1A3420AD1521E08D010F81E
:10096000013B11F8014B1BB1A34201D1521EEDD145
:10097000181B70BD032A40F2308010F0030C00F009
:10098000158011F8013BBCF1020F624498BF11F8C9
:1009900001CB00F8013B38BF11F8013BA2F1040282
:1009A00098BF00F801CB38BF00F8013B11F00303FA
:1009B00000F02580083AC0F0088051F8043B083A5E
:1009C00051F804CBA0E80810F5E7121D5CBF51F800
:1009D000043B40F8043BAFF30080D20724BF11F87A
:1009E000013B11F801CB48BF11F8012B24BF00F8DF
:1009F000013B00F801CB48BF00F8012B704710B550
:100A0000203AC0F00B80B1E81850203AA0E8185006
:100A1000B1E81850A0E81850BFF4F5AF5FEA027CC7
:100A200024BFB1E81850A0E8185044BF18C918C036
:100A3000BDE810405FEA827C24BF51F8043B40F8D7
:100A4000043B08BF7047D20728BF31F8023B48BFBC
:100A500011F8012B28BF20F8023B48BF00F8012BFA
:100A600070474FF000020429C0F0128010F0030C10
:100A700000F01B80CCF1040CBCF1020F18BF00F891
:100A8000012BA8BF20F8022BA1EB0C0100F00DB840
:100A90005FEAC17C24BF00F8012B00F8012B48BF9E
:100AA00000F8012B70474FF0000200B51346944642
:100AB0009646203922BFA0E80C50A0E80C50B1F1B6
:100AC0002001BFF4F7AF090728BFA0E80C5048BFCA
:100AD0000CC05DF804EB890028BF40F8042B08BF68
:100AE000704748BF20F8022B11F0804F18BF00F864
:100AF000012B70474FF0013C50F8042B51F8043B98
:100B00009A4215D1A2EB0C03934313EACC130BD1F9
:100B100050F8042B51F8043B9A4209D1A2EB0C0384
:100B2000934313EACC13E7D04FF00000704700BFA7
:100B3000D01A01BAB1FA81F101F0180122FA01F0DC
:100B4000CB40C1F12001DBB2C0B2C01A2CFA01F3D4
:100B5000D11A914311EAC311E6D17047704770472B
:100B600070472DE9F0470D4699469246044600F13C
:100B700024080168880604D5E06921F0100121608D
:100B800000E00120A84201DD471B00E00027A16929
:100B90007A1902EB0900081AA0612078C00602D475
:100BA0002046FFF7B9FC002608E0D4E901211AF835
:100BB00006009047206A401C761C20624E45F4DBFC
:100BC0002078C0060AD52046FFF7A6FC06E0D4E947
:100BD000012130209047206A401C2062381EA7F176
:100BE0000107F4DC07E0D4E9012118F8050090477B
:100BF000206A401C2062281EA5F10105F3DC204676
:100C0000FFF7A0FC2078000602D50220BDE8F0879F
:100C10000120FBE701694A1C02610878704700B5B2
:100C20008FB0CDE901310021059105497944CDE925
:100C3000031011466846FFF727FD0FB000BD000006
:100C4000E5FFFFFF0A6802F8010B0A60704710B564
:100C5000436913B1AFF3008001E0FFF784FC01208A
:100C600010BD127800F124010A7000224A7001229E
:100C7000EDE711684FF0FF32E9E70000074B70B570
:100C80000D467B44FFF7CBFF0446284600F008F8EA
:100C900010B14FF0FF3070BD204670BDFFAA0000BC
:100CA000007B00F080007047754600F02BF8AE46E0
:100CB00005006946534620F00700854618B020B568
:100CC000FFF780FBBDE820404FF000064FF0000723
:100CD0004FF000084FF0000B21F00701AC46ACE8E4
:100CE000C009ACE8C009ACE8C009ACE8C0098D4651
:100CF000704710B50446AFF300802046BDE81040B1
:100D0000FFF744BB004870476C40032470B50446AD
:100D10000068816801F00301012925D10168C90734
:100D200022D0816801F00D0101290FD1816841F0C5
:100D30000201816021680320086002F0FFF9054686
:100D40000EE002F0FBF9401B022809D9606D40F06B
:100D500010006065A06D40F00100A065012070BD2D
:100D600020688068C007ECD1002070BD70B50446D3
:100D70000068816801F00301012902D10168C907F7
:100D800023D18168124A114210D1816841F00101DA
:100D9000816002F0D3F9054612E0816841F001015B
:100DA000816002F0CBF9401B022809D9606D40F048
:100DB00010006065A06D40F00100A065012070BDCD
:100DC00020680168C943C907E7D1002070BD000051
:100DD0003F00008070B5B0B029495422044617A8DE
:100DE000FFF70DFE2648416D2C91816D2D91C16D4F
:100DF000006E0A255422CDE92E101320CDE91505E9
:100E00001BA96846FFF7FBFD17AE96E80F0000F040
:100E10006EFD00EE100A9FED1B1B4FF47A70B8EECA
:100E2000400B642320EE010BBCEEC00B10EE101A39
:100E3000B1FBF0F0C2B26FF07C0012FB00F001EBEE
:100E4000C000B0FBF3F04FF47A7312FB03F33032BF
:100E50002270C0B200EBC00606EB001630306070A6
:100E600003EB86068B1BB3FBF5F303EB83053033F3
:100E7000A37006EB4505491B3031E17030B070BD01
:100E8000C00500249A9999999999E93F2DE9F04173
:100E900016461D4600240F4629A00A46314600F09A
:100EA000F1FC401C21D00121002008F08DF91AE04E
:100EB00056F8240022A1FFF71DFE90B955F8240032
:100EC00021A1FFF717FE30B155F8240020A1FFF74C
:100ED00011FE10B105E0002100E00121002008F022
:100EE00073F9641CE4B2BC42E2DB1B4C01212046D6
:100EF00002F016F918B9002008F04AF928B10121CA
:100F0000204602F00DF918B107E014A0BDE8F08109
:100F1000002008F03DF9012806D00121204602F00A
:100F2000FFF8012802D006E013A0EFE7002008F048
:100F30002FF9012801D018A0E8E71FA0E6E700007C
:100F40004245455000000000424545504F4E0000CC
:100F5000424545504F464600000402582F53544D19
:100F600033325F4C45445F4F4E5F424545505F4FC3
:100F70004E2E7368746D6C002F53544D33325F4C9A
:100F800045445F4F4E5F424545505F4F46462E7386
:100F900068746D6C000000002F53544D33325F4C69
:100FA00045445F4F46465F424545505F4F4E2E7366
:100FB00068746D6C000000002F53544D33325F4C49
:100FC00045445F4F46465F424545505F4F46462E7B
:100FD0007368746D6C000000FEE70000F0B5BFF3AD
:100FE0004F8FBFF36F8F1D4900200860BFF34F8FF5
:100FF000BFF36F8F1A4C216841F400312160BFF3B9
:101000004F8FBFF36F8F164970310860BFF34F8F5A
:10101000081F006843F6FF75104E1036C0F34E31BE
:10102000C0F3C90305EA4112184642EA80773760E7
:10103000401EFAD2491EF5D2BFF34F8F206840F40C
:1010400080302060BFF34F8FBFF36F8F03484C3069
:10105000016841F004010160F0BD000050EF00E0C4
:1010600014ED00E07047000010B50CF09FF8064842
:101070004FF40041006800F58B5001604021016091
:101080000121016010BD00005805002470B5A2B018
:1010900006460024694601258DF804506803069031
:1010A0008DF80F504FF4C3608DF80E500D90202036
:1010B0008DF81D408DF80C4009948DF81F40129456
:1010C0008DF832508DF828408DF8605017904FF011
:1010D00040508DF838400F9402948DF861408DF89F
:1010E0001C4014948DF862400B948DF81E500090B3
:1010F000A8038DF811508DF840408DF831400590CF
:1011000002208DF812408DF85640169030468DF82A
:1011100020508DF854408DF830408DF810508DF8E7
:101120000D408DF8554011948DF84C5000F0CEF9DB
:101130001B9569058DF871404FF406708DF8685065
:1011400019948DF880408DF870401F918DF878408B
:101150001D9119A98DF881402190304600F066F963
:1011600022B070BD2DE9F047846A00F1180692465E
:101170008B680027254656F82420D2F80CC0BCF115
:10118000000F63DB91F800805FEA487837D5D1F82B
:1011900024806FF30F0C4CEA080C4CF4803CC2F82E
:1011A0000CC0D0F800C0DCF8608048F48018CCF89F
:1011B000608091F800C05FEA0C7C20D5B1F82CC0AB
:1011C000A2F80AC0D2F80CC04CF4003CC2F80CC023
:1011D000D1F830802CF4402C4CEA080CC2F80CC03A
:1011E000D0F800C0DCF8648048F48018CCF8648043
:1011F0000068D0F850C04CF0806CC0F850C008783F
:10120000C0060BD59068D1F818C06FF30D0040EA06
:101210000C009060D06840F08060D060087810F0DA
:10122000140F14D0D068641C042C40F04040D060EF
:1012300000D3241F012756F82420D068002806DA9E
:1012400056F82500C16821F00041C1608DE01868A2
:101250007F1C10604FF000099068D3F804C06FF352
:101260000D0040EA0C009060D3F80880DFF8B8C1A8
:10127000B8F1000F0BD04346D8F80080C2F80480C4
:1012800000EA0C00B3F8048040EA084003E000EAFA
:101290000C00C2F8049090600878C006D0680FD5A2
:1012A000B1F8208020F4F00040EAC840D060D1F8C6
:1012B0001C806FF3110040EA080040F480201CE01D
:1012C000D1F804806FF30E0040EA0800D06091F876
:1012D00000805FEAC87806D0D1F8148020F440304E
:1012E00040EA0800D0600878800607D5D068D1F8B9
:1012F000108020F0406040EA0800D0600878400785
:1013000007D59068D1F8288020F4404040EA0800D2
:101310009060D06820F0804040F02040D06091F88C
:1013200000805FEA887869D5D1F80C8020F0607081
:1013300040EA080061E0641C042C00D3241F56F826
:101340002420D068002813DA56F8251000200AE07F
:10135000CA686D1C042D22F00042CA6000D32D1F04
:10136000401C56F82510B842F2D30220BDE8F087A1
:1013700018687F1C10609068D3F804806FF30D002C
:1013800040EA08009060D3F80880B8F1000F0BD055
:101390004346D8F80080C2F8048000EA0C00B3F895
:1013A000048040EA084003E000EA0C00C2F8049020
:1013B00090600878C006D06808D5D1F81C806FF31B
:1013C000110040EA080040F4802011E0D1F80480C8
:1013D0006FF30E0040EA0800D06091F800805FEAE9
:1013E000C87815D0D1F8148020F4403040EA0800C5
:1013F000D06020F0804040F00040D0609B68002B1F
:1014000099D19068BAF1000F04D040F0004003E099
:10141000D068EEE720F000409060D06840F0805047
:10142000D06000203461A1E7FFFF00C030B5026842
:1014300002F58052136847F60204A3430C68234365
:1014400013600A790B7B120342EAC3338A681343A1
:10145000026802F5805254684DF20105AC431C430A
:1014600054604B7B0A6A42EA0343026802F58052E9
:10147000D2F80041124D2C401C43C2F800410A7DB5
:101480004B7F120142EA03330A691343026802F5F3
:101490008052D2F804410B4D2C401C43C2F8044149
:1014A00000688A69097F00F5805042EAC171D0F86E
:1014B0000821054B1A400A43C0F8082130BD00003E
:1014C00000C0FEFFEFEFC0FFFFFFC07F30B50B682D
:1014D0008A680C7B1A430B79DB0643EAC4531A4330
:1014E0004B7B42EA83528B7B42EA4352CB7B42EAFC
:1014F00003530A7C002A7CD0002243EAC2434A7C80
:10150000002A78D0002243EA42428B7C42EA03421E
:101510004B691A438B691A430B7F42EA03324B7FB4
:1015200042EAC3238A7F002A66D0002243EA82224D
:10153000CB7F42EA432391F82020002A7ED000226C
:1015400043EA02224B6A1A4391F8283042EA031315
:10155000CA6A134302681468434D2C401C4314604C
:1015600091F83C2091F83830520642EA036291F833
:10157000303042EA834291F8313042EA434391F8F5
:101580003220BAB3002243EA02434A6B1343026893
:101590005468364D2C401C43546091F840304A6CDE
:1015A00042EA03230268D46840F20F15AC431C439F
:1015B000D46091F854300A6D42EA430391F84C200C
:1015C000EAB30022B1F84840D20142EA0442134390
:1015D0000268146F4FF60D752C401C43146791F888
:1015E000553091F8562042EA43030268D2F8904001
:1015F00003E02BE032E02BE02CE024F003041C435A
:10160000C2F890400268D2F8003D8C6D23F072035E
:101610002343C2F8003D91F86020CB6D12B3002245
:10162000006843EA821291F8613091F862101B0160
:1016300043EAC1010A43D0F8301D01E00CE00FE09D
:1016400021F07B011143C0F8301D30BD012254E769
:10165000012258E7012269E7012271E7012292E79E
:101660000122AFE70122DBE7838004000080F8C09D
:1016700070B5B3F5804F05D06FF0704140F822107F
:10168000002070BD50F82230084C2340D1E90045BD
:101690008E8944EA05148D6889692D0245EA06455C
:1016A0002C430C431C4340F82240E9E70000F0CFF4
:1016B000F0B50C6850F824501A4A1540D1E90123BE
:1016C000D1E903671A433E4332434E6932438E6980
:1016D0003243CE6932430E6A32434E6A32438E6AD7
:1016E0003243CE6A32430E6B32438E6B32434E6BC3
:1016F00032432A43082B01D142F0400240F8242013
:101700000A6BB2F5801F05D10A684AB1026842F43B
:10171000801202600A681AB10268496B0A430260CB
:101720000020F0BD8004C0FF00EB8202F0B55368DA
:101730008E8903F04044D1E9003543EA05138D68F2
:101740002D0245EA06450E8A2B430D4D05EB065644
:1017500033430E7D6F0107EB066633438E693343D7
:10176000234353600268D20207D54268098A22F4F3
:10177000700205EB0151114341600020F0BD0000F3
:101780000000F0FF30B5D1E901230D681A43D1E91B
:10179000033423431A434B691A438B691A43D1E933
:1017A0000734496A012D056807D01A4322430A43CA
:1017B0006FF30E052A4302600AE025F4F84523433F
:1017C00029430B43416803606FF30E010A434260F3
:1017D000002030BD426942EA41014161002070476A
:1017E00018B5D1E900236FF01F041A438B68C9684C
:1017F00004EB431343EA41210A43009202610020B3
:1018000018BD0000F0B5D1E900346FF00F055B1E84
:101810002E0105EB041423438C682F034FEA054C7B
:101820000D8A06EB04248E8A2343CC68097E4FF090
:101830007F4E012A07EB05450CEB06560EEB0161C6
:101840000CD082683F1107EB043423432B4333430E
:101850000B4302F07042134383600FE08768084A2D
:1018600017402203C468A2F5805232433A43826093
:101870002B430B4304F070442343C3600020F0BDAE
:10188000FF0F0FFF2DE9F041002415460E460746D5
:1018900006E056F824103846FFF72CF930B1641CE6
:1018A000AC42F6DB4FF0FF30BDE8F0812046FBE7AD
:1018B0000FB400B587B069462198009001200190CF
:1018C00007200290002003900490059008A800F0E3
:1018D000E5F808A800F07CFD0A2108A800F0DCFC6F
:1018E00008A800F06FFB07B080B25DF814FB0FB4DE
:1018F0002DE9F041B0B000250DF168082C46DDE976
:101900004F761EE0542236A916A8FFF778F84B98B8
:101910002B904C982C904D984E9954221597CDE9C8
:101920002D0141466846FFF76AF80DF1580C9CE816
:101930000F00FFF7BDFF0544052008F0A1FC641C63
:10194000E4B2B442DED3B5FBF6F030B0BDE8F0014E
:1019500080B25DF814FB000010B524482DED028B19
:10196000B0B004882148203000885422DFED200ADE
:10197000001B204900EE100A17A8B8EEC00A80EE3E
:10198000808AFFF73CF81B48416D2C91806D2D90AB
:1019900018491C31086C496C5422CDE92E010A21EA
:1019A0001220CDE915011BA96846FFF728F80DF1B3
:1019B0005C0C9CE80F00FFF79AFF001B00EE100A7A
:1019C0009FED0D1B30B0F8EE400AB3EE0E0A08EEA4
:1019D000200ABDEC028BB7EEC00A20EE010BBDEE73
:1019E000C00B10EE100A00B210BD000020E8F11F7D
:1019F0000000A0422406002400000000000059401E
:101A00002DE9F041044690F85000002516460128C3
:101A10000F460CD0012084F850002046FFF776F9DD
:101A20000100606D2A4605D040F0100031E0022030
:101A3000BDE8F08120F4885040F002006065206825
:101A4000836823F08043334383602068836823F4F2
:101A500080333B4383602068836843F000438360A6
:101A600020684FF47A460CE06D1CB54209D3606DD6
:101A700020F0020040F010006065012084F8502042
:101A8000D6E78368002BEFDB606D20F0020040F0AA
:101A900001006065084684F85020C9E72DE9F84F39
:101AA0000023FC4C4FF0804E9B46009390F8502052
:101AB000012A28D0012580F85050026896687607E0
:101AC0007ED4D669AA460F78BD402E43D6614A68B7
:101AD0001F254FF4F868052A18D20668376B98FA64
:101AE000A8FCBCFA8CFC02FB0CFC05FA0CF598FA7D
:101AF000A8FCAF430D68BCFA8CFC02FB0CF29540CD
:101B00002F43376349E00220BDE8F88F0A2A16D236
:101B10000668776B98FAA8FC521FBCFA8CFC02FB93
:101B20000CFC05FA0CF598FAA8FCAF430D68BCFA5A
:101B30008CFC02FB0CF295402F4377632DE0066886
:101B40000F2A15D2B76B98FAA8FC0A3ABCFA8CFC9B
:101B500002FB0CFC05FA0CF598FAA8FCAF430D68E3
:101B6000BCFA8CFC02FB0CF295402F43B76314E0E7
:101B7000F76B98FAA8FC0F3ABCFA8CFC02FB0CFC41
:101B800005FA0CF598FAA8FCAF430D68BCFA8CFC7A
:101B900002FB0CF295402F43F763026895684FF003
:101BA00038064FF0070915F00C0F7DD10D680A2D8E
:101BB0001BD3976996FAA6FC0A3DBCFA8CFC00E0A0
:101BC000C9E105FB0CF809FA08FC96FAA6F827EA21
:101BD0000C07D1F808C0B8FA88F805FB08F50CFA2C
:101BE00005FC47EA0C07976117E0576996FAA6FCCF
:101BF000BCFA8CFC05FB0CF809FA08FC96FAA6F86E
:101C000027EA0C07D1F808C0B8FA88F805FB08F5F0
:101C10000CFA05FC47EA0C07576102684D69D76862
:101C20004FF0F84CC7F382077F00BD400F69012FCA
:101C30004AD0022F6AD0032F7DD0042F7CD0156E9E
:101C40009CFAACF805F0F8470D68B8FA88F805FA80
:101C500008F5AF4203D1156E25F000451566026800
:101C6000556E9CFAACF805F0F8470D68B8FA88F89C
:101C700005FA08F5AF4203D1556E25F000455566CB
:101C80000268956E9CFAACF80F68B8FA88F805F00F
:101C9000F84507FA08F7BD4203D1956E25F00045D7
:101CA00095660268D56E00E02FE09CFAACFC05F06A
:101CB000F8470D68BCFA8CFC05FA0CF5AF4224D14C
:101CC000D56E25F0004589E0176E9CFAACFC07F054
:101CD00000480F68BCFA8CFC07FA0CF72F4348EA5F
:101CE0000708C2F86080026815690F7E25F4006558
:101CF0003D4315614A7E002A0268156E02D045F008
:101D0000004501E025F00045156668E0576E9CFA35
:101D1000ACFC07F000480F68BCFA8CFC07FA0CF723
:101D20002F4348EA0708C2F86480026815690F7EED
:101D300025F4805501E00FE031E045EA47051561E3
:101D40004A7E002A0268556E02D045F0004501E047
:101D500025F00045556642E0976E9CFAACFC07F012
:101D600000480F68BCFA8CFC07FA0CF72F4348EACE
:101D70000708C2F86880026815690F7E25F40055CF
:101D800045EA870515614A7E002A0268956E02D0F1
:101D900045F0004501E025F0004595661FE0D76E4F
:101DA0009CFAACFC07F000480F68BCFA8CFC07FA00
:101DB0000CF72F4348EA0708C2F86C8002681569DF
:101DC0000F7E25F4804545EAC70515614A7E002A45
:101DD00002683FF475AFD56E45F00045D5660268E0
:101DE000956805F00305012D02D11568ED0761D155
:101DF000CD68754507D052F8C06F0F780AFA07F51D
:101E0000AE4316603CE052F8C07F91F800C00AFA79
:101E10000CF52F4317600A680568092A18D3AF69C3
:101E200096FAA6FC093ABCFA8CFC96FAA6F602FBD6
:101E30000CF8B6FA86F609FA08FC724327EA0C0792
:101E4000D1F808C00CFA02FC47EA0C07AF6117E0B2
:101E50006F6996FAA6FC521CBCFA8CFC96FAA6F6A0
:101E600002FB0CF8B6FA86F609FA08FC724327EA78
:101E70000C07D1F808C00CFA02FC47EA0C076F61A6
:101E8000054E0568054FB54201D0BD420AD1044A4E
:101E900009E00000006002580020024000210240DA
:101EA00000230240444A0968122904D0112907D0AE
:101EB00013290AD054E0D2F808C04FEA0C2C08E0ED
:101EC000D2F808C04FEACC1C03E0D2F808C04FEAB1
:101ED0004C2CBCF1000F43DBD5F808C00CF0030C10
:101EE000BCF1010F04D1D5F800C05FEACC7C32D13F
:101EF000B54210D1D6F8087107F00307012F03D1BE
:101F0000D6F80061F60726D1A66806F00306012E72
:101F10002AD126681DE0BD42B76807F003070BD140
:101F2000012F02D13768FF0715D1A76807F0030713
:101F3000012F06D1276802E0012F02D13768FF0781
:101F400009D1D6F8087107F00307012F0CD1D6F894
:101F50000061F60708D0416D41F020014165012381
:101F600080F850B01846CFE512290AD011291CD0AC
:101F70001329F5D1A542F3D1916841F48001916014
:101F8000EEE7A542ECD1916841F4000191600B4964
:101F90000B4A0968B1FBF2F1C1EB0111C90000E085
:101FA000491E00910029FBD1DAE7A542D8D19168FA
:101FB00041F08071E3E70000006302580000002454
:101FC00080841E000068006C70470000F8B54FF078
:101FD000000504002E46009502D0606D10B107E0A8
:101FE0000120F8BD204600F021F9A66584F8506074
:101FF00020688168890003D5816821F000518160E3
:1020000020688168C90010D4816841F080518160E6
:102010007D487E490068B0FBF1F000EB8000400095
:1020200000E0401E00900028FBD120688168C900B4
:1020300008D4616D41F010016165A16D41F00101AD
:10204000A1650125616DC9067ED481684907FBD46D
:10205000616D41F0020161656D4A6E4E904201D0A2
:10206000B04201D16C4900E06C49836803F003037E
:10207000012B02D10368DB0739D1694B904210D1A3
:10208000D2F8080100F00300012803D1D2F80001C2
:10209000C0072CD1986800F00300012821D11868EE
:1020A0001DE0B042906800F003000BD1012802D17E
:1020B0001068C0071BD1986800F00300012806D102
:1020C000186802E0012802D11068C0070FD1D2F8C9
:1020D000080100F00300012803D1D2F80001C00775
:1020E00005D18868626820F47C1010438860A1687C
:1020F0004FF48033206B627D93FAA3F308434FF4CF
:102100000051B3FA83F391FAA1F1B1FA81F18A4057
:10211000217F01FA03F31A431043012909D14FF437
:102120006022216A92FAA2F2491EB2FA82F291402A
:102130000843616A012903D0A26A0AB11143084326
:102140002168CA68374B00E056E01A400243CA6073
:102150002068816811F00C0F28D14FF48042217D56
:1021600092FAA2F2B2FA82F29140E26A1143C26894
:1021700044F203039A430A43C26094F839000128E9
:102180001CD02068016921F001010161206801690A
:10219000626B21F070411143016194F8380001280D
:1021A000206881681AD021F480718160E06801287C
:1021B0002068016B21F00F0113D015E0D4E9101055
:1021C000A28F01230143A06C03EB024210430143A1
:1021D00020680269144B1A401143D6E741F480711C
:1021E000E3E7A269521E11430163606D20F0020013
:1021F00040F00100606504E0606D40F01000606533
:1022000001252846F8BD00000000002480841E003F
:1022100000200240002102400023024000630258D7
:102220000060025803C0F0FF1EF800FC184800B51B
:10223000B5B0016841F020010160006800F02000A5
:10224000349013480830016841F0807101600168E2
:1022500001F080713491016841F001010160006872
:1022600000F0010034904FF400200090801028907E
:10227000684601F0D1FA20202F90032030900020F2
:10228000319004482FA900F057FE35B000BD000082
:10229000D8440258000002582DE9F047044600696E
:1022A000DFF81C91012608280F4622D020684946F5
:1022B000884202D0434A90421DD1D1F80823D20669
:1022C00019D0D1F8082302F01F02052A13D0D1F843
:1022D000081301F01F0109290DD03B488168C1F3A3
:1022E000813102290AD08068C0F38130032805D0EB
:1022F0000BE008250AE0C068C00706D0606D40F01A
:10230000200060650120BDE8F087042500F016FF7D
:10231000804611E0781C0FD02FB100F00FFFA0EB2A
:102320000800B84208D9606D40F0040060650020E4
:1023300084F850000320E6E7206800682842E9D0CE
:1023400020680168090700D400264946884224D045
:102350001E4A904221D0D1F80823D2061DD0D1F8D0
:10236000082302F01F02052A17D0D1F8082302F033
:102370001F02092A11D0C968082D10D04A0401D4BF
:1023800004220260606D40F400706065B6B12068A0
:10239000C06810F4406F04D010E0C168ECE7082278
:1023A000EFE788040AD4606D20F480706065606D8A
:1023B000C00403D4606D40F0010060650020A2E716
:1023C0000020024000210240002302400060025829
:1023D00070B5044600688068400767D494F85000E0
:1023E00001280AD0012084F850002046FEF7BEFCE8
:1023F00001004FF0000202D045E0022070BD606D88
:10240000C00404D5A06D20F00600A06500E0A26520
:10241000606D40F60163984340F480706065254B21
:102420002068984206D0244DA84203D0D3F8085320
:10243000ED0603D1656D25F4801565651C250560E5
:102440002068984222D01D4DA8421FD0D3F80853CF
:10245000ED061BD0D3F8085305F01F05052D15D048
:10246000D3F8085305F01F05092D0FD0606D40F417
:1024700080106065D868800105D5606D20F400503B
:1024800040F48050606584F8502010E0C3689B01E0
:1024900005D5636D23F4005343F48053636584F8DA
:1024A0005020826842F00402826000E00221084667
:1024B00070BD000000200240002102400060025870
:1024C00010B528B190F83510022903D0802141655C
:1024D000012010BD1D4A4FF4956301688C189C4281
:1024E00007D8042280F83520086820F00100086031
:1024F00029E00C6824F00E040C6001680A440A68A4
:1025000022F001020A60016E0A6822F480720A60F9
:1025100090F85C30012202FA03F10D4B1960D0E90A
:1025200019134B60C16E31B10B6823F480730B60DB
:10253000D0E91C134B60002180F8341080F835205E
:10254000016D01B18847002010BD0000F0FFFDBF04
:102550000454025870B5026C00F12C03456C53F81A
:10256000221025B1DC6904B16D1C002423E0012098
:1025700070BD0E690E604FF08076CE604E692EB150
:102580004E698E60CE6846F00076CE60CE6846F02A
:102590000046CE601E6A1EB1CE6846F08046CE6010
:1025A0009E69761EA64205D9521C042A00D3121F2A
:1025B00053F82210641CAC42DBD3006800F5805055
:1025C000C0F828110020986170BD10B500EB81049F
:1025D000E46A0AB1042903D301214165084610BD0C
:1025E00022602261E06840F08070E0604BB1A3603F
:1025F00040F000706361E06040F00040E060002067
:1026000010BDE068F8E700297DD00268126802F08A
:102610000C02CA6202681268C2F3001281F8282014
:102620000268126802F060024A620268126842F3AD
:102630000022521C81F8202002681268C2F3402256
:10264000CA770268126842F38022521C8A770268B5
:102650001268C2F3C0224A7702681268C2F30032DD
:102660000A770268126802F400528A6102681268EE
:1026700002F480424A6102681268C2F300428A741E
:102680000268126842F34042521C4A74026812689F
:1026900042F3C042521C0A7402681268C2F300522C
:1026A000CA7302681268C2F340528A7302681268E1
:1026B000C2F380524A7302681268C2F3C0520A73AE
:1026C0000268126802F0E0628A6002681268C2F36F
:1026D000C0620A710268126802F0E0420A60026891
:1026E0005268C2F30D024A630268526842F3004224
:1026F000521C81F8322002685268C2F3404281F8CD
:102700003120026800E062E05268C2F3804281F842
:10271000302002685268C2F3006281F838200268F3
:102720005268C2F34462CA630268D268C2F30022EC
:1027300081F840200268D26802F00F024A64026801
:10274000126FC2F3400281F854200268126F42F304
:10275000C012521C81F84C200268126F02F0700205
:102760000A650268126F120C8A640268D2F890201F
:1027700002F0010281F856200268D2F89020C2F3DC
:10278000400281F855200268D2F8002D02F0720252
:102790008A650268D2F8302D02F02302CA65026809
:1027A000D2F8302DC2F3C00281F862200268D2F85C
:1027B000302DC2F3001281F861200068D0F8300D8E
:1027C00040F38010401C81F8600000207047012019
:1027D00070472DE9F043066C00F12C080746406C69
:1027E0000C464FF0000958F8265018B9384600F04A
:1027F00061F9E8B3002017E0696939B3C4B3296906
:10280000216079696160A46894B36969216079691C
:102810006160E968761C042EC1F30E0900D3361FEF
:10282000A468401C58F82650D8F81810491E814258
:10283000E2D8ECB1E868C0F30E01A1EB09007969B8
:10284000814205D32969C4E900100EE02969DDE75A
:10285000696969B12969216079696160A16839B1E3
:102860006A690A607A69801A48600020BDE8F083CE
:10287000FFE70120FAE770B500F12C040D46D4E91A
:10288000056111B900F016F968B1A069761E3044EF
:10289000042800D3001F54F82000C068C0F30E00C5
:1028A0002860002070BD012070BD0000F8B5040054
:1028B00003D094F8510010B104E00120F8BD204687
:1028C00000F05CF9232084F851007048016841F061
:1028D00002010160006800F002000090207A08B157
:1028E0004FF4000002F058FB206800F580500168AA
:1028F00041F00101016000F021FCE02605464FF4A3
:10290000FA7706E000F01AFC401BB84201D9042017
:1029100049E0206800F580500068C007F2D12068C7
:10292000D0F8000220F4706501F0BAFC5849594A09
:102930000144914202D245F4007516E05649574AC7
:102940000144914202D245F440750EE05449554A83
:102950000144914209D3544908445449884202D25F
:1029600045F4807501E045F480652068C0F80052A8
:1029700001F096FC4E49B0FBF1F02168401EC1F811
:10298000DC002046FEF782FB206800F58050D0F87E
:10299000001121F4E01141F40021C0F80011616937
:1029A000880704D00120606584F8516085E72068BD
:1029B00000F58050D0F8082147F6FE739A4342EAAA
:1029C0004101C0F8081100210A46E06801EB41030B
:1029D00000EBC30004EB8103491C02600429426040
:1029E0008260C2609861F0D3A2620323206800F580
:1029F0008050C0F82C312068E16800F58050C0F8A4
:102A000014112068E16800F58050C0F82011002101
:102A1000206901EB410500EBC50004EB8105491C71
:102A20000260042942608260C26002614261E86221
:102A3000EED3E26322646264E264A264206800F57B
:102A40008050C0F830312068216900F58050C0F80E
:102A50001C112168206901F580514830C1F8280116
:102A6000606821688088C1F8000360680178D0F848
:102A7000010041EA00202168C1F8040362651020CA
:102A800084F8510084F852000020F8BDF444025844
:102A900000D3CEFEC0E1E40040F1E9FD40787D01C5
:102AA00000796CFC005A6202001F0AFA80F0FA02F8
:102AB00040420F00F0B5C16B2C3000252C462B4650
:102AC000866950F8212036B30020F0BD6D1CD60079
:102AD00019D5641C012C00D10B46491C042900D3D4
:102AE000091F50F82120D268002A07DB520005D5C3
:102AF0000122C261491C042900D3091F103080E85B
:102B00001A000120F0BD920013D501240B46491C88
:102B100011E050F82120D268002A01DB042DD5D322
:102B20004CB350F8232000214FF080764FF04077CF
:102B30001FE0491C641C0429EBD3091FE9E7156950
:102B40001560D66055690DB19560D760D56845F0C0
:102B50000045D560D0F820C0BCF1000F02D045F090
:102B60008045D5605B1C042B00D31B1F491C50F80B
:102B70002320A142E3D300218161A5E7334800B5BA
:102B800087B0016841F001010160016801F00101B5
:102B90000591016841F002010160016801F0020144
:102BA0000591016841F004010160016801F0040130
:102BB0000591016841F040010160006800F04000AB
:102BC000059022480838016841F40041016001681D
:102BD00001F400410591016841F480310160016810
:102BE00001F480310591016841F400310160006811
:102BF000002100F400300590862000900220CDE9ED
:102C0000010103900B2004906946114800F094F9EB
:102C10004FF4006000900F48694600F08DF93220B3
:102C200000900D48694600F087F94FF4C0400090CD
:102C30000A48694600F080F9002201213D2000F099
:102C400085FC3D2000F075FC07B000BDE044025853
:102C500000000258000402580008025800180258E8
:102C60002DE9F041044600681F46D0F80032DB072A
:102C700018D1D0F8003223F0787343EA415121F49F
:102C8000F81141EA024141F00D01C0F8001200F0D4
:102C900055FA4FF47A76054607E000F04FFA401BEC
:102CA000B04202D90120BDE8F0812068D0F80002CE
:102CB000C007F2D12068D0F8040280B2386000204A
:102CC000F1E710B519B190F85220102A01D0012077
:102CD00010BDFEF7FBFB002010BD000070B50546DF
:102CE0000068D0F8000220F4706401F0D9FA1149AC
:102CF000114A0144914202D244F4007416E00F4993
:102D00000F4A0144914202D244F440740EE00D494E
:102D10000D4A0144914209D30C4908440C498842A8
:102D200002D244F4807401E044F480642868C0F85E
:102D3000004270BD00D3CEFEC0E1E40040F1E9FDE9
:102D400040787D0100796CFC005A6202001F0AFA8B
:102D500080F0FA0210B590F851300021C26A102BB1
:102D600001D0012010BD232380F851300023D46806
:102D7000491C042944F08044D46000D3091F5B1C23
:102D800000EB8102042BD26AF1D30121C1640168F6
:102D90000A6842F002020A6001680A6842F0010211
:102DA0000A600168D1F8002D42F00102C1F8002D3F
:102DB000016801F58051D1F8042142F00102C1F807
:102DC0000421016801F58051D1F8082142F0010287
:102DD000C1F80821016801F58051D1F8602142F461
:102DE0008172C1F86021102180F85110222180F8F1
:102DF0005210006800F58050D0F834114DF24102B5
:102E00001143C0F83411002010BD2DE9F0411546E2
:102E1000044621B194F85100102804D04FE0606DB1
:102E200040F0010007E000222046FEF79BF920B1A8
:102E3000606D40F00200606541E0A06A04EB800133
:102E4000401C04288E69A06201D3001FA06204EB1D
:102E500080008169206800F58050C0F8201100F0E2
:102E60006DF907464FF010081AE0206800F5805011
:102E7000D0F86001C0040BD5606D40F008006065BB
:102E8000206800F58050D0F86001A065E02014E0D3
:102E9000681C05D000F052F9C01BA84208D83DB10B
:102EA000F0680028E1DB84F851800020BDE8F08163
:102EB000606D40F004006065404684F851000120D8
:102EC000F4E7000070B505460068D0F80042E4075A
:102ED0001FD1D0F8000220F0787040EA415011492B
:102EE00020F4F81040EA024020F00C00001D9AB2D5
:102EF000C1F8042240F00100C1F8000200F01EF900
:102F00004FF47A76044606E000F018F9001BB04250
:102F100001D9012070BD2868D0F80002C007F3D1A4
:102F200070BD0000008002400248016841F00101CC
:102F300001607047200400582DE9F84F6C4C0022C6
:102F40004FF0B04A4FF0010B4FF0030E4FF00F0956
:102F50000B680BFA02F73B40BB4270D14D68022D63
:102F600001D0122D12D1D50800EB850CDCF82060C1
:102F70005507ED0E09FA05F826EA0806D1F8108083
:102F800008FA05F848EA0608CCF82080D0F8008056
:102F9000560091F804C00EFA06F50CF0030C28EA6E
:102FA00005080CFA06FC4CEA080CC0F800C0D1F881
:102FB00004C0BCF1010F08D0BCF1020F05D0BCF178
:102FC000110F02D0BCF1120F16D1D0F808C0D1F801
:102FD0000C802CEA050C08FA06F848EA0C08C0F840
:102FE0000880D0F804C02CEA070C0F79C7F300174B
:102FF000974047EA0C074760C768AF438D68B54004
:103000003D43C5604D68ED006BD53A4D2E6846F0E6
:1030100002062E602D6822F0030606F1B04605F088
:1030200002050095D6F808C495072F0F09FA07F591
:103030002CEA050C304DA84202D100252EE050E0CC
:103040002E4DA84201D1012528E02D4DA84201D1E5
:10305000022523E02B4DA84201D103251EE02A4D75
:10306000A84201D1042519E0284DA84201D1052527
:1030700014E0274DA84201D106250FE0254DA842B6
:1030800001D107250AE0244DA84201D1082505E019
:10309000224DA84201D1092500E00A25BD4045EA9C
:1030A0000C05C6F8085425684E689D43F60300D504
:1030B0001D43256065684E689D43B60300D51D43DA
:1030C0006560DAF8005056464F689D43FF0200D510
:1030D0001D43356075684F689D43BF0200D51D4391
:1030E0007560521C102AFFF433AFBDE8F88F000062
:1030F00080000058F44402580000025800040258AE
:1031000000080258000C025800100258001402581F
:1031100000180258001C02580020025800240258CF
:103120000069084000D00120704742694A4042616E
:1031300070470AB101837047418370470148806836
:10314000704700001400002402488168027811448E
:103150008160704714000024032010B500F016FAB7
:103160000F2000F007F808B1012010BD00F0E0F9D1
:10317000002010BD70B50D4D04464FF47A712878CB
:10318000B1FBF0F00A490968B1FBF0F001F01AFF59
:1031900048B9102C07D200222146501E00F0D6F963
:1031A00000206C6070BD012070BD00001400002480
:1031B000000000242DE9F041044690F8A0001546D7
:1031C0000F4601281DD0012684F8A060022084F853
:1031D000A10005EB850000EBC500342204EB800064
:1031E0003830FDF70CFC2A463946204605F0F6FD3E
:1031F0002068466284F8A160002084F8A000BDE841
:10320000F0810220FBE7000070B5040004D094F8C0
:10321000A100002510B106E0012070BD204684F811
:10322000A05000F06BF8022084F8A10020688169AA
:1032300021F070418161D4E901100143D4E9030216
:1032400010430143206882691143816120688268CC
:1032500029490A408260A08A020420688368A6691E
:103260003343134383602068C2680A40C260A08B66
:1032700002042068C368266A33431343C36020688E
:1032800002690A400261A08C020420680369A66AF0
:10329000334313430361206842690A404261A08DB1
:1032A000010420684269236B1A430A43426194F87F
:1032B0003500020294F8360001042068C36A03F066
:1032C0007F43C3622068C36A114394F83460334378
:1032D0000B43C3622068416B41F0060141632068E3
:1032E000816941F001018161C4F8A450012084F892
:1032F000A100002070BD000000F800F0374810B5B4
:1033000086B0016841F008010160006800F0080023
:10331000059032481038016841F0100101600068E2
:1033200000F0100005902D48001F016841F00201D7
:103330000160016801F002010591016841F020017E
:103340000160016801F020010591016841F0400130
:103350000160016801F040010591016841F08001C0
:103360000160016801F080010591016841F48071FC
:10337000016000680324694600F4807005902020F5
:10338000009001200190CDE902041548FFF7D4FD1B
:103390004FF4806000900220019000206946CDE942
:1033A00002040E2004900F48FFF7C6FD4FF40C6096
:1033B00000900D486946FFF7BFFD4FF47E40009036
:1033C0000A486946FFF7B8FD40F2F76000900848E8
:1033D0006946FFF7B1FD06B010BD0000E444025895
:1033E000000402580014025800180258001C025829
:1033F0000020025870B5044690F8A0000E4601283F
:1034000020D0012584F8A050022084F8A10003EB0D
:10341000830000EBC30004EB80018E63086E304430
:10342000C1E90F02486E1044486438311A462046FC
:1034300005F0D4FC2068456284F8A150002084F88F
:10344000A00070BD022070BD70B5044690F8A000C9
:103450000E46012820D0012584F8A050022084F8CF
:10346000A10003EB830000EBC30004EB8001886B39
:103470003044C863086C10444864C1E918623831AC
:103480001A46204605F0AAFC2068456284F8A1503F
:10349000002084F8A00070BD022070BD134A41785E
:1034A0001160111D03780A1DE3B143680B60017BB5
:1034B000C37A090741EA0361837A41EAC341437B46
:1034C00041EA8341837B41EA4341C37B41EA0341B3
:1034D000437A41EA0321037A007841EA4301014338
:1034E00011607047002008601060704798ED00E0A0
:1034F000BFF35F8F0448016821F480310160024905
:10350000002070310860704724ED00E0074940F06A
:103510000100086005487038016841F4803101609D
:10352000BFF34F8FBFF36F8F7047000094ED00E043
:103530007047002809DB012100F01F02914040097B
:10354000800000F1E020C0F8001170470E4BF0B48D
:103550001B68C3F30223C3F10704042C00D904241D
:103560001D1D072D01D2002300E0DB1E012606FAF7
:1035700004F56D1E0D409D409E40761E164045EAA6
:103580000601F0BC06F04BBE0CED00E0064A00F070
:10359000070110684FF6FF03184040EA0120034975
:1035A00008431060704700000CED00E00000FA05D1
:1035B0000248016841F48071016070470048025878
:1035C00010B500F0B3FE084909684FF4807292FA12
:1035D000A2F201F47061B2FA82F2D140034A515C66
:1035E000C8400349086010BD18440258F627010876
:1035F0000000002410B500F053FE074909681022AE
:1036000092FAA2F201F07001B2FA82F2D140034ABA
:10361000515CC84010BD000020440258F627010844
:10362000364930B50A68096812F00302344BC1F319
:1036300005311B68334C03F010032468DFED320AB8
:10364000B7EE001AC4F3CC0414FB03F300EE103AF7
:103650002E4BB8EE400A07D02D4C012A01D0022A89
:103660004AD0B4FBF1F10BE0244C283C22689506CB
:10367000284A03D52468C4F3C104E240B2FBF1F147
:1036800001EE901A1968B8EE612AC1F3080101EE43
:10369000901A1968F8EE611A40EE201A31EE810A8C
:1036A00022EE000AC1F34621491C00EE901AF8EE02
:1036B000600A80EE201AFCEEC10AC0ED000A19680B
:1036C000C1F30641491C00EE901AF8EE600A80EE44
:1036D000201AFCEEC10AC0ED010A1968C1F30661A7
:1036E000491C00EE901AF8EE600A80EE201ABCEE3B
:1036F000C10A80ED020A30BD074ABFE728440258DC
:103700002C4402583C440258000000393844025806
:1037100000093D000090D00340787D01364930B566
:103720000A68096812F00302344BC1F305511B68A3
:10373000334C03F480732468DFED320AB7EE001ACD
:10374000C4F3CC0414FB03F300EE103A2E4BB8EE96
:10375000400A07D02D4C012A01D0022A4AD0B4FBDE
:10376000F1F10BE0244C283C22689506284A03D549
:103770002468C4F3C104E240B2FBF1F101EE901AF7
:103780001968B8EE612AC1F3080101EE901A1968B0
:10379000F8EE611A40EE201A31EE810A22EE000A9C
:1037A000C1F34621491C00EE901AF8EE600A80EE43
:1037B000201AFCEEC10AC0ED000A1968C1F30641E7
:1037C000491C00EE901AF8EE600A80EE201AFCEE1A
:1037D000C10AC0ED010A1968C1F30661491C00EE77
:1037E000901AF8EE600A80EE201ABCEEC10A80ED55
:1037F000020A30BD074ABFE7284402582C44025849
:1038000044440258000000394044025800093D0079
:103810000090D00340787D012DE9F84F0446006800
:1038200000252E46010104F12400FE4FDFF8F88345
:1038300000901DD5606E50B1B0F5801F0CD0B0F572
:10384000001F0ED0B0F5401F1DD001250FE03868D5
:1038500040F40030386016E00221201D05F0DAFC4B
:1038600003E00098022105F04DFD05000BD02E4627
:103870002088C00523D5606D05281ED2DFE800F042
:103880000C11161B1B00D8F80010626E21F44011B9
:103890001143C8F80010EBE7386840F40030386096
:1038A00009E00021201D05F0B5FC03E0009800218F
:1038B00005F028FD05466DB100E001252E43208866
:1038C000800528D5A06D80281ED00CDC90B1402842
:1038D0000ED114E0D8F80010626D21F007011143F9
:1038E000C8F80010EBE7C02813D0B0F5807F10D0E7
:1038F00001250FE0386840F40030386009E000210D
:10390000201D05F087FC03E00098002105F0FAFC7B
:10391000054685B12E432088DFF8109340052CD54D
:10392000D4F8A400B0F5800F20D00DDCA0B1B0F524
:10393000001F0FD115E0D8F80010A26D21F4E0713E
:103940001143C8F80010E6E7B0F5C00F13D0B0F58A
:10395000000F10D001250FE0386840F400303860C7
:1039600009E00021201D05F055FC03E0009800212E
:1039700005F0C8FC054675B12E43208800052DD5FD
:10398000D4F8A800B0F1007F21D00EDCA8B1B0F1CE
:10399000807F10D116E0D9F80010D4F8A42021F4CB
:1039A00060011143C9F80010E7E7B0F1407F13D080
:1039B000B0F1806F10D001250FE0386840F400307E
:1039C000386009E00021201D05F024FC03E0009888
:1039D000002105F097FC05466DB12E43206880015B
:1039E0001FD5A06CD8B110280FD0202812D03028B5
:1039F00015D0012514E0D9F80010D4F8A82021F042
:103A0000E0611143C9F80010E8E7386840F400307D
:103A1000386004E00221201D05F0FCFB05466DB175
:103A20002E432088C0042BD5E06DB0F5005F20D078
:103A30000DDCA0B1B0F5805F0FD115E07A48001F12
:103A40000168A26C21F0300111430160E9E7B0F593
:103A5000405F13D0B0F5804F10D001250FE03868DB
:103A600040F40030386009E00021201D05F0D2FB51
:103A700003E00098002105F045FC054685B12E4382
:103A80002088800429D5206EB0F5403F23D010DC7B
:103A900008B3B0F5803F14D0B0F5003F0FD115E06A
:103AA000D8F80010E26D21F4E0411143C8F800108D
:103AB000E6E7B0F5802F0ED0B0F5A02F0BD0012592
:103AC0000AE00121201D05F0A5FB03E0009801217B
:103AD00005F018FC05468DB12E43208840042AD5F8
:103AE000D4F8AC00B0F1405F23D010DC08B3B0F1E3
:103AF000805F14D0B0F1005F0FD115E0D8F800104E
:103B0000226E21F4E0211143C8F80010E5E7B0F17E
:103B1000804F0ED0B0F1A04F0BD001250AE001215B
:103B2000201D05F077FB03E00098012105F0EAFB7A
:103B300005466DB12E43208800041FD5E06ED8B134
:103B4000B0F1805F0ED0B0F1005F10D0012514E01D
:103B5000D9F80010D4F8AC2021F0E0411143C9F8A5
:103B60000010E8E7386840F40030386004E00121D4
:103B7000201D05F04FFB05466DB12E432068C001A6
:103B80001ED5606CD0B101280ED0022811D00328B8
:103B900014D0012513E0D8F80010E26E21F0405156
:103BA0001143C8F80010E9E7386840F40030386085
:103BB00004E00221201D05F02DFB054675B12E43C2
:103BC0002068DFF86CB040025AD51A48016841F409
:103BD00080710160FFF7B2FA82460EE01248001FC2
:103BE0000168626C21F0030111430160E8E7FFF70F
:103BF000A5FAA0EB0A0064283AD80E480068C00570
:103C0000F5D5B5BB094818300068B4F8B01000F419
:103C1000407001F44071884219D00448183001689E
:103C20000AE000002C4402585044025858440258FC
:103C30001044025800480258026821F4407142F4CE
:103C400080320260026822F4803202600160D4F89F
:103C5000B000B0F5807F22D1FFF770FA824609E00C
:103C6000FFF76CFAA0EB0A0141F28830814201D9DA
:103C7000032504E0FE4800688007F1D57DB12E439E
:103C80002078DFF8F0A3C0073CD0A06F182837D009
:103C900025DC78B3082828D0102824D12BE0D4F8CC
:103CA000B000C0F3012103290ED0DBF8001021F48D
:103CB0007C51CBF80010EE480168B4F8B020C2F394
:103CC0000B0211430160DBE7DBF80020EA4B22F432
:103CD0007C5203EA10100243CBF80020EBE72028C7
:103CE0000ED028280CD001250BE00121201D05F065
:103CF00091FA04E004E00098012105F003FB054679
:103D00005DB12E43207880071ED5606F062819D23A
:103D1000DFE800F0160C11161616DAF80010A26F84
:103D200021F038011143CAF80010EBE70121201DF2
:103D300005F070FA03E00098012105F0E3FA05466A
:103D400075B100E001252E43207840071FD5D4F837
:103D50009000062819D2DFE800F0160C111616168E
:103D6000DAF80010626F21F007011143CAF8001061
:103D7000EAE70121201D05F04DFA03E0009801213A
:103D800005F0C0FA05469DB100E001252E432078DC
:103D900080062BD5D4F88C00B0F1405F24D011DC24
:103DA00010B3B0F1805F15D0B0F1005F10D116E014
:103DB000D9F80010D4F8902021F007011143C9F878
:103DC0000010E4E7B0F1804F0ED0B0F1A04F0BD05F
:103DD00001250AE00021201D05F01CFA03E00098EF
:103DE000022105F08FFA05468DB12E43207840065A
:103DF0002BD5D4F89800B0F5406F24D011DC10B367
:103E0000B0F5806F15D0B0F5006F10D116E0DAF87C
:103E10000010D4F88C2021F0E0411143CAF80010C2
:103E2000E4E7B0F5805F0ED0B0F5A05F0BD00125C0
:103E30000AE00021201D05F0EDF903E000980221C1
:103E400005F060FA05468DB12E43207800062BD58B
:103E5000D4F89C00B0F5C04F24D011DC10B3B0F5FD
:103E6000005F15D0B0F5804F10D116E0D9F80010E2
:103E7000D4F8982021F4E0511143C9F80010E4E788
:103E8000B0F5004F0ED0B0F5204F0BD001250AE061
:103E90000021201D05F0BEF903E00098022105F085
:103EA00031FA054665B32E43207800070BD5D4F8C8
:103EB0008000B0F5805F2DD0DAF8002022F4405267
:103EC0000243CAF800202078C0060BD5D4F894002D
:103ED000B0F5807F24D0D9F8002022F4407202434C
:103EE000C9F80020206800032CD5D4F8A000E8B160
:103EF000B0F5803F1FD0B0F5003F21D0012520E074
:103F0000D9F80010D4F89C2021F460411143C9F87D
:103F10000010C9E70098022105F0F4F90643D2E742
:103F20000098022105F0EEF90643DBE70021201D91
:103F300005F070F903E00098022105F0E3F9054669
:103F400085B12E432068400322D5D4F88400B0F513
:103F5000801F11D0B0F5001F13D0B0F5401F15D051
:103F6000012514E0D9F80010D4F8A02021F4403144
:103F70001143C9F80010E5E7386840F400303860B4
:103F800004E00098012105F0BDF9054655B12E4326
:103F90002068C0031CD5E06C70B1B0F5803F10D034
:103FA000012514E0DAF80010D4F8842021F440113F
:103FB0001143CAF80010EBE7386840F4003038606D
:103FC00004E00221201D05F025F90546C5B12E4368
:103FD0002068800004D50098022105F093F906437B
:103FE000206880031BD5E06FB8B1B0F5807F10D09A
:103FF000B0F5007F11D0B0F5407F0ED001250DE067
:104000001C4808380168E26C21F4803111430160DA
:10401000DEE7386840F40030386045B32E4320684E
:10402000C00207D5D8F80000226F20F000401043EE
:10403000C8F800002068C00008D5DBF80010D4F8EC
:10404000B42021F480411143CBF800102068800295
:1040500007D5D8F80010A26E21F080711143C8F87E
:1040600000102068400014D5DBF8001006E01EE0C8
:104070007044025854440258CFFFFF0021F400411D
:10408000CBF80010DBF80010D4F8B8201143CBF8BF
:1040900000102068002806DA0A480168226D21F025
:1040A0004051114301605EB10120BDE8F88FDAF89C
:1040B0000010E26F21F440711143CAF80010AEE71E
:1040C0000020F2E74C4402582DE9F047DFF8BC919C
:1040D00004460E46D9F8000000F00700B0420CD2AA
:1040E000D9F8001021F007013143C9F80010D9F8C0
:1040F000000000F00700B0427ED12078DFF8908108
:10410000800707D5D8F80010E26821F00F011143AD
:10411000C8F800102078C00762D0D8F80010A26854
:1041200021F470611143C8F80010594960681839CA
:1041300002281CD003281DD0096801281DD049077A
:10414000002960DA524F083F396821F00701014326
:104150003960FEF7F3FF0546606841F288310228B6
:1041600013D003281ED001288A4627D034E00968DE
:104170008903E5E709688901E2E7C905E0E7FEF799
:10418000DDFF411B514501D923E08A463868C0F361
:10419000C2000228F3D123E0FEF7D0FF411B5145B6
:1041A00001D916E08A463868C0F3C2000328F3D16B
:1041B00016E0FEF7C3FF411B51450AD83868C0F32B
:1041C000C2000128F5D10BE0FEF7B8FF411B5145B5
:1041D00002D90320BDE8F087386810F0380FF3D11A
:1041E000D9F80010484601F00701B1420DD9016825
:1041F00021F00701314300E005E00160006800F0B4
:104200000700B04201D00120E4E72078400707D53D
:10421000D8F80010226921F070011143C8F800108D
:10422000207801071B4805D50168626921F07001FB
:10423000114301602178C90605D50168A26921F4FE
:10424000E061114301602078800607D51149091DFE
:104250000868E26920F070001043086000F066F81A
:10426000D8F800104FF4807292FAA2F201F4706153
:10427000B2FA82F2D140084A515CC840074908604E
:104280000F20FEF777FF0020A4E700000020005277
:10429000184402581C440258F62701080000002464
:1042A00010B5FFF78DF908490968012292FAA2F2C8
:1042B00001F00F01B2FA82F2D140044A515CC840C9
:1042C0000349086010BD000018440258F627010891
:1042D0000400002410B5FFF7E3FF07490968102226
:1042E00092FAA2F201F07001B2FA82F2D140034ACE
:1042F000515CC84010BD00001C440258F62701085C
:1043000010B5FFF7CDFF074909684FF4807292FAA4
:10431000A2F201F4E061B2FA82F2D140024A515CA9
:10432000C84010BD1C440258F62701083548F0B5B6
:104330000068364D10F03801334809D004110829BF
:1043400004D0334E10290BD018290BD02046F0BDD5
:1043500029688906FBD52968C1F3C101C840F0BDB1
:104360003046F0BD274918310A68096812F0030287
:10437000284BC1F305111B68274F03F001033F6869
:10438000DFED260AB7EE001AC7F3CC0717FB03F3DD
:1043900000EE103A224BB8EE400A06D0012A01D0B6
:1043A000022A2BD0B4FBF1F008E02A68920603D56C
:1043B0002A68C2F3C102D040B0FBF1F001EE900ACE
:1043C0001868B8EE612AC0F3080001EE900A186878
:1043D000F8EE611A40EE201A31EE810A22EE000A50
:1043E000C0F34620401C00EE900AF8EE600A80EE12
:1043F000201ABCEEC10A10EE100AF0BDB6FBF1F0B7
:10440000DCE70000104402580090D003004402583A
:1044100040787D012C440258344402580000003991
:10442000304402582DE9F05F04460078DFF8FC8341
:1044300041F28839DFF8F8A3FE4DC0074ED0D8F816
:1044400000104046C1F3C20102291AD00068C0F32F
:10445000C200032805D1DAF8000000F003000228AA
:104460000FD06068B0F5803F12D010B1B0F5A02F2A
:1044700019D0286820F480302860286820F4802033
:1044800009E02868800329D56068002874D025E0F9
:10449000286840F480302860606890B1FEF74EFED6
:1044A00006464F4609E0286840F480202860EFE780
:1044B000FEF744FE801BB8427DD828688003F7D5FC
:1044C0000CE0FEF73BFE06464F4604E0FEF736FEE4
:1044D000801BB842F0D828688003F7D42078D64FE4
:1044E00080075AD5D8F8001040464FF47C3B11F0B5
:1044F000380F13D00068C0F3C200032803D1DAF8E4
:10450000000080070AD0E068A8B3296821F01901EB
:1045100001432960FEF712FE06461DE028684007A9
:1045200002D5E0680028B1D02868E16820F01900C1
:1045300008432860FEF702FE064604E0FEF7FEFD93
:10454000801B0228B8D828684007F7D507E0FEF797
:10455000F5FD801B0228AFD828684007F7D53868DA
:104560009BFAABF220F47C312069B2FA82F29040DF
:104570000143396011E000E0AEE0286820F001005E
:104580002860FEF7DBFD064604E0FEF7D7FD801B42
:10459000022891D828684007F7D42078C00655D55E
:1045A000D8F8001040464FF0F84BC1F3C201012982
:1045B00017D0006800E0EDE0C0F3C200032805D189
:1045C000DAF8000000F0030001280AD0E0690028B2
:1045D00028682CD040F080002860FEF7AFFD06462A
:1045E00016E02868C00502D5E069802874D13868D3
:1045F0009BFAABF220F0F841206AB2FA82F29040C6
:104600000143396022E0FEF799FD801B022899D80A
:104610002868C005F7D538689BFAABF2216AB2FA70
:1046200082F220F0F8409140084338600EE020F01C
:1046300080002860FEF782FD064604E0FEF77EFD5E
:10464000801B022887D82868C005F7D42078000787
:1046500024D5774F60694C37002838680FD040F078
:1046600001003860FEF76AFD064604E0FEF766FDCD
:10467000801B02288DD838688007F7D50EE020F01F
:1046800001003860FEF75AFD064604E0FEF756FDCD
:10469000801B02287ED838688007F7D420788006EF
:1046A00023D5A069002828680FD040F480502860E6
:1046B000FEF744FD064604E0FEF740FD801B02289D
:1046C00068D828688004F7D50FE020F4805028606F
:1046D000FEF734FD064605E0D6E0FEF72FFD801B11
:1046E000022857D828688004F7D42078400744D59A
:1046F000524F386840F480703860FEF71FFD064660
:1047000004E0FEF71BFD801B642843D83868C00511
:10471000F7D5474FA068483701280AD008B10528C7
:1047200011D0386820F001003860386820F00400AB
:1047300002E0386840F001003860A06888B1FEF7F8
:10474000FDFC064609E0386840F004003860F0E7F8
:10475000FEF7F4FC811B49451CD838688007F7D563
:104760000BE0FEF7EBFC064604E0FEF7E7FC811BDE
:1047700049450FD838688007F7D4606AF0B3D8F895
:104780000010C1F3C20103297ED00228286820F05E
:10479000807000E079E0286003D0FEF7CFFC04468B
:1047A00087E0FEF7CBFC064604E0FEF7C7FC801B63
:1047B00002287BD828688001F7D4DAF8001040F28C
:1047C000F3329143E26A41EA0211A26A1143CAF844
:1047D000001094F834004FF4FE02218E4002491E6E
:1047E000A0F5007080B2C1F308010843218F491E73
:1047F00002EA0141084394F83C1000E05CE0491EE5
:10480000120202EA016108430949083108600B1DE0
:1048100019684FF6F872A06C914392FAA2F2B2FABC
:1048200082F2904001431960014809E010440258A7
:1048300028440258004402580444025800480258D0
:10484000001D0168226C21F00C0111430160016818
:10485000626C21F0020111430160016841F4803172
:104860000160016841F400310160016841F4802178
:104870000160016841F001010160286840F080702A
:104880002860FEF75BFC01E018E00FE0044604E05E
:10489000FEF754FC001B022808D828688001F7D5D1
:1048A0000AE0FEF74BFC001B022802D90320BDE8FA
:1048B000F09F28688001F4D40020F8E70120F6E793
:1048C00070470068503050F8210070470068503041
:1048D00040F821207047000001480121FEF725BC67
:1048E000000402584FF0B04110B504464FF40020C8
:1048F000C1F888002168C868400508D5C86800F07C
:10490000800060F49060C8602046FFF7E5FF01205A
:1049100084F8210010BD000001A0FBF7DDBD000000
:10492000414C41524D2041210D0A00004FF0B04151
:1049300010B504464FF40030C1F88800216888683B
:10494000C0040BD5C868C00508D5C86800F0800051
:1049500060F4C070C8602046FFF7DEFF21688868F9
:1049600080040BD5C868800508D5C86800F08000B1
:1049700060F42070C8602046FFF7A2FF012084F891
:10498000210010BD10B500680B4641680D4801407C
:10499000080CD870C1F304245C7001F03F049C70D3
:1049A000C1F34231197052B904F05EFDD8705878E5
:1049B00004F05AFD5870987804F056FD9870002065
:1049C00010BD00003FFFFF0010B50B460168896A6B
:1049D000596001680969C1F30E01996000680168B6
:1049E0000E480140C1F305401870C1F306245C7005
:1049F00001F07F049C70402404EA1141D97052B93F
:104A000004F032FD1870587804F02EFD5870987834
:104A100004F02AFD9870002010BD00007F7F7F0009
:104A200070B5040003D094F8210010B107E0012014
:104A300070BD002084F82000204600F045F80220D8
:104A400084F821002168CA20486253202168486206
:104A5000204604F01DFDFF210028206804D041629B
:104A6000042084F82100E2E78268164B1A40826035
:104A7000206882686368A5691A4323692B431A4337
:104A800082602268E068106120680269238942EA36
:104A9000034202612068C26822F08002C26020687E
:104AA000C26C22F00302C264E269606902432068BA
:104AB000C36C1A43C26420684162012084F821005B
:104AC000002070BDBFFF8FFF00B5C3B0FEF770FDC3
:104AD00004202F9000203890012031902FA8FFF75C
:104AE000A1FC4FF48000009080132C906846FEF7E4
:104AF00093FE0348016841F40041016043B000BDEA
:104B0000704402582DE9F047044690F820000B4607
:104B1000012826D04FF0010984F82090022084F863
:104B20002100587802B304F09FFC987804F09CFCB4
:104B3000D978987840EA014558781978000240EA17
:104B4000413005432168CA204862532021684862E9
:104B5000204604F09DFC00264FF00408FF2758BBB8
:104B600019E00220BDE8F087C10603D500F0EF0090
:104B70000A305870D87804F080FC0204587804F0A9
:104B80007CFC42EA0022987804F077FC0243187813
:104B900042EA4035D6E71048054020684560206865
:104BA000C16821F08001C1602068806880060BD454
:104BB000204600F08FF838B12068476284F82180E1
:104BC000012084F82060CDE72068476284F82190B6
:104BD000002084F82060C5E73FFFFF002DE9F04783
:104BE000044690F820000D46012812D04FF0010A2B
:104BF00084F820A0022084F8210020680026806824
:104C00004FEA406042B100281ADA287804F02CFC00
:104C100017E00220BDE8F087002800DBEE7028785E
:104C200004F02BFC0204687804F027FC42EA00221E
:104C3000A87804F022FC0243E87842EA00470AE040
:104C4000EE702978A87840EA01476878E978000290
:104C500040EA014007432168CA2048625320216886
:104C60004862204604F014FC4FF0FF084FF004099E
:104C7000E0B917480740206807602068816821F480
:104C800080218160D5E903100143206882681143C7
:104C900081602068C16821F08001C160206880685F
:104CA00080060CD4204600F015F840B12168C1F808
:104CB000248084F82190012084F82060AAE72168EC
:104CC000C1F8248084F821A0002084F82060A1E7A6
:104CD0007F7F7F0070B505460068C16821F0A001A4
:104CE000C160FEF72BFA4FF47A76044606E0FEF731
:104CF00025FA001BB04201D9032070BD2868C068A6
:104D00008006F4D5002070BD70B504000D4603D0B8
:104D100094F82C0010B107E0012070BD002084F849
:104D20002D00204600F018F8022084F82C0020689E
:104D3000211DFCF727FDD4E900022946FCF762FD9E
:104D40000448016841F000410160012084F82C0012
:104D5000002070BD004000523A4800B587B001689D
:104D600041F002010160006800F002000590354842
:104D70002038016841F480510160006800F48050DF
:104D8000059030481438016841F004010160016861
:104D900001F004010591016841F00801016001681A
:104DA00001F008010591016841F0100101600168FE
:104DB00001F010010591016841F0200101600168D6
:104DC00001F020010591016841F040010160006897
:104DD000002100F0400005904FF0806000F0D4F812
:104DE00000214FF0006000F0CFF80D20009002206D
:104DF000019001200290032003900C20049012489F
:104E00006946FEF799F84CF2037000900F48694626
:104E1000FEF792F84FF6837000900D486946FEF752
:104E20008BF84FF63F0000900A486946FEF784F879
:104E300048F23710009008486946FEF77DF807B041
:104E400000BD0000F444025800080258000C02584B
:104E500000100258001402580018025810B50446F9
:104E600090F82C00022809D0022084F82C00206839
:104E7000FCF7B0FC012084F82C00002010BD70B5B8
:104E8000044690F82C000D4602280CD0022084F82D
:104E90002C002068FCF7A4FC2868022804D001201C
:104EA00084F82C00002070BD0520F9E770B50400DF
:104EB00015460E4603D094F8450010B107E00120D6
:104EC00070BD002084F84400204600F021F82068DE
:104ED00004F10801FCF7ECFBA26831462068FCF7FE
:104EE00023FCE36A2946D4E90102FCF7C1FBA1686F
:104EF000206850F8212042F0010240F821200348A8
:104F0000016841F000410160002070BD0040005286
:104F10001A4800B587B0016841F48051016000680B
:104F200000F48050059015480C30016841F00801EC
:104F30000160016801F008010591016841F010016C
:104F400001600068694600F0100005904EF2B370F1
:104F500000900220019001200290032003900C2079
:104F600004900748FDF7E8FF4FF680700090054871
:104F70006946FDF7E1FF07B000BD0000D4440258C8
:104F8000000C025800100258024A136883430B4376
:104F9000136070470404005803490A6822F4600251
:104FA00002430A6070470000040400584FF0E021FB
:104FB0000428086903D020F004000861704740F01D
:104FC0000400FAE7401EB0F1807F10B501D3012044
:104FD00010BD4FF0E02460610F21601705F01FF94C
:104FE0000020A06107202061002010BD704770479D
:104FF00010B5040003D094F83D0010B107E0012083
:1050000010BD002084F83C00204600F00DF802207E
:1050100084F83D002068211D04F07CFC012084F808
:105020003D00002010BD000008B500680B49884213
:1050300012D10B48016841F00201016000680322AF
:10504000012100F0020000901D20FEF77FFABDE86C
:1050500008401D20FEF76DBA08BD000000040040A6
:10506000E84402580168CA6842F00102CA60006858
:10507000018841F00101018000207047704770B540
:105080000446006801694FF00005C943890715D43B
:10509000C168C943890711D4E91E01610120207745
:1050A000206880698007204602D0FFF7E7FF04E010
:1050B00000F0A5F8204600F0A3F8257720680169E4
:1050C000C943490717D4C168C943490713D46FF0CE
:1050D00004010161022020772068806910F4407F7C
:1050E000204602D0FFF7CAFF04E000F088F820460F
:1050F00000F086F8257720680169C943090716D4AE
:10510000C168C943090712D46FF008010161042086
:1051100020772068C0698007204602D0FFF7AEFFE5
:1051200004E000F06CF8204600F06AF8257720686B
:105130000169C943C90617D4C168C943C90613D454
:105140006FF010010161082020772068C06910F419
:10515000407F204602D0FFF791FF04E000F04FF8B7
:10516000204600F04DF8257720680169C943C9073A
:1051700008D1C168C943C90704D1891E016120460D
:1051800000F040F8206801696FF08005C943090606
:1051900007D4C168C943090603D405612046FFF757
:1051A00025FF20680169C943C90507D4C168C943FF
:1051B000090603D405612046FFF718FF206801693E
:1051C000C943490609D4C168C943490605D46FF0EB
:1051D00040010161204600F021F820680169C943BF
:1051E00089060BD4C168C943890607D46FF0200132
:1051F00001612046BDE87040FFF7F9BE70BD704701
:10520000704700000349884203D1034801680A310E
:105210000160704718050024900100247047704712
:10522000704790F8791090F87A00084370470000B2
:1052300070B502680446D0691368916810F00F0FCA
:1052400064D0594D03F490760D40354376D0C507B0
:1052500007D0DD0505D501251562E26F42F0010298
:10526000E267820708D5CA0706D0256802222A62AB
:10527000E26F42F00402E267420708D5CA0706D08F
:10528000256804222A62E26F42F00202E267020706
:105290000ED503F0200201F080552A4352EAC17274
:1052A00006D0256808222A62E26F42F00802E2670F
:1052B000E26F002A3AD0800608D503F0200001F002
:1052C0008051084302D0204604F08AFCE06F0007BA
:1052D00003D42068806840062AD5204604F072FC7A
:1052E0002068816849061ED5816821F040018160EF
:1052F000606FC0B12D490165606FFDF7E1F80028CE
:1053000014D0606F016DBDE870400847850615D563
:1053100003F0200501F0805635430FD02046BDE84C
:10532000704004F05DBC2046FFF77AFF70BD05E0D9
:105330002046FFF775FF0020E067F7E7C6024FF051
:1053400020050CD54E020AD5E803106284F8795086
:1053500084F87A502046BDE87040FFF760BF06062B
:105360000AD503F0800601F400010E4304D0204664
:10537000BDE8704004F0C4BE41060BD5590609D5FE
:105380001168204621F04001116084F8795000F046
:1053900005F9CBE70002C9D55800C7D5106820F041
:1053A00080401060C2E7000001000010B19B0008BF
:1053B00010B5040003D094F8790010B107E0012083
:1053C00010BD002084F87800204600F027F8242043
:1053D00084F879002068016821F00101016020460D
:1053E00004F03AFC0128EBD0606B10B1204604F0C9
:1053F0004DFB2068416821F490414160206881683C
:1054000021F02A0181602068016841F001010160FA
:105410002046BDE8104004F09DBB000010B50068B8
:1054200086B01B49884230D11A48016841F0010119
:105430000160006800F00100059016481030016816
:1054400041F01001016000680121134C00F01000D0
:1054500005904FF4007000900220CDE90101039007
:105460000720694604902046FDF766FD4FF48061F1
:10547000204600916946FDF75FFD2520FEF759F8AB
:10548000032225201146FEF761F806B010BD00008A
:1054900000100140E04402580000025890F87A30B1
:1054A000202B4CD1B9B1B2B190F87830012B46D055
:1054B000012380F878304166A0F86820A0F86A20BF
:1054C000FF228168B1F5805F07D07F2351B1B1F130
:1054D000805F0CD010E001207047016921B940F2D3
:1054E000FF1107E0016909BBA0F86C2004E0016925
:1054F000E1B13F21A0F86C100021C167222280F8A1
:105500007A2080F8781001688A6842F001028A6087
:1055100001680A6892000CD50A6842F480720A6039
:105520000068816841F08051816006E0A0F86C302D
:10553000E2E7086840F4907008600020704702209D
:105540007047000030B50068114988420CD1114AFB
:105550005088010408D411464FF000034404097830
:1055600006D50A2901D0538030BD40F400400DE03B
:105570000D2909D0084DC0F30D04401C80B2C72886
:1055800029555080EFD830BD40F48040508030BD68
:10559000001001400C000024780200247047FEE750
:1055A00010B5124C002210212046FDF7C2FD2068E4
:1055B00020F440602060206840F480602060002279
:1055C00020462021FDF7B5FD022004F067FE0122F0
:1055D00020461021FDF7ADFD022004F05FFE002201
:1055E0002046BDE810401021FDF7A3BD001C025865
:1055F000114810B586B0016841F080010160006873
:1056000069460E4C00F0800005903020009001208B
:1056100001900290032003902046FDF78DFC0122AB
:1056200020462021FDF785FD012220461021FDF7AF
:1056300080FD06B010BD0000E0440258001C025876
:1056400010B5124C002210212046FDF772FD206893
:1056500020F440602060206840F4806020600122D7
:1056600020462021FDF765FD022004F017FE0122EF
:1056700020461021FDF75DFD022004F00FFE002200
:105680002046BDE810401021FDF753BD001C025814
:105690002DE9F041174E07460024306820F44060A1
:1056A0003060306830602546002230461021FDF71A
:1056B00040FD022004F0F2FD012230461021FDF7EA
:1056C00038FD60062021040E3046FDF729FD08B1A3
:1056D000641CE4B2012004F0E1FD6D1CEDB2082D64
:1056E000E2D327B1FFF75CFF2046BDE8F081FFF76A
:1056F000A7FFF9E7001C025870B5194E0546304661
:10570000316821F440613160316841F48061316079
:1057100000221021FDF70DFD0024280601D50122ED
:1057200000E0002230462021FDF703FD6806050E4B
:10573000022004F0B3FD012230461021FDF7F9FCF0
:10574000022004F0ABFD002230461021FDF7F1FCF1
:10575000022004F0A3FD641CE4B2082CDDD370BD6C
:10576000001C025810B5124C206820F440602060E4
:10577000206840F480602060012220462021FDF74F
:10578000D8FC012220461021FDF7D3FC042004F0B0
:1057900085FD002220462021FDF7CBFC042004F0EB
:1057A0007DFD00222046BDE810401021FDF7C1BC60
:1057B000001C025810B5124C206820F44060206094
:1057C000206840F480602060002220461021FDF710
:1057D000B0FC002220462021FDF7ABFC042004F0A1
:1057E0005DFD012220461021FDF7A3FC0122204689
:1057F0002021FDF79EFCBDE81040042004F04EBDC2
:10580000001C025870B5174D0024286820F4406031
:10581000286028682860012220212846FDF789FC9D
:10582000012004F03BFD012228461021FDF781FCF8
:10583000012004F033FD07E0641CE4B2FA2C03D924
:10584000FFF7B8FF012070BD20212846FDF768FC56
:105850000028F1D1002228461021FDF76AFC002023
:1058600070BD0000001C02581B4870B586B001686E
:1058700041F001010160016801F001010591016839
:1058800041F004010160016801F004010591016823
:1058900041F080010160006803240025694600F0A2
:1058A0008000059002200126CDE902040B48CDE9D5
:1058B0000065FDF741FB700303948DE86100084823
:1058C0006946FDF739FB0C20009006486946FDF754
:1058D00033FB06B070BD0000E044025800000258DF
:1058E00000080258001C02582DE9F0470126304CF0
:1058F000DFF8C080DFF8C0907703304D01281DD05D
:105900002078A0B108212846FDF70AFCC0B1042187
:105910002846FDF705FC98B139464046FDF700FCE6
:1059200070B101214846FDF7FBFB012808D0082192
:105930002846FDF7F5FB012826D037E02670E1E781
:105940000A2004F09DFC0020207008212846FDF765
:10595000E7FB80B104212846FDF7E2FB70B1394630
:105960004046FDF7DDFB58B101214846FDF7D8FB65
:10597000012807D01AE00120BDE8F0870220FBE7EC
:105980000320F9E70420F7E704212846FDF7C8FBC8
:1059900001280BD139464046FDF7C2FB012805D14D
:1059A00001214846FDF7BCFB00B926700020E3E763
:1059B000200000240008025800000258001C025871
:1059C00008B5002069460090012000F007F9012089
:1059D000694600F003F90098400701D4012008BD92
:1059E0000020694600F0FAF80098C10408D44FF48A
:1059F0000451814317D0810417D4C00517D410E097
:105A00001F20694600F0EAF80098C10401D406207E
:105A100008BDC0F38200062805D0022805D005285D
:105A200005D0052008BD022008BD032008BD0420C4
:105A300008BD0000FEB5002425460294FAF7ADFC2F
:105A40000121072003F0C0FB642004F019FC0021B1
:105A5000072003F0B9FB642004F012FCFAF79FFC66
:105A600003F03EFB3A4801788DF8001041788DF83C
:105A7000011081788DF80210C1788DF8031001793A
:105A80008DF8041040798DF80500334831490160E4
:105A90000121C0F804D00172304901613049C16070
:105AA0004FF4BF614161FCF701FF2B48FDF716F988
:105AB00000204FF4004100F0AFF800284FF4FA76D0
:105AC00019DB002002A900F089F8671F00280CDA12
:105AD0000FE0002002A900F081F8002809DB0A206D
:105AE00004F0CEFB641CB44207D202980004F0D448
:105AF00003E03D4601E06FF0030500F07DF81DB9BD
:105B00004FF47A7004F0BCFB002407E00A2004F094
:105B1000B7FB641CB44201D3012503E0FFF750FF3B
:105B20000128F3D9FFF74CFF022806D0032806D03E
:105B3000042806D0052806D008E00AA004E011A039
:105B400002E018A000E01EA0FAF7C6FC2846FEBD41
:105B500000AF0224008002405805002400000430F9
:105B6000600004304C414E383732303A3130304DDD
:105B7000622F732046756C6C4475706C65780D0AE5
:105B8000000000004C414E383732303A3130304D51
:105B9000622F732048616C664475706C65780D0ADD
:105BA000000000004C414E383732303A31304D62FF
:105BB0002F732046756C6C4475706C65780D0A0007
:105BC0004C414E383732303A31304D622F732048D5
:105BD000616C664475706C65780D0A000B46024670
:105BE0000448002110B5FDF73BF8002801D04FF024
:105BF000FF3010BD5805002408B50020694600900C
:105C0000FFF7ECFF009840F48050009081B2002034
:105C100000F002F808BD00000B46024604480021CF
:105C200010B5FDF74FF9002801D04FF0FF3010BD3F
:105C3000580500240E490F4A70B5064608881268B8
:105C4000002422B13046BDE8704002F0AFBE4D885E
:105C500000214543084602F051FC02F0C5FDB1B2F7
:105C6000054801E00180641CAC42FBD370BD00001C
:105C70000C040024F8040024000008602DE9F05F03
:105C8000394C3A4DA071296839B102F0B5FEE88A65
:105C90002080288B6080BDE8F09F33492C232A2583
:105CA0004FF0F0092B2649F2413A4FF4305E45F2AD
:105CB000105B89884FF448774FF4A07845F2103C88
:105CC0004FF4F07258B1A4F800805145A4F8029046
:105CD00001D0614529D123816581A68139E0A4F8ED
:105CE00000905145A4F8028001D0614508D123817C
:105CF00061456581A68131D1A4F8008062802DE0E4
:105D0000594508D1A4F808E04FF4285060814FF4B9
:105D10002C50A08106E0A1F5C85063381ED1238124
:105D20006681A5812280678018E0594508D1A4F8D2
:105D300008E04FF4285060814FF42C50A08106E019
:105D4000A1F5C850633804D123816581A6812780DD
:105D50006280614502D12280A4F802800020BDE863
:105D6000F05F02F0EFBA00000C040024F8040024F5
:105D70002DE9F04104463A480D46006820B120461E
:105D8000BDE8F04102F04CBE364E270A4FEA152816
:105D90003146B0884989A0F51343413B0CD0A0F5AA
:105DA000A643103B08D0A0F5AA43103B11D0A0F5A4
:105DB000C853633B27D04BE0084602F009FD384644
:105DC00002F0FAFCE0B202F0F7FCB08902F000FD4C
:105DD00038E0084602F0FCFC384602F0EDFC708921
:105DE000401C80B202F0F4FCE0B202F0E5FCB089A5
:105DF00002F0EEFC404602F0DFFCB089401C80B2AD
:105E000002F0E6FC21E0B07918B93088001B401E92
:105E100084B2084602F0DCFC270A384602F0CCFCCB
:105E2000E0B202F0C9FC384602F0C6FCE0B202F073
:105E3000C3FCB08902F0CCFC404602F0BDFCE8B2E5
:105E400002F0BAFC404602F0B7FCE8B202F0B4FC43
:105E5000054930890880881C0280BDE8F081000077
:105E6000F80400240C040024FEFF07602DE9F84329
:105E70001F46144B804608981B6833B13B46009080
:105E8000404602F0EBFDBDE8F883A2EB0802DFF824
:105E90003890521C0C4696B285B20FE0214640461F
:105EA00002F02CFB02F0A0FC0020494602E00D802D
:105EB000401C80B2B042FAD3641CA4B2BC42EDD9FB
:105EC000E1E70000F8040024000008602DE9F04F2D
:105ED00095B002F027FFFE4D4FF6FF7ADFF8F4830E
:105EE00049F2413945F2103645F2105441F6631734
:105EF000A88018B102F008FE02F087B9F6480168E0
:105F000041F00201016000680EA900F00200139048
:105F100020200E9001200F90109003201190EF4848
:105F2000FDF70AF802F0ACF9E9481022EC494C38C8
:105F3000C0E9008100218160C160C0E90412120241
:105F40008161C161C0E908129200C0E90A129201A0
:105F50000163C0E90D121120CDE900015520029026
:105F6000152007AACDE90610CDE90810D8480D91F3
:105F700069464C38FEF79AFF322004F081F9D320AD
:105F800002F026FC02F0AAF9A88002F0A7F9A88086
:105F900002F0A4F90AEA00205246A88002F09EF915
:105FA000A9880843A880484546D0D42002F010FCB8
:105FB00002F094F9A88002F091F9A88002F08EF91D
:105FC00002EA0020A88002F089F9A9880843A88085
:105FD000B04231D04FF45A4002F0FAFB02F07EF9A1
:105FE000A8804FF45B4002F0F3FB02F077F902EA7D
:105FF0000020A8804FF45C4002F0EAFB02F06EF94A
:10600000A9880843A880B0F5004F7DD0A04213D0E6
:10601000A12002F0DDFB02F061F9A88002F05EF938
:1060200002EA0020A88002F059F9A9880843A88054
:10603000A0F5AE41613968D080B2484566D1CF2025
:1060400002F0C6FB002002F0B7FBC12002F0B4FB57
:10605000302002F0B1FBED2002F0BAFB642002F028
:10606000ABFB032002F0A8FB122002F0A5FB81206D
:1060700002F0A2FBE82002F0ABFB852002F09CFBC3
:10608000102002F099FB7A2002F096FBCB2002F060
:106090009FFB392002F090FB2C2002F08DFB0020AA
:1060A00002F08AFB342002F087FB022002F084FB1E
:1060B000F72002F08DFB202002F07EFBEA2002F0A8
:1060C00087FB002002F078FB002002F075FBC02067
:1060D00002F07EFB1B2002F06FFBC12002F078FB78
:1060E000012002F069FBC52002F072FB302002F0B3
:1060F00063FB302002F060FBC72002F069FBB72091
:1061000002F05AFB362002E0B4E0B0E0B4E002F066
:106110005FFB482002F050FB3A2002F059FB55206B
:1061200002F04AFBB12002F053FB002002F044FBD6
:106130001A2002F041FBB62002F04AFB0A2002F0CE
:106140003BFBA22002F038FBF22002F041FB0020D2
:1061500002F032FB262002F03BFB012002F02CFB78
:10616000E02002F035FB0F2002F026FB2A2002F08F
:1061700023FB282002F020FB082002F01DFB0E204C
:1061800002F01AFB082002F017FB542002F014FB67
:10619000A92002F011FB432002F00EFB0A2002F0BE
:1061A0000BFB0F2002F008FB002002F005FB002093
:1061B00002F002FB002002F0FFFA002002F0FCFADD
:1061C000E12002F005FB002002F0F6FA152002F0B3
:1061D000F3FA172002F0F0FA072002F0EDFA11208E
:1061E00002F0EAFA062002F0E7FA2B2002F0E4FAC5
:1061F000562002F0E1FA3C2002F0DEFA052002F01F
:10620000DBFA102002F0D8FA0F2002F0D5FA3F2076
:1062100002F0D2FA3F2002F0CFFA0F2002F0CCFABF
:106220002B2002F0D5FA002002F0C6FA002002F07E
:10623000C3FA012002F0C0FA3F2002F0BDFA2A2082
:1062400002F0C6FA002002F0B7FA002002F0B4FA19
:10625000002002F0B1FAEF2002F0AEFA112002F0B5
:10626000B7FA782004F00CF8292001F011BFAF80B4
:1062700001F013BFAC80FDE3B0427CD1ED2002F011
:10628000A7FA012002F098FAFE2002F095FAEE201B
:1062900002F09EFADE2002F08FFA212002F08CFA42
:1062A000F12002F095FA012002F086FADF2002F0D8
:1062B0008FFA102002F080FAC42002F089FA8F20B1
:1062C00002F07AFAC62002F083FA00200AE0000009
:1062D0000C04002400400052E0440258000402581C
:1062E0000441005202F068FAE22002F065FAE2206E
:1062F00002F062FAE22002F05FFABF2002F068FAD0
:10630000AA2002F059FAB02002F062FA0D2002F041
:1063100053FA002002F050FA0D2002F04DFA00204E
:1063200002F04AFA112002F047FA002002F044FA83
:10633000192002F041FA002002F03EFA212002F07A
:106340003BFA002002F038FA2D2002F035FA002046
:1063500002F032FA3D2002F02FFA002002F02CFA6F
:106360005D2002F029FA002002F026FA5D2002F0FA
:1063700023FA002000E0FDE302F01EFAB12002F053
:1063800027FA802002F018FA002002F015FA8B207C
:1063900002F012FA002002F00FFA962002F00CFA36
:1063A000002002F009FAB22002F012FA002002F0F6
:1063B00003FA002002F000FA022002F0FDF90020AA
:1063C00002F0FAF9032002F0F7F9002002F0F4F9E4
:1063D000B32002F0FDF9002002F0EEF9002002F0F7
:1063E000EBF9002002F0E8F9002002F0E5F90020C6
:1063F00002F0E2F9002002F0DFF9002002F0DCF9FF
:10640000002002F0D9F9002002F0D6F9002002F0B5
:10641000D3F9002002F0D0F9002002F0CDF90020DD
:1064200002F0CAF9002002F0C7F9002002F0C4F916
:10643000002002F0C1F9002002F0BEF9002002F0B5
:10644000BBF9002002F0B8F9002002F0B5F90020F5
:1064500002F0B2F9002002F0AFF9002002F0ACF92E
:10646000002002F0A9F9B42002F0B2F98B2002F06A
:10647000A3F9002002F0A0F9962002F09DF9002077
:1064800002F09AF9A12002F097F9002002F094F9A5
:10649000B52002F09DF9022002F08EF9002002F0F2
:1064A0008BF9032002F088F9002002F085F904201E
:1064B00002F082F9002002F07FF9B62002F088F99C
:1064C000002002F079F9002002F076F9B72002F0FE
:1064D0007FF9002002F070F9002002F06DF93F20F2
:1064E00002F06AF9002002F067F95E2002F064F918
:1064F000002002F061F9642002F05EF9002002F051
:106500005BF98C2002F058F9002002F055F9AC201C
:1065100002F052F9002002F04FF9DC2002F04CF9B1
:10652000002002F049F9702002F046F9002002F044
:1065300043F9902002F040F9002002F03DF9EB20F1
:1065400002F03AF9002002F037F9DC2002F034F9C9
:10655000002002F031F9B82002F03AF9002002F0F0
:106560002BF9002002F028F9002002F025F9002084
:1065700002F022F9002002F01FF9002002F01CF9BD
:10658000002002F019F9002002F016F9BA2002F0FA
:106590001FF9242002F010F9002002F00DF900206C
:1065A00002F00AF9002002F007F9C12002F010F908
:1065B000202002F001F9002002F0FEF8542002F041
:1065C000FBF8002002F0F8F8FF2002F0F5F80020B8
:1065D00002F0F2F8C22002F0FBF80A2002F0ECF818
:1065E000002002F0E9F8042002F0E6F8002002F0B2
:1065F000E3F8C32002F0ECF83C2002F0DDF80020C4
:1066000002F0DAF83A2002F0D7F8002002F0D4F8CD
:10661000392002F0D1F8002002F0CEF8372002F045
:10662000CBF8002002F0C8F83C2002F0C5F80020AA
:1066300002F0C2F8362002F0BFF8002002F0BCF8E9
:10664000322002F0B9F8002002F0B6F82F2002F054
:10665000B3F8002002F0B0F82C2002F0ADF80020D2
:1066600002F0AAF8292002F0A7F8002002F0A4F80E
:10667000262002F0A1F8002002F09EF8242002F06B
:106680009BF8002002F098F8242002F095F80020F2
:1066900002F092F8232002F08FF8002002F08CF82C
:1066A0003C2002F089F8002002F086F8362002F043
:1066B00083F8002002F080F8322002F07DF80020FC
:1066C00002F07AF82F2002F077F8002002F074F838
:1066D0002C2002F071F8002002F06EF8292002F060
:1066E0006BF8002002F068F8262002F065F8002020
:1066F00002F062F8242002F05FF8002002F05CF85B
:10670000242002F059F8002002F056F8232002F06D
:1067100053F8002002F050F8C42002F059F862202B
:1067200002F04AF8002002F047F8052002F044F891
:10673000002002F041F8842002F03EF8002002F030
:106740003BF8F02002F038F8002002F035F818206D
:1067500002F032F8002002F02FF8A42002F02CF80A
:10676000002002F029F8182002F026F8002002F09C
:1067700023F8502002F020F8002002F01DF80C2031
:1067800002F01AF8002002F017F8172002F014F8AF
:10679000002002F011F8952002F00EF8002002F01F
:1067A0000BF8F32002F008F8002002F005F8E620CC
:1067B00002F002F8002001F0FFFFC52002F008F807
:1067C000322001F0F9FF002001F0F6FF442001F033
:1067D000F3FF002001F0F0FF652001F0EDFF002045
:1067E00001F0EAFF762001F0E7FF002001F0E4FF6E
:1067F000882001F0E1FF002001F0DEFFC62001F05B
:10680000E7FF202001F0D8FF002001F0D5FF17207E
:1068100001F0D2FF002001F0CFFF012001F0CCFFFA
:10682000002001F0C9FFC72001F0D2FF002001F0D5
:10683000C3FF002001F0C0FF002001F0BDFF0020D9
:1068400001F0BAFFC82001F0C3FF002001F0B4FF3F
:10685000002001F0B1FF002001F0AEFF002001F0A8
:10686000ABFFC92001F0B4FF002001F0A5FF00201C
:1068700001F0A2FF002001F09FFF002001F09CFF2B
:10688000002001F099FF002001F096FF002001F0A8
:1068900093FF002001F090FF002001F08DFF002009
:1068A00001F08AFF002001F087FF002001F084FF43
:1068B000002001F081FF002001F07EFF002001F0A8
:1068C0007BFF002001F078FFE02001F081FF16201F
:1068D00001F072FF002001F06FFF1C2001F06CFF3F
:1068E000002001F069FF212001F066FF002001F087
:1068F00063FF362001F060FF002001F05DFF4620BD
:1069000001F05AFF002001F057FF522001F054FF20
:10691000002001F051FF642001F04EFF002001F043
:106920004BFF7A2001F048FF002001F045FF8B204B
:1069300001F042FF002001F03FFF992001F03CFFF1
:10694000002001F039FFA82001F036FF002001F0FF
:1069500033FFB92001F030FF002001F02DFFC420EB
:1069600001F02AFF002001F027FFCA2001F024FFD8
:10697000002001F021FFD22001F01EFF002001F0D5
:106980001BFFD92001F018FF002001F015FFE020C7
:1069900001F012FF002001F00FFFF32001F00CFFC7
:1069A000002001F009FFE12001F012FF162001F0A4
:1069B00003FF002001F000FF1C2001F0FDFE00207D
:1069C00001F0FAFE222001F0F7FE002001F0F4FEB3
:1069D000362001F0F1FE002001F0EEFE452001F02E
:1069E000EBFE002001F0E8FE522001F0E5FE002061
:1069F00001F0E2FE642001F0DFFE002001F0DCFE89
:106A00007A2001F0D9FE002001F0D6FE8B2001F0A3
:106A1000D3FE002001F0D0FE992001F0CDFE002031
:106A200001F0CAFEA82001F0C7FE002001F0C4FE5C
:106A3000B92001F0C1FE002001F0BEFEC42001F02B
:106A4000BBFE002001F0B8FECA2001F0B5FE002018
:106A500001F0B2FED22001F0AFFE002001F0ACFE4A
:106A6000D82001F0A9FE002001F0A6FEE02001F0F0
:106A7000A3FE00E08CE3002001F09EFEF32001F075
:106A80009BFE002001F098FEE22001F0A1FE05200F
:106A900001F092FE002001F08FFE0B2001F08CFE31
:106AA000002001F089FE1B2001F086FE002001F08D
:106AB00083FE342001F080FE002001F07DFE4420A2
:106AC00001F07AFE002001F077FE4F2001F074FE05
:106AD000002001F071FE612001F06EFE002001F047
:106AE0006BFE792001F068FE002001F065FE882031
:106AF00001F062FE002001F05FFE972001F05CFED5
:106B0000002001F059FEA62001F056FE002001F001
:106B100053FEB72001F050FE002001F04DFEC220D0
:106B200001F04AFE002001F047FEC72001F044FEBC
:106B3000002001F041FED12001F03EFE002001F0D6
:106B40003BFED62001F038FE002001F035FEDD20AE
:106B500001F032FE002001F02FFEF32001F02CFEA8
:106B6000002001F029FEE32001F032FE052001F0B3
:106B700023FE00E00AE3002001F01EFE0A2001F0DF
:106B80001BFE002001F018FE1C2001F015FE002065
:106B900001F012FE332001F00FFE002001F00CFE88
:106BA000442001F009FE002001F006FE502001F013
:106BB00003FE002001F000FE622001F0FDFD002038
:106BC00001F0FAFD782001F0F7FD002001F0F4FD5E
:106BD000882001F0F1FD002001F0EEFD972001F08A
:106BE000EBFD002001F0E8FDA62001F0E5FD00200E
:106BF00001F0E2FDB72001F0DFFD002001F0DCFD37
:106C0000C22001F0D9FD002001F0D6FDC72001F01F
:106C1000D3FD002001F0D0FDD12001F0CDFD0020FA
:106C200001F0CAFDD52001F0C7FD002001F0C4FD30
:106C3000DD2001F0C1FD002001F0BEFDF32001F0D8
:106C4000BBFD002001F0B8FDE42001F0C1FD0120F2
:106C500001F0B2FD002001F0AFFD012001F0ACFD1C
:106C6000002001F0A9FD022001F0A6FD002001F0A6
:106C7000A3FD2A2001F0A0FD002001F09DFD3C2095
:106C800001F09AFD002001F097FD4B2001F094FDEA
:106C9000002001F091FD5D2001F08EFD002001F04B
:106CA0008BFD742001F088FD002001F085FD84201B
:106CB00001F082FD002001F07FFD932001F07CFDBA
:106CC000002001F079FDA22001F076FD002001F006
:106CD00073FDB32001F070FD002001F06DFDBE20BA
:106CE00001F06AFD002001F067FDC42001F064FDA1
:106CF000002001F061FDCD2001F05EFD002001F0DB
:106D00005BFDD32001F058FD002001F055FDDD2092
:106D100001F052FD002001F04FFDF32001F04CFD89
:106D2000002001F049FDE52001F052FD002001F0B6
:106D300043FD002001F040FD002001F03DFD00205A
:106D400001F03AFD022001F037FD002001F034FD92
:106D5000292001F031FD002001F02EFD3C2001F042
:106D60002BFD002001F028FD4B2001F025FD002027
:106D700001F022FD5D2001F01FFD002001F01CFD4F
:106D8000742001F019FD002001F016FD842001F0AF
:106D900013FD002001F010FD932001F00DFD0020F7
:106DA00001F00AFDA22001F007FD002001F004FD22
:106DB000B32001F001FD002001F0FEFCBE2001F037
:106DC000FBFC002001F0F8FCC42001F0F5FC0020E1
:106DD00001F0F2FCCD2001F0EFFC002001F0ECFC12
:106DE000D32001F0E9FC002001F0E6FCDC2001F0FA
:106DF000E3FC002001F0E0FCF32001F0DDFC0020CA
:106E000001F0DAFCE62001F0E3FC112001F0D4FCF3
:106E1000002001F0D1FC342001F0CEFC002001F074
:106E2000CBFC562001F0C8FC002001F0C5FC762008
:106E300001F0C2FC002001F0BFFC772001F0BCFC97
:106E4000002001F0B9FC662001F0B6FC002001F042
:106E5000B3FC882001F0B0FC002001F0ADFC9920CB
:106E600001F0AAFC002001F0A7FCBB2001F0A4FC6B
:106E7000002001F0A1FC992001F09EFC002001F00F
:106E80009BFC662001F098FC002001F095FC552049
:106E900001F092FC002001F08FFC552001F08CFCE9
:106EA000002001F089FC452001F086FC002001F063
:106EB00083FC432001F080FC002001F07DFC442095
:106EC00001F07AFC002001F077FCE72001F080FC63
:106ED000322001F071FC002001F06EFC552001F021
:106EE0006BFC002001F068FC762001F065FC0020BE
:106EF00001F062FC662001F05FFC002001F05CFC08
:106F0000672001F059FC002001F056FC672001F0D9
:106F100053FC002001F050FC872001F04DFC0020C4
:106F200001F04AFC992001F047FC002001F044FCEC
:106F3000BB2001F041FC002001F03EFC992001F053
:106F40003BFC002001F038FC772001F035FC0020EC
:106F500001F032FC442001F02FFC002001F02CFC59
:106F6000562001F029FC002001F026FC232001F02E
:106F700023FC002001F020FC332001F01DFC002048
:106F800001F01AFC452001F017FC002001F014FC70
:106F9000E82001F01DFC002001F00EFC002001F0B3
:106FA0000BFC992001F008FC002001F005FC872073
:106FB00001F002FC002001F0FFFB882001F0FCFB47
:106FC000002001F0F9FB772001F0F6FB002001F032
:106FD000F3FB662001F0F0FB002001F0EDFB8820C0
:106FE00001F0EAFB002001F0E7FBAA2001F0E4FB3E
:106FF000002001F0E1FBBB2001F0DEFB002001F0EE
:10700000DBFB992001F0D8FB002001F0D5FB6620C6
:1070100001F0D2FB002001F0CFFB552001F0CCFBAA
:10702000002001F0C9FB552001F0C6FB002001F053
:10703000C3FB442001F0C0FB002001F0BDFB442055
:1070400001F0BAFB002001F0B7FB552001F0B4FBC2
:10705000002001F0B1FBE92001F0BAFBAA2001F009
:10706000ABFB002001F0A8FB002001F0A5FB0020F5
:1070700001F0A2FB002001F0ABFBAA2001F09CFB79
:10708000CF2001F0A5FB002001F096FB002001F0CD
:1070900093FB002001F090FB002001F08DFB00200D
:1070A00001F08AFB002001F087FB002001F084FB47
:1070B000002001F081FB002001F07EFB002001F0A8
:1070C0007BFB002001F078FB002001F075FB002025
:1070D00001F072FB002001F06FFB002001F06CFB5F
:1070E000002001F069FB002001F066FBF02001F0B8
:1070F0006FFB002001F060FB502001F05DFB0020E1
:1071000001F05AFB002001F057FB002001F054FB76
:10711000F32001F05DFB002001F04EFBF92001F0AF
:1071200057FB062001F048FB102001F045FB292009
:1071300001F042FB002001F03FFB3A2001F048FB48
:10714000552001F039FB112001F042FB642003F0CF
:1071500097F8292001F03CFB352001F039FB002095
:1071600001F02AFB512001F033FBFF2001F024FB4A
:10717000532001F02DFB2C2001F01EFB552001F0C7
:1071800027FB822001F018FB2C20FDE3A0427DD1DB
:107190004FF470435521184601F030FB4FF2010BBC
:1071A000AA21584601F02AFB52214FF2020001F0B9
:1071B00025FB08214FF2030001F020FB01214FF2D3
:1071C000040001F01BFB0D214FF4304001F016FBD1
:1071D0000D214BF2010001F011FB0D214BF20200D9
:1071E00001F00CFB34214FF4364001F007FB342151
:1071F0004BF2016001F002FB34214BF2026001F01E
:10720000FDFA0D214FF4314001F0F8FA0D214BF257
:10721000011001F0F3FA0D214BF2021001F0EEFA29
:1072200034214FF4374001F0E9FA34214BF2017078
:1072300001F0E4FA34214BF2027001F0DFFA002190
:107240004FF4324001F0DAFA00214BF2012001F054
:10725000D5FA00214BF2022001F0D0FA24214FF49C
:10726000384001F0CBFA24214BF6010001F0C6FAB8
:1072700024214BF6020001F0C1FA01214FF43F40F6
:1072800001F0BCFA0F214FF4334000E0FEE301F0BF
:10729000B5FA0F214BF2013001F0B0FA0F214BF299
:1072A000023001F0ABFA34214FF4394001F0A6FA74
:1072B00034214BF6011001F0A1FA34214BF60210F3
:1072C00001F09CFA08214FF4354001F097FA0821AB
:1072D0004BF2015001F092FA08214BF2025001F0FA
:1072E0008DFA03214FF4424001F088FA24214FF433
:1072F0003A4001F083FA24214BF6012001F07EFA96
:1073000024214BF6022001F079FA00214FF43C4091
:1073100001F074FA78214BF6014001F06FFA002178
:107320004BF6024001F06AFA00214FF43D4001F0B3
:1073300065FA78214BF6015001F060FA00214BF616
:10734000025001F05BFA00214FF43E4001F056FA82
:1073500064214BF6016001F051FA00214FF45140D5
:1073600001F04CFA33214DF2011001F047FA0021EF
:107370004DF2021001F042FA34214DF2031001F0F7
:107380003DFA00214DF2041001F038FA3A214DF295
:10739000051001F033FA00214DF2061001F02EFA2B
:1073A0004A214DF2071001F029FA00214DF2081090
:1073B00001F024FA5C214DF2091001F01FFA0021BE
:1073C0004DF20A1001F01AFA81214DF20B1001F072
:1073D00015FA00214DF20C1001F010FAA6214DF221
:1073E0000D1001F00BFA00214DF20E1001F006FA1B
:1073F000E5214DF20F1001F001FA01214DF21010BC
:1074000001F0FCF913214DF2111001F0F7F90121FF
:107410004DF2121001F0F2F954214DF2131001F067
:10742000EDF901214DF2141001F0E8F982214DF23D
:10743000151001F0E3F901214DF2161001F0DEF90B
:10744000CA214DF2171001F0D9F902214DF218109E
:1074500001F0D4F900214DF2191001F0CFF9022109
:107460004DF21A1001F0CAF901214DF21B1001F082
:10747000C5F902214DF21C1001F0C0F934214DF282
:107480001D1001F0BBF902214DF21E1001F0B6F9FA
:1074900067214DF21F1001F0B1F902214DF22010C9
:1074A00001F0ACF984214DF2211001F0A7F902217D
:1074B0004DF2221001F0A2F9A4214DF2231001F0A7
:1074C0009DF902214DF2241001F098F9B7214DF2F7
:1074D000251001F093F902214DF2261001F08EF9EA
:1074E000CF214DF2271001F089F902214DF2281029
:1074F00001F084F9DE214DF2291001F07FF902211B
:107500004DF22A1001F07AF9F2214DF22B1001F020
:1075100075F902214DF22C1001F070F9FE214DF2A7
:107520002D1001F06BF903214DF22E1001F066F9D8
:1075300010214DF22F1001F061F903214DF23010AE
:1075400001F05CF933214DF2311001F057F90321BC
:107550004DF2321001F052F96D214DF2331001F06D
:107560004DF900214FF4524001F048F933214DF21A
:10757000012001F043F900214DF2022001F03EF913
:1075800034214DF2032001F039F900214DF204209D
:1075900001F034F93A214DF2052001F02FF90021D4
:1075A0004DF2062001F02AF94A214DF2072001F0A0
:1075B00025F900214DF2082001F020F95C214DF25F
:1075C000092001F01BF900214DF20A2001F016F903
:1075D00081214DF20B2001F011F900214DF20C2018
:1075E00001F00CF9A6214DF20D2001F007F9002160
:1075F0004DF20E2001F002F9E5214DF20F2001F0CD
:10760000FDF801214DF2102001F0F8F813214DF2A0
:10761000112001F0F3F801214DF2122001F0EEF8F3
:1076200054214DF2132001F0E9F801214DF214200C
:1076300001F0E4F882214DF2152001F0DFF801217C
:107640004DF2162001F0DAF8CA214DF2172001F0B0
:10765000D5F802214DF2182001F0D0F800214DF2AA
:10766000192001F0CBF802214DF21A2001F0C6F8E2
:1076700001214DF21B2001F0C1F802214DF21C2026
:1076800001F0BCF834214DF21D2001F0B7F80221C1
:107690004DF21E2001F0B2F867214DF21F2001F0DB
:1076A000ADF802214DF2202001F0A8F884214DF21E
:1076B000212001F0A3F802214DF2222001F09EF8D2
:1076C000A4214DF2232001F099F802214DF224204B
:1076D00001F094F8B7214DF2252001F08FF8022136
:1076E0004DF2262001F08AF8CF214DF2272001F03B
:1076F00085F802214DF2282001F080F8DE214DF2BC
:10770000292001F07BF802214DF22A2001F076F8C1
:10771000F2214DF22B2001F071F802214DF22C20C4
:1077200001F06CF8FE214DF22D2001F067F80321E5
:107730004DF22E2001F062F810214DF22F2001F0C1
:107740005DF803214DF2302001F058F833214DF25D
:10775000312001F053F803214DF2322001F04EF8B0
:107760006D214DF2332001F049F800214FF45340D0
:1077700001F044F833214DF2013001F03FF80021CF
:107780004DF2023001F03AF834214DF2033001F0AD
:1077900035F800214DF2043001F030F83A214DF275
:1077A000053001F02BF800214DF2063001F026F8EB
:1077B0004A214DF2073001F021F800214DF2083046
:1077C00001F01CF85C214DF2093001F017F800219E
:1077D0004DF20A3001F012F881214DF20B3001F028
:1077E0000DF800214DF20C3001F008F8A6214DF201
:1077F0000D3001F003F800214DF20E3000F0FEFFD5
:10780000E5214DF20F3000F0F9FF01214DF210306B
:1078100000F0F4FF13214DF2113000F0EFFF0121D1
:107820004DF2123000F0EAFF54214DF2133000F017
:10783000E5FF01214DF2143000F0E0FF82214DF20E
:10784000153000F0DBFF01214DF2163000F0D6FFBD
:10785000CA214DF2173000F0D1FF02214DF218304D
:1078600000F0CCFF00214DF2193000F0C7FF0221DB
:107870004DF21A3000F0C2FF01214DF21B3000F032
:10788000BDFF02214DF21C3000F0B8FF34214DF253
:107890001D3000F0B3FF02214DF21E3000F0AEFFAC
:1078A00067214DF21F3000F0A9FF02214DF2203078
:1078B00000F0A4FF84214DF2213000F09FFF02214F
:1078C0004DF2223000F09AFFA4214DF2233000F057
:1078D00095FF02214DF2243000F090FFB7214DF2C8
:1078E000253000F08BFF02214DF2263000F086FF9C
:1078F000CF214DF2273000F081FF02214DF22830D8
:1079000000F07CFFDE214DF2293000F077FF0221EC
:107910004DF22A3000F072FFF2214DF22B3000F0D0
:107920006DFF02214DF22C3000F068FFFE214DF278
:107930002D3000F063FF03214DF22E3000F05EFF8A
:1079400010214DF22F3000F059FF03214DF230305D
:1079500000F054FF33214DF2313000F04FFF03218E
:107960004DF2323000F04AFF6D214DF2333000F01D
:1079700045FF00214FF4544000F040FF33214DF209
:10798000014000F03BFF00E082E300214DF20240A5
:1079900000F034FF34214DF2034000F02FFF0021AE
:1079A0004DF2044000F02AFF3A214DF2054000F06C
:1079B00025FF00214DF2064000F020FF4A214DF244
:1079C000074000F01BFF00214DF2084000F016FFB9
:1079D0005C214DF2094000F011FF00214DF20A40F8
:1079E00000F00CFF81214DF20B4000F007FF002159
:1079F0004DF20C4000F002FFA6214DF20D4000F0C8
:107A0000FDFE00214DF20E4000F0F8FEE5214DF2A2
:107A10000F4000F0F3FE01214DF2104000F0EEFEA9
:107A200013214DF2114000F0E9FE01214DF2124008
:107A300000F0E4FE54214DF2134000F0DFFE01217E
:107A40004DF2144000F0DAFE82214DF2154000F0B4
:107A5000D5FE01214DF2164000F0D0FECA214DF2B4
:107A6000174000F0CBFE02214DF2184000F0C6FE98
:107A700000214DF2194000F0C1FE02214DF21A40E2
:107A800000F0BCFE01214DF21B4000E003E300F0DA
:107A9000B5FE02214DF21C4000F0B0FE34214DF243
:107AA0001D4000F0ABFE02214DF21E4000F0A6FE8C
:107AB00067214DF21F4000F0A1FE02214DF220404F
:107AC00000F09CFE84214DF2214000F097FE02213F
:107AD0004DF2224000F092FEA4214DF2234000F02E
:107AE0008DFE02214DF2244000F088FEB7214DF2B8
:107AF000254000F083FE02214DF2264000F07EFE7C
:107B0000CF214DF2274000F079FE02214DF22840AE
:107B100000F074FEDE214DF2294000F06FFE0221DC
:107B20004DF22A4000F06AFEF2214DF22B4000F0A7
:107B300065FE02214DF22C4000F060FEFE214DF268
:107B40002D4000F05BFE03214DF22E4000F056FE6A
:107B500010214DF22F4000F051FE03214DF2304034
:107B600000F04CFE33214DF2314000F047FE03217E
:107B70004DF2324000F042FE6D214DF2334000F0F4
:107B80003DFE00214FF4554000F038FE33214DF208
:107B9000015000F033FE00214DF2025000F02EFEA5
:107BA00034214DF2035000F029FE00214DF2045023
:107BB00000F024FE3A214DF2055000F01FFE002196
:107BC0004DF2065000F01AFE4A214DF2075000F027
:107BD00015FE00214DF2085000F010FE5C214DF220
:107BE000095000F00BFE00214DF20A5000F006FE95
:107BF00081214DF20B5000F001FE00214DF20C509E
:107C000000F0FCFDA6214DF20D5000F0F7FD002123
:107C10004DF20E5000F0F2FDE5214DF20F5000F054
:107C2000EDFD01214DF2105000F0E8FD13214DF261
:107C3000115000F0E3FD01214DF2125000F0DEFD85
:107C400054214DF2135000F0D9FD01214DF2145092
:107C500000F0D4FD82214DF2155000F0CFFD01213E
:107C60004DF2165000F0CAFDCA214DF2175000F037
:107C7000C5FD02214DF2185000F0C0FD00214DF26B
:107C8000195000F0BBFD02214DF21A5000F0B6FD74
:107C900001214DF21B5000F0B1FD02214DF21C50AC
:107CA00000F0ACFD34214DF21D5000F0A7FD022183
:107CB0004DF21E5000F0A2FD67214DF21F5000F062
:107CC0009DFD02214DF2205000F098FD84214DF2DF
:107CD000215000F093FD02214DF2225000F08EFD64
:107CE000A4214DF2235000F089FD02214DF22450D1
:107CF00000F084FDB7214DF2255000F07FFD0221F8
:107D00004DF2265000F07AFDCF214DF2275000F0C1
:107D100075FD02214DF2285000F070FDDE214DF27C
:107D2000295000F06BFD02214DF22A5000F066FD53
:107D3000F2214DF22B5000F061FD02214DF22C504A
:107D400000F05CFDFE214DF22D5000F057FD0321A7
:107D50004DF22E5000F052FD10214DF22F5000F048
:107D60004DFD03214DF2305000F048FD33214DF21E
:107D7000315000F043FD03214DF2325000F03EFD42
:107D80006D214DF2335000F039FD00214FF4564083
:107D900000F034FD33214DF2016000F02FFD002191
:107DA0004DF2026000F02AFD34214DF2036000F034
:107DB00025FD00214DF2046000F020FD3A214DF236
:107DC000056000F01BFD00214DF2066000F016FD7D
:107DD0004A214DF2076000F011FD00214DF20860CC
:107DE00000F00CFD5C214DF2096000F007FD002160
:107DF0004DF20A6000F002FD81214DF20B6000F0AF
:107E0000FDFC00214DF20C6000F0F8FCA6214DF2C3
:107E10000D6000F0F3FC00214DF20E6000F0EEFC6E
:107E2000E5214DF20F6000F0E9FC01214DF21060F8
:107E300000F0E4FC13214DF2116000F0DFFC0121A1
:107E40004DF2126000F0DAFC54214DF2136000F0A4
:107E5000D5FC01214DF2146000F0D0FC82214DF2DE
:107E6000156000F0CBFC01214DF2166000F0C6FC5D
:107E7000CA214DF2176000F0C1FC02214DF21860DA
:107E800000F0BCFC00214DF2196000F0B7FC0221AB
:107E90004DF21A6000F0B2FC01214DF21B6000F0BF
:107EA000ADFC02214DF21C6000F0A8FC34214DF223
:107EB0001D6000F0A3FC02214DF21E6000F09EFC4C
:107EC00067214DF21F6000F099FC02214DF2206005
:107ED00000F094FC84214DF2216000F08FFC02211F
:107EE0004DF2226000F08AFCA4214DF2236000F0E4
:107EF00085FC02214DF2246000F080FCB7214DF298
:107F0000256000F07BFC02214DF2266000F076FC3B
:107F1000CF214DF2276000F071FC02214DF2286064
:107F200000F06CFCDE214DF2296000F067FC0221BC
:107F30004DF22A6000F062FCF2214DF22B6000F05D
:107F40005DFC02214DF22C6000F058FCFE214DF248
:107F50002D6000F053FC03214DF22E6000F04EFC2A
:107F600010214DF22F6000F049FC03214DF23060EA
:107F700000F044FC33214DF2316000F03FFC03215E
:107F80004DF2326000F03AFC6D214DF2336000F0AA
:107F900035FC5521184600F031FCAA21584600F066
:107FA0002DFC52214FF2020000F028FC08214FF274
:107FB000030000F023FC00214FF2040000F01EFC3F
:107FC000CC214FF4314000F019FC00214BF201109C
:107FD00000F014FC05214FF4364000F00FFC702136
:107FE0004FF4374000F00AFC70214BF2017000F0B2
:107FF00005FC01214FF4384000F000FC03214BF652
:10800000010000F0FBFB03214BF6020000F0F6FB41
:1080100003214BF6030000F0F1FB02214FF43C403A
:1080200000F0ECFB00214BF6014000F0E7FB0021E3
:108030004BF6024000F0E2FBD0214FF4494000F043
:10804000DDFB02214CF6011000F0D8FB50214CF66C
:10805000021000F0D3FB50214CF6031000F0CEFBD1
:1080600050214CF6041000F0C9FB00214FF454508D
:1080700000F0C4FB55214FF4685000F0BFFB4FF4F3
:10808000885000F0A5FB782002F008F94FF4245046
:1080900000F09EFBB9E0B842FCD1E22000F098FB72
:1080A0001D2000F089FB022000F086FB042000F078
:1080B00083FB642002F0F2F8E02000F089FB01204D
:1080C00000F07AFB0A2002F0DBF8E02000F080FBF1
:1080D000032000F071FB0C2002F0D2F8012000F028
:1080E00077FB0A2002F0CCF8E62000F071FB2F208D
:1080F00000F062FBFF2000F05FFBFF2000F05CFB64
:10810000B02000F065FB202000F056FB002000F0BE
:1081100053FB032000F050FB40F21F3000F04CFBFB
:10812000012000F049FB40F2DF1000F045FB002089
:1081300000F042FBB42000F04BFB042000F03CFBBD
:1081400040F21F4000F038FB002000F035FB2E20ED
:1081500000F032FB002000F02FFB002000F02CFB91
:10816000002000F029FB002000F026FBB62000F0E4
:108170002FFB022000F020FB4FF4037000F01CFBEB
:10818000002000F019FB172000F016FB152000F06E
:1081900013FB002000F010FB002000F00DFBF0208E
:1081A00000F016FB032000F007FB292000F010FB75
:1081B000D02000F00DFB002000F0FEFABE2000F001
:1081C00007FB052000F0F8FAFE2000F0F5FA012088
:1081D00000F0F2FA002000F0EFFA002000F0ECFAD4
:1081E000002000F0E9FAB82000F0F2FA032000F0D5
:1081F000E3FA012000F0E0FABA2000F0E9FA0120E9
:1082000000F0DAFA642000F073F8A988494505D037
:10821000B14203D0A14201D0B94217D1D8F804210C
:1082200022F00F02C8F80421D8F8042122F4706269
:10823000C8F80421D8F8042142F00502C8F8042146
:10824000D8F8042142F4A062C8F8042108A0F8F785
:1082500043F90020FDF712FD084801222021FAF71A
:1082600068FF5046FDF7E6FC15B0BDE8F08F000052
:108270004C43442049443A25780D0A000004025832
:108280001FB5FBF735F900208DF80C004FF0C04208
:1082900001921B228DF8082001218DF809008DF82C
:1082A0000D0003228DF800108DF80A008DF80E00E5
:1082B0008DF8010068468DF80B208DF80F10FBF744
:1082C000EDF80420FBF722F91FBD0346012000E072
:1082D0005843491EC9B2FBD270470000034808B595
:1082E0000088ADF80000BDF8000008BD000008607F
:1082F0000246BE2000B500F06BFA052000F05CFAE3
:1083000000EE102A9FED0D1BB8EE400B20EE010B86
:10831000BCEEC00B10EE100A80B200F04DFA012046
:1083200000F04AFAFF2000F047FA002000F044FA7B
:108330005DF804EB002000F03FBA00006666666658
:1083400066660440F0B56C4D002341F6631429467F
:10835000AA798988012A01D01AB11BE0A14202D171
:1083600018E0A14216D1082814D2DFE800F0040674
:10837000080A0C0E101206200CE007200AE0042068
:1083800008E0052006E0012004E0002002E00320D0
:1083900000E0022045F21032A1F5134745F21056D5
:1083A000413F05D0914203D0B14201D0A14277D1E3
:1083B000082812D2DFE800F0110406080A0C0E109B
:1083C00080230AE0402308E0C02306E0202304E0E5
:1083D000602302E0A02300E0E023B14202D14FF489
:1083E000585000E03620914205D0B14203D0A1425E
:1083F00001D043F00803194600F000FAAA88A2420F
:108400000AD069889806288802D5884202D303E0FA
:10841000884201D929806880B242688941D100F040
:10842000D7F9002000F0C8F96889401C80B200F03C
:10843000CFF9002000F0C0F96889801C80B200F0FC
:10844000C7F92888401EC0F30F2000F0B5F96889ED
:10845000C01C80B200F0BCF92878401EC0B200F009
:10846000ABF9A88900F0B4F9002000F0A5F9A889BB
:10847000401C80B200F0ACF9002000F09DF9A88902
:10848000801C80B200F0A4F96888401EC0F30F2061
:1084900000F092F9A889C01C80B200F099F922E09E
:1084A00028E000F095F9002000F086F9002000F0A7
:1084B00083F92888401EC0F30F2000F07DF928784A
:1084C000401EC0B200F078F9A88900F081F90020C0
:1084D00000F072F9002000F06FF96888401EC0F3C8
:1084E0000F2000F069F9A878BDE8F040401EC0B246
:1084F00000F062B9F0BD00000C040024F0B53F4D5F
:10850000060A0C4602462846270AA9884089A1F592
:108510001343413B28D0A1F5A643103B24D0A1F53D
:10852000C853633B2FD0A1F5AA43103B64D100F0A0
:108530004FF9304600F040F96889401C80B200F0E5
:1085400047F9D0B200F038F9A88900F041F938466F
:1085500000F032F9A889401C80B200F039F9E0B28D
:10856000BDE8F04000F028B900F032F9304600F0E4
:1085700023F9D0B200F020F9A88900F029F9384693
:1085800000F01AF9EBE7A97929B300F021F9304698
:1085900000F012F9D0B200F00FF92888401EC0F3A5
:1085A0000F2000F009F92878401EC0B200F004F94D
:1085B000A88900F00DF9384600F0FEF8E0B200F0AE
:1085C000FBF86888401EC0F30F2000F0F5F8A8788B
:1085D000401EC0B2C4E72988891A491E8AB200F039
:1085E000F7F8002000F0E8F8002000F0E5F8100AA5
:1085F00000F0E2F8D0B2D9E7F0BD00000C0400248E
:108600002DE9F84F1F460E4682468B46580700D08C
:108610000120790800EBD700203A10FB01F000257B
:1086200002F0FF09C0B2009047E00C2F10D0102FCD
:1086300012D0182F14D0202F42D1224901EBC9109B
:108640004FF00008445D200610D51F48026811E075
:108650001E4909EB490006E01D4901EB0910EFE74F
:108660001C4909EBC90001EB8000E9E70A9828B929
:108670001548426831465046FDF77AFB6006761C85
:10868000040E1548B6B24088B04219D9A6EB0B00CB
:10869000B84209D10AF101005E461FFA80FA0E487D
:1086A000018851450CD906E008F1010000F0FF08EF
:1086B000B8F1080FC7D36D1CEDB200988542B4D352
:1086C000BDE8F88FDE3F0108240000241E280108C1
:1086D000922C0108823201080C0400242DE9F84F85
:1086E00000F0FF08044610190D461FFA80FA4FF0FB
:1086F000000B58191FFA80F9DDE90A7611E054459C
:1087000002D3E819444685B24D450FD23B4629466F
:108710002046CDF800B0FFF773FF04EB570084B29A
:10872000761C3278A2F120005E28E8D9BDE8F88FE7
:108730002DE9FF4F81B080464FF000091F46934658
:108740004C460E98DDF83CA046080AF001052BE0E7
:10875000381B401EC1B20A20FFF7B7FDBBFBF0F08B
:108760000A21B9F1000FB0FBF1F201FB120005D1B3
:10877000791E8C4202DA48B14FF001090E9B30306D
:108780000095C2B206FB048080B208E05FEA0A608E
:108790000E9B06FB0480009580B20AD53022029918
:1087A000FFF72EFF641CE4B2BC42D1D305B0BDE894
:1087B000F08F2022F3E7000001B5BDF80000ADF80E
:1087C0000000BDF800000149088008BD00000860F5
:1087D00001B5BDF80000ADF80000BDF8000001498A
:1087E000088008BDFEFF0760024803490089088031
:1087F000704700000C040024FEFF0760024A10804E
:10880000901C018070470000FEFF07602DE9F041D9
:1088100016461D4600240F462BA00A463146F9F79E
:1088200031F8DFF8AC80401C23D0012240461146CD
:10883000FAF77FFC1BE056F8240023A1F8F75AF959
:1088400098B955F8240023A1F8F754F930B155F838
:10885000240022A1F8F74EF910B106E0002200E052
:10886000012240460121FAF764FC641CE4B2BC42D8
:10887000E1DB012144464046FAF752FC18B90020DA
:1088800000F086FC28B101212046FAF749FC18B116
:1088900007E014A0BDE8F081002000F079FC012879
:1088A00006D001212046FAF73BFC012802D006E061
:1088B00013A0EFE7002000F06BFC012801D018A006
:1088C000E8E71FA0E6E700004C4544310000000047
:1088D000000402584C4544314F4E00004C45443191
:1088E0004F4646002F53544D33325F4C45445F4F43
:1088F0004E5F424545505F4F4E2E7368746D6C005D
:108900002F53544D33325F4C45445F4F4E5F4245C9
:1089100045505F4F46462E7368746D6C0000000032
:108920002F53544D33325F4C45445F4F46465F42B0
:108930004545505F4F4E2E7368746D6C000000000B
:108940002F53544D33325F4C45445F4F46465F4290
:108950004545505F4F46462E7368746D6C000000AD
:10896000104810B586B0016841F00201016000684E
:1089700001210D4C00F0020005900320CDE900011B
:10898000CDE9021069462046FAF7D6FA01222046C0
:108990001146FAF7CEFB012220460221FAF7C9FB65
:1089A00006B010BDE04402580004025808B500901B
:1089B0000548018BC08A491E8BB2401E82B200213D
:1089C000084600F04BF808BDF804002400B5AFB02D
:1089D0004FF00050009005200990A0200A9002203E
:1089E000CDE90C020B906846FAF716FF002800D07C
:1089F00001202FB000BD0000084B10B51C46587573
:108A0000A1888AB2218889B220B1012801D1D982F6
:108A10001A8310BDDA82198310BD0000F804002407
:108A2000F0B50C4F94B2DFF830C03D467E7D2B6828
:108A3000EA692D7D5CF8255026B103FB0100424315
:108A4000AC52F0BD7E68301A401E03FB001050434C
:108A50002C52F0BDF80400242C0000242DE9F04332
:108A6000254E0024DDF81C90757D0DB1054606E00D
:108A700077680D46B91A1A463B1A491E5B1E3068C4
:108A8000521B96F814C0DFF87480871A00FB01505F
:108A9000F6697F1E58F82CC0BFB206FB00C5184807
:108AA000066846F40006066016484FF44036066035
:108AB000022646630764066826F001060660C56361
:108AC000591A4FF48033491C03EB024211434164AD
:108AD000C0F83890016841F001010160420202E0F3
:108AE000641C944202D241688907F9D5816841F03B
:108AF00002018160BDE8F083F80400242C0000240A
:108B0000D8440258001000522DE9FF4100F00AF944
:108B10005E4C0121A0F58643423B4FF4F07213D026
:108B2000A0F5E045843D4FF448731CD08902A0F5C0
:108B3000E042163A25D0A0F5E042183A36D0A0F52A
:108B40000042173A37D03AE04FF48870C4E9002069
:108B50002181282061810521A0810820E0815822FF
:108B6000218260821DE0C4E9003221812E206181D2
:108B7000A0811720E081D220208216201822608256
:108B80000FE04FF41670C4E9001014202081032177
:108B900061818C21A181E081A02020820C20122201
:108BA0006082A0210520FFF711FF08E04FF4A060CC
:108BB000C4E9000303E04FF44070C4E900103448F6
:108BC00000252268344E354B0280616841800220C6
:108BD000E061304830602D48A838C0E90035856034
:108BE000C560056123895F1E4761B4F80AC0ACF116
:108BF00001078761A7891F447B1EC361E389634422
:108C0000A3F1010CC0F820C0A2F1010CBC44C0F8D3
:108C100024C0A1F1010C9C44C0F828C0B4F810C0D5
:108C200062443A44521EC262628A11441944491E87
:108C3000016380F8365080F8355080F83450FAF7E8
:108C4000E3FA06210720CDE90205CDE9005131689C
:108C5000FF230222002000F025F8A0880022114600
:108C600080B20090208883B2104600F049F80020BE
:108C7000FFF7C2FE0A48012220212575FAF759FAAA
:108C800004B0681EBDE8F041FFF790BEF804002470
:108C90000C040024000000C02C0000240010005030
:108CA000000402582DE9F0438DB0164614AA134D66
:108CB00000240DF1240E92E88013009402942A6897
:108CC00001926D68CDE904634FEA08230395CDE96D
:108CD00006734FEA092308938EE8260002460748E8
:108CE0008DF8324069468DF83140A8388DF830C093
:108CF000FAF760FA0DB0BDE8F0830000F804002434
:108D000070B51E46044603460548049DFAF772FBFB
:108D100023462A4631460248BDE87040FAF794BB24
:108D2000500400242A4830B587B0016841F0400162
:108D30000160016801F040010591016841F4807112
:108D4000016000686946234C00F480700590402063
:108D50000090002001900120029003200390204603
:108D6000FAF7EAF81C4D8420694600902846FAF785
:108D7000E3F840212046FAF7D3F9042104462846B7
:108D8000FAF7CEF944EA400428468021FAF7C8F9F8
:108D900044EA800010F0FF000AD001280BD002281E
:108DA0000CD003280DD004280ED0002007B030BD11
:108DB00044F24230FAE747F28400F7E747F2160040
:108DC000F4E747F21800F1E748F21700EEE7000079
:108DD000E04402580018025800200258F0B5046818
:108DE0008B88E568C5F30B452B441D04882303EBF2
:108DF000C213E65806F47046E65004680F68E66849
:108E0000C6F30B46761C3E442E43E65003688C891D
:108E1000DD68C5F30A052C4425048C2404EBC21438
:108E20001E5906F470461E5103688F68DE68C6F34B
:108E30000A06761C3E442E431E510468942303EB1D
:108E4000C213E55825F00705E55005680C69EC509C
:108E500091F8313005681F0291F832301C040B7E06
:108E60001E069C2303EBC21355F803C04FF0000C01
:108E700045F803C091F8305034433D43254304681E
:108E8000E5500468982303EBC213E55825F0FF056D
:108E9000E55005684C69EC500468A02303EBC2134D
:108EA000E55840F20776B543E550D1E907452C4334
:108EB0000568EC500468AC2303EBC213E55844F892
:108EC00003C005684C6AEC500B698BB3012B32D0A0
:108ED000042B32D0022B30D0032B2ED0072B2CD0DA
:108EE00001230568B02404EBC2142E5906F0E026D5
:108EF0002E51D1E90065AD1B0E8D5D435E43ED1D26
:108F000045EA064305682B510468B42303EBC213FA
:108F1000E5586FF30A05E5500468C96AE150006836
:108F2000842101EBC211425842F001024250F0BDCF
:108F3000FFE70423D5E70323D3E70223D1E7032385
:108F400000221921580710B500F014F8122103234C
:108F50000122080700F00EF8182103230222C80698
:108F600000F008F803231B211A46BDE81040C8078B
:108F7000AFF300802DE9FF411D4614460E4607461B
:108F8000FAF7B6FA00208DF808608DF80C00012180
:108F90008DF809008DF80D008DF800108DF80A008D
:108FA0008DF80E0068468DF8014001978DF80B5042
:108FB0008DF80F10FAF772FA0420FAF7A7FA04B046
:108FC0000020BDE8F081000012480422104910B5CD
:108FD00001604FF44031416000218160C0E903121B
:108FE00001750122417582610177C0E90812816231
:108FF00080F838201203026380F83910C162F8F754
:10900000E5FF00220348BDE810401146F8F7F8BC20
:1090100000200240C005002412480422104910B567
:1090200001604FF44031416000218160C0E90312CA
:1090300001750122417582610177C0E908128162E0
:1090400080F838201203026380F83910C162F8F703
:10905000BDFF00220348BDE810401146F8F7D0BC20
:1090600000600258240600240F4800220121FAF76C
:1090700060F80EA0F7F730FA4FF47A74204601F04A
:10908000FFF810A0F7F728FA204601F0F9F8BFF32F
:109090004F8F11480168114A01F4E06111430160EA
:1090A000BFF34F8F00BFFDE7000402584D656D20F0
:1090B000416363657373204572726F7221210D0ADB
:1090C00000000000536F6674205265736574696E0A
:1090D000672E2E2E0D0A00000CED00E00400FA05AC
:1090E0001FB5FAF705FA11480121019007208DF804
:1090F000080003208DF80B0000208DF80F108DF86C
:109100000E008DF80D108DF8001005218DF80A0065
:109110008DF801108DF809008DF80C006846FAF7FB
:10912000BDF90420FAF7F2F91FBD00000000043079
:1091300070470000144810B586B0016841F0020184
:1091400001600068694600F0020005904FF480500D
:1091500000900020019001200290032003900B4812
:10916000F9F7EAFEFCF744FAFCF7FCFA4020FCF7BA
:10917000C3FAFCF747FB0446FCF71CFBFF2000F09A
:1091800033F806B0204610BDE044025800040258EF
:1091900010B5044600F008F80121A140014201D0B9
:1091A000012010BD002010BD10B5FCF7DBFA4120F6
:1091B000FCF7A2FAFCF726FB0020FCF769FA04464C
:1091C000FCF7F8FA204610BD70B50C460546FFF7CF
:1091D000EBFF0122AA402CB10243D0B2BDE870409F
:1091E00000F002B89043F9E710B50446FCF7BAFA6C
:1091F0004020FCF781FAFCF705FB2046FCF77CFADF
:10920000FCF700FBFCF7D6FABDE810400A2001F09D
:1092100037B870472DE9F047DFF8E48004460F4681
:109220004FF00009D8F80000C043800709D0344D42
:10923000283D286820F080602860F9F77FFF064607
:1092400007E00120BDE8F087F9F778FF801B0228CE
:109250004ED828680001F7D4D8F80010226821F40D
:109260007C3141EA0231C8F80010207A4FF4FE0246
:10927000A1884002491EA0F5007080B2C1F3080128
:109280000843A189491E02EA01410843217C1202D8
:10929000491E02EA01610843194910310860184863
:1092A000001D0168626921F0C0011143016001687D
:1092B000A26921F02001114301606FB10168012F03
:1092C0000ED041F400110160286840F080602860F1
:1092D000F9F734FF04460DE0016841F40021F2E79C
:1092E00041F48011EFE7F9F729FF001B022801D9AB
:1092F0000320A7E728680001F5D54846A2E700004B
:10930000284402582DE9F047DFF8E48004460F4670
:109310004FF00009D8F80000C043800709D0344D51
:10932000283D286820F080502860F9F707FF06469E
:1093300007E00120BDE8F087F9F700FF801B022855
:109340004ED828688000F7D4D8F80010228821F081
:109350007C7141EA0251C8F80010207A4FF4FE02F5
:10936000A1884002491EA0F5007080B2C1F3080137
:109370000843A189491E02EA01410843217C1202E7
:10938000491E02EA0161084319491831086018486A
:10939000001D0168626921F44061114301600168A8
:1093A000A26921F40071114301606FB10168012FBE
:1093B0000ED041F080710160286840F08050286034
:1093C000F9F7BCFE04460DE0016841F48001F2E7C4
:1093D00041F40001EFE7F9F7B1FE001B022801D9C3
:1093E0000320A7E728688000F5D54846A2E70000DB
:1093F0002844025830B585B0044617480022694613
:10940000FBF7E2FA9DF800300A209DF80120B3FB3B
:10941000F0F59DF8021030352570B3FBF0F500FB38
:1094200015333A2530336370B2FBF0F3A570303357
:10943000E370B2FBF0F300FB132230322271B1FB78
:10944000F0F265713032A271B1FBF0F200FB121044
:109450003030E07105B030BD880600240148FBF7CC
:1094600065BA000088060024010900F00F0001EB36
:10947000810100EB4100C0B27047002102E00A38D0
:10948000491CC0B20A28FAD2090740EA11607047A5
:1094900070B505460068C168490613D44FF0FF3126
:1094A000C160F9F74BFE4FF47A76044606E0F9F70F
:1094B00045FE001BB04201D9032070BD2868C0687A
:1094C0004006F4D5002070BD17487F22154910B51D
:1094D00001600021C0E90112FF22C0E9032181617E
:1094E000C161FBF79DFA08B1022010BD0E480021B2
:1094F000FBF7E7F945F25004A04210D000233221D7
:109500001A460A2000F024F807230D220821112012
:1095100000F00CF8044800212246FBF7D7F90020A0
:1095200010BD0000004000588806002408B58DF8E2
:10953000022000228DF8011069468DF800308DF868
:1095400003000248FBF7DEFA08BD0000880600248D
:1095500000B585B08DF8000000208DF80110694637
:109560008DF8022002460390049003488DF80330E2
:10957000FBF734FB05B000BD880600240148FBF76B
:10958000B1B9000088060024F8B50022044620483E
:109590006946FBF7F7F99DF8033032209DF801206A
:1095A0009DF802109DF800502070302060700A2055
:1095B000B3FBF0F63036A670B3FBF0F600FB1633C3
:1095C0002D263033E370B2FBF0F326713033637134
:1095D000B2FBF0F300FB13223032A271B1FBF0F2C8
:1095E000E67130322272B1FBF0F200FB1210303023
:1095F00060722020A0727720E07265202073607373
:109600006B20A0733A20E07330352574F8BD00005C
:10961000880600240E49002070B50860BFF34F8F04
:10962000081F006843F6FF740A4DC0F34E31C0F3C3
:10963000C90304EA4112184642EA80762E60401EB1
:10964000FAD2491EF5D2BFF34F8FBFF36F8F70BDB3
:1096500084ED00E074EF00E01548012200B51349E5
:1096600087B0102301600021C0E901120822C0E97F
:109670000323402343614FF4C073C0E90631130252
:1096800003625302C0E90931062102200090CDE9AE
:109690000121CDE903100590694606900448FBF7C7
:1096A00033FB034800F006F807B000BD404100520C
:1096B0001C040024002301221846114610B500F0B6
:1096C00021F84FF4FA7000F0E9FD0023012218465A
:1096D000022100F017F8002308221846032100F0A9
:1096E00011F80122042100204FF40C7300F00AF855
:1096F000BDE81040024840F2F921FBF7AFBB000083
:109700001C0400241FB5002410B1012802D002E07F
:10971000102400E008240748CDE902234FF6FF7229
:10972000CDE900146946FBF7AAFB002800D0012010
:1097300004B010BD1C04002410B50C4630B1012843
:1097400008D002280AD003280FD10BE00846F7F70B
:1097500041FB0AE0084600F03DF906E00846FFF745
:1097600049FE02E00846FFF70FFF2046F7F798F89A
:1097700080B210BD7047000070B5274C9CB02568C2
:1097800025F004052560244C00260C34256845F49A
:1097900040452560256805F440451B952568AD04C6
:1097A000FCD5012400940CAD0396240401940224FA
:1097B0000994CDE90A410796082485E80D00CDE912
:1097C00010466846FAF72EFE00B1FEE73F201390E0
:1097D0000320CDE9140640200101CDE91640CDE972
:1097E000180150201A90022113A8FAF76DFC00B15D
:1097F000FEE70A48016841F0800101600748F43043
:10980000016841F002010160006800F002001B9055
:10981000F9F78AFB1CB070BD0C480258004402588E
:10982000F9F792BC1C48016841F4700101601B49C2
:10983000086840F001000860184A002010321060EB
:109840000A68174B1A400A60144A18321060121D39
:109850001060121D1060114A28321060121D106035
:10986000121D1060121D1060121D1060121D10607C
:10987000121D1060121D10600A6822F480220A6016
:1098800006496031086001200649C1F80801C00698
:10989000014980390860704788ED00E000440258B3
:1098A0007FEDF6EA008000510148FBF7E8BB0000BD
:1098B00018050024094A084B10B5C2E900310021FF
:1098C000C2E9021010461161FBF792FBBDE810409F
:1098D0000248FBF7C7BB0000000400401805002445
:1098E00010B50A4C2068C068C043C00709D10848B9
:1098F0000069804721680020486264202168C862AE
:10990000E0606FF001002168086110BDC0AE022464
:10991000940000242DE9F04702884FF0804A254C3E
:10992000254D264EA042264F264B09D0504507D044
:10993000A84205D0B04203D0B84201D0984204D129
:1099400022F0700C4A6842EA0C02DFF87CC0DFF8B3
:109950007C80A042DFF878900FD050450DD0A8420F
:109960000BD0B04209D0B84207D0984205D060452C
:1099700003D0404501D0484503D122F44075CA6860
:109980002A438D8A22F080022A4302808A68C262BA
:109990000A880285A04207D0984205D0604503D0CE
:1099A000404501D0484501D1098A01860121416124
:1099B000BDE8F087000001400004004000080040BE
:1099C000000C004000040140004001400044014000
:1099D000004801402DE9F0410446F7F7BDFF42F28F
:1099E000107190FBF1F390FBF1F201FB13034FF4C4
:1099F0007A7190FBF1F593FBF1F33032227001FBA9
:109A00001505642190FBF1F695FBF1F53033637099
:109A100001FB16060A2190FBF1F796FBF1F63035B3
:109A2000A57001FB17002E21E17030362671303011
:109A30006071BDE8F0810000114A38B504460D465A
:109A4000106840F00400106010680322114600F016
:109A5000040000901E20F9F779FD1E20F9F769FD3A
:109A6000094A00210748C2E902141161C2E9000550
:109A70001046FBF7BDFABDE838400348FBF7F2BAE1
:109A8000E844025800080040C0AE022490F83410A8
:109A9000C90706D001684A68836B22F400321A4372
:109AA0004A6090F83410890706D501684A68C36B8C
:109AB00022F480321A434A6090F83410490706D5E0
:109AC00001684A68036C22F480221A434A6090F8C5
:109AD0003410090706D501684A68436C22F4004235
:109AE0001A434A6090F83410C90606D501688A689E
:109AF000836C22F480521A438A6090F834108906ED
:109B000006D501688A68C36C22F400521A438A6041
:109B100090F83410490611D501684A68036D22F4A3
:109B200080121A434A60016DB1F5801F06D10168A9
:109B30004A68436D22F4C0021A434A6090F8341018
:109B4000090606D501684A68806D22F400220243A6
:109B50004A607047F8B500250446C567F9F7EEFA84
:109B60000746206800686FF07E46000708D500228F
:109B70003B464FF400112046009600F0FBFA60B916
:109B80002068006840070AD500223B464FF4800158
:109B90002046009600F0EEFA08B10320F8BD202020
:109BA00084F8790084F87A00002084F87850F8BDB1
:109BB00010B5806B0021A0F86A10A0F86210FBF7C6
:109BC0002FFB10BD01680A6822F490720A600168D8
:109BD0008A6822F001028A60202180F87A1070479A
:109BE00010B5B0F86C2090F87A300168222B05D0BF
:109BF000088B40F008000883022010BD898C836820
:109C0000B3F5805F01D103696BB11140426E531C03
:109C100043661170B0F86A10491E0904090CA0F8D7
:109C20006A1007D015E0436E11401980416E891CFF
:109C30004166EFE701680A6822F490720A600168E1
:109C40008A6822F001028A60202180F87A10FBF7EE
:109C500079FC002010BD00002DE9F04F044600689B
:109C60008025FD4B0021D4F810C087B0A6680F46B0
:109C7000D4F81C8046EA0C06D4F814C0A26A4CEA58
:109C8000080C46EA0C0632430668DFF8D0C306EA41
:109C90000C061643066020684268E66822F44052CB
:109CA000324342602268A0699A4201D0266A30435A
:109CB000A66AB6F1005F04D1D4E90B6C46EA0C0643
:109CC00030439668DFF898C306EA0C0606439660B0
:109CD0002068C26A666A22F00F023243C262E14E15
:109CE0002068E14AB04210D1126802F03802182A06
:109CF00074D005DCCAB3082A7AD0102A47D179E09B
:109D0000202A7BD0282A7CD17AE0D84EB04209D1D3
:109D1000126802F00702062A73D2DFE802F05369E4
:109D20006B6D6F71D24EB04209D1126802F007021A
:109D3000062A66D2DFE802F0465C5E606264CD4EC1
:109D4000B04209D1126802F00702062A59D2DFE8B0
:109D500002F0394F51535557C74EB0420BD11268DC
:109D600002F00702062A4CD200E00EE0DFE802F023
:109D70002A4042444648C14EB04209D1126802F01E
:109D80003802182A38D0BBDCB4E74FF0010538E0C0
:109D9000BB4EB04209D1126802F00702062A30D247
:109DA000DFE802F01026282A2C2EB64EB0420BD146
:109DB000126802F00702062A23D2DFE802F0031934
:109DC0001B1D1F2100251CE098421AD1A64A121D16
:109DD000126802F00702062A13D202E00CE007E044
:109DE0000CE0DFE802F0030507090B0D022508E08F
:109DF000042506E0402504E0082502E0102500E0E7
:109E00002025DFF864B2A04E9842DFF880A2ABF1C3
:109E1000540B73D1102D31D006DC022D09D0042D46
:109E20000AD0082D2FD111E0202D29D0402D2AD184
:109E300007E0F9F7DFFB13E06846F9F7F1FB01985B
:109E40000EE003A8F9F76AFC049809E0DBF80010BB
:109E50005846890610D50068C0F3C1012AFA01F0FE
:109E6000002811D06168894601EB410181420AD87E
:109E7000B0EB093F07D808E05046F3E78448F1E724
:109E80004FF40040EEE7012733E1102D4FF00008BA
:109E90004ED006DC022D0FD0042D15D0082D04D194
:109EA0002DE0202D4AD0402D13D00127794AA0F56E
:109EB0004071914270D9E6E7F9F79CFB626A002392
:109EC000414636F812200DE06846F9F7A9FB0198E3
:109ED00003E003A8F9F722FC04980023616A36F82E
:109EE00011201946F6F780FA62680902030241EA76
:109EF00010615008181841EB080115E032E0DBF85A
:109F000000105846890609D500680023C0F3C10136
:109F10002AFA01F0616A36F8112015E0606A002320
:109F200036F8102050460FE00023F6F75DFABDE743
:109F3000606A002336F81020554805E0606A002367
:109F400036F810204FF400400021F6F74DFA0902D0
:109F5000020241EA10614FEA590010184A4641EBEB
:109F60000801E1E7E3694FF4004293424DD1082D27
:109F700023D005DC8DB1012D12D0042D06D112E0C5
:109F8000102D35D0202D3AD0402D11D0012721F0B1
:109F90000F00C1F3420108435AE0FAF79BF916E0BB
:109FA000FAF7AEF913E06846F9F73AFB01980EE0CC
:109FB00003A8F9F7B3FB049809E0DBF80010584652
:109FC000890608D50068C0F3C1012AFA01F0616A68
:109FD00036F8111010E0606A36F81010BAFBF1F094
:109FE0004100606801EB5001B1FBF0F081B2CEE7B7
:109FF000606A36F810102648B0FBF1F0F0E7606AAE
:10A0000036F81000B2FBF0F0EAE7082D4AD00ADC7F
:10A010000DB3012D43D0042D7FF44DAF6846F9F701
:10A02000FFFA019809E0102D52D0202D55D0402D77
:10A03000F2D103A8F9F772FB0498616A36F811109F
:10A04000B0FBF1F1606801EB5001B1FBF0F080B2C0
:10A050002168C8604DE01FE0000C0058F369FFCF95
:10A06000FFF4FF1100100140544402580044004026
:10A0700000480040004C00400050004000140140E7
:10A0800000780040007C0040062801080090D003C2
:10A0900000093D00FFFC0F00FAF71CF9CDE7FAF7C5
:10A0A0002FF9CAE7DBF80020594692060AD509685D
:10A0B000C1F3C1022AFA02F1626A36F81220B1FB3A
:10A0C000F2F20FE0616A36F81120BAFBF2F209E011
:10A0D000616A36F811200949F1E7616A36F8111012
:10A0E000B2FBF1F2616802EB5102B2FBF1F189B20D
:10A0F000C16007B03846BDE8F08F000000093D00A0
:10A1000090F87910212901D002207047B0F8621030
:10A1100021B18168B1F5805F13D014E001680A684D
:10A12000920004D58A6822F400028A6003E00A687B
:10A1300022F080020A600068016841F0400101607D
:10A140000CE0016961B1C16D4A1CC2650268097801
:10A150001185B0F86210491EA0F862100020704707
:10A16000C16D02680988C1F308011185C16D891CA0
:10A17000C165EEE72DE9F0411E46174688460446C4
:10A18000069D1CE0681C1AD025B1F8F7D7FF801B8C
:10A19000A84214D92068016821F4D07101602068B8
:10A1A000816821F001018160202084F8790084F821
:10A1B0007A00002084F878000320BDE8F081206850
:10A1C000C16938EA010004D00020B842DAD000208A
:10A1D000F3E70120F9E7000070B50D4D00240D48AC
:10A1E000FBF726F802E0641CAC4204D80948FBF7F0
:10A1F00018F82028F7D1002402E0641CAC4206D8ED
:10A20000054901220348FBF749F90028F5D170BD43
:10A21000FFFF0100400300240C000024FEE70907B3
:10A22000090E002804DB00F1E02080F800147047DC
:10A2300000F00F0000F1E02080F8141D7047303866
:10A240000A2801D2012070470020704770470000A3
:10A2500010B501F08DF9BDE810400349002241F22C
:10A26000883003F095BF000051A2000810B50446E5
:10A270000420FAF79BFE0148046010BD080000248A
:10A2800070B5002405464FF47A7603E0304600F0BE
:10A2900005F8641CAC42F9D370BD000070B54FF0F6
:10A2A000E02500216C69094AAB6912685043AA692C
:10A2B0009A42FCD002D2A3EB020302E0A4EB020616
:10A2C0003344194413468142F1D370BD0800002481
:10A2D00000280BD0026A002A08D0137B082B05D176
:10A2E0000968526A914201D100F03CB970472DE9EA
:10A2F000FC4105005BD02C6A002C58D0626B4FF4F7
:10A3000080374FF03C014FF00106501C4FF6FF73B1
:10A310000AD01E32B2FBF1F0B84200D31846020454
:10A32000120CA28300D1A683A26B501C0AD01E324D
:10A33000B2FBF1F1B94200D319460A04120CE283D0
:10A3400000D1E683A18BE08B814202D308B10020CB
:10A35000A083A07B08B1A06A09E094F824207F2A9A
:10A3600001D8FF2003E0C02A03D36FF07F400090A4
:10A3700000E00093E06A019028B9606A0099084003
:10A3800040F08070019004F12401284603F0D6FBD0
:10A390006946284603F022FC01A9284603F0C9FBC0
:10A3A000284603F01FFC0A21204600F075FDBDE899
:10A3B000FC8170B5046A08210546204600F06CFD5A
:10A3C0000022284604F1240100F0E8FF607B40F2FF
:10A3D000E731401C60734FF4FA70B1FBF0F060831A
:10A3E00070BD0000164810B5046825E0206A10B35F
:10A3F000C18B4A1EC283012906D0216A888B421E66
:10A400008A8301280CD016E0216A2046097B0129A5
:10A4100003D00A2901D005290DD100F017FB0AE06D
:10A42000216A2046097B012903D00A2901D0052988
:10A4300001D100F07BFC2468002CD7D110BD0000B6
:10A44000180200242DE9F041050016460C460CD0F8
:10A450007CB100224FF49A71104603F0D3FB2061C7
:10A4600050B1627B3D4952B10CE06FF00D00BDE888
:10A47000F0816FF00500FAE74FF0FF30F7E70A6868
:10A48000521C0A6009680027216001214068606150
:10A49000017060694170616995F826008870606993
:10A4A000C770206802F042FE6169082E486060694A
:10A4B0000781606947816069C76008D0042E06D0B3
:10A4C000032E07D1207B052801D0042802D1616921
:10A4D0006868C86060690761606947616069876131
:10A4E000002095F82610814203D9291891F82710E9
:10A4F00000E00021636900F11C02401C80B21028BA
:10A500009954EED30020626900F12C01401C80B206
:10A5100040285754F7D30020626900F16C01401CB9
:10A5200080B280285754F7D361690D48C1F8EC0018
:10A530000020278300F1F00162695054401C80B272
:10A540004428F7D301222046352100F01AF931467C
:10A55000204600F026F9002089E7000004020024CC
:10A5600063825363F8B5046A0C210646204600F066
:10A5700093FC042221463046FFF764FF05001ED1FC
:10A5800004222046322100F0FCF8606A02F0E1FD6E
:10A590000146204600F00DF9204600F03CF9208BE2
:10A5A000F03081B2206903F0EAFC009643230A4AA6
:10A5B0002169606807F03EF9204600F00FF8607BE3
:10A5C0004FF4FA71401C607342F60310B0FBF1F0D7
:10A5D00060832846F8BD0000F409030810B50400A4
:10A5E00006D0206908B103F068FC0020206160619A
:10A5F00010BD0000F8B5046A06460020062160621E
:10A60000204600F049FC012221463046FFF71AFFA0
:10A61000050030D102222046392100F0B2F8B18C79
:10A62000204600F0E7F804222046372100F0A9F880
:10A630000121204600F0B5F80321204600F0B1F8D2
:10A640001C21204600F0ADF80621204600F0A9F8B4
:10A65000204600F0E0F8208BF03081B2206903F052
:10A660008EFC00964323114A2169606807F0E2F8E6
:10A670002046FFF7B3FF607B401CC1B2617306291F
:10A6800002D20120884000E03C2000EB4001C1EBF9
:10A69000C0104FF6FF7101EAC0004FF4FA7100F2EA
:10A6A000F310B0FBF1F060832846F8BDF40903080D
:10A6B0000B4870B5002504680EE0206A58B1418B44
:10A6C000012903D9A1F10101418304E003D14583AC
:10A6D000204600F054FC2468002CEED170BD000030
:10A6E0001802002470B5046A0020144EA6F1280553
:10A6F000A062E062F17809B1E9682163317909B1BA
:10A70000296901E0216B49086163717909B16969BF
:10A7100000E0216BA163A16809696162B17921B18F
:10A72000A86902F003FDA0620120A073F07900285F
:10A7300003D0E86902F0FAFCE06270BD08B80224B8
:10A7400070B5046A0546002C1AD0217B0026042926
:10A750000ED004DC002913D0032904D108E0052918
:10A7600006D00A2904D06673BDE87040FFF742BFE7
:10A7700003F0D2F928466673BDE8704000F0AAB92C
:10A7800070BD10B5038B44691C445B1C038384F8C3
:10A79000F010018B43690B44491C018383F8F020BE
:10A7A00010BD028B43691344521C028383F8F010DE
:10A7B000704710B5028B0B0E44691444521C02837F
:10A7C00084F8F0300B0C028B44691444521C028351
:10A7D00084F8F0300B0A028B44691444521C028343
:10A7E00084F8F030028B43691344521C028383F8CF
:10A7F000F01010BD10B5028B0B0A44691444521CB2
:10A80000028384F8F030028B43691344521C0283A4
:10A8100083F8F01010BD002812D0018BFF2243698D
:10A820000B44491C018383F8F020002205E04369B2
:10A830000B44491C018383F8F020018B4429F6D393
:10A84000704700002DE9F34F83B0044600217E4895
:10A850008B4601910A21F6F726F9049840892C28A5
:10A8600014D30499F0264868A06004980089049FD6
:10A8700004E0721A3F68401A96B280B237B1798903
:10A88000B142F6D9D7F804A08046B1E06FF00100DC
:10A8900005B0BDE8F08FB01C7A891FFA80F94FF03F
:10A8A000FF34701C824203D90AEB0600407803E0B3
:10A8B000386808B140680078342905463AD00BDC86
:10A8C000032925D003DCD1B101290DD11CE00629D3
:10A8D00023D0332908D129E035292FD0362931D08A
:10A8E0003A2933D03B2937D000253044801C86B22A
:10A8F00085B3002000905448005D60B366E00020FE
:10A90000761E0546B6B2F0E704284DD10624ECE7E2
:10A910000425042848D30724E7E7810744D1082801
:10A9200000D30825A8423FD30824DEE704283BD102
:10A930000324DAE7012837D10024D6E7012833D1F0
:10A940000124D2E704282FD10224CEE704282BD1FA
:10A950000424CAE73AE003E0042825D10524C4E72B
:10A96000042D01D22A4600E004224B4669463846AF
:10A9700003F06FFA042D13D9A80715D1324901202D
:10A980000855009802F0D2FB2F492D1FEDB228394F
:10A9900041F8240009F104001FFA80F9641CAAE7B9
:10A9A000042D04D0012D06D06FF0050070E700984B
:10A9B00002F0CFFB01E09DF8000023490090012048
:10A9C000085521480099283840F824107889B04269
:10A9D0000DD8311AA8EB00008EB21FFA80F8464558
:10A9E0000DD2B8F1000F0AD03F68D7F804A037B1F4
:10A9F0001AF80610FF2902D04645FFF44CAF124961
:10AA0000087868B1A1F12800002200680A700128C6
:10AA100008D0022802D0032809D001E04FF0010B32
:10AA2000019838B1002001906C26EC201FE74FF010
:10AA3000010BF7E7BBF1000F4FF00000B6D02C265A
:10AA400083466C2013E7000008B80224F8B5046AB6
:10AA500004210546204600F01FFA0322214628461D
:10AA6000FFF7F0FC06001BD1022220463921FFF738
:10AA700088FEA98C2046FFF7BDFE2046FFF7CBFEDF
:10AA8000208BF03081B2206903F079FA00954323DE
:10AA90000F4A2169606806F0CDFE2046FFF79EFD53
:10AAA000607B401CC0B260730A2804D24FF47A71F4
:10AAB00010FB01F001E042F2107080B24FF4FA7125
:10AAC00000F2F310B0FBF1F060833046F8BD0000F7
:10AAD000F4090308F8B5046A03210646204600F08D
:10AAE000DBF9032221463046FFF7ACFC050028D1F4
:10AAF000022220463921FFF744FE4FF41071204610
:10AB0000FFF778FE042220463221FFF73AFE606A02
:10AB100002F01FFB01462046FFF74BFE2046FFF7E1
:10AB20007AFE208BF03081B2206903F028FA00967B
:10AB300043230F4A2169606806F07CFE2046FFF738
:10AB40004DFD607B401CC0B260730A2804D24FF4F4
:10AB50007A7110FB01F001E042F2107080B24FF404
:10AB6000FA7100F2F310B0FBF1F060832846F8BDF3
:10AB7000F40903082DE9F041056A04465089164698
:10AB800051684FF000082C2872D3087802286FD142
:10AB900094F82620002008E023180F1893F8273097
:10ABA0003F7FBB4264D1401CC0B28242F4D84868A7
:10ABB00002F0CFFA296888425AD131462846FFF779
:10ABC00041FE00BB2E494878E8B1A1F12802107976
:10ABD000052804D0062817D0022836D048E0287B64
:10ABE000012806D003280BD0042809D0052807D057
:10ABF0003EE02046FFF776FD2046FFF7DAFB37E020
:10AC00002046FFF774FB33E0287B032805D001289A
:10AC100003D0042801D005282AD1276A204602F053
:10AC20007BFF1849204602F089FF1649204602F0B2
:10AC300080FF1449204602F0D1FF0C21384600F075
:10AC40002BF92046FFF7D6FC12E0287B06280FD10F
:10AC5000A5F81A802746246A887848B1906802F0DF
:10AC600065FA2062A06800696062384600F0A0F8CA
:10AC70003046C5F80880BDE8F04103F01EB9000079
:10AC800008B80224F0090308F8B5046A0021054653
:10AC9000204600F001F90020206260620722A062D5
:10ACA0002146E062A063606320632846FFF7CAFB89
:10ACB000060013D12046FFF7AEFD208BF03081B2A5
:10ACC000206903F05CF900954323216904F1200217
:10ACD000606806F0AFFD2046FFF780FC607B401CFB
:10ACE000C0B260730A2804D24FF47A7110FB01F0ED
:10ACF00001E042F2107080B24FF4FA7100F2F310EA
:10AD0000B0FBF1F06083284602F006FF06492846B2
:10AD100002F014FF0449284602F00BFF02492846BE
:10AD200002F05CFF3046F8BDF0090308F8B5046A8C
:10AD300005210546204600F0AFF8032221462846AB
:10AD4000FFF780FB06001CD1022220463921FFF7C5
:10AD500018FDA98C2046FFF74DFD2046FFF75BFD4F
:10AD6000208BF03081B2206903F009F9009543236C
:10AD7000216904F12002606806F05CFD2046FFF7BF
:10AD80002DFC607B401CC0B260730A2804D24FF4D3
:10AD9000FA6110FB01F001E044F6206080B24FF44C
:10ADA000FA7100F2F310B0FBF1F060833046F8BDA9
:10ADB000F8B5046A01210646204600F06DF803222A
:10ADC00021463046FFF73EFB050048D102222046CF
:10ADD0003921FFF7D6FCB18C2046FFF70BFD04228A
:10ADE00020463221FFF7CDFC606A02F0B2F901463D
:10ADF0002046FFF7DEFC042220463621FFF7C1FC87
:10AE0000206A02F0A6F901462046FFF7D2FC042290
:10AE100020463721FFF7B5FC01212046FFF7C1FC92
:10AE200003212046FFF7BDFC1C212046FFF7B9FC9B
:10AE300006212046FFF7B5FC2046FFF7ECFC208BEF
:10AE4000F03081B2206903F09AF800964323114A4A
:10AE50002169606806F0EEFC2046FFF7BFFB607BCF
:10AE6000401CC1B26173062902D20120884000E073
:10AE70003C2000EB4001C1EBC0104FF6FF7101EA2E
:10AE8000C0004FF4FA7100F2F310B0FBF1F06083F0
:10AE90002846F8BDF4090308027B8A4203D00173F7
:10AEA000002141734183704770B505006FF00D01BB
:10AEB00008D095F82D002C6A20F0080085F82D00A8
:10AEC000800601D4084670BDA88C4FF0FF36B0F55F
:10AED000107F2ED334B3606808B106F07DFC3C21AE
:10AEE0002046F5F7E0FD06F067FC606008B3017AE4
:10AEF000442241F0200101721249606806F080F896
:10AF000010494322606806F0C7F80F492A46606876
:10AF100006F05FFC2846FFF76DFB60B1284600F0A5
:10AF200015F806E03C2002F0EFFB040001D02C6293
:10AF3000D5E7304670BD95F82D1041F0080185F831
:10AF40002D1070BDF009030875AB0008002810B57E
:10AF500014D090F82D10046A21F0080180F82D100B
:10AF6000002C0BD0606818B106F036FC0020606041
:10AF70002046BDE810400021FFF78EBF10BD10B580
:10AF8000026A0446117B0C2913D0062911D001292D
:10AF900013D008291ED0052928D004292AD0032936
:10AFA00030D1507B022813D22046BDE81040FFF775
:10AFB00091BDBDE81040FFF71DBB507B052804D8AC
:10AFC0002046BDE81040FFF7F3BE2046FFF75CFEC9
:10AFD0002046EEE7507B0128204603D8BDE810400C
:10AFE000FFF7E7B9BDE81040FFF781B9BDE81040B1
:10AFF000FFF79CBE507B0828E7D82046BDE81040EC
:10B00000FFF724BD10BD000010B5FFF7EBF9BDE858
:10B010001040034900224EF6602003F0B9B800004A
:10B0200009B0000810B5FFF743FBBDE81040034925
:10B0300000224FF4FA7003F0ABB8000025B000080E
:10B040002DE9F84F05009046894660D0B8F80A000F
:10B050002A2859D3D8F804604FF4807A344634F85B
:10B060000E0F504550D1207906284DD16079042823
:10B070004AD16088082847D1D4F80E000090281DD6
:10B08000A16905D0686818B1814201D1012700E0AB
:10B0900000270FB1012300E00223694604F10802F2
:10B0A000284600F089FAE088504503D0B0F5007FCB
:10B0B0002AD125E01FB3022002F03AF8E080D4F84C
:10B0C0000E00A0616868C4F80E00A068C4F8120001
:10B0D000A089E082A0683060A089B080D9F8001013
:10B0E000A160B9F80400A081D9F80010C6F80610D4
:10B0F0004146B9F8040070812846AA69904703E0E8
:10B1000069462846FFF7E4F8404602F0D6FEBDE85F
:10B11000F88F000070B50A4E0024054604EB840049
:10B1200006EB8000817C29B18068A84202D12046CC
:10B1300000F080F8641CE4B20A2CEFD370BD00006C
:10B1400094B602242DE9F35F00214FF00A0B044668
:10B15000DA46584688468C46D9460F46344B01EBB2
:10B16000810E0A2803EB8E02937C08D0ABB154B158
:10B1700025685668B54206D148B2BDE8FC9F002B51
:10B18000F5D148B209E0012B15D0022B05D3D27CB2
:10B19000624502D394464FFA81FA491CC9B20A2982
:10B1A000DCD301994FF0FF3289073ED40A2814D02E
:10B1B00016DAC5B228E01E4B53F82E3033B1D67CD8
:10B1C000BE42EAD337464FFA81F9E6E7D57C4545DA
:10B1D000E3D3A8464FFA81FBDFE70198C00724D0EC
:10B1E000BAF10A0F02DA0AF0FF050AE0BBF10A0F12
:10B1F00002DA0BF0FF0504E0B9F10A0F15DA09F0E5
:10B20000FF05284600F016F834B1094805EB850221
:10B21000216800EB8200416005EB850204480021B3
:10B2200000EB8200C17468B2A7E71046A5E70000F2
:10B2300094B6022470B5074D00EB8004002655F843
:10B24000240018B102F039FE45F8246005EB8400B3
:10B25000867470BD94B602242DE9FC410E46154655
:10B260000E210446304602F05AFE18B16FF001007C
:10B27000BDE8FC812868214601F092F808B1334B03
:10B280003CE02868C0F303110E2922D0A16863684E
:10B2900000EA01020B409A420BD080B2A0F57E4139
:10B2A000A93906D014F10C0F2FD0E06868B304F16F
:10B2B0000C05274B274A187800EB800102EB81012F
:10B2C0008F7C022F24D32F6849688F4220D10246F9
:10B2D0002CE001208DF8000000208DF801005E2098
:10B2E0008DF8020068786B4600F07F008DF803004F
:10B2F000A8788DF80400E8788DF8050004F127029D
:10B300003146204600F024F9B2E76FF00300AFE7C2
:10B31000002000EB800102EB81018F7C022F0AD319
:10B320002F6849688F4206D1C2B21A703146204652
:10B3300000F012F89CE7401C40B20A28E9DB3246D4
:10B340002946204600F02AF892E70000E4090308A5
:10B35000E001002494B6022470B50E4605460E485E
:10B3600002EB820100EB8104A07C022809D1E07C81
:10B37000E42806D3211D284600F0D8F808B9032098
:10B38000A07404F10C03314605F127022846BDE8FC
:10B39000704000F0DDB8000094B602242DE9F74FAC
:10B3A00082B04FF0FF3B154688465F460298273033
:10B3B00000900868029900F0F3FFD8B9D8F80000AF
:10B3C000C0F303110E2915D0B8F1000F12D088B1C7
:10B3D00001214046FFF7B6FE04000DD4DFF8A4A01B
:10B3E00004EB84090AEB8906B07C40B1012808D03F
:10B3F0003DB10DE06FF00D0005B0BDE8F08F01200C
:10B40000B0740298414600F091F8002D0746F3D041
:10B41000B07CD04602280AD31B4806F10C0329460B
:10B420000470009A029800F093F8074628E001287B
:10B4300026D100222846017B012903D1006800287B
:10B44000F9D172B101890022032002F0DBFB040074
:10B4500015D0294602F0B0FC40B1204602F02DFD87
:10B460000DE02C46284602F0B1FD44B158F8290001
:10B4700008B102F022FD002748F8294000E05F46AD
:10B480003846B9E794B60224E00100242DE9F05FC4
:10B490001F46904600228946DDF82CB02A218246BC
:10B4A000032002F0AFFB06003DD075680D9805F152
:10B4B0000E0401F03DFEE0803868A060B888A081ED
:10B4C000DBF80010C4F81210BBF80400E082D8F8D2
:10B4D00000102960B8F80400A880D9F80010C5F859
:10B4E00006103146B9F8040068810A980068C4F86B
:10B4F0000E000C980068A0614FF480702080082036
:10B50000608006202071042060714FF4C160A88122
:10B510005046DAF8182090470446304602F0CDFC39
:10B520002046BDE8F09F4FF0FF30FAE71FB5074C0B
:10B530000123021DCDE90213CDE9002400F1270308
:10B54000A21F1946FFF7A2FF04B010BDEA090308C5
:10B5500030B44C681D6825609B88A3801368C4F8CC
:10B560000630928862810822A281826930BC10472D
:10B5700070B5104D002404EB840005EB8000827C44
:10B5800092B1C17C491CC9B2C174F02906D2012A0A
:10B5900002D0032A06D007E0022905D32046FFF790
:10B5A00049FE01E002218174641CE4B20A2CE2D35A
:10B5B00070BD000094B602242DE9F0410E001F4634
:10B5C0001546044630D0306870B3214600F0E8FEDE
:10B5D00050BB3078C0F303100E2825D039463046D2
:10B5E000FFF7B0FD00281DDB114A00EB80010223AC
:10B5F00002EB8100837484602B68C360AB88038294
:10B600000023C37452F821605EB142F8213004F186
:10B6100027022B4631462046FFF79AFF304602F0BC
:10B620004CFC0020BDE8F0816FF00D00FAE700004F
:10B6300094B6022470B5044640890D460E283AD9C6
:10B64000606801788689CA0714D0012905D01C4991
:10B650000622F5F7F9F848B10CE0417851B9807845
:10B660005E2807D1607B40F0100002E0607B40F074
:10B6700008006073082E03D0B6F5C16F1BD10EE031
:10B6800095F82D00800616D56FF00D01204602F0CA
:10B6900046FC80B92946204600F050FF09E095F8A5
:10B6A0002D00800607D505F1270122462846FFF721
:10B6B000C7FC002070BD204602F0FFFBF9E7000048
:10B6C000E409030810B5652180F82E106E2180F87A
:10B6D0002F10044941610449816101F073FA00208F
:10B6E00010BD000059B2000835CD000870B5054600
:10B6F00001F0EEFA04000CD02A69294690470500B3
:10B7000002D0204602F0D9FB0348F6F723FF284673
:10B7100070BD4FF0FF3070BD580500242DE9F04793
:10B72000814691B1087880B100250C462F46A0468D
:10B7300009EB850620462621C6F8F440F5F768F89F
:10B7400030B100F8017B044609E00020BDE8F08735
:10B7500020214046F5F75CF800B1077000243D2138
:10B760004046F5F755F820B100F8017BC6F83401E2
:10B7700001E0C6F834716D1C102D01DA002CD6D111
:10B780002846E3E70349CA695206FCD5C2B20A85D6
:10B790007047000000100140D0E90110081A7047FE
:10B7A000AFF30080094A002101EB410302EBC30320
:10B7B000834206D101EB4101002002EBC101087573
:10B7C0007047491C0A29EFDB70470000A4B102242E
:10B7D0002DE9F0410021064617480D4601EB4102D4
:10B7E00000EBC202127D32B1491C0A29F6DB2F465A
:10B7F00047B1124C0FE001EB4101012200EBC10700
:10B800003A75F5E70020BDE8F08161683046F5F74C
:10B8100071F930B12468002CF7D13846FFF7C2FF28
:10B82000F0E7A0683860E0687860E068C7E9020582
:10B83000207C38743846E6E7A4B102249009030856
:10B8400070B5054613460E46D5E90120904202D157
:10B850004FF0FF3070BD141A9C4200DD1C46296871
:10B86000224601443046F5F785F8A8682044A860D0
:10B87000204670BD2DE9F041244E00F12E0700F165
:10B8800030080546316881B1B06870B1706860B148
:10B89000002407E0B06850F824103846F5F72AF97C
:10B8A00060B1641C70688442F4DB3846F4F7F8FF3A
:10B8B000A72809D23846F4F7F3FF06E03368C02220
:10B8C0004146204698471DE0A7201222044610A1B9
:10B8D0004046F5F794F805F1420022463946F5F75F
:10B8E00049F810A128190A68C0F842208988A0F8F0
:10B8F00046103E2180F84810002180F8491040464B
:10B90000F4F7CEFF6885BDE8F0810000AC010024AB
:10B910003C623E2A2A2A554E4B4E4F574E205441E8
:10B92000472000002A2A2A3C2F623E0070B50D46AF
:10B930000121284604F0C8FF4FF4BA76304601F0E2
:10B94000E3FE040002D03146F5F7ADF8210015D032
:10B95000284602F03DFD0B49284604F084FB0A49C5
:10B96000284603F0D1FA09490422284603F098FF3B
:10B970000749284604F0ACFC002070BD4FF0FF30B2
:10B9800070BD0000C3BC0008E9B9000891BC000804
:10B99000DDC0000870B50D460446002102F018FD18
:10B9A0000021204604F05FFB0021204603F0ACFAA2
:10B9B00000222046114603F073FF0021204604F0C8
:10B9C00087FC284600F0A4FB204603F0CDF80028B1
:10B9D00006D020460349BDE87040042203F060BF52
:10B9E00070BD000091BC0008002801D000F090BBA1
:10B9F000704700002DE9F7434FF0000880F82C80D5
:10BA000006469146019801782F2901D1417869B104
:10BA10003F21F4F7FDFE050001D005F8018B344FFE
:10BA2000386970B3F86860B3002420E0314F002417
:10BA300057F83400FFF7CCFE050057F834000190AA
:10BA400003D007EBC400007944E0641C052CEFD35D
:10BA500001A800F051F8054686F82C8040E0F8680F
:10BA600050F834100198F5F745F880B1641C386936
:10BA70008442F4DB3869844203D115B13F2005F8D4
:10BA8000010C0198FFF7A4FE050012D016E029462C
:10BA90003046FFF743FE0146F86806F59A7300EB5F
:10BAA000C40006F1F402D0F804C02046E04701903B
:10BAB000E0E701A800F020F8050011D00C4F0024A9
:10BAC00086F82C801437019857F82410F4F7AAFE52
:10BAD00018B1012086F82C0002E0641C042CF2D37B
:10BAE000019B4A462946304600F030F8BDE8FE8307
:10BAF000AC010024AC09030810B504460AA020607C
:10BB0000FFF766FE00280DD10AA02060FFF760FE57
:10BB1000002807D10AA02060FFF75AFE002801D1B3
:10BB20000021216010BD00002F3430342E68746D68
:10BB30006C0000002F3430342E68746D000000005B
:10BB40002F3430342E7368746D6C000070B5002390
:10BB500015460446F1B1238584F8F1300868E061A8
:10BB600048686062086821602062086860604A680E
:10BB700062612376097C89B185B109A102F0BAFA24
:10BB800060B16168401A001D014461606169081A72
:10BB9000606103E02360636063610376002070BD31
:10BBA0000D0A0D0A000000002DE9F04706680D4659
:10BBB000086808B9686818B16FF00700BDE8F08739
:10BBC000A86890B1314602F0D1F8A868016871B157
:10BBD000068940F2FF318E4200D30E4627490023EA
:10BBE000324602F036F9254C03E0AE60EDE77468AA
:10BBF00076896FF00D09072E30D321A132462046F9
:10BC000002F078FA50B30027204604221DA1F4F771
:10BC100066FEB84610B184F804802CE0361FB6B238
:10BC2000201D3246E41C19A102F064FA28B9601CF8
:10BC3000324613A102F05EFA0127011B491E8AB2A7
:10BC400060B1A0420AD9611C84F80080284601F83E
:10BC500002803A46BDE8F047FFF7CCBEA86802F084
:10BC6000A2F8A9680989B1F5806F04D20A2802D820
:10BC70006FF00400A2E74846A0E7000094B2022457
:10BC80000D0A00004745542000000000200000007D
:10BC900010B50C46010010D0087E401CC0B20876DA
:10BCA00004280AD0086830B1204600F041F810B1ED
:10BCB000204603F0EFFB002010BD2046FFF76AFE90
:10BCC000F9E77FB504460E466FF00905029863B1A7
:10BCD00030B10189304604F0DAF9029802F0EDF84B
:10BCE00021463046FFF756FE1AE00028F8D0002C17
:10BCF000EFD00189304604F0CAF9206828B902A8BB
:10BD000032462146FFF750FF0546681D06D0A06861
:10BD100018B102F0D2F80020A06025B10E35DFD0B6
:10BD200004B0002070BD2146304600F001F8F7E76E
:10BD30002DE9F84F054648694FF000080C46464685
:10BD400098BB206838B1FFF727FD00287EDDE0684A
:10BD500028B127690FE02846FFF71CFE1EE0A87FE8
:10BD60000007E88E00D50C384700B8B201F0CCFCD3
:10BD7000E06070B12761014620683A46FFF760FD38
:10BD800000280DDA21462846FFF704FE0120BDE811
:10BD9000F88F07EBD7704710642FE6DC0020F6E73A
:10BDA0006061E1686160E161606294F82C00A0B1BB
:10BDB000B5F866000027ADF8000004F12E09E2692D
:10BDC0004FF0010A6168DFF810B38A424DD9521A68
:10BDD000824220DDADF800001FE0B5F86610606912
:10BDE000814202D2ADF8001001E0ADF80000A87F5A
:10BDF0000007E88E00D50C38BDF8001080B2B1EB1A
:10BE0000400F05D94FF6FF7101EA4000ADF8000080
:10BE10006168002345E1ADF80020A87F0007E88EA7
:10BE200000D50C38BDF8002080B2B2EB400F05D928
:10BE30004FF6FF7202EA4000ADF8000001236A46A7
:10BE4000284600F079F906000BD100E03FE1BDF88B
:10BE500000004FF001086168014461606169081ADF
:10BE60006061B5F8660000287DD0E9E0BDF80020EB
:10BE7000002AF9D094F8F1100529F6D2DFE801F094
:10BE800003102A63AF00E1690A783C2A03D184F8E1
:10BE9000F1A0A4F828A0401E491CE1616062CFE037
:10BEA000218D05290AD0E269DBF8003092F800C044
:10BEB0005B5C9C4507D1491C218506E02785022053
:10BEC00084F8F100BCE084F8F170401E521CE2617D
:10BED0006062B5E0218D49B9E3691A78202A51D012
:10BEE000092A4FD00A2A4DD00D2A4BD0E06900789C
:10BEF0002D2809D0202807D0092805D00A2803D0EA
:10BF00000D2801D089B115E0A1B1032084F8F1001A
:10BF100084F82D1001F80970E06900782D2801D00F
:10BF2000278509E0A4F828A006E0A4F828A001F8D5
:10BF3000090001E084F8F170606A401E6062E06907
:10BF4000401CE0617CE0218D49B9E3691A78202A20
:10BF500018D0092A16D00A2A14D00D2A12D0E26964
:10BF600012F801CB00E0B4E0DBF80430A0F10100EE
:10BF70005B5CE2619C45606260D1022907D0491C8C
:10BF800021855DE0401E5B1CE361606258E0204655
:10BF9000FFF770FC2785042084F8F100E069206237
:10BFA000616888424CD9BDF80020401A904222DADC
:10BFB000ADF800001FE0012300E000236A46284698
:10BFC00000F0BAF806003BD1BDF800004FF00108C0
:10BFD0006168014461606169081A606130E061680C
:10BFE000206A88420ED9401A904204DA0004000CFC
:10BFF000ADF8000004D094F82C000028DDD0DAE77A
:10C000000026E1E7208D618D884216D2091A9142FF
:10C0100001DAADF8001004F1300101446A46012351
:10C02000284600F089F806000AD1208D4FF001085B
:10C03000BDF800100844208502E0278584F8F170DF
:10C04000606A10B1002E3FF411AF94F8F10004289B
:10C0500036D06168E069884232D9B5F86620401A66
:10C06000904202DDADF8002001E0ADF80000AA7FAB
:10C070001007E88E00D50C38BDF80030B3EB400F48
:10C0800009DD1007E88E00D50C384FF6FF7202EA82
:10C090004000ADF8000094F82C0008B1012300E046
:10C0A00000236A46284600F047F848B9BDF800006A
:10C0B0004FF001086168014461606169081A6061BC
:10C0C000606930B92068FFF767FB002801DC214672
:10C0D00041E640465BE60000A40903080A46010069
:10C0E00010B504D0002008761046FFF721FE00208E
:10C0F00010BD0000014AC2E903017047AC010024F1
:10C10000024B9960C3E9000270470000AC010024B3
:10C1100070B504000FD02068002510B1FFF740FB78
:10C120002560E06810B101F0BFFAE5602046BDE887
:10C13000704001F0B9BA70BD2DE9F04114881F4676
:10C140001646884605463B4622464146284604F0A8
:10C1500067FD411C0BD1B5F8661019B1B5F8681030
:10C16000082901D3012402E06408012CEBD83480B3
:10C17000BDE8F08101480221FFF7BCBFD4090308E4
:10C1800070B500F021F8FFF7F5FF0D4C03F048F90A
:10C190000121054604F098FB50222146284602F072
:10C1A00019F9FF21284603F0F7F80446014602F08A
:10C1B0000FF920460349BDE8704002F088B800003E
:10C1C000F00903082DB90008024904220248FFF7CC
:10C1D00097BF0000D0010024399700080A460321C8
:10C1E00000F07EB82DE9FE4F456804468A4628785F
:10C1F00000074FEA90682046C8F100010F4601F0A1
:10C200008EFE002862D1208904285FD36068007800
:10C2100000285BD0082859D12F4901260868C0F3AF
:10C2200003120E2A00D100268946514600F0B8F8C4
:10C23000E8BBE6B32089082848D3204600F08CF8F4
:10C24000A8BB2221204601F06AFED0B1414620461B
:10C2500001F065FE58BB21890022022001F0D2FCCA
:10C26000060033D0214601F0A7FD00BB75683946B2
:10C27000304601F054FED0B9204601F01EFE34468F
:10C2800005E06FF02101204601F049FE78B96068B1
:10C290000026D9F80010E960104909682961414673
:10C2A00006704680FF20287220466E8100E00DE077
:10C2B00001F035FE50B901212046FF23CDF808A03A
:10C2C0000022CDE90061044900F00EFA2046BDE8E5
:10C2D000FE4F01F0F2BD0000F8010024F40100243B
:10C2E0002DE9FE4391460E460022074624210120F7
:10C2F00001F088FC050023D06C681C22D7F804806C
:10C300002670002684F80190A680E6806868796827
:10C310000830F4F72FFB66802046698900F016F894
:10C320006080FF23D8F80C0000210290012002AAAF
:10C33000CDE90060284600F0BDF9284601F0BDFDBA
:10C34000BDE8FE830A460B21FFF7CABF10B500F017
:10C3500033FFC04380B210BD70B5002405462646A9
:10C3600013E06989686800F027FF2044010C11FA86
:10C3700080F4A87AC00707D0C6F10100C6B2E0B2C7
:10C38000C4F3072141EA00242D68002DE9D126B12C
:10C39000E0B2C4F3072141EA0024E04380B270BD5B
:10C3A000421C12D088B191F82D2092070BD54A6813
:10C3B000824208D089680A4000EA0103934202D110
:10C3C0000143491C01D00020704701207047000044
:10C3D0002DE9F74F8AB00446142500260B98878C68
:10C3E00060680690C08800F0B6FEC0F30C010391AF
:10C3F00000F40050089020891438143F07971FFA62
:10C4000080F9F81707EB5070C0F3CF00049081E07B
:10C410000799894501DC012000E000200399089A72
:10C42000C1F30C0111430591C8B148461FFA80FBC6
:10C4300000221421022001F0E5FB0290A8B140681F
:10C4400014220699F4F796FA0298D0F804A06068CE
:10C45000284460606089401B5D46608131E041F4A2
:10C46000005005900498C000E0E74FF0FF300DB099
:10C47000BDE8F08F6689AE4200D92E4606B306208D
:10C4800001F036FA07004BD060680222CDE90006C1
:10C4900003203B46314601F03FFC5FEA000843D0F1
:10C4A000204601F093FD22484146C7E90404029862
:10C4B00001F05CFCA81B05042D0C04D02468D9E70E
:10C4C0002468002DD6D10598354600F031FEAAF833
:10C4D00006000BF1140080B200F02AFEAAF8020058
:10C4E00000215046AAF80A101421FFF72FFFAAF8DE
:10C4F0000A000B980C9A029943699847029801F038
:10C50000DCFCA9EB0B001FFA80F9DDE9030108440C
:10C5100080B20390B9F1000F7FF47AAF0020A6E754
:10C52000029801F0CAFCA0E7384600F003F8F7E7EC
:10C53000ADCB00080146062001F0A2B92DE9F84F65
:10C5400006460F4601200090042175682878B1EB5B
:10C55000101F0FD100F00F004FF6FF7101EA8009A4
:10C56000688800F0F8FD728901464A4502D3308997
:10C57000884203D2304601F0A0FC60E0304601F072
:10C58000FEFC4A484FF0010829693C46A0F1040B23
:10C5900082460160EA68CBF8002094F82D00C007BD
:10C5A0000DD0201D0BD0616849B1DAF80000884237
:10C5B00003D02146FFF7F4FE08B174B116E0B8F1DC
:10C5C000000F04D03A484FF00008046800E02468E7
:10C5D000BC4200D12468002CDFD1687A112805D133
:10C5E00005EB09004088B0F5884F26D0009870B15F
:10C5F000DBF8000058B1D8463946FFF7D1FE0028D5
:10C60000B8D198F80000C0F303100E28B2D0002C67
:10C61000B0D0E88830F0C00005D0304600F0B8F85F
:10C6200006000CD075683946204C3046103CC4E9F1
:10C63000017501F023FD28B12FE03C46E7E700201B
:10C64000BDE8F88F687A012814D006280DD011288B
:10C6500006D0DAF800003946FFF7A2FE78B119E0FB
:10C660003946304604F0F2FF17E03946304602F012
:10C670007FFC12E039463046FFF7B4FD0DE09AF832
:10C680000000C0F303100E2804D00221304675606C
:10C69000FFF7A4FD304601F010FC00206060A060B0
:10C6A000CBF80000CAF80000C9E70000F801002438
:10C6B000180200242DE9FE431F461646884681468F
:10C6C000DDE90A54104600F051FA50B100953B469E
:10C6D000CDE9014032464146484600F005F8BDE844
:10C6E000FE836FF00300FAE72DE9F84F1700984634
:10C6F00089460546DDE90BA6DDF828B031D01421C6
:10C7000001F00DFC18B16FF00100BDE8F88F6C6806
:10C7100084F8088084F809A03868206145202070DA
:10C7200084F801B0288900F003FDDFF860804FF045
:10C73000000A6080A4F806A0B8F8000000F0F8FC39
:10C74000A080B8F80000401CA8F80000B9F1000F64
:10C7500002D0D9F8000000B97068E060A4F80AA01F
:10C7600003E068686F4600690090B08C40B1298989
:10C77000814205D93A4631462846FFF729FEC4E7EB
:10C7800073693A46294630469847BEE7E8010024D7
:10C790002DE9F14F002700984468207800F00F0041
:10C7A00005287CD1E08800F0D6FCC0044FEA104A8E
:10C7B000608800F0D0FC217801F00F01494200EBC5
:10C7C00081001FFA80F9009801F0EDFA584D0646F5
:10C7D000288830440A2809D93146204600F068F9F3
:10C7E00000285CD0288830440A2858D8A8466D68AC
:10C7F0004FF0000B0DE06869E168884207D1A86935
:10C800002169884203D1A889A188884204D02F4693
:10C810002D68002DEFD106E02DB1E08800F09BFCE3
:10C82000C00424D02EE0052001F062F805000AD1F2
:10C830003146204600F03CF9B04216DB052001F0FD
:10C8400057F8050011D02021F4F72DF90320E877DF
:10C85000D8F804101422296005F108002146C8F810
:10C860000450F4F787F8D5B10CE05D46FBE7E889A2
:10C8700000F071FCC00405D01422214605F1080027
:10C88000F4F778F8B8F800103144A8F80010A0794F
:10C89000800608D4A87F40F00100A87700E041E0BE
:10C8A0000AEB0900A8830099284600F043F8002805
:10C8B00036D0A88B142205F108011430A8836868CB
:10C8C000466830463468F4F755F8A88B00F030FC21
:10C8D00070801421A6F806B03046A6F80AB0FFF71B
:10C8E00035FD70816FF0130AD5F8049009E0666891
:10C8F0005146204601F013FB2146484601F036FA26
:10C900003468002CF3D13946284600F087F84846B1
:10C9100001F049FAB8F80020101AA8F800004846BB
:10C92000BDE8F88F009801F0C8FA0020F8E7000091
:10C93000FC0100242DE9F047D1F8048000240125F2
:10C940000E460746B8F8020000F005FC014698F8CC
:10C95000000000F00F00404201EB8009B8F806002B
:10C9600000F0F9FB7268C004030C0020106003EBB8
:10C97000090093801FFA80F8A2F8068079681DE00C
:10C980004868B0F804C063450DD2116044B1B4F8F2
:10C9900006C0634532D3808880452FD8266000E0EA
:10C9A0007E6069B115E029D0C1888B4226D31CB1C5
:10C9B000E188614500D00025016804460029DFD1E7
:10C9C00034B12660E0889188884202D0002500E0DA
:10C9D0007E60B87FC0070DD05DB178684068808800
:10C9E00030B9116829B14868D1888288914203D052
:10C9F00000252846BDE8F0870246F2E7304601F000
:10CA0000D2F9014604480288511A0180304601F0EB
:10CA100054FA0020EEE70000FC010024074A0B4610
:10CA200030B401685468844201D1516000E019605B
:10CA3000014630BC052000F023BF0000FC010024AB
:10CA40002DE9F041446806468846002560688188E3
:10CA500091B900681422706006F108016068F3F76C
:10CA600089FF01212046FFF76DFC204601F09BF96C
:10CA70000546204601F021FA74680AE060682746FE
:10CA80000468384601F08FF9284485B2384601F031
:10CA900014FA002CF2D141463046FFF7BFFF03489D
:10CAA0000188491B01802846BDE8F081FC01002473
:10CAB0002DE9F041DFF8688000260F460546002288
:10CAC00013461446D8F804001AE04169D5F80CC0A2
:10CAD000614509D18169D5F810C0614504D18189CA
:10CAE000B5F804C0614507D0641C22B1C17F92F83B
:10CAF0001FC0614500D80246016801B103460846DF
:10CB00000028E2D122B119461046FFF799FF0644EA
:10CB1000BE4201DA012CD2DC3046BDE8F0810000D3
:10CB2000FC01002410B500F00BF8BDE810400349EB
:10CB300000224FF47A7001F02BBB000025CB0008D7
:10CB4000094870B5002544680BE0E07F20B1401E25
:10CB5000E0772546246804E0204624682946FFF74C
:10CB60006FFF002CF1D170BDFC01002410B504460C
:10CB70000C480AE090F82D10C90706D08168226899
:10CB800043680A400B409A420AD000680028F1D15D
:10CB90000548006818B190F82D10C90700D1002091
:10CBA00010BD0000180200241C02002410B5044629
:10CBB000406908B101F081F92046BDE81040FFF757
:10CBC000B9BC00002DE9F0470546DFF8F4800024E9
:10CBD000DFF8F0900620DFF8F0A09AB085F8260084
:10CBE000364827462646017885F82710417885F88B
:10CBF0002810817885F82910C17885F82A100179E4
:10CC000085F82B10407985F82C0040F2DC50A88480
:10CC100095F82D0040F0320085F82D00C4EB84100B
:10CC200000EBC4112948002308EBC1022146F5F7A7
:10CC3000CCFC04EB8402641C0AEB8201042CC1F8D6
:10CC40001090EBD3204834213438F3F72CFF1E48E2
:10CC50002121343801604FF44031416100210161EC
:10CC6000F8F7AEFE4FF400525100022806D0032818
:10CC700006D0042807D0052809D106E0164600E0B2
:10CC800000260F4603E0164600E0002600270F4866
:10CC90006946F5F7B8FC0D486946CDE90576F6F723
:10CCA00010F80A48F6F756F8284600F09BFF284689
:10CCB00000F078FF1AB0BDE8F087000000AF022452
:10CCC000000204300BDF000890B70224580500244E
:10CCD00030B587B0144800250595F5F7EBFE002820
:10CCE0001ED0FCF797FC104802A9F5F772FD0E481C
:10CCF00005A9F5F7C0FD05980C4C81B202980C4AC5
:10CD0000CDE90001206800EB800002EB80030322E4
:10CD1000104601F001F82168032903D2491C216063
:10CD200007B030BD2560FBE758050024E40100246E
:10CD300090B70224F0B500228DB0104614466D461F
:10CD4000164618E0042A03D36FF00E000DB0F0BDB4
:10CD500002EB42034F6845F8237005EB83034F89CC
:10CD60005F604F8938440AB143F8043C0F6807B943
:10CD70009E60521C09680029E4D10649C1E90105F9
:10CD8000FCF748FC034900220348F6F73EF820462A
:10CD9000DCE700005CB7022458050024124970B596
:10CDA0000968C0248471A825C57101220272432339
:10CDB000437202230370002343700E0C8370C6700D
:10CDC0000E0A067141711E218472C572027341738D
:10CDD000FF218173C173017443748474C574027537
:10CDE0004275837570BD000000E8F11F30B51B4827
:10CDF000002487B0FFF7D2FF06E0641CE4B2052CE4
:10CE000002D9032007B030BDF8F714FE0028F4D192
:10CE100000F090F912480024059405AB114904AACA
:10CE2000039404940094CDE901100C4803A9183030
:10CE300000F034FE0546094884751830FEF734F8D2
:10CE40004DB10648183000F061FE0448183000F07B
:10CE5000C9FE0020D6E70420D4E7000000AF02247A
:10CE600035B60008C5B60008FEB5474CA07D0028C1
:10CE70003ED001287BD104F11800D0E90157C668E3
:10CE8000002D40D00220A07562792179E0788DE8EC
:10CE90000700A3783DA062782178F3F71DFB280EE8
:10CEA0006073C5F307432373C5F30722E272E9B247
:10CEB000A172009043A0F3F70FFB380E6074C7F324
:10CEC00007432374C7F30722E273F9B2A1730090FA
:10CED00048A0F3F701FB300E6075C6F307432375D6
:10CEE000C6F30722E274F1B2A17400904DA048E0AD
:10CEF00025481830FDF7D8FF0120A075BDE8FE4099
:10CF000054A0F3F7E9BA016A497B04293BD9FF2110
:10CF1000A175D4F80B20A17A41EA02214160D4F82E
:10CF20000F20A17B41EA02218160D4F81320A17C6B
:10CF300041EA0221C16051A0F3F7CEFA627921796A
:10CF4000E0788DE80700A37810A062782178F3F7E5
:10CF5000C3FA607B009051A0237BE27AA17AF3F7B9
:10CF6000BBFA607C0090237CE27BA17B00E00AE0BE
:10CF700056A0F3F7B1FA607D009060A0237DE27CBB
:10CF8000A17CF3F7A9FAFEBD00AF0224CDF8BFA83B
:10CF9000656EB5C44D4143B5D8D6B7CEAA3A2E2E4C
:10CFA0002E2E2E2E2E2E2E2E2E2E2E2E2E2E256474
:10CFB0002E25642E25642E25642E25642E25640DD1
:10CFC0000A000000CDA8B9FD44484350BBF1C8A1F8
:10CFD000B5BD4950B5D8D6B72E2E2E2E2E2E2E2EBC
:10CFE0002E2E2E2E2E2E25642E25642E25642E25E3
:10CFF000640D0A00CDA8B9FD44484350BBF1C8A157
:10D00000B5BDD7D3CDF8D1DAC2EB2E2E2E2E2E2ED3
:10D010002E2E2E2E2E2E25642E25642E25642E25B2
:10D02000640D0A00CDA8B9FD44484350BBF1C8A126
:10D03000B5BDB5C4C4ACC8CFCDF8B9D82E2E2E2EF0
:10D040002E2E2E2E2E2E25642E25642E25642E2582
:10D05000640D0A00D5FDD4DAB2E9D5D24448435074
:10D06000B7FECEF1C6F72CC7EBC9D4B5C82E2E2E0D
:10D070002E2E2E2E2E2E2E2E0D0A0000444843500A
:10D08000B7FECEF1B3ACCAB12CCAB9D3C3BEB2CCD1
:10D09000AC4950B5D8D6B7210D0A0000BEB2CCAC11
:10D0A0004950B5D8D6B72E2E2E2E2E2E2E2E2E2E01
:10D0B0002E2E2E2E2E2E2E2E2E2E2E2E2E2E256463
:10D0C0002E25642E25642E25640D0A00D7D3CDF8B5
:10D0D000D1DAC2EB2E2E2E2E2E2E2E2E2E2E2E2ED0
:10D0E0002E2E2E2E2E2E2E2E2E2E2E2E2E2E256433
:10D0F0002E25642E25642E25640D0A00C4ACC8CFED
:10D10000CDF8B9D82E2E2E2E2E2E2E2E2E2E2E2EA1
:10D110002E2E2E2E2E2E2E2E2E2E2E2E2E2E256402
:10D120002E25642E25642E25640D0A0000BA704752
:10D1300040BA704710B500F0CDFA00F0ADFB00F03A
:10D14000D3FC04F081FA01F011FFBDE8104001F0BA
:10D150004DB800BA704740BA7047000010B500F0F3
:10D16000E9FF104C2168A068411AB1F5FA7F0BD392
:10D170002060FDF79DFA0C48817D022904D0807D56
:10D18000FF2801D0FFF770FED4E901104EF66022AF
:10D19000411A914204D36060BDE81040FDF722B906
:10D1A00010BD00008801002400AF02240148FEF7F2
:10D1B0009DBA000018AF022418B5002210F0010338
:10D1C000ADF800200BD0002909DD10F8014B491EF5
:10D1D0008DF8014003E030F8024B891E22440129FA
:10D1E000F9DC002902DD00788DF80000BDF80000B0
:10D1F0001044010C11FA80F0010C11FA80F023B1F7
:10D20000C1B2C0F3072040EA012080B218BD00007F
:10D21000F0B54D4905464D4E8BB04FF478404FF672
:10D22000FF774FF010040860E8072AD01E2100970E
:10D2300032886E230846F8F719FE45A01E211023F8
:10D24000CDE90040C8220846FBF748FA44A0102365
:10D25000C822CDE9004032211E20FBF73FFA45A04D
:10D260001023C822CDE9004046211E20FBF736FAE4
:10D2700044A01023C822CDE900405A211E20FBF70C
:10D280002DFAA8075DD500976E2173881E2032887D
:10D29000F8F7ECFD3EA01023C822CDE900406E2136
:10D2A0001E20FBF71BFA3F48817D427B0229017B50
:10D2B000CDE90012C37A827A17D03BA102A8F3F716
:10D2C00017F902A81023D222CDE9004082211E20A6
:10D2D000FBF704FAF8F774FB022808D0032808D0FB
:10D2E000042808D0052808D010E035A1E6E739A0C9
:10D2F00004E03FA002E045A000E04BA01023C822BC
:10D30000CDE9004096211E20FBF7E8F94DA010233F
:10D31000C822CDE90040AA211E20FBF7DFF94FA06B
:10D320001023C822CDE90040BE211E20FBF7D6F90C
:10D3300050A01023C822CDE90040D2211E20FBF7C7
:10D34000CDF90BB0F0BD0000240000240C04002433
:10D3500041706F6C6C6F2053544D3332483700006E
:10D3600045746865726E6574206C77495020546509
:10D370007374000041544F4D40414C49454E544553
:10D380004B000000323031362F372F31390000008A
:10D390006C77495020496E697420537563636573D7
:10D3A0007365640000AF022453746174696320499B
:10D3B000503A25642E25642E25642E256400000035
:10D3C000444843502049503A25642E25642E256454
:10D3D0002E2564006574682073746174653A313079
:10D3E000304D2C46756C6C4475706C65780000008F
:10D3F0006574682073746174653A3130304D2C481F
:10D40000616C664475706C65780000006574682016
:10D4100073746174653A31304D2C46756C6C44758B
:10D42000706C657800000000657468207374617426
:10D43000653A31304D2C48616C664475706C657886
:10D44000000000004B4559303A5443502053657258
:10D450007665722054657374000000004B455931A5
:10D460003A54435020436C69656E7420546573745C
:10D47000000000004B4559323A5544502054657322
:10D4800074000000644904201CB50860FBF757FDD8
:10D49000F3F7A4FDF5F760FE042302220521A02086
:10D4A000FCF76AF94FF4C870FCF7E0FE4FF4E13086
:10D4B00003F08AFD59484168C8208847FBF750FAB5
:10D4C000F8F7D2F9FCF7C8F8F8F700FDFBF732FEE1
:10D4D000002000F049FA012000F046FA022000F096
:10D4E00043FAFBF771FDFBF797FDFBF7EDFF40F209
:10D4F000CF714810FCF7DEF949494FF47840494FA5
:10D500000122086002213846F5F713FE0120FFF7DB
:10D510007FFE45A01025C8222B46CDE900506E2184
:10D520001E20FBF7DBF84FF4FA7617E042A0142335
:10D53000C822CDE900506E211E20FBF7CFF83046FF
:10D54000FCF79EFE41A01023C822CDE900506E21B9
:10D550001E20FBF7C3F83046FCF792FEFFF746FCAF
:10D560000028E3D13EA01423C822CDE900506E214B
:10D570001E20FBF7B3F83FA01023C822CDE90050CE
:10D5800082211E20FBF7AAF8404E01E0FFF7E6FDDE
:10D59000B07D022802D0B07DFF28F7D10220FFF72E
:10D5A00037FEFEF7EDFD0020F8F79EF9012804D0C4
:10D5B000022805D0032808D121E002F0D3FF01E0C2
:10D5C00001F0F4F80320FFF723FEFFF7C7FD022068
:10D5D000FCF756FE641CE4B2642C13D0C82CE2D1D4
:10D5E000E6224FF6FF7000241146F62300901E201D
:10D5F000F8F73CFC02213846F5F797FDD3E703F036
:10D600009DFEDFE722A01023C822CDE90050E621CD
:10D610001E20FBF763F8C6E79CEF00E094000024AF
:10D6200024000024000402586C77495020496E6998
:10D6300074696E672E2E2E004C57495020496E6932
:10D64000742046616C696564212000005265747223
:10D6500079696E672E2E2E202020202020200000A9
:10D660004C57495020496E69742053756363657344
:10D67000732100004448435020495020636F6E6678
:10D680006967696E672E2E2E0000000000AF02242D
:10D69000506C656173652063686F6F7365206120EE
:10D6A0006D6F646521000000002810D008490A68E9
:10D6B00090420CD34A68904209D2002200F8042C10
:10D6C0008A680838904200D2886000F0ADBC70478C
:10D6D000080200240A484FF480430A4A20F003015C
:10D6E00010B50024116001F580400B804C800C7156
:10D6F00001245060047103804380916010BD0000DC
:10D7000015B8022408020024F0B5002847D0C01C38
:10D710004FF6FC7100EA01030C2B4FF4804C01D250
:10D720000C2301E063453ED8DFF880E0C3F5804478
:10D73000DEF80850DEF80020A81A81B231E0501857
:10D7400006796EBB0688761A083E9E4228D3048866
:10D75000012703F11406641A083CB44210D30B44A9
:10D7600008339CB2131900261E7106881E8059804A
:10D77000048007711988614503D0931CCC5200E0E6
:10D780000771A84202D009E029888D18297919B1BA
:10D79000DEF804108D42F7D1CEF808500830F0BD05
:10D7A000515A8C42CBDC0020F0BD0000080200245E
:10D7B0002DE9F047C91C4FF6FC7211400C294FF4BB
:10D7C000804501D20C2101E0A94213D8DFF8ACC09A
:10D7D000DCF80040A0420FD3DCF8042090420BD2CA
:10D7E000A0F10802131B9BB21688F71A083FBFB2BC
:10D7F000B94203D94FF00000BDE8F087FCD0E14604
:10D800004FF0000A06EB040C1C4E9CF804803668AE
:10D81000B8F1000F06F1020618D001F1140CBC4556
:10D82000EAD8194408318FB2E119D9F80840A14269
:10D8300001D2C9F8081081F804A014880C804B802C
:10D8400017800988A942D7D08F53D5E71944D9F852
:10D8500008800831BCF8007089B2E04503D104EBC0
:10D860000108C9F808800C4484F804A0278063806C
:10D8700011802288AA42BFD09153BDE7080200243C
:10D88000002905D0034A52F820300B6042F82010DE
:10D890007047000028F80224F0B50020401C80B238
:10D8A0000A28FBD31048104C20F003010F4E002033
:10D8B0002B3C074606F11405002244F8207009E0CD
:10D8C00054F82030521C0B6092B244F8201036F805
:10D8D0001030194435F810309342F1D8401C80B212
:10D8E0000A28E9D3F0BD000053F80224F809030820
:10D8F0000A28014601D300207047044A52F821004B
:10D900000028F9D0036842F82130704728F8022433
:10D91000134A70B5131893F8203093B1114B53F894
:10D9200020308B421AD90F4B02EB80020C3B53F88C
:10D9300020305069B1FBF3F150F82140002003463C
:10D9400008E011688847012070BD55690E18401C19
:10D9500045F82630A042F8DB002070BD022070BDE3
:10D9600034000024786F010830B504460748084D9C
:10D97000002150F82400820005EB8400406900F08B
:10D9800087F80120291981F8200030BD606F010857
:10D99000340000242DE9F0411E4E002405460F46B8
:10D9A000701990F8200010B93168284688474FF068
:10D9B000FF326FB3184B53F82510B7FBF1FCB7FBE0
:10D9C000F1F001FB1C7101B1401C13490C3951F8F5
:10D9D0002510491E1CD406EB8506776957F821C02F
:10D9E000BCF1000F04D0002484420FD1002206E0D5
:10D9F000641CF9E774698F18521C44F827008242AE
:10DA0000F8D353F825004843BDE8F081491EE5D519
:10DA10001046F9E7340000246C6F01080C4B00221B
:10DA200010B50C4C114653F8203004EB800005E093
:10DA3000446954F8214004B1521C491C8B42F7D868
:10DA40004FF47A704243B2FBF3F080B210BD000095
:10DA5000606F010834000024002906D0034A02EB5D
:10DA600080029268891AFFF753BF70473400002480
:10DA700010B50446FFF78EFF411C05D0034901EBAA
:10DA800084018968084410BD002010BD34000024C2
:10DA900001E000F8011B521EFBD270472DE9F04156
:10DAA000044606A890E8E00000206060A060E06006
:10DAB00084F82D00C4E907500A4D287884F8300016
:10DAC000401C28702046276100F00FF82046B04720
:10DAD00010B10020BDE8F0816868206020466C60CD
:10DAE000F8E7000014020024704770B51D46164682
:10DAF000044600F023F83146204600F06FF829462E
:10DB00002046BDE8704000F014B80000014988606C
:10DB1000704700001402002490F82D10CA0707D0A7
:10DB200021F0010180F82D10890601D5FDF7F2BA28
:10DB3000704701B10968C1607047000070B50C0002
:10DB4000054628D02068696888421ED013480068BE
:10DB500009E001686A68914204D1C66800F0B4FB2C
:10DB6000304600E0C0680028F3D10D48006809E0A5
:10DB700007D0016829B16A68914202D144B1216895
:10DB80000160C0680028F3D12CB12068686070BDC6
:10DB90004FF00001F4E74FF00000F7E73C020024EB
:10DBA0003802002410B5044690F82D00C10614D4A4
:10DBB00040F0100084F82D00206A10B12046FCF7D8
:10DBC000BFFD94F82D00C10707D0800605D5211DA3
:10DBD0002046BDE81040FDF7A9BC10BD01B10968A1
:10DBE0008160704790F82D10CA070AD141F00101F9
:10DBF00080F82D10CA0604D5890602D5011DFDF74F
:10DC000095BC70472DE9F04717460D4630B1012805
:10DC100006D0022806D0032850D105E0362604E0BD
:10DC2000222602E00E2600E000264FF001094FF008
:10DC30000008EFB3012F5DD0022F5BD0032F3DD141
:10DC40000920FFF755FE041E39D0A01927731330A1
:10DC5000414620F00300F61CC4E9008026F00300D2
:10DC60002581C0F5BF60A84200DD284660812D1ADD
:10DC700026464FF4BF6A8846A4F80E9016E00920A5
:10DC8000FFF736FEB8B10773A9B280F80D80514591
:10DC9000C0F800803060018100D35146418100F11D
:10DCA000100242606D1A0646A0F80E90002D00E0AA
:10DCB00007E0E4DC2AE0204600F0FFF80020BDE8A1
:10DCC000F08706F1130020F00301E81C20F00300A8
:10DCD000084480B2FFF718FD041EF0D0A0191330DD
:10DCE00020F00300606025816581C4F8008084F81D
:10DCF0000C800BE00820FFF7FBFD041EDFD0C4F80A
:10DD0000048025816581C4F8008027732046A4F82B
:10DD10000E9084F80D80D2E770B5DDE9044530B18E
:10DD2000012806D0022806D003280DD105E03620B0
:10DD300004E0222002E00E2000E00020C01C20F0C1
:10DD400003004618AE4201D9002070BD00251D60B9
:10DD500014B12044586000E05D6002205873012037
:10DD6000198159811A73D881184670BD002810B5E1
:10DD70000FD000290DD004E003890C8923440381CE
:10DD800010460268002AF7D102890B891A440281E1
:10DD9000016010BD10B50C46FFF7E8FF2046BDE856
:10DDA000104000F013B9002102E00068491CC9B21C
:10DDB0000028FAD1084670472DE9F0474FF00007D8
:10DDC0000C4605003E466FF00D0932D07CB3288921
:10DDD000218988422DD36FF0050A68896189C01BAB
:10DDE000891B884201DB88B200E080B2804660680F
:10DDF0004246811968683844F2F7BCFD07EB080019
:10DE000087B206EB080086B26089B04201D8246868
:10DE100000266889B84202D12D68002745B15CB15F
:10DE200060892189884207D1206860B904E000E058
:10DE30006CB14846BDE8F0873DB1688929898842C0
:10DE400003D1286808B15046F4E7002CC5D1002062
:10DE5000F0E72DE9F0470028164689464FF0000804
:10DE600006D0B9F1000F02D00027044620E00020C0
:10DE7000BDE8F0872BB16089984202D8181A83B2A6
:10DE800015E06089C01A85B2B54200D93546606890
:10DE90002A46C11809EB0700F2F76CFD08EB0500F4
:10DEA0001FFA80F8781987B2701B86B200232468A5
:10DEB0000EB1002CDED14046DAE770B500281BD049
:10DEC0000024C189491E0904090CC18113D1427B78
:10DED000017B0568920702D50169884707E003299D
:10DEE0000BD001290CD002290AD0FFF7DDFB641CFE
:10DEF0002800E4B2E5D1204670BD0146092001E0CA
:10DF000001460820FFF7BCFCF1E7002806D00021FD
:10DF10004173016001814181C1814160704710B549
:10DF200041B138B1002907DA4A4293B242899A4294
:10DF300023D302E0002010BD8BB2027B446832B1D3
:10DF4000032A04D0022A0AD0012A08D015E0621A56
:10DF5000426000F110039A4208D244600DE00029AB
:10DF60000BDA42899A4208D3621A426042890A4413
:10DF70004281028911440181DCE7012010BD70B5A6
:10DF800002898A4221D98A1A0D46044605E0281AD8
:10DF900085B220891044208124686089A842F6D384
:10DFA000207B50B96089A84207D0A088001B284474
:10DFB00081B22046FFF7FCFB04466581258120687D
:10DFC00008B1FFF77AFF0020206070BD002802D062
:10DFD000C189491CC18170472DE9F041002788465D
:10DFE0000028154607D0B8F1000F1AD00189A942C0
:10DFF00003D26FF00D00BDE8F08106460FE0708996
:10E000002C46A04200D20446706808EB0701224665
:10E01000F2F7B0FC281B366885B2381987B2002D9C
:10E02000EDD10020E7E7000030B5134C01882268ED
:10E03000931C114488420DD00D795DB96568A942E1
:10E0400008D0A5688D4200D1A0600D880580851A92
:10E050000988CD524188114481420BD00D79002DA1
:10E0600008D1A568854200D1A16004880C80891A76
:10E070000088C15230BD0000080200242DE9F0479D
:10E08000DFF860900746406800263546D9F8004022
:10E0900090F8098021E0217C41451BD12CB12068FA
:10E0A00018B111490968884214D1D4F814C0BCF1E0
:10E0B000000F0FD00D4B3A46A0692146E04748B10A
:10E0C0000027012635B1E068E860D9F80010E1606A
:10E0D000C9F800402546E4680EB9002CDBD1304673
:10E0E000BDE8F08720020024F8010024F401002498
:10E0F000006870472DE9F041164604460F46084671
:10E10000F2F7CEFB050013D0264409E039788842A7
:10E1100005D12A4639462046F2F7E1FB40B1641C9E
:10E12000207810B16119B142F0D90020BDE8F0812A
:10E130002046FBE72DE9F041114D286800281CD04E
:10E1400000F020F806466868A846341A4246D8F817
:10E150000010002911D04868A0420ED85660241A39
:10E160000868C8F800000720D1E90257FFF788FBCC
:10E17000002DEBD03846A847E8E7BDE8F081000065
:10E1800064020024014800687047000090010024E8
:10E1900070B515460E4604460720FFF7A9FB002878
:10E1A0000DD0114B0021C56080E85200196829B1DB
:10E1B0004A68A24210D9121B4A600160186070BD03
:10E1C00054689C4207D9536844681B1B53600A6813
:10E1D0000260086070BD114642684B68D31A436004
:10E1E0000A68002AF3D0EBE7640200240E490022FB
:10E1F0004FF47A7010B5FFF7CBFF0C49002241F2C3
:10E200008830FFF7C5FF0A4900224EF66020FFF76D
:10E21000BFFF084900224FF4FA70FFF7B9FFFFF77C
:10E22000B1FF0549486010BD25CB000851A2000888
:10E2300009B0000825B00008640200242DE9FC475D
:10E240000446007E0F460A282FD01E482146D4F8E7
:10E250005090D4F828802669D4F8885001F0F4FA58
:10E260001849012018390870206F08B101F0E0FF4B
:10E27000E06E08B101F0DCFF4FB1A18B231D608B74
:10E280002246CDE900014146484601F088FF0220C0
:10E290002146FFF7F5FA002D12D002B03046AC4609
:10E2A0006FF00901BDE8F047604706482146001DB0
:10E2B00001F0CAFA2146BDE8FC470220FFF7E0BAA8
:10E2C000BDE8FC873C0200240121FFF7B7BF416194
:10E2D00070476FF0090070472DE9F04104460220B5
:10E2E000FFF706FB374D060036D10023EE681A46CD
:10E2F000E86906E0416A711A994201D30B46024669
:10E30000C0680028F6D112B11046FFF7DDFF0220E9
:10E31000FFF7EEFA06001FD17F26D5F80CC00027C4
:10E32000A8693B460DE0417EA14209D8B14207D819
:10E33000426AACEB0202BA4202D3174603460E46CB
:10E34000C0680028EFD113B11846FFF7BDFF0220C7
:10E35000FFF7CEFA060031D09421F2F7A4FB7476D1
:10E3600041F2D060A6F866000023A6F86830B085B8
:10E37000F085FF207372B0724FF40670F0860620AD
:10E38000A6F84400A6F84030A6F84200C01FB086A8
:10E390000120A6F84C00103601F074F8B064306427
:10E3A000B063F064E8687061A87870740648F3732D
:10E3B000F0660648F06786F88230103E3046BDE8C9
:10E3C000F0810000240200246B00010800DD6D00D4
:10E3D000016170472DE9F0410546007E04260C4698
:10E3E00018B16FF00500BDE8F0811AB901F01CF812
:10E3F000020006D0DFF854C000215CF8210000685C
:10E4000011E06FF00100EEE7438B93420AD130B187
:10E41000036823B11CB127680FB1BB4202D16FF072
:10E420000700E0E7C0680028EED1491CB142E4DBF8
:10E4300014B1206800B1286005486A830169E96069
:10E44000056102F073FB0020CDE70000640A0308B9
:10E450002402002470B514000D4605D00021284682
:10E4600000F036F8204670BD0C20FFF74DF9010092
:10E470001ED0012008700020C1E901502846FFF796
:10E48000A7FF0E49284601F0EEFD0D49284600F091
:10E490003BFD0C49284601F01BFF0B490122284691
:10E4A00001F0FEF90948017841F020010170D9E737
:10E4B000284600F00DF84FF0FF34D3E735E50008AB
:10E4C0001DE5000819E600081FE500089401002476
:10E4D00070B50C460546FFF7F7FE00212846FFF70A
:10E4E00077FF0021284601F0BEFD0021284601F0FB
:10E4F000EFFE0021284600F007FD002228461146C5
:10E5000001F0CEF914B12046FFF7CEF802480178A9
:10E5100021F02001017070BD9401002470470A466B
:10E52000014610B50078022802D11046FFF7D0FF4F
:10E53000002010BD2DE9F04116001F468846044614
:10E540004FF0000506D04FB11046FFF7B6FC384635
:10E55000BDE8F08102202070A2602FE02078012821
:10E5600006D03189404601F092FD0020A06022E0F3
:10E570001348C821F2F775FA114F3446C5F1C802A5
:10E5800060896168904201D9781902E07B190246DE
:10E590001846F2F7EFF960890544C82D02D82468BF
:10E5A000002CEBD10748017841F04001017031891E
:10E5B000404601F06CFD3046FFF77FFC0020C7E7C6
:10E5C0004CAF0224940100242DE9F0410E46074689
:10E5D00018E061680123384602F022FB050002D0F2
:10E5E000681C09D009E02068B06008B1FFF7EEFCB4
:10E5F0002046FFF762FC00E0B460384600F04AFFB6
:10E60000002D07D1B468002C04D06289B7F86600E9
:10E610008242DED9BDE8F0810A46014610B5806825
:10E6200010B11046FFF7D0FF002010BD2DE9FC41CE
:10E630004FF6FF70F7F7FEFA414F4FF4784010267F
:10E640001E213346C82238603EA0CDE9006008464E
:10E65000FAF744F840A01023C822CDE90060322127
:10E660001E20FAF73BF840A01023C822CDE9006035
:10E6700046211E20FAF732F83FA01023C822CDE928
:10E6800000605A211E20FAF729F83FA01023C82263
:10E69000CDE900606E211E20FAF720F864210020E9
:10E6A000FFF7E6F9050048D03A4C3BA1A27AA271E7
:10E6B000E37AE371207B207200902846F1F718FF7F
:10E6C0001023D22296211E20CDE90065FAF706F824
:10E6D0001F2038602846F2F7E3F81E2101EBC00046
:10E6E0001FFA80F8002003239621CDE90060627AAA
:10E6F0004046FAF71DF880270020F7F7F5F80428C0
:10E7000015D00028F8D0012802D0032803D005E056
:10E71000607A401C01E0607A401E6072CDE90067BB
:10E72000627A032396214046FAF702F8E4E7294685
:10E73000BDE8FC410020FFF78FB9BDE8FC81000077
:10E740002400002441706F6C6C6F2053544D3332A1
:10E7500046342F463700000054435020436C69650F
:10E760006E7420546573740052656D6F7465204932
:10E7700050205365740000004B4559303A2B20203F
:10E780004B4559323A2D00004B45595F55503A4F91
:10E790004B00000000AF022452656D6F7465204984
:10E7A000503A25642E25642E25642E002DE9FE4F57
:10E7B0004FF0000B5D465C46FFF738FF4FF6FF70E9
:10E7C000F7F738FADFF864824FF478404FF0100919
:10E7D0001E214E46C8224B46C8F8000094A0CDE941
:10E7E00000900846F9F77AFF96A01023C822CDE9D9
:10E7F000006032211E20F9F771FF96A01023C82275
:10E80000CDE9006046211E20F9F768FF95A010238E
:10E81000C822CDE900605A211E20F9F75FFF95A0BC
:10E820001023C822CDE900606E211E20F9F756FFA3
:10E83000C8210020FFF71CF906007CD0904F797B9F
:10E84000387BCDE90001FB7A8EA1BA7A3046F1F728
:10E850004FFE1023D22282211E20CDE90096F9F727
:10E860003DFF797A387ACDE90001FB798BA1BA793D
:10E870003046F1F73DFE1023D22296211E20CDE92D
:10E880000096F9F72BFF8BA141F697723046F1F70E
:10E890002FFE1023D222AA211E20CDE90096F9F7DF
:10E8A0001DFF41461F201023086086A1D2221E2092
:10E8B000CDE90091BE21F9F711FF00F0B1FD5FEA4B
:10E8C000000A7DD0D7F8071041F69772B879824BCD
:10E8D00040EA0120029002A9504600F0E3F97F4F80
:10E8E000DFF8FC810020F6F7FFFF0428E9D00128BB
:10E8F00002D1504600F00CF998F80000400621D5EE
:10E900004FF6FF7000907888E621401E83B2388869
:10E91000401E82B21E20F7F7A9FA7249CDE9009194
:10E920007888E621E63883B238881E3882B21E2005
:10E93000F9F7D4FE00E076E098F8001021F04001ED
:10E9400088F8001098F80000800623D5002C3BD1F1
:10E9500065A1CDE900917888BE21BE3883B23888A0
:10E960001E3882B21E20F9F7B9FE304C63A14FF475
:10E9700078402060CDE900917888D221BE3883B2FA
:10E9800038881E3882B21E20F9F7A8FE1F202060AA
:10E99000012419E0C4B14BA1BE221023CDE900919E
:10E9A0001E201146F9F79AFE4FF6FF700090788806
:10E9B000D221401E83B23888401E82B21E2000E061
:10E9C00029E0F7F753FA0024FEF7C8FB0220FBF713
:10E9D00057FC6D1CEDB2C82D19D198F8000000F05D
:10E9E000200020430ED100215046FFF771FD00F0BA
:10E9F00017FD5FEA000A05D0374B02A941F697726E
:10EA000000F050F9414800250221F4F78EFBBBF1DC
:10EA1000000F3FF467AF00215046FFF759FD00207B
:10EA20003146FFF719F8BDE8FE8F000024000024EE
:10EA300041706F6C6C6F2053544D333246342F4607
:10EA40003700000054435020436C69656E742054B5
:10EA50006573740041544F4D40414C49454E5445F7
:10EA60004B0000004B4559303A53656E6420646199
:10EA7000746100004B45595F55503A5175697400F7
:10EA800000AF02244C6F63616C2049503A25642E1C
:10EA900025642E25642E25640000000052656D6FEC
:10EAA00074652049503A25642E25642E25642E2550
:10EAB0006400000052656D6F746520506F72743A87
:10EAC000256400005354415455533A446973636FAD
:10EAD0006E6E65637465640055E400080C040024E0
:10EAE000940100244CAF02245354415455533A43EB
:10EAF0006F6E6E65637465642020200052656365E7
:10EB000069766520446174613A000000000402588F
:10EB100070B504690646FCB1124D6868F1F7C0FE95
:10EB200081B203220020FFF76DF8A0606868F1F75A
:10EB3000B7FE82B2A0686968FFF74EFA21463046F8
:10EB4000FFF742FD287820F080002870A06808B107
:10EB5000FFF7B3F9002070BDFFF7B6FB6FF00900B7
:10EB600070BD000094010024017E012903D0817F43
:10EB700041F0100181770121AFF300802DE9FC47BE
:10EB8000474E0446007E01274FF0000991B3042848
:10EB900001D0072837D1616F21B9A18DA1F5B052FD
:10EBA000D03A30D0A18B231D608B2246CDE90001E5
:10EBB000A16A206D01F0F3FA204600F028FEB0694A
:10EBC000A04202D1C068B06107E0306228B1C068DD
:10EBD000A042FAD1316AE068C860C4F80C9037707E
:10EBE000207E042807D002202146FEF749FE00209F
:10EBF000BDE8FC8707E00A202076F069E060F46158
:10EC000001F094FFF3E708284FF0050840D2DFE851
:10EC100000F0041C252D2D3F3F35608B002578B179
:10EC20003069A04202D1C068306107E0306228B18B
:10EC3000C068A042FAD1316AE068C860C4F80C909C
:10EC400002202146FEF71CFE27E01548002521463C
:10EC5000143000F0F9FD03202146F3E710480025A9
:10EC60002146183000F0F0FD3770E9E7204601F04A
:10EC70000CFB050009D184F8188006E0204601F05D
:10EC800004FB050001D10920207634B115B104E060
:10EC9000002502E0204600F0FDFB2846A8E7000022
:10ECA000240200242DE9F0470446007E98460E46D3
:10ECB00018B16FF00800BDE8F08736B130686060C9
:10ECC000A2832CB1206818B108E06FF00500F2E7CC
:10ECD000201DFDF74BFF20B140682060658B1DB102
:10ECE00006E06FF00300E6E700F09EFB608360B390
:10ECF00000F0C8FB4FF00009C4F828902065401EC2
:10ED0000A0643146E06541F2D060A085E085C4F89A
:10ED10003090A4F860004FF40670E086283400F0CC
:10ED20008EF8E08100EB80004FF6FF710127A78489
:10ED300001EA4000E084C4F85880283C02212046C3
:10ED400000F08DF8060003D027E06FF00100B2E775
:10ED5000DFF84C80022020769DB1D8F81000A04248
:10ED600003D1C068C8F8100009E0C8F8200030B12D
:10ED7000C068A042F9D1D8F82010E068C860C4F893
:10ED80000C90D8F81800E060C8F8184001F0CEFEEA
:10ED9000204688F8007000F07DFB30468BE70000CD
:10EDA000240200242DE9F0479A4691460F468046FA
:10EDB000089EF00700D00420B10701D50C2100E027
:10EDC000002145180420FEF793FD040011D0A6721F
:10EDD0000026C4E9006738891421401B2081384689
:10EDE000FFF79DF848B1204601F014FA0020BDE875
:10EDF000F0873846FFF761F8F8E760684068E06040
:10EE0000B8F81A00FEF794F9E1680880B8F81C0019
:10EE1000FEF78EF9E16848805046FEF787F9E16811
:10EE20004860A808000300F5A04040EA0900FEF78A
:10EE30007FF9E1688881E06846822046D7E710B50F
:10EE400004460846FDF792FE38B1808C28B1283878
:10EE500080B2844200D220460446204610BDF8B558
:10EE600000260446B0F86800771E0D46082804D333
:10EE7000A07F40F08000A07720E0A80700D5012601
:10EE8000F00700D00420B10701D50C2100E00021DB
:10EE90000144B4F8660088B100221046FEF7B2FEC5
:10EEA0000028E5D000962A46E36D01462046FFF78C
:10EEB00079FF0200DCD0E06E10B104E03846F8BD06
:10EEC000E26604E0084601680029FBD102600020E8
:10EED000A4F86A00A80707D0E06D401CE065B4F80C
:10EEE0006600401EA4F86600E80703D0A07F40F04B
:10EEF0002000A0775068FEF756FFB4F86810084469
:10EF0000A4F868000020F8BDC0F888107047000021
:10EF10002DE9F041144EB078401CB070B469002760
:10EF20001EE094F82110B078814219D084F82100B5
:10EF3000A07FC10709D040F00200A077204600F072
:10EF4000A9FAA07F20F00300A077E568606F30B1D8
:10EF50002046377000F04CFE30780028DED12C4679
:10EF6000002CDED1BDE8F0812402002470470000AF
:10EF70002DE9FC47B94E054640680C46B060017863
:10EF800001F00F0100EB81007060880041422846CB
:10EF9000FEF7C5FF002873D12889142870D3B04F1D
:10EFA00021463868FDF7FCF90028F4D13878C0F321
:10EFB00003100E2864D070688089FEF7CCF8000B2F
:10EFC000800041422846FEF7AAFF0028E3D170687E
:10EFD0000088FEF7C0F80146706801804088FEF79F
:10EFE000BAF80146706841804068FEF7B2F8014601
:10EFF00070684160F1608068FEF7ABF87168886006
:10F000003061C889FEF7A7F801467068C181808920
:10F01000FEF7A1F800F03F0C86F800C029895FEAEE
:10F020008C7000D00120DFF83CA2084470808E482C
:10F0300000237168DAF800403A680068A1461AE0D7
:10F04000A78BB1F80080474513D1678BB1F80280D8
:10F0500047450ED1676887420BD12768974208D190
:10F060002BB1E768DF60C4F80C90CAF8004024B107
:10F070003FE02346E468002CE2D17C4B1C6813E09F
:10F08000E7E0A38B0F88BB420DD1638B4F88BB4257
:10F0900009D16368834206D12368934203D1204695
:10F0A00001F05EFDD5E0E468002CEAD1DFF8C0A1F4
:10F0B0000027DAF8000081460BE0438BB1F80280AC
:10F0C000434504D10368934206D080B12BB1074673
:10F0D000C0680028F1D10AE048B12FB1C168F960D9
:10F0E000C0F80C90CAF8000000F0E4F8B1E0002C81
:10F0F0007AD0DFF8808100275FEA0C70C8F80070D2
:10F100002A89A8F80820C8F80450C8F80C107761BC
:10F11000777003D5687B40F001006873606F40B181
:10F12000204600F065FD0A3075D0606F08B1708828
:10F1300018BB2046B46100F0B9FB0A306BD0707880
:10F14000010706D5D4F888207AB120696FF00A014A
:10F150000AE0C00612D5A07FC00606D4D4F88820E5
:10F160001AB16FF00B01206990473E48214600F02C
:10F170006BFB02202146FEF783FB4CE0B4F86420D1
:10F18000002032B1A36F13B12069214698470A309D
:10F1900041D07069F0B1A17FC90605D5FEF78DFE9B
:10F1A0002046FFF791F836E0E56F3DB1D4F810C086
:10F1B0000023024621466046A84705E00023024698
:10F1C0002146184600F051FF10F10A0F23D008B174
:10F1D000706960677078800619D5606F28B1417BCF
:10F1E00041F02001417312E021E0A08DA0F5B05163
:10F1F000D03901D0401CA085E56F2DB100232069D6
:10F200001A462146A84700E000200A3003D02046D5
:10F21000B76100F03FF9B76144467761D8F8040060
:10F22000002802D0FEF749FE6760BDE8FC878889A8
:10F23000FDF791FF40070CD470680B4B084A01881A
:10F240004088CDE900017188F0680144306900F020
:10F25000A6FF2846BDE8FC47FEF72FBE4802002463
:10F26000F80100243C020024F401002440020024A0
:10F27000380200245C4003247CB50446006D401E27
:10F28000FDF754FF002203461146204600F0CAF95C
:10F2900005000ED006210020221DCDE90001A37A31
:10F2A00021462846FDF706FA2846BDE87C40FEF7D1
:10F2B00004BE7CBD7CB5334E0546307841075FD433
:10F2C000C1060DD57068304B304A01884088CDE9C1
:10F2D00000017188F0680144306900F060FF4FE080
:10F2E00080074DD5687EFEF7F7FF040040D0274821
:10F2F00000682060688B60832348006860607068E5
:10F300000188A18303212176F1680A46491CA16284
:10F310002163521EC189A4F86010C089A4F862005C
:10F32000A4F84E1062652869206168696061287AD6
:10F3300000F08C00207216480168E160046001F062
:10F34000F5FB144901200870204600F0F9F9E08E21
:10F35000211DFFF774FD1221E0862046FFF77FFD97
:10F36000050008D000212046FEF768FF28467CBD36
:10F370004FF0FF307CBD2046BDE87C4000F08AB8ED
:10F3800000207CBD48020024F4010024F801002480
:10F390003C0200242402002470B50446007E08B11B
:10F3A000002070BD0320FEF7A3FA051EF9D02069E6
:10F3B0002861608B688301202876607E6876207AD9
:10F3C00040F002002872A07AA872607A6872206801
:10F3D0002860608B80B110490869A04202D1C068E2
:10F3E000086107E0086228B1C068A042FAD1096A42
:10F3F000E068C8600020E06002202146FEF740FA85
:10F4000006486861044814300168E960056001F04D
:10F410008DFB284670BD000024020024D3E20008C2
:10F420004020FEF759BF0000F0B5144D0024144EE3
:10F430004FF4404C4FF4804E4FF6FF77B088411C9C
:10F44000B180B84201D1A6F804C00021B28855F8B5
:10F450002100006809E0438B934205D1641CA4B2EB
:10F460007445EBD30020F0BDC0680028F3D1491CDF
:10F47000C9B20429EBD390B2F0BD0000640A0308BE
:10F48000240200240249D1E9020210448860704736
:10F49000240200242DE9F047044661480068A04298
:10F4A00002D10020BDE8F087B4F86010B4F84C0039
:10F4B000814200D20846E56E8146A07F80070FD5C5
:10F4C0004DB1E8684068FDF744FEA16C401A2989F7
:10F4D0000144494504D92046BDE8F04700F0B1BEDB
:10F4E000D4F870804FF0000A5FEA080001D182E092
:10F4F0008046D8F800000028FAD17CE0E8688089CE
:10F50000FDF729FE206FA8B1A17F11F0440F11D1A2
:10F51000E06E28B102686AB90089E28E904209D291
:10F52000B4F8660030B1B4F86800082802D211F0CF
:10F53000A00F6CD02868E066207E02280BD0102037
:10F54000FDF7F6FD0146E868828911438181A07FBD
:10F5500020F00300A0772146284600F099F8E868DB
:10F560004068FDF7F6FD0646E8688089FDF7F3FD83
:10F57000800700D00120298930440844216D091AF0
:10F5800000D52065E8688089FDF7E5FD800700D09B
:10F5900001202989C8422AD0C5F800A0206F70B187
:10F5A000E8684068FDF7D5FD0646D8F80C004068CD
:10F5B000FDF7CFFD301A16D504F1700602E025677D
:10F5C00013E03668306850B1C0684068FDF7C1FD8F
:10F5D0000746E8684068FDF7BCFD381AF1D430688A
:10F5E0002860356006E0C8F80050A84602E02846CA
:10F5F00000F010FEE56E55B1E8684068FDF7A9FD22
:10F60000A16C401A2989014449457FF677AFE06E25
:10F6100008B9A4F86AA0A07F20F08000A07740E796
:10F62000600200242DE9F04105460F4688189846EF
:10F63000143081B200220120FEF7E4FA060023D044
:10F64000688B7468FDF774FD2080A88BFDF770FD52
:10F650006080C4F80480A86AFDF768FDA060B8085F
:10F66000000300F5A04080B240F01000FDF760FDFF
:10F67000A081E88DFDF75CFDE081002020826082A2
:10F68000E98DA86A084428633046BDE8F08100008F
:10F690007CB50C460546886AFDF748FDE968886038
:10F6A000E08DFDF745FDE968C881E18DA06A084459
:10F6B0002063A87AEE681436C00709D0211D40F2F5
:10F6C000B450FFF7BCFB40F00170FDF72FFD306038
:10F6D0000026B4F93400401C00D1A6860CB1206885
:10F6E00030B9201DFDF742FA002825D0406820607F
:10F6F000A06B38B911480068A063E8684068FDF75E
:10F7000028FDE0636968A8898A88801A4A89121AE4
:10F710004A8169680A89101A08816968221DE868A7
:10F7200048600621E8680682607ACDE90001A37A84
:10F7300021466868FCF7BEFF7CBD00003002002453
:10F7400070B51E4E0546706800F114048089FDF7FF
:10F7500002FD0521B1EB103F1ED270688089FDF7D4
:10F76000FAFC6FF0040140F2B45601EB1030090CC2
:10F7700001EA800300210DE0605C00280CD0012824
:10F780000BD0022804EB010009D04078002803D0F8
:10F79000084481B29942EFD370BD491C0CE0427815
:10F7A000042AF9D1091D9942F6D8408842BAB242DA
:10F7B00000D802B93246EA8689B2EBE74802002453
:10F7C0002DE9F0411D460C469142DDE90637089EC1
:10F7D00011D2BF0707D49F7F7F060CD41EB1DE6E07
:10F7E0000EB91B6F3BB104F2B75121F003019142F6
:10F7F00000D80A4691B20022FEF704FA002804D08D
:10F800004189091B298004814481BDE8F08170B5DC
:10F810000446007E002816D00A2814D0012812D0F1
:10F82000606F002510B1FEF748FB65674FF0FF30B1
:10F83000A086E06E00F0FCFC206F00F0F9FCE566AD
:10F840002567A4F86A5070BD70B50C460146006883
:10F85000A04202D1C06808600BE0104906E0C06811
:10F86000A04203D1096AE068C86002E0002808628B
:10F87000F5D100252046E560FFF7C9FF207E0A2864
:10F880000AD0012808D0A07FC10705D040F00200AF
:10F89000A0772046FFF7FEFD257670BD24020024E8
:10F8A000C0F8841080F82020704700002DE9FC5F2C
:10F8B000C74E044600200090307841071CD5207EBA
:10F8C000022814D0A06AF1680A1A14D4A28D104438
:10F8D000081A00280FDC707840F008007070A07FD4
:10F8E00020F00100A0776FF00A00BDE8FC9F206DBA
:10F8F00031698842EFD069E1800709D5207E02286E
:10F9000006D0032804D0A07F40F00200A0775DE17C
:10F91000A07FC00602D4AF4800686062002084F86F
:10F9200092002046FFF70CFF207E4FF00109DFF820
:10F93000A8A24FF00A0BDFF8A482801EA84F082867
:10F94000A84DD8D2DFE800F0046EC0C4FBC0F0EFD1
:10F950003078C106CFD5800758D5206FC068406881
:10F96000FDF7F7FB3169401C88424CD1B4F86600C2
:10F97000401CA4F86600F0680246401CA062A16426
:10F98000521E20637068C189A4F86010211DC089CF
:10F99000A4F86200042062652076E08EFFF74FFA3B
:10F9A00000EB80014FF6FF72E08602EA4101A4F805
:10F9B0004E10B4F84C10012900D14000A4F84C00BE
:10F9C000B4F86800401EA4F86800206F0168216741
:10F9D0004C3400F01FFC606A4C3C70B10020A086E3
:10F9E00084F84600D4F880305BB1002220692146BB
:10F9F000984700900A3032D085E74FF0FF30A0865C
:10FA0000F0E70098F6E73078C006A3D57068764B2B
:10FA1000764A01884088CDE900017188F068014488
:10FA2000306943E03078C10643D5A16C3069411A92
:10FA3000012931D4216D411A00292DDC04202076C2
:10FA400063692BB1002220692146984710B909E06B
:10FA50006FF00D000A3002D02046FEF735FC6FF043
:10FA6000090042E7B4F84C50204600F0F3F8B4F82F
:10FA7000640010B1401EA4F86400E08E012D00D196
:10FA80004000A4F84C007078800611D5A07F40F0AB
:10FA90000200A077072050E07168534B0A8849881C
:10FAA000CDE900127288F1681144504A00F077FBEA
:10FAB0008CE0800707D5A06AF168401E884202D119
:10FAC000204600F000FB81E0204600F0C3F8DAE7B2
:10FAD000204600F0BFF87078800630784FEAC060AA
:10FAE00024D5002819DA206D3169884215D1A07F0C
:10FAF00040F00200A0772046FFF789FE3868A04258
:10FB000002D1C068386047E0286070B3C068A04286
:10FB1000FAD12968E068C8603EE0A07F40F00200AA
:10FB2000A077082009E043E020E008E000284DDA53
:10FB3000206D3169884249D10620207646E0204672
:10FB400000F088F87078800640D5A07F40F0020071
:10FB5000A0772046FFF75BFE3868A042D1D028602E
:10FB600018B1C068A042FAD1D3E715E0204600F0F2
:10FB700071F83078C00629D5206D3169884225D1C9
:10FB80002046FFF744FE3868A042BAD0286018B17A
:10FB9000C068A042FAD1BCE78AF8009084F818B097
:10FBA000D8F80010E160C8F8004000F0BFFF0DE099
:10FBB000204600F04FF83078C00607D5206D316937
:10FBC000884203D1707840F01000707000208CE6FD
:10FBD00048020024300200242402002440020024B1
:10FBE0003C02002444020024F4010024F801002413
:10FBF0002DE9F041456F044600206E7B6067E76F9A
:10FC00002FB1002320692A462146B84705E000238A
:10FC10002A462146184600F028FA6FF0090728B155
:10FC20000A3015D065670020BDE8F081B106FAD52D
:10FC3000A18DA1F5B052D03A01D0491CA185E56F44
:10FC400025B1002320691A462146A8470A30EAD187
:10FC50003846E9E72DE9F041FE4F04464FF0000633
:10FC60003878C0067DD5B4F86050A16D626DF86833
:10FC70006B18B2EB000C0BD4824202D13A698A1A9B
:10FC800006D43A69914217D17968C989A94213D932
:10FC90007968CA89A4F86020B4F86250C9898D4295
:10FCA00001D2A4F8621060653869A06594F89100EB
:10FCB00062B108B184F89160A26C3869811A002998
:10FCC00036DCA4F86460798841B12EE00028F3D1D5
:10FCD00084F89060012084F89100EDE7B4F860505A
:10FCE000A16D2944994220D1B4F9341000291CDBBC
:10FCF00082421AD194F84700411CC9B2814201D90D
:10FD000084F8471094F84700032809D9B4F84C0048
:10FD1000E18E014489B2814201D9A4F84C10A8E0D7
:10FD200002D1204600F0F8F9A3E084F84760A0E093
:10FD300001297AD4226D821A002A76DCA27F530729
:10FD400006D522F00402A277B4F84E20A4F84C2085
:10FD500084F84660B4F94030B4F8422002EBE30284
:10FD600000E0C2E0A4F84420A4F86410B4F86620CF
:10FD70001144A4F8661084F84760A064207E04282B
:10FD800033D3B4F84C00B4F84E108842E18E04D25C
:10FD9000014489B2814207D827E0494391FBF0F141
:10FDA000014489B2884220D2A4F84C101DE0286892
:10FDB00020676868FDF7F7FFB4F8640050B1E868A1
:10FDC0008089FDF7C8F9C00704D0B4F86400401E6C
:10FDD000A4F864006868FDF7E6FFB4F86810081A34
:10FDE000A4F86800284600F015FA206FC8B1C06872
:10FDF0004068FDF7AEF90546206FC0688089FDF7C1
:10FE0000AAF9800700D001202844256F29890844D9
:10FE10003969401A0028CADD1DB1A686E67728E0B8
:10FE200003E04FF0FF30A086F8E7A4F8646020E01C
:10FE30002868E06608B9A4F86A606868FDF7B3FF4F
:10FE4000B4F8640050B1E8688089FDF784F9C00710
:10FE500004D0B4F86400401EA4F864006868FDF79C
:10FE6000A2FFB4F86810081AA4F86800284600F049
:10FE7000D1F9E06EB8B1C0684068FDF76AF905468F
:10FE8000E06EC0688089FDF766F9800700D0012028
:10FE90002844E56E298901443869411A03D4216D4B
:10FEA000401A0028C4DDA06BF8B1E16B3A69891AE9
:10FEB0001BD569490988081AB4F94010A0EBE10084
:10FEC00000B201440AB2A4F84020002801DA4042FE
:10FED00000B2B4F94210A0EBA1000844A4F842001B
:10FEE00000EBE200A4F84400A6637B88002B7DD0E1
:10FEF000207E07287AD2A06AFA68584D811A012913
:10FF000024D41344C31A5B1C002B1FDC686842898D
:10FF10008A420ADA0289521A93B203E00381891AEB
:10FF20004681006842898A42F8DB494209B2FDF7FE
:10FF3000F6FFBA89A06A2989821A891A2981F8608C
:10FF4000E9684860A16A401A07D572E0101A04D522
:10FF5000A07F40F00200A0776BE0A18DA06A42185C
:10FF6000F9688A1A521C002A63DC884261D1E86869
:10FF70008089FDF7F0F8800700D001202989084426
:10FF800080B27880A18D81422DD2E8688089FDF70A
:10FF9000E2F8C0070ED0E8688089FDF7DCF800F0D1
:10FFA0003E00FDF7C5F80146E868828922F47C52DC
:10FFB00011438181A08D2881E8688089FDF7CBF805
:10FFC000800702D52889401E288129896868FDF7A5
:10FFD000D6FFE8688089FDF7BEF8800700D00120D1
:10FFE00029890844788080B2F96800E026E001445D
:10FFF000A162A18D081AA085204600F0F7FD68686F
:020000040801F1
:10000000018909B178616E60E8688089FDF7A3F81D
:10001000C00703D0787840F020007870A07FC10737
:1000200002D020F0010014E040F00100A077BDE80C
:10003000F0812046BDE8F04100F003B9A06AF968FC
:100040000A1A05D4A28D1044081A401C0028EEDDBF
:10005000A07F05E048020024300200245C40032415
:1000600040F00200E2E7C167704710B5140008468F
:1000700006D0218900F00BF82046FDF71EFF00E0B6
:100080000BB1002010BDBDE81040FEF76DBD10B5EE
:100090000446808D084441F2D06180B2A085884238
:1000A00000D9A185204600F0A1FD40F2B45188425C
:1000B00008DBA07F40F00200A0772046BDE810409A
:1000C000FFF7E8B910BD2DE9F041066F0546002E97
:1000D00020D0306805F16C04286700E024682068AF
:1000E00050B1C0684068FDF734F80746F0684068D2
:1000F000FDF72FF8381AF1D4206830600020266010
:10010000316809B9A5F86A0095F84610491C85F8C8
:100110004610A863BDE8F08110B50446006F0028C2
:1001200025D0A07F400722D42046FFF7CCFFB4F8AB
:100130004C00B4F86010884201D9480800E040083B
:10014000A4F84E0081B2E08EB1EB400F05D24FF61D
:10015000FF7101EA4001A4F84E1089B200EB4000A3
:100160000844A4F84C00A07F40F00400A07710BD24
:10017000016F002912D000E011460A68002AFBD165
:10018000C26E0A60016FC1660021016790F84620C7
:10019000521C80F846208163FFF77CB970472DE937
:1001A000FC5F1E4617460022884614218346012024
:1001B000DDE90C9AFDF726FD050029D06C6848465C
:1001C000FCF7B6FF20805046FCF7B2FF608058462F
:1001D000FCF7ACFF60604046FCF7A8FFA06045F26A
:1001E0001400FCF7A5FFA08106214DF21600E08166
:1001F000002020826082FF23CDE90001324639468B
:100200002846FCF757FA2846BDE8FC5FFDF755BEC7
:10021000BDE8FC9F10B5040009D0606808B1FDF787
:100220004CFE2146BDE810400420FDF729BB10BD5F
:1002300010B503E00468FFF7EDFF20460028F9D170
:1002400010BD7CB500250446006DFCF76FFF002251
:10025000034629462046FFF7E5F9050012D0A07FA6
:100260000621221D20F00300A077607ACDE900016D
:10027000A37A21462846FCF71DFA2846FDF71DFE05
:1002800000207CBD6FF001007CBD70B5C46E0546DA
:100290000CB909E00C4621680029FBD1E06880898F
:1002A000FCF759FF400705D02846BDE87040012102
:1002B000FEF7D5BD0120FCF73BFF0146E0688289CF
:1002C00011438181A87F40F02000A877002070BDF5
:1002D0008167704710B50C460121204600F0F4FA02
:1002E0000C20FDF711FA01002BD00120087000202E
:1002F000C1E901402046FEF76BF813492046FFF79D
:10030000B2FE12492046FEF7FFFD114901222046A8
:10031000FFF7C6FA0F492046FFF7DAFF0E480178CB
:1003200041F0200101700D4821798171A188090AED
:10033000C1716168090C01726168090E4172002087
:1003400010BD4FF0FF3010BDF1030108AD030108EF
:10035000D90301084F0501089C01002400AF0224C5
:1003600070B50C460546FEF7FFFB00212846FEF758
:100370002FF800212846FFF7ABFF00212846FFF7A2
:1003800072FE00212846FEF7BFFD002228461146D6
:10039000FFF786FA14B12046FDF786F90248017886
:1003A00021F02001017070BD9C01002410B50446AD
:1003B000014605A0F0F790F8002C04D02046BDE8D7
:1003C0001040FDF771B910BD746370206572726FD3
:1003D000723A25780D0A00000A46014610B50078E9
:1003E000022802D11046FFF7BBFF002010BD00001D
:1003F0002DE9F041160098460F4604464FF00005DF
:1004000008D0B8F1000F09D01046FDF756FD404660
:10041000BDE8F08102202070A2603EE02078012833
:1004200006D031893846FFF732FE0020A06031E067
:100430001B48C821F0F715FBDFF864803446C5F18E
:10044000C80260896168904202D908EB050003E0A8
:1004500008EB050302461846F0F78CFA608905445C
:10046000C82D02D82468002CE9D10E48017841F04B
:10047000400101700C4839798171B988090AC1714C
:100480007968090C01727968090E41723189384620
:10049000FFF7FDFD3046FDF710FD0020B8E7000036
:1004A00014B002249C01002400AF022470B50F4D4B
:1004B000002406E0FCF752FE641C0A20E4B2F9F7BF
:1004C000DFFE286808B1C82CF4D3094D2C6809E078
:1004D0002046FFF79CF9E068214628600446022088
:1004E000FDF7CEF9002CF3D170BD00003C020024D2
:1004F000400200242DE9F0410E4680461DE061686F
:100500000123404600F08CFB050002D0681C0ED091
:100510000EE067892068B06008B1FDF757FD2046FE
:10052000FDF7CBFC39464046FFF7B1FD00E0B46073
:100530004046FEF7AFFF002D07D1B468002C04D071
:100540006289B8F866008242D9D9BDE8F0810A46CE
:10055000014610B5806810B11046FFF7CBFF0020B0
:1005600010BD00002DE9FF5F4FF000084FF6FF704F
:1005700044464546F5F75EFBDFF834924FF4784089
:1005800010271E213B46C822C9F8000089A0CDE9EA
:1005900000700846F8F7A2F88BA01023C822CDE916
:1005A000007032211E20F8F799F88BA01023C82282
:1005B000CDE9007046211E20F8F790F88AA010239C
:1005C000C822CDE900705A211E20F8F787F88AA0CA
:1005D0001023C822CDE900706E211E20F8F77EF8A6
:1005E000C8210020FDF744FA06007CD08548427BF4
:1005F000017BCDE90012C37A83A1827A3046EFF7FE
:1006000077FF1023BB46D22282211E20CDE900763F
:10061000F8F764F841F6987A304681A15246EFF730
:1006200067FF1023D22296211E20CDE90076F8F72D
:1006300055F8FEF7F5FE029020B17D495246FDF7D0
:10064000C9FE48B14FF001085949DFF8E8911F2071
:10065000DFF8E4A108608AE00298FF21FEF79CFE23
:1006600076490390FDF733FEEEE70020F5F73CF9FD
:1006700004287DD0012802D1029800F0F9F899F8F9
:100680000000400622D54FF6FF700090BAF8020035
:10069000D2215746401E83B2BAF80000401E82B2F3
:1006A0001E20F5F7E3FB6649CDE900B17888D22139
:1006B000D23883B238881E3882B21E20F8F70EF87E
:1006C00099F8001021F0400189F8001099F8000015
:1006D00080062DD55DBB4B48427A017ACDE90012E8
:1006E000C379827900E061E056A13046EFF700FF60
:1006F00010235F46E622AA211E20CDE900B6F7F7B7
:10070000EDFF2B4D4FF47840286054A0CDE90070E8
:10071000BAF80210BAF80000BE391E388BB282B2A5
:10072000BE211E20F7F7DAFF1F202860012510E008
:100730007DB14FF6FF700090BAF80210BAF80000D1
:10074000491E401E8BB282B2AA211E20F5F78EFBF5
:100750000025FCF703FD0220F9F792FD641CE4B2CA
:10076000C82C04D1414800240221F2F7DEFC00E04D
:1007700003E0B8F1000F3FF478AF02980021FFF7D3
:10078000EFFD03980021FFF7EBFDFFF78FFE0298C6
:100790009421F0F788F903989421F0F784F904B0D4
:1007A00031460020BDE8F05FFDF756B9BDE8FF9F78
:1007B0002400002441706F6C6C6F2053544D333211
:1007C00046342F463700000054435020536572765C
:1007D000657220546573740041544F4D40414C493B
:1007E000454E54454B0000004B4559303A53656E19
:1007F00064206461746100004B45595F55503A5163
:100800007569740000AF02245365727665722049E1
:10081000503A25642E25642E25642E2564000000A0
:1008200053657276657220506F72743A25640000C9
:10083000F00903089C0100240C040024D5020108DF
:1008400014B00224436C69656E742049503A2564E3
:100850002E25642E25642E256400000052656365F4
:1008600069766520446174613A0000000004025812
:1008700070B504690646FCB1124D6868F0F710F8CF
:1008800081B203220020FDF7BDF9A0606868F0F78F
:1008900007F882B2A0686968FDF79EFB21463046E2
:1008A000FFF728FE287820F080002870A06808B1A3
:1008B000FDF703FB002070BDFDF706FD6FF009009A
:1008C00070BD00009C010024417670472DE9FC4773
:1008D000924F4FF4FA7A4FF00009F868401CF86024
:1008E000B878401CB870BC690026F8E094F8211074
:1008F000B878814201D1E468F1E084F82100002554
:10090000227EA846022A03D194F8460006281BD06E
:1009100094F846100C2919D094F89100C0B194F8BD
:1009200090107F4A491CC9B284F89010825C9142B1
:1009300044D3072884F8909002D2401C84F8910098
:10094000204600F0DCFA39E0012543E0012535E0DE
:10095000B4F93400002801DB401CA086206F68B386
:10096000B4F93400B4F94430984227DB022A0AD0A3
:10097000B4F94020B4F8420000EBE200694A515C4F
:100980008840A4F84400A4F83490B4F84C00B4F8BB
:100990006010884200D308464108A4F84E10E08E4B
:1009A000B1EB400F05D24FF6FF7101EA4001A4F808
:1009B0004E10A4F84C002046FFF7DAFB207E0628F4
:1009C00008D1A07FC00605D5606AF968081A2828F2
:1009D00000D96D1C207A000729D5207E042801D07B
:1009E000072824D15048D4F88C10D7F80CC00844FC
:1009F000B0FBFAF2606AACEB0000824203D26D1CDD
:100A00004FF0010813E094F8922042F29F4C12FB41
:100A10000CF201EBC201B1FBFAF1814207D2204690
:100A2000FEF72AFC94F89200401C84F89200207E85
:100A3000032802D0092807D00BE0606AF968081A79
:100A4000282806D96D1C04E0606AF968081AF028A5
:100A5000F8D84DB32046FEF7DAFEE0680EB1F0603C
:100A600000E0B861B8F1000F09D0A18B231D608BA5
:100A70002246CDE90001A16A206DFFF790FBD4F872
:100A800010800220D4F888502146E468FCF7F8FE74
:100A900087F800901DB36FF009014046A8473878E9
:100AA00000287FF420AF1AE02646E468F07F401C5F
:100AB000C0B2F07796F82010884210D386F81F90C5
:100AC00087F80090D6F8842032B1306931469047DB
:100AD00039780029E5D110B93046FEF7DBFC002C4F
:100AE0007FF404AFFC69002514E0606AF968081A15
:100AF000F0280DD92046FEF78AFEE0680DB1E860C7
:100B000000E0F86102202146E468FCF7B9FE01E04C
:100B10002546E468002CE8D1BDE8FC8724020024C7
:100B20001F0A0308540A0308B84C0A0008488168E1
:100B300000290CD10749084A09681268114306D0F8
:100B40000121816000220549FA20FDF721BB704791
:100B5000640200243C02002440020024910F01089A
:100B60001CB5164C21784A0726D48A0715D5826A07
:100B7000E1688B1A16D4838D1A448A1A002A11DC74
:100B800060680F4B02884088CDE9000260880D4AFA
:100B900001442069FFF703FB0EE0C90702D00A49B0
:100BA00009684162618839B1817F41F00201817732
:100BB000BDE81C40FEF76EBC00201CBD48020024AE
:100BC000F4010024F80100243002002410B5FEF7DF
:100BD0009FF905494878401C4870C00703D0BDE81C
:100BE0001040FFF773BE10BD2402002470B5858D40
:100BF00040F66836826AC48E016B5319B44200D93C
:100C000034460C441C1B02D4C585581A70BD531AB7
:100C1000002B01DD002100E0891AC185002070BD94
:100C20002DE9FF4F8BB0054600209046064607464B
:100C30000390824607900446059081460990ADF8DE
:100C40002000B5F86210E88EB0EB510F00D34808D1
:100C500006900C9860B1287E114604280DD0072814
:100C60000BD0022809D0032807D06FF00C0015E044
:100C70006FF00D000FB0BDE8F08F71B1B5F86600F0
:100C8000904203D3B5F86800082806D3A87F40F047
:100C900080014FF0FF30A97700E000200028E9D163
:100CA000E86EB5F868B0002862D0064600680028F3
:100CB000FBD1B07AC10700D00421800701D50C20F8
:100CC00000E000203389084419180698401A82B2BF
:100CD000B5F86A00ADF8200078B140453746414686
:100CE00000D201468946A0EB0900ADF8200004EBD4
:100CF0000901A2EB09008CB282B2444538D2002A25
:100D000036D0002B34D0A8EB0400904200DD104612
:100D1000374680B204900E98C00714D001210E9877
:100D2000009508ABCDE9010104990320FEF748FDC9
:100D3000002803906AD00C98049A0119039840681F
:100D4000EFF718FE0BE0049901220320FCF75AFF8D
:100D5000002803905AD00C98011903984160049818
:100D6000204484B20398FDF71EF858441FFA80FB14
:100D700063E0A8EB040081B2DDE90520801A80B2AF
:100D8000814200D8084604900E98C0071ED0BAF1E0
:100D9000000F19D000200E99009508ABCDE9011085
:100DA00004981044069A81B20020FEF709FD00283D
:100DB00001902BD00C9801190198426805981044B5
:100DC000049AEFF7D7FD15E00120E4E7049901222A
:100DD0000020FCF717FF070018D00C9800222044D1
:100DE000786005991046FCF70DFF019078B13946FF
:100DF000FCF7BCFF0198FCF7D6FF58441FFA80FBB4
:100E0000BBF1080F05D90198FDF757F867E03846A0
:100E1000FAE7099800220090E86D01990319284625
:100E2000FDF7C0FF07005AD0BAF1000F0CD00798A9
:100E3000076004980797204484B2444599D3B9F1D8
:100E4000000F1BD0746813E0BA46F2E7218901EB6A
:100E500009002081206850B961894A4660680844C9
:100E60000C99EFF787FD618901EB09006081246827
:100E7000002CEBD1318901EB09003081BDF8200055
:100E8000A5F86A00039840B170680399FCF76EFFFB
:100E900003983189008908443081EEB1C6F800A07A
:100EA000E96D01EB0800E865B5F86610A1EB0800F4
:100EB000A5F86600A5F868B067B1F86850B10E985B
:100EC000800707D40820FCF733F90146F8688289C7
:100ED000114381810020CDE6C5F86CA0E0E7A87F32
:100EE00040F08000A877039808B1FCF7E6FFBAF15C
:100EF000000001D0FFF79CF94FF0FF30BAE62DE972
:100F0000FC41046F054614B9EC6E002C3ED0E0683D
:100F10008089FCF720F9C00701D02089C8B10020E2
:100F20005FEA000817D00022E068002143682846E5
:100F3000FEF778FB070029D07E68B8F1000F0CD0CF
:100F40001120FCF7F5F8B18921F47C510843B081F8
:100F50000DE00120E4E70122E6E7606806F11401F4
:100F600023890289D21A93B20122FCF772FF06216B
:100F700000202A1DCDE90001AB7A29463846FBF74F
:100F800099FB3846BDE8FC41FCF797BFBDE8FC8102
:100F900010B5FFF71BFE08480849006809680843B8
:100FA00006D000220649BDE81040FA20FDF7F0B84F
:100FB00004490020886010BD3C0200244002002447
:100FC000910F0108640200240B490A4A10B5C1E9D7
:100FD000002000208860C860086188610C2048619A
:100FE0000846F4F7E5F9BDE810400449012202483B
:100FF000F4F754BA00100140400300240C00002410
:101000002DE9F047234E00256FF0070973680FE0C4
:10101000984201D101250AE05C8A944207D183B34A
:101020001F6877B369B30C685CB3A7422AD0DB684A
:10103000002BEDD101B109680160FAB9776800248D
:101040004FF440484FF6FF7C4FF4804A3288511CE1
:101050003180624501D1A6F800803946328809E026
:101060004B8A934205D1641CA4B25445EED30022AE
:1010700003E0C9680029F3D192B212B1428225B1CE
:1010800006E0FFE74846BDE8F0877168C160706020
:101090000020F8E77002002470B51646428A0D461B
:1010A000044622B90146FFF7ABFF002810D155B125
:1010B000286860600A4AA682207C40F00400207400
:1010C0005068014606E00020F3E7844201D1002089
:1010D00070BDC0680028F8D1E1605460F7E70000F7
:1010E0007002002410B5044600F0A6FA2046BDE8C0
:1010F000104000F071BB00002DE9F0475FEA0208E4
:1011000099460E464FF00005DDF820A030D01B4870
:10111000C821EFF7A6FC194F4446C5F1C800628903
:10112000824200D9024661687819EFF723FC608992
:101130000544C82D02D82468002CEED11049D9F8F6
:1011400000007060A6F814A08871B088000AC87109
:101150007068000C08727068000E487209480178C7
:1011600041F0400101704046BDE8F047FCF7A5BEE4
:10117000BDE8F047084600F05FBA0000DCB002248A
:1011800000AF0224A401002470B50C4D0646686827
:10119000EFF786FB81B203220020FCF733FD040049
:1011A0000AD0686821466060304600F02BFB20467C
:1011B000BDE87040FCF781BE70BD0000A4010024B2
:1011C0002DE9FC414FF6FF70F4F734FD414F4FF429
:1011D000784010261E213346C82238603EA0CDE953
:1011E00000600846F7F77AFA40A01023C822CDE93C
:1011F000006032211E20F7F771FA3FA01023C822A9
:10120000CDE9006046211E20F7F768FA3EA01023C2
:10121000C822CDE900605A211E20F7F75FFA3EA0F0
:101220001023C822CDE900606E211E20F7F756FA80
:1012300064210020FCF71CFC050048D0394C3AA181
:10124000A27AA271E37AE371207B20720090284693
:10125000EFF74EF91023D22296211E20CDE900652A
:10126000F7F73CFA1F2038602846EFF719FB1E21DC
:1012700001EBC0001FFA80F8002003239621CDE97E
:101280000060627A4046F7F753FA80270020F4F7AF
:101290002BFB042815D00028F8D0012802D0032801
:1012A00003D005E0607A401C01E0607A401E607265
:1012B000CDE90067627A032396214046F7F738FAB2
:1012C000E4E72946BDE8FC410020FCF7C5BBBDE8CA
:1012D000FC8100002400002441706F6C6C6F20536F
:1012E000544D333246342F463700000055445020C9
:1012F000546573740000000052656D6F7465204979
:1013000050205365740000004B4559303A2B202083
:101310004B4559323A2D00004B45595F55503A4FD5
:101320004B00000000AF022452656D6F74652049C8
:10133000503A25642E25642E25642E002DE9FE4F9B
:101340004FF000084446FFF73BFF4FF6FF70F4F7FD
:1013500071FCDFF800B24FF4784010271E213B46A5
:10136000C822CBF800007CA0CDE900700846F7F752
:10137000B5F97EA01023C822CDE9007032211E20CD
:10138000F7F7ACF97CA01023C822CDE90070462104
:101390001E20F7F7A3F97CA01023C822CDE9007026
:1013A0005A211E20F7F79AF97BA01023C822CDE915
:1013B00000706E211E20F7F791F9C8210020FCF77C
:1013C00057FB05007ED0774E717B307BCDE9000165
:1013D000F37A75A1B27A2846EFF78AF81023D22261
:1013E00082211E20CDE90075F7F778F9717A307AFD
:1013F000CDE90001F37972A1B2792846EFF778F8C8
:101400001023D22296211E20CDE90075F7F766F948
:1014100041F69979284670A14A46EFF769F81023FA
:10142000D222AA211E20CDE90075F7F757F91F2017
:10143000CBF800006CA01023D222CDE90070BE21B1
:101440001E20F7F74BF900F0B7F95FEA000A78D0F1
:10145000D6F807104A46B0794E4640EA012002907D
:1014600002A95046FFF718FE00286AD163493246A8
:101470005046FFF7C5FD002863D161490022504660
:1014800000F0A7F95FA0B94610233E46D222CDE96D
:101490000070BE211E20F7F721F94FF47840CBF8F9
:1014A00000005DA05F46D221CDE900605E4E7088ED
:1014B000BE3883B230881E3882B21E20F7F70EF98C
:1014C0001F2000E044E03860584F0020F4F70CFA89
:1014D000042836D0012802D15046FFF755FE38784F
:1014E00040061DD54FF6FF7000907088E621401E23
:1014F00083B23088401E82B21E20F4F7B7FC4C49FC
:10150000CDE900917088E621E63883B230881E3834
:1015100082B21E20F7F7E2F8387820F040003870E9
:10152000FBF71CFE0220F8F7ABFE641CE4B2C82CEB
:1015300004D1404800240221F1F7F7FDB8F1000F73
:10154000C3D05046FFF7CEFD00202946FCF784FAB1
:10155000BDE8FE8F2400002441706F6C6C6F205337
:10156000544D333246342F46370000005544502046
:10157000546573740000000041544F4D40414C4984
:10158000454E54454B0000004B4559303A53656E6B
:1015900064206461746100004B45595F55503A51B5
:1015A0007569740000AF02244C6F63616C20495070
:1015B0003A25642E25642E25642E25640000000043
:1015C00052656D6F74652049503A25642E25642E4E
:1015D00025642E256400000052656D6F74652050EF
:1015E0006F72743A256400005354415455533A4481
:1015F0006973636F6E6E656374656400F009030858
:10160000F91001085354415455533A436F6E6E65B7
:1016100063746564202020005265636569766520E7
:10162000446174613A0000000C040024A401002409
:10163000DCB0022400040258002141608182017C58
:1016400021F0040101747047704700002DE9F84F44
:10165000D0F804B0824602890F4608219BF80000AA
:1016600000F00F0001EB80018A427DD380004142EF
:101670005046FCF754FC002876D1DFF8309139460B
:10168000DAF80440D9F80000FAF78AFE0546208807
:10169000FBF761FD06466088FBF75DFDDFF810E1B2
:1016A00000244428034605D04249002210464C68D5
:1016B000009444E0432E46D1386AE8B34068D8B37A
:1016C000011D05D0416819B1DEF8002091423AD1E0
:1016D00004463DE0618A99422FD115B99CB1216839
:1016E00089B1D4F80080D9F800C0E0450BD025B30B
:1016F0004CB1B8F1000F06D0B96808EA01080CEA4D
:10170000010CE04519D118B9217C490700D42046C5
:10171000A18AB14211D1211D05D0616819B1DEF84D
:1017200000C0614509D12AB1E168D1602149009A20
:10173000E2604C602CB10BE005E02246E468002C2E
:10174000C8D1040004D17968D9F80000814227D1BA
:101750006FF007015046FCF7E2FB28B95CB1A569C0
:1017600015B1134B009600E01AE0E069524621469D
:10177000A847BDE8F88F9DB999F80000C0F30310A1
:101780000E280DD09BF8000000F00F01082000EBA0
:1017900081015046FCF7C3FB03215046FAF71EFDBA
:1017A0005046BDE8F84FFCF788BB0000F801002464
:1017B000F401002470020024012010B5FCF798F811
:1017C000040004D02021EFF76EF9FF20A07220461C
:1017D00010BDC0E90612704709494A68824209D122
:1017E000D2684A6008E0D16819B1814201D1C1686C
:1017F000D1600A46002AF6D101460120FCF740B824
:1018000070020024838A021DAFF30080F8B51D46E4
:101810000E46074614461046FBF7A8F938B12B468A
:10182000224631460090384600F004F8F8BD6FF0CB
:101830000300F8BD2DE9FE4F9246428A98460F46B6
:10184000DDF83090054622B90146FFF7D9FB0028A4
:1018500014D108213846FCF762FB88B10022082128
:101860000120FCF7CFF9040006D0388948B1394689
:101870002046FCF78FFA04E04FF0FF30BDE8FE8F02
:101880003C46688A6668FBF753FC30804046FBF7AD
:101890004FFC70800020F0806DB1286858B1D9F8F5
:1018A000041088420AD0BC4202D02046FCF705FB57
:1018B0006FF00500E2E709F1040800E0A84620897E
:1018C000FBF736FCB0801122697A20468DE80602CB
:1018D000AB7A52464146FAF707FFBC42054602D0B2
:1018E0002046FCF7EAFA2846C8E7000070B594B035
:1018F000064613AB694611AA00F0DCF9002824D192
:101900001E4C04258DF8400014E0206805EBC10151
:1019100013AB12AA405808A900F0CCF9002814D142
:1019200008A8694600F001FC88B19DF84000401C01
:101930008DF84000207D9DF840108842E5D8207D3C
:101940009DF8401088420ED1042014B070BD9DF85F
:1019500048009DF84410884201D90220F5E79DF81F
:101960004000A075EBE710A9304600F057FA0028B8
:10197000EBD19DF8400060750020E6E7940000245C
:101980002DE9F0417E4E9AB0B57D307DA8427CD9DC
:101990003068042101EBC50119AB18AA405810A901
:1019A00000F088F910A977A0EEF796FD00240DF15C
:1019B000180832E00121308BA140084217D02221C3
:1019C00072A0EEF789FD204600F090FA81192431CB
:1019D0006FA0EEF781FD22216CA0EEF77DFD204681
:1019E00000F084FA3044243048F824000BE020460C
:1019F00000F07CFA3044416A48F82410F07D00B3CE
:101A000064A0EEF769FD9DF86000401E844202D09C
:101A100062A0EEF761FD641CE4B29DF860008442B0
:101A2000C8D35FA0EEF758FD00F0A6FA707D0B2832
:101A300014D2DFE800F0080D31384048525E6B7870
:101A4000890058A0DDE7306850F83500804704E091
:101A5000306850F8351006988847074600F058FA65
:101A60009DF8640001286ED04FA0EEF735FD96F882
:101A7000EC0000280DD0D6F8F0000A21B0FBF1F2FE
:101A800001FB1202B0FBF1F100E002E047A0EEF72B
:101A900023FD1AB0BDE8F081306850F83520DDE94B
:101AA00006019047D9E7306806AC50F8353094E825
:101AB00007009847D1E7306806AF50F8354097E8FF
:101AC0000F00A047C9E70A9806AF0090306850F8A9
:101AD000354097E80F00A047BFE7DDE90A0106AFF0
:101AE000CDE90001306850F8354097E80F00A04775
:101AF000B3E70AAB06AF93E807008DE8070030684C
:101B000050F8354097E80F00A047A6E70AAC06AFAB
:101B100094E80F008DE80F00306850F8354097E8E2
:101B20000F00A04799E70BAC06AF94E80F0001AC9B
:101B300084E80F000A980090306850F8354097E824
:101B40000F00A04789E711E00CAC06AF94E80F0046
:101B500002AC84E80F00DDE90A01CDE9000130683C
:101B600050F8354097E80F00A04776E7F07D3946FA
:101B700018B116A0EEF7B0FC79E717A0FAE700005D
:101B8000940000240D0A257328000000256300003E
:101B90002573000030582558000000002C0000007C
:101BA00029000000256C64003B0D0A0046756E6339
:101BB00074696F6E2052756E2054696D653A2564A4
:101BC0002E2531646D730D0A000000003D3058254C
:101BD000583B0D0A000000003D256C753B0D0A00C6
:101BE000F0B500252E462F462C4603782C2B03D02B
:101BF000292B04D01BB103E014B9012600E00CB37B
:101C000017B1222B2AD02AE0A3F1300CBCF1090F26
:101C100019D92D2B17D02B2B15D0A3F1610CBCF1AA
:101C2000050F10D9A3F1410CBCF1050F0BD9582BAE
:101C300009D0782B07D0222B0CD0202B1ED02C2B98
:101C40001CD0FF270CE05EB9612B00D3203B01F8CC
:101C5000013B13E026B901273C460FE0002426B1E2
:101C60000020087028461770F0BD3CB15C2B02D1F3
:101C70006D1C401CEDB2037801F8013B6D1C401C4B
:101C8000EDB2B2E730B5002515700AE001F8014B5E
:101C90001478401C641CE4B214709C4201D30120EF
:101CA00030BD0478202C01D0002CEFD100200D7025
:101CB00030BD00002DE9FF4F0024984682B08946D0
:101CC0000125A2462746264602992246EB4615E004
:101CD000202810D002F07F03052B0CD202B98022FD
:101CE00002F07F03042B01D12A280AD1521C0BF8E1
:101CF0000300D2B201E0852A04D0491C08780028EC
:101D0000E6D16AB102F07F02002042A10BF8020086
:101D1000584600F00AFA38B1012188F80010002274
:101D2000029B4FF0000815E0002088F80000F6E75D
:101D300008F1010000F0FF0813F8010F202801D07E
:101D40002A2807D1184600F07DF9282802D02A2831
:101D500000D0C2461878282801D00028E8D102997E
:101D6000BAF1000F01D05144491C4FF0000843461E
:101D7000087888B1282804D0292806D0222810D035
:101D800011E083B9641CE4B20DE063B924B1641EB0
:101D900014F0FF0402D00DE04FF00108012F27D00E
:101DA0002FE04BB100234CB12C280CD0202816D0AA
:101DB000282814D05AB110E00123F4E7202815D0C8
:101DC00009F8010B12E00125521CD2B207E0052EE2
:101DD00003D20BF80600761CF6B26D1CEDB2012C96
:101DE00004D1022D02D103257F1CFFB2491CBFE79D
:101DF00000200BF8060007A1684600F096F900B92C
:101E0000002704980770002089F8000006B04046BB
:101E1000BDE8F08F766F6964000000002DE9F043A3
:101E2000314D0024B5B08946214622466B18491C25
:101E3000C9B20A299A76F9D302E010F8011F99B1C4
:101E400001782829F9D1461C4FF0010833AA6946C8
:101E50003046FFF7C5FE06449DF8CC0040B101288E
:101E600024D0FF2836D10BE0012035B0BDE8F08347
:101E70009DF8000070B334A9684600F0EBF808B193
:101E80000220F2E7204600F031F8284434994162FC
:101E9000298B08FA04F081432983042029198876C4
:101EA000641CE4B20A2C15D90320DEE7684600F072
:101EB00051F9471C204600F019F8411968462431B1
:101EC00000F03FF9298B08FA04F00143298328190F
:101ED0008776E5E73078292801D00028B6D10020A0
:101EE00089F80040C1E70000940000240246074B37
:101EF0000020014610B505E05C18491CC9B2A47E5B
:101F00002044C0B29142F7D310BD000094000024D9
:101F1000094800680169C943CA070849D1F8F02097
:101F200004D14FF6FF731A44C1F8F020406A104400
:101F3000C1F8F00070470000C0AE022494000024F5
:101F400000EBC00101EB00104FF0FF3110B501EBC9
:101F5000800081B24FF47A70F7F76EFD01490120DD
:101F6000C87510BD940000240346012000E05843CA
:101F7000491EC9B2FBD2704707486FF001010268E1
:101F80001161090C0268D162C160002100684162E0
:101F90000248C0F8F0107047C0AE0224940000243C
:101FA0002DE9F041164E3088010426D51549C0B2FE
:101FB000154F00250D54B9681248884704000FD00A
:101FC000104800F0D1F8012801D0040014D0012CF1
:101FD00009D0022C09D0032C09D0042C0CD108E024
:101FE000F868804708E009A004E00BA002E00DA01B
:101FF00000E00FA0EEF770FA3580BDE8F081000038
:102000000E0000247802002494000024BAAFCAFD18
:10201000B4EDCEF3210D0A00B2CECAFDB4EDCEF37D
:10202000210D0A00B2CECAFDCCABB6E0210D0A00EC
:10203000CEB4D5D2B5BDC6A5C5E4B5C4BAAFCAFD48
:10204000210D0A0010F8011F202901D10028F9D123
:10205000C8B270472DE9F0430E464FF00A0800243D
:102060000146254634600A78A2F13003092B14D9C1
:1020700003782D2B01D02B2B00D174B1A2F1410399
:10208000052B0AD9582A05D012F0FF0F17D00120CE
:10209000BDE8F083012C02D0F9E7412A01D34FF0CB
:1020A000100802782D2A04D02B2A04D0641CE4B234
:1020B00003E0022500E00125401C491CD3E7B8F1EC
:1020C000100F074601D084B112E0032C01D2022088
:1020D000DEE73878302802D17878582801D00320FC
:1020E000D6E7A41EBF1CE4B201E00420D0E70CB187
:1020F000641EE4B2387801463038092801D8814698
:1021000001E0A1F1370921464046FFF72DFF326873
:1021100009FB0020306017F8011F0029E7D1022DCC
:1021200001D1404230600020B2E702780B789A4239
:1021300001D00120704712B1401C491CF5E7002076
:10214000704702780A700278002A02D0401C491CAD
:10215000F7E77047002102781AB1491C401CC9B248
:10216000F9E7084670470000F0B58DB004461E231D
:10217000694608AAFFF786FD0028099072D19DF8EC
:10218000200027183E4C00258DF820509DF8200097
:1021900054F820106846FFF7C8FF38B19DF82000BA
:1021A000401CC0B28DF820000728EFD39DF8200016
:1021B0000426344C072855D2DFE800F00404395ACD
:1021C000605F5E0030A0EEF787F930A0EEF784F98B
:1021D0003EA0EEF781F94DA0EEF77EF95BA0EEF799
:1021E0007BF96AA0EEF778F978A0EEF775F986A08A
:1021F000EEF772F98BA0EEF76FF993A0EEF76CF99A
:1022000097A0EEF769F99CA0EEF766F9A1A0EEF7AA
:1022100063F9A7A0EEF760F9B3A0EEF75DF9C0A0EF
:10222000EEF75AF9CBA0EEF757F9D7A01BE016A0AE
:10223000EEF752F9E4A0EEF74FF98DF820500BE0DD
:10224000216806EBC0000958EFA0EEF745F99DF8AC
:102250002000401C8DF82000217D9DF82000814247
:10226000EED856E257E2EEF737F900200DB0F0BD98
:1022700005A0EEF731F9CBE12CE20CE2EBE1000036
:1022800058000024940000240D0A00002D2D2D2D4F
:102290002D2D2D2D2D2D2D2D2D2D2D2D2D2D2D2D6E
:1022A0002D2D2D2D55534D4152542056332E332D67
:1022B0002D2D2D2D2D2D2D2D2D2D2D2D2D2D2D2D4E
:1022C0002D2D2D2D2D2D2D200D0A0000202020201C
:1022D00055534D415254CAC7D3C9414C49454E5438
:1022E000454BBFAAB7A2B5C4D2BBB8F6C1E9C7C9AE
:1022F000B5C4B4AEBFDAB5F7CAD4BBA5BDBBD7E988
:10230000BCFE2CCDA8B9FD200D0A0000CBFC2CC4CE
:10231000E3BFC9D2D4CDA8B9FDB4AEBFDAD6FACAEC
:10232000D6B5F7D3C3B3CCD0F2C0EFC3E6B5C4C8BB
:10233000CEBACEBAAFCAFD2CB2A2D6B4D0D02ED26D
:10234000F2B4CB2CC4E3BFC90D0A0000D2D4CBE653
:10235000D2E2B8FCB8C4BAAFCAFDB5C4CAE4C8EB8F
:10236000B2CECAFD28D6A7B3D6CAFDD7D6283130FB
:102370002F3136BDF8D6C62CD6A7B3D6B8BACAFD0B
:1023800029A1A2D7D6B7FBB4AE0D0A00A1A2BAAF5D
:10239000CAFDC8EBBFDAB5D8D6B7B5C8D7F7CEAA4D
:1023A000B2CECAFD292CB5A5B8F6BAAFCAFDD7EE94
:1023B000B6E0D6A7B3D63130B8F6CAE4C8EBB2CE91
:1023C000CAFD2CB2A2D6A7B3D60D0A00BAAFCAFD79
:1023D000B7B5BBD8D6B5CFD4CABE2ED6A7B3D6B262
:1023E000CECAFDCFD4CABEBDF8D6C6C9E8D6C3B9D9
:1023F000A6C4DC2CD6A7B3D6BDF8D6C6D7AABBBB1D
:10240000B9A6C4DC2E0D0A00BCBCCAF5D6A7B3D64B
:102410003A7777772E6F70656E6564762E636F6D91
:102420000D0A000055534D415254D3D037B8F6CF62
:10243000B5CDB3C3FCC1EE28B1D8D0EBD0A1D0B498
:10244000293A0D0A000000003F3A202020202020D9
:10245000BBF1C8A1B0EFD6FAD0C5CFA20D0A0000DB
:1024600068656C703A202020BBF1C8A1B0EFD6FAA5
:10247000D0C5CFA20D0A00006C6973743A202020E9
:10248000BFC9D3C3B5C4BAAFCAFDC1D0B1ED0D0A3F
:102490000A00000069643A2020202020BFC9D3C36D
:1024A000BAAFCAFDB5C44944C1D0B1ED0D0A0A00A6
:1024B0006865783A20202020B2CECAFD3136BDF8BA
:1024C000D6C6CFD4CABE2CBAF3B8FABFD5B8F12B52
:1024D000CAFDD7D6BCB4D6B4D0D0BDF8D6C6D7AA1C
:1024E000BBBB0D0A0A0000006465633A202020206F
:1024F000B2CECAFD3130BDF8D6C6CFD4CABE2CBAD2
:10250000F3B8FABFD5B8F12BCAFDD7D6BCB4D6B450
:10251000D0D0BDF8D6C6D7AABBBB0D0A0A000000B2
:1025200072756E74696D653A312CBFAAC6F4BAAF84
:10253000CAFDD4CBD0D0BCC6CAB13B302CB9D8B1BF
:10254000D5BAAFCAFDD4CBD0D0BCC6CAB13B0D0AF8
:102550000A000000C7EBB0B4D5D5B3CCD0F2B1E0DF
:10256000D0B4B8F1CABDCAE4C8EBBAAFCAFDC3FB68
:10257000BCB0B2CECAFDB2A2D2D4BBD8B3B5BCFCFB
:10258000BDE1CAF82E0D0A002D2D2D2D2D2D2D2D3E
:102590002D2D2D2D2D2D2D2D2D2D2D2D2D2D2D2D6B
:1025A0002D2D414C49454E54454B2D2D2D2D2D2D76
:1025B0002D2D2D2D2D2D2D2D2D2D2D2D2D2D2D2D4B
:1025C0002D2D2D200D0A00002D2D2D2D2D2D2D2DE5
:1025D0002D2D2D2D2D2D2D2D2D2D2D2D2D2D2D2D2B
:1025E0002DBAAFCAFDC7E5B5A52D2D2D2D2D2D2D4D
:1025F0002D2D2D2D2D2D2D2D2D2D2D2D2D2D2D2D0B
:102600002D2D2D2D200D0A0025730D0A0000000030
:1026100042A0EDF761FF8DF8205016E0216806EB2F
:10262000C0000BAB0AAA08586946FFF743FB9DF8A8
:102630002010206850F8312048A06946EDF74CFF83
:102640009DF82000401C8DF82000217D9DF8200081
:102650008142E3D85DE0AFF2D030EDF73DFF08AA4C
:1026600069463846FFF7BCFA9DF82000002843D1A0
:1026700009A96846FFF7EEFC8DF8200010B1042888
:102680003AD102E009993AA01CE03CA0EDF724FF02
:102690000120E0753DE038A0EDF71EFF08AA69466D
:1026A0003846FFF79DFA9DF8200028BB09A9684627
:1026B000FFF7D0FC8DF8200010B104281CD104E0F5
:1026C000099933A0EDF708FF23E034A0EDF704FFEC
:1026D000E5751EE028A0EDF7FFFE08AA694638461A
:1026E000FFF77EFA9DF8200030B909A96846FFF788
:1026F000B1FC8DF8200008B10220B7E5099810F070
:10270000FF0084F8EC0001D029A000E02FA0EDF735
:10271000E3FE19A0A7E50120A8E500002D2D2D2D31
:102720002D2D2D2D2D2D2D2D2D2D2D2D2D2D2D2DD9
:102730002D2D2D2D2DBAAFCAFD204944202D2D2D34
:102740002D2D2D2D2D2D2D2D2D2D2D2D2D2D2D2DB9
:102750002D2D2D2D2D2D2D2D200D0A0025732069B9
:10276000642069733A0D0A3058253038580D0A0034
:102770004845583A305825580D0A00003136BDF802
:10278000D6C6B2CECAFDCFD4CABE210D0A00000003
:102790004445433A256C750D0A0000003130BDF800
:1027A000D6C6B2CECAFDCFD4CABE210D0A000000E3
:1027B00052756E2054696D652043616C63756C6160
:1027C00074696F6E204F4E0D0A00000052756E2026
:1027D00054696D652043616C63756C6174696F6EDB
:1027E000204F46460D0A0000016070474FF04070D0
:1027F000E1EE100A7047000000000102030401022C
:10280000030406070809010002000400060008008E
:102810000A000C00100020004000800000010000B1
:1028200000000000000000000000000000003F4029
:1028300000000000000000003000400030004000B8
:10284000000009000BC03D000BC03D00090018C08E
:1028500024407FE0224031800000180024C01B008B
:102860000D803240018003801C4027401C800740BF
:1028700000401000600000000000000000000000A8
:10288000000000001F802040402000004020204029
:102890001F8000000000090006001F8006000900DC
:1028A0000000040004003F80040004000000001049
:1028B00000600000000000000000040004000400AC
:1028C00004000400000000000040000000000000C0
:1028D0000000002001C006003800400000001F80FA
:1028E0002040204020401F800000000010403FC0DA
:1028F00000400000000018C0214022402440184041
:10290000000010802040244024401B800000020072
:102910000D0011003FC0014000003C8024402440D5
:102920002440238000001F80244024403440038042
:1029300000003000200027C03800200000001B806D
:102940002440244024401B8000001C0022C0224060
:1029500022401F800000000000000840000000002E
:102960000000000000000460000000000000000003
:1029700004000A00110020804040090009000900FD
:1029800009000900000000004040208011000A00FA
:1029900004001800200023402400180000001F80BD
:1029A0002040274029401F400000004007C0390058
:1029B0000F0001C0004020403FC0244024401B8045
:1029C00000001F8020402040204030800000204038
:1029D0003FC0204020401F80000020403FC02440D6
:1029E0002E4030C0000020403FC024402E00300068
:1029F00000000F0010802040224033800200204061
:102A00003FC0040004003FC02040204020403FC0A1
:102A10002040204000000060202020203FC02000F7
:102A2000200020403FC024400B0030C02040204008
:102A30003FC020400040004000C03FC03C0003C0F9
:102A40003C003FC0000020403FC00C4023003FC07E
:102A500020001F802040204020401F800000204098
:102A60003FC024402400180000001F802140214066
:102A700020E01FA0000020403FC02440260019C0D5
:102A8000004018C024402440224031800000300023
:102A900020403FC020403000000020003F80004028
:102AA00000403F80200020003E0001C007003800A9
:102AB0002000380007C03C0007C03800000020405C
:102AC00039C0060039C0204000002000384007C04F
:102AD000384020000000304021C02640384020C04F
:102AE0000000000000007FE04020402000000000C7
:102AF00070000C00038000400000000040204020D7
:102B00007FE00000000000002000400020000000E6
:102B10000000001000100010001000100010000055
:102B2000000040000000000000000000028005409E
:102B3000054003C0004020003FC004400440038023
:102B40000000000003800440044006400000000034
:102B50000380044024403FC0004000000380054043
:102B6000054003400000000004401FC024402440F2
:102B70002000000002E005500550065004202040CF
:102B80003FC00440040003C000400000044027C0D0
:102B900000400000000000100010041027E00000BA
:102BA000000020403FC00140070004C00440204016
:102BB00020403FC000400040000007C0040007C0A4
:102BC000040003C00000044007C00440040003C028
:102BD0000040000003800440044003800000041013
:102BE00007F004500440038000000000038004400C
:102BF000045007F00010044007C002400400040025
:102C00000000000006400540054004C00000000030
:102C100004001F80044000400000040007800040C2
:102C2000044007C000400400070004C00180060003
:102C30000400060001C0070001C0060000000440B7
:102C400006C0010006C0044000000410071004E0A4
:102C50000180060004000000044005C00640044056
:102C600000000000000004007BE0402000000000A5
:102C700000000000FFF000000000000040207BE0AA
:102C80000400000000004000800040002000200000
:102C900040000000000000000000000000000000F4
:102CA00000000000000000001FCC000C000000002D
:102CB00000000000080030006000080030006000E4
:102CC0000000022003FC1E20022003FC1E20022024
:102CD000000000000E1811043FFF10840C78000063
:102CE00000000F0010840F3800C0077818840078A7
:102CF000000000780F8410C411240E9800E40084B2
:102D000000080800680070000000000000000000DB
:102D1000000000000000000007E018182004400236
:102D20000000000040022004181807E00000000026
:102D300000000240024001800FF00180024002408A
:102D400000000080008000800FF80080008000807C
:102D500000000001000D000E000000000000000057
:102D60000000000000800080008000800080008063
:102D700000800000000C000C0000000000000000BB
:102D80000000000000060018006001800600180026
:102D90002000000007F0080810041004080807F0DD
:102DA00000000000080408041FFC000400040000E8
:102DB000000000000E0C10141024104411840E0C9E
:102DC000000000000C1810041104110412880C708B
:102DD0000000000000E00320042408241FFC00245D
:102DE000000000001F981084110411041088107056
:102DF0000000000007F00888110411041888007012
:102E0000000000001C00100010FC13001C0010004B
:102E1000000000000E3811441084108411440E3854
:102E2000000000000700088C10441044088807F0D8
:102E30000000000000000000030C030C0000000074
:102E4000000000000000000101060000000000007A
:102E50000000000000800140022004100808100457
:102E60000000022002200220022002200220022074
:102E70000000000010040808041002200140008037
:102E8000000000000E001200100C106C10800F00EB
:102E9000000003E00C1813E4142417C4082807D01A
:102EA00000000004003C03C41C40074000E4001C78
:102EB000000410041FFC1104110411040E8800709A
:102EC000000003E00C1810041004100410081C107B
:102ED000000010041FFC100410041004080807F080
:102EE000000010041FFC1104110417C4100408187A
:102EF000000010041FFC1104110017C0100008008E
:102F0000000003E00C181004100410441C7800406A
:102F1000000010041FFC10840080008010841FFC3F
:102F200010040000100410041FFC10041004000022
:102F3000000000030001100110011FFE100010002E
:102F4000000010041FFC110403801464181C1004FA
:102F5000000010041FFC1004000400040004000C16
:102F6000000010041FFC1F0000FC1F001FFC1004C9
:102F7000000010041FFC0C04030000E010181FFCEC
:102F8000100007F00808100410041004080807F0E7
:102F9000000010041FFC10841080108010800F00AF
:102FA000000007F0081810241024101C080A07F26B
:102FB000000010041FFC1104110011C011300E0C90
:102FC000000400000E1C11041084108410441C38EE
:102FD00000001800100010041FFC1004100018005E
:102FE000000010001FF810040004000410041FF873
:102FF000100010001E0011E0001C007013801C0067
:1030000010001FC0103C00E01F0000E0103C1FC07B
:1030100000001004180C163401C001C01634180C3E
:10302000100410001C00130400FC13041C0010000A
:1030300000000804101C1064108413041C041018F1
:1030400000000000000000007FFE4002400240023D
:103050000000000030000C0003800060001C000332
:10306000000000004002400240027FFE000000001D
:103070000000000000002000400040004000200050
:103080000000000100010001000100010001000139
:10309000000100004000400020000000000000008F
:1030A000000000000098012401440144014400FC98
:1030B000000410001FFC0088010401040088007057
:1030C0000000000000700088010401040104008871
:1030D00000000000007000880104010411081FFCBA
:1030E0000004000000F8014401440144014400C808
:1030F00000000000010401040FFC11041104110080
:103100001800000000D601290129012901C9010682
:10311000000010041FFC008401000100010400FCF9
:10312000000400000104190419FC0004000400005C
:1031300000000000000300010101190119FE000058
:10314000000010041FFC0024004001B4010C010425
:1031500000000000100410041FFC00040004000024
:103160000000010401FC0104010001FC0104010054
:1031700000FC010401FC008401000100010400FCCA
:103180000004000000F8010401040104010400F837
:103190000000010101FF00850104010400880070A6
:1031A000000000000070008801040104010501FF17
:1031B00000010104010401FC0084010401000180FC
:1031C0000000000000CC0124012401240124019806
:1031D000000000000100010007F8010401040000E4
:1031E0000000010001F8000400040004010801FCD3
:1031F0000004010001800170000C001001600180DA
:10320000010001F0010C003001C00030010C01F0A0
:10321000010000000104018C00740170018C0104A4
:103220000000010101810171000E001801600180A0
:10323000010000000184010C013401440184010CEF
:103240000000000000000000000001003EFC400201
:1032500040020000000000000000FFFF000000002E
:1032600000000000400240023EFC0100000000009F
:10327000000000006000800080004000400020004E
:10328000200000000000000000000000000000001E
:10329000000000000000000000000000000000002E
:1032A000000000000000000000000000000000001E
:1032B00000000000000F80380FFE380F803800003B
:1032C00000000000000000000000000000000000FE
:1032D0000100000600000C0000380000310000066C
:1032E00000000C000038000030000000000000006A
:1032F000000061800067F807F9800061800061804C
:103300000061800061800067F807F980006180003B
:10331000000000000000000001C0E003E0F0063003
:10332000080418081FFFFE040E080787F00381E059
:1033300000000000000001F000060C000404080674
:103340000C7001F9C0000E00003BE000EC1807080B
:1033500008040C180003E00000000001E00007F082
:1033600003F818041C0804170807E1D003C0E000A4
:1033700023B0003C080020080000100000000000FE
:10338000000100003100003200001C0000000000BD
:10339000000000000000000000000000000000002D
:1033A000000000000000000000000000000000001D
:1033B00000007F0001FFC00780F00C00181000041F
:1033C0002000020000000000002000021000040C99
:1033D00000180780F001FFC0007F0000000000001F
:1033E000000000000000000000000000000042009B
:1033F000006600006600003C0000180003FFC000EB
:103400001800003C0000660000660000420000005A
:103410000000080000080000080000080000080084
:1034200001FFC000080000080000080000080000BC
:103430000800000000000001000031000032000020
:103440001C00000000000000000000000000000060
:10345000000000000000000000000800000800005C
:10346000080000080000080000080000080000082C
:10347000000008000008000000000000000000003C
:103480000000380000380000380000000000000094
:10349000000000000000000000000000000000002C
:1034A0000000000600001C000070000180000E00FB
:1034B00000380000C0000700001C000030000000C1
:1034C0000000000000007F8001FFE0038070060024
:1034D0001804000804000806001803807001FFE0CB
:1034E000007F8000000000000000000001000801D3
:1034F000000801000803FFF807FFF80000080000BB
:103500000800000800000000000000000001C038B2
:1035100002C0580400980401180402180404180694
:103520001C1803F81801E0F800000000000000007B
:103530000001C0E003C0F004000804080804080803
:1035400006180803F41801E7F00001E0000000008D
:103550000000000000000300000D000011000061E9
:103560000000810803010807FFF80FFFF8000108B9
:103570000001080000000000000000E007FCD00689
:103580000808061008061008061008061838060F66
:10359000F00607C0000000000000000000003F80AF
:1035A00001FFE00384300208180410080410080426
:1035B0001008071810030FF00007C00000000000FB
:1035C0000000000003C0000700000600000600F82D
:1035D0000607F806180006E00007000006000000D5
:1035E000000000000001E1E003F7F00634100418C9
:1035F00008041808040C08040C0806161803F3F055
:1036000001C1E000000000000000F80003FC3003EE
:10361000063804020804020804020804041003081F
:10362000F001FFC0007F000000000000000000006B
:10363000000000000000000000007038007038003A
:1036400070380000000000000000000000000000D2
:103650000000000000000000000000000000301A20
:1036600000301C000000000000000000000000000E
:10367000000000000000000000080000140000220C
:103680000000410000808001004002002004001082
:1036900008000800000000000000210000210000D8
:1036A0002100002100002100002100002100002154
:1036B00000002100002100000000000000000000C8
:1036C0000800080400100200200100400080800073
:1036D000410000220000140000080000000000006B
:1036E0000003C00004C000040000080038080F38C0
:1036F0000808380810000C300007E00003C0000084
:103700000000000000003F8000FFE0038070020F17
:103710001006708804C088048308047F8802C09063
:1037200003012000FE400000080000180001F8001E
:103730003E0801C20007020007E20000FE00001F71
:10374000C80001F800003800000804000807FFF86E
:1037500007FFF80408080408080408080408080615
:10376000180803F41801E7F00001E0000000000071
:1037700000003F8001FFE003807002001804000891
:103780000400080400080400100600200780C000A0
:10379000000004000807FFF807FFF8040008040011
:1037A0000804000804001802001003807001FFE004
:1037B000007F8000000004000807FFF807FFF804FE
:1037C0000808040808040808040808043E0804005F
:1037D0000806001801006000000004000807FFF858
:1037E00007FFF8040808040800040800040800049F
:1037F0003E000600000600000180000000000000FE
:1038000000003F8001FFE0038070060018040008FC
:103810000402080402080203F00783F0000200001B
:10382000020004000807FFF807FFF8040808000872
:103830000000080000080000080004080807FFF85E
:1038400007FFF8040008000000000000040008045E
:10385000000804000807FFF807FFF8040008040048
:10386000080400080000000000000000000000063E
:103870000000070000010400010400010400030728
:10388000FFFE07FFFC040000040000040000040029
:103890000807FFF807FFF8040C08001800003E00B6
:1038A00004C7800503C80600F804003804001800A7
:1038B000000804000807FFF807FFF80400080000EC
:1038C00008000008000008000008000008000018B8
:1038D00000006000000004000807FFF807800807E8
:1038E000FC00007FC00003F80007C00078000780DC
:1038F0000807FFF807FFF804000804000807FFF8AE
:1039000007000803C00000E000003800001E0000AF
:1039100007000001C00400F007FFF80400000000E9
:1039200000007F8001FFE00380700600180400089B
:1039300004000806001803003001FFE0007F80004B
:10394000000004000807FFF807FFF8040408040457
:1039500000040400040400040400060C0003F80042
:1039600001F000000000000000007F8001FFE00384
:1039700080700600880400880400C806003C03002C
:103980003E01FFE6007F8400000004000807FFF806
:1039900007FFF8040808040800040C00040F0004E2
:1039A0000BC00610F003F03801E00800000800002A
:1039B0000001E0F803F0300630100418080418087D
:1039C000040C08040C080206180207F00781E00046
:1039D0000000018000060000040000040000040054
:1039E0000807FFF807FFF8040008040000040000BF
:1039F00006000001800004000007FFE007FFF0045C
:103A0000001800000800000800000800000800007E
:103A10000804001007FFE004000004000006000096
:103A200007E00007FE00041FE00001F80000380076
:103A300001E0043E0007C00006000004000004008E
:103A40000007E00007FFC0041FF80007C007F800E8
:103A500007FF80043FF80007C004F80007000004D7
:103A6000000000000004000806001807C07805F1F7
:103A7000C8003E00001F800463E80780F8060018B5
:103A80000400080000000400000600000780000792
:103A9000E008047C08001FF80007F800180804E09C
:103AA00008070000060000040000000000010008F4
:103AB0000600380400F80403E8040F08047C080535
:103AC000F00807C0080700180400600000000000AC
:103AD000000000000000000000000000003FFFFEAA
:103AE000200002200002200002200002200002002C
:103AF000000000000000000008000007000000C0F7
:103B0000000038000006000001C000003000000E78
:103B10000000010000000000000000002000022062
:103B200000022000022000022000023FFFFE0000F1
:103B30000000000000000000000000000000000085
:103B400000000008000010000030000020000030DD
:103B5000000010000008000000000000000000004D
:103B6000010000010000010000010000010000014F
:103B70000000010000010000010000010000010040
:103B800000010000000000000000002000002000F4
:103B90000010000010000000000000000000000005
:103BA0000000000000000000000000F00019F80014
:103BB0001B18002208002608002408002410003FDB
:103BC000F8001FF8000008000018000000040000C2
:103BD00007FFF80FFFF00018180010080020080079
:103BE0002008003018001FF0000FC0000000000087
:103BF000000007C0001FF000183000200800200857
:103C0000002008003C08001C1000006000000000BC
:103C100000000000000007C0001FF000381800205E
:103C20000800200800200804101007FFF80FFFF01C
:103C30000000100000000000000000000007C000AD
:103C40001FF0001230002218002208002208003263
:103C500008001E10000E20000000000000002000E0
:103C600000200800200801FFF803FFF806200804E0
:103C700020080420080720000300000000000000C6
:103C80000000000E000E6E001FF30031B10020B1E5
:103C90000020B1003191001F13002E1E00200E00E5
:103CA000300000000004000807FFF80FFFF80010C4
:103CB00008002000002000002008003FF8001FF846
:103CC00000000800000000000000000000200800C4
:103CD0002008002008063FF8063FF8000008000012
:103CE00008000008000000000000000000000000C4
:103CF0000000030000030020010020010020030653
:103D00003FFE063FFC000000000000000000000035
:103D10000004000807FFF80FFFF800018800030007
:103D2000002FC00038F800203800200800000800EC
:103D30000000000000000000040008040008040067
:103D40000807FFF80FFFF80000080000080000084F
:103D5000000000000000002008003FF8003FF800CD
:103D60001008002000003FF8003FF8001008002075
:103D700000003FF8003FF8000008000000002008A5
:103D8000003FF8003FF8001008001000002000007D
:103D90002008003FF8001FF80000080000000000A5
:103DA000000007C0000FF0001830003008002008A5
:103DB000002008003008001830000FF00007C00095
:103DC0000000000000002001003FFF003FFF001046
:103DD00011002009002008002008003038001FF0E2
:103DE000000FC00000000000000007C0001FF0002E
:103DF0003818002008002008002009001011001FBA
:103E0000FF003FFF00000100000000200800200824
:103E1000002008003FF8003FF800080800100800E4
:103E200020080020000030000030000000000000EA
:103E300000000000000C78001E1800330800230862
:103E40000021080021880021980030F0003860002F
:103E5000000000000000200000200000200000FF03
:103E6000F003FFF8002008002008002008000030C0
:103E7000000000000000000000002000003FF000F3
:103E80007FF8000018000008000008002010003F24
:103E9000F8007FF00000100000000000000020008B
:103EA000003000003C00003F800023F0000078005C
:103EB0000070002380003C00003000002000002043
:103EC00000003C00003FE00023F80000E000270075
:103ED000003E00003FE00021F80001E0003E00004D
:103EE0002000000000002008002008003838003EB4
:103EF000680027800003C8002CF80038380020181C
:103F00000020080000000000000020000030030036
:103F10003C01003F830023EC000070002380003C44
:103F20000000200000200000000000000000000051
:103F30000038080020380020F80023E8002F88000F
:103F40003E08003808002018000070000000000043
:103F50000000000000000000000000000000080059
:103F60000014001FF7FC30000620000200000000D3
:103F70000000000000000000000000000000000041
:103F800000000000FFFFFF00000000000000000034
:103F900000000000000000000000000020000230CF
:103FA00000061FF7FC0014000008000000000000DD
:103FB00000000000000000000000000000180000E9
:103FC00060000040000040000020000010000008D9
:103FD00000000400000400000C00001000000000BD
:103FE00000000000000000000000000000000000D1
:103FF00000000000000000000000000000000000C1
:1040000000000000000000000000000000000000B0
:1040100000000000000000000000000000000000A0
:104020000000000000000000000000000000000090
:104030000000000000000000000000000000000080
:104040000000000000000000000000000000000070
:104050000000000000000000000000000000000060
:104060000000000000000000000000000000000050
:1040700000000000000007F000C007FFE1E007F0CB
:1040800001E0000000C0000000000000000000008F
:104090000000000000000000000000000000000020
:1040A0000000000000000000000000000000000010
:1040B0000000000000000000000000000000000000
:1040C00000000000000000000000000000000000F0
:1040D00000000000000000000000000000000000E0
:1040E0000000000000000020000001C00000078068
:1040F00000001F0000001E0000001C20000001C086
:104100000000078000001F0000001E0000001C00CF
:10411000000000000000000000000000000000009F
:10412000000000000000000000000000000000008F
:10413000000000000000000000000000000000007F
:10414000000000000000000000000000000000006F
:10415000000000000000000000000000000000005F
:10416000000000180C0000180C0000180FE0001FE1
:10417000FC0003F80C0000180C0000180C000018DC
:104180000C0000180C0000180FE0001FFC0003F8E2
:104190000C0000180C0000180C00000000000000CB
:1041A000000000000000000000000000000000000F
:1041B00000000000000000000000000000000000FF
:1041C00000000000000000000000000000000000EF
:1041D00000000000000000000000000000000000DF
:1041E00000000000000000000780007807C000FC0D
:1041F0000640010E002003070020020380200FFF6D
:10420000FFFC0201C0200200E0600130704001F0BC
:104210003F8000F01F0000000000000000000000D0
:10422000000000000000000000000000000000008E
:10423000000000000000000000000000000000007E
:10424000000000000000000000000000000000006E
:10425000000000000000000000000000000000FE60
:10426000000001FF000003018000020080600301E4
:1042700081C001FF070000FE18000000E0000003FD
:10428000BF00000CFFC00071806001C1002003016D
:1042900080600000FFC000003F0000000000000040
:1042A000000000000000000000000000000000000E
:1042B00000000000000000000000000000000000FE
:1042C00000000000000000000000000000000000EE
:1042D00000000000000000000000000000000000DE
:1042E0001F0000007FC000FCC0C001FF806003030E
:1042F000E0200202782002061E2003FC074001F0A5
:104300000380000103C000011C600001E0200001E7
:1043100000200001004000000180000000000000BB
:10432000000000000000000000000000000000008D
:10433000000000000000000000000000000000007D
:10434000000000000000000000000000000000006D
:10435000000000000000000000000000000000005D
:104360000000002000001C6000001C4000001F80B6
:1043700000000F000000000000000000000000002E
:10438000000000000000000000000000000000002D
:10439000000000000000000000000000000000001D
:1043A000000000000000000000000000000000000D
:1043B00000000000000000000000000000000000FD
:1043C00000000000000000000000000000000000ED
:1043D00000000000000000000000000000000000DD
:1043E00000000000000000000000000000000000CD
:1043F000000000000000000000000007F800003F7F
:10440000FF00007807C001C000E003000030040096
:104410000008080000041000000200000000000076
:10442000000000000000000000000000000000008C
:10443000000000000000000000000000000000007C
:10444000000000000000000000000000000000006C
:10445000000000000000000000000000000000005C
:10446000000010000002080000040400000803001F
:10447000003001C000E0007807C0003FFF000007E7
:10448000F800000000000000000000000000000034
:10449000000000000000000000000000000000001C
:1044A000000000000000000000000000000000000C
:1044B00000000000000000000000000000000000FC
:1044C00000000000000000000000000000000000EC
:1044D00000000000000000000000000000000000DC
:1044E000000000000000000C1800000E3800000E54
:1044F000380000063000000360000061438000FFC8
:10450000FF80006143000003600000063000000EE1
:104510003800000E3800000C1800000000000000F9
:10452000000000000000000000000000000000008B
:10453000000000000000000000000000000000007B
:10454000000000000000000000000000000000006B
:10455000000000000000000000000000000000005B
:10456000000000000000000080000000800000004B
:104570008000000080000000800000008000007FBC
:10458000FF000000800000008000000080000000AC
:10459000800000008000000080000000000000009B
:1045A000000000000000000000000000000000000B
:1045B00000000000000000000000000000000000FB
:1045C00000000000000000000000000000000000EB
:1045D00000000000000000000000000000000000DB
:1045E000000000000001000000E3000000E2000005
:1045F00000FC000000780000000000000000000047
:1046000000000000000000000000000000000000AA
:10461000000000000000000000000000000000009A
:10462000000000000000000000000000000000008A
:10463000000000000000000000000000000000007A
:10464000000000000000000000000000000000006A
:10465000000000000000000000000000000000005A
:1046600000000000800000008000000080000000CA
:10467000800000008000000080000000800000003A
:10468000800000008000000080000000800000002A
:10469000800000008000000080000000000000009A
:1046A000000000000000000000000000000000000A
:1046B00000000000000000000000000000000000FA
:1046C00000000000000000000000000000000000EA
:1046D00000000000000000000000000000000000DA
:1046E000000000000000000000C0000001E0000029
:1046F00001E0000000C00000000000000000000019
:1047000000000000000000000000000000000000A9
:104710000000000000000000000000000000000099
:104720000000000000000000000000000000000089
:104730000000000000000000000000000000000079
:104740000000000000000000000000000000000069
:104750000000000000000000000000000000000059
:1047600000000000000C00000038000000E0000025
:10477000038000000E00000038000000E00000038D
:104780008000000E00000038000000E00000038000
:1047900000000E00000018000000000000000000F3
:1047A0000000000000000000000000000000000009
:1047B00000000000000000000000000000000000F9
:1047C00000000000000000000000000000000000E9
:1047D00000000000000000000000000000000000D9
:1047E000000000000000000FF800007FFF0000F054
:1047F0000780018000C0030000600200002002006A
:1048000000200200002003000060018000C000E0E2
:104810000380007FFF00000FF80000000000000090
:104820000000000000000000000000000000000088
:104830000000000000000000000000000000000078
:104840000000000000000000000000000000000068
:104850000000000000000000000000000000000058
:104860000000000000000000000000800020008028
:104870000020008000200080006001FFFFE003FFB7
:10488000FFE00000006000000020000000200000A9
:1048900000200000000000000000000000000000F8
:1048A0000000000000000000000000000000000008
:1048B00000000000000000000000000000000000F8
:1048C00000000000000000000000000000000000E8
:1048D00000000000000000000000000000000000D8
:1048E000000000000000007800E000980160010076
:1048F0000260020004600200086002001060020012
:10490000206002004060030080600183006001FEBF
:1049100000E0007C078000000000000000000000B4
:104920000000000000000000000000000000000087
:104930000000000000000000000000000000000077
:104940000000000000000000000000000000000067
:104950000000000000000000000000000000000057
:1049600000000000000000F0078001F007C0010017
:10497000004002000020020100200201002002018C
:104980000020030380200186804001FCC0C0007825
:104990007F8000001E0000000000000000000000FA
:1049A0000000000000000000000000000000000007
:1049B00000000000000000000000000000000000F7
:1049C00000000000000000000000000000000000E7
:1049D00000000000000000000000000000000000D7
:1049E000000000000800000038000000480000013E
:1049F000880000060800000C081000300810004075
:104A0000081001FFFFF003FFFFF003FFFFF00000BD
:104A1000081000000810000008100000000000004E
:104A20000000000000000000000000000000000086
:104A30000000000000000000000000000000000076
:104A40000000000000000000000000000000000066
:104A50000000000000000000000000000000000056
:104A600000000000000000000780001F864003E1F6
:104A7000002003020020030400200304002003049C
:104A800000200304002003060040030301C00301CB
:104A9000FF8003007E000000000000000000000016
:104AA0000000000000000000000000000000000006
:104AB00000000000000000000000000000000000F6
:104AC00000000000000000000000000000000000E6
:104AD00000000000000000000000000000000000D6
:104AE0000000000000000007FC00003FFF00007015
:104AF000C380008180C00101006003020020020227
:104B0000002002020020020200200203004001C136
:104B100080C000C0FF8000007E0000000000000098
:104B20000000000000000000000000000000000085
:104B30000000000000000000000000000000000075
:104B40000000000000000000000000000000000065
:104B50000000000000000000000000000000000055
:104B600000000000000000F0000003C0000003800F
:104B7000000003000000030007E003003FE0030122
:104B8000C00003060000031800000360000003805B
:104B90000000030000000000000000000000000012
:104BA0000000000000000000000000000000000005
:104BB00000000000000000000000000000000000F5
:104BC00000000000000000000000000000000000E5
:104BD00000000000000000000000000000000000D5
:104BE000000000001F0000783F8000FC60C0018EC4
:104BF000C040030780200203002002018020020140
:104C000080200201C0200301E040018670C000FC4A
:104C10003F8000781F00000000000000000000003E
:104C20000000000000000000000000000000000084
:104C30000000000000000000000000000000000074
:104C40000000000000000000000000000000000064
:104C50000000000000000000000000000000000054
:104C60000000003F000000FF81C001C0C1C0010082
:104C700060200200202002002020020020200200EC
:104C80002060020040C00100C18000C18F00007F91
:104C9000FE00001FF0000000000000000000000007
:104CA0000000000000000000000000000000000004
:104CB00000000000000000000000000000000000F4
:104CC00000000000000000000000000000000000E4
:104CD00000000000000000000000000000000000D4
:104CE00000000000000000000000000000000000C4
:104CF000000000000000000300C0000781E0000782
:104D000081E0000300C0000000000000000000007F
:104D10000000000000000000000000000000000093
:104D20000000000000000000000000000000000083
:104D30000000000000000000000000000000000073
:104D40000000000000000000000000000000000063
:104D50000000000000000000000000000000000053
:104D60000000000000000000000000000000000043
:104D70000000000000000006006600060078000049
:104D80000000000000000000000000000000000023
:104D90000000000000000000000000000000000013
:104DA0000000000000000000000000000000000003
:104DB00000000000000000000000000000000000F3
:104DC00000000000000000000000000000000000E3
:104DD00000000000000000000000000000000000D3
:104DE000000000000000000080000001C00000037F
:104DF000600000063000000C180000180C000030A5
:104E000006000060030000C00180010000400200B5
:104E1000002004000010000000000000000000005E
:104E20000000000000000000000000000000000082
:104E30000000000000000000000000000000000072
:104E40000000000000000000000000000000000062
:104E50000000000000000000000000000000000052
:104E60000000000410000004100000041000000402
:104E700010000004100000041000000410000004E2
:104E800010000004100000041000000410000004D2
:104E900010000004100000041000000000000000DA
:104EA0000000000000000000000000000000000002
:104EB00000000000000000000000000000000000F2
:104EC00000000000000000000000000000000000E2
:104ED00000000000000000000000000000000000D2
:104EE000000000000000040000100200002001008B
:104EF000004000C001800060030000300600001880
:104F00000C00000C180000063000000360000001D7
:104F1000C000000080000000000000000000000051
:104F20000000000000000000000000000000000081
:104F30000000000000000000000000000000000071
:104F40000000000000000000000000000000000061
:104F50000000000000000000000000000000000051
:104F60000000000000000078000001F80000023896
:104F7000000002000000040000C0040079E004000A
:104F800081E0040100C004030000020200000306E7
:104F9000000001FC000000F800000000000000001C
:104FA0000000000000000000000000000000000001
:104FB00000000000000000000000000000000000F1
:104FC00000000000000000000000000000000000E1
:104FD00000000000000000000000000000000000D1
:104FE0000000000FF800003FFE000070078000C0C6
:104FF00000C00101F8400307FC20021E042002301B
:10500000082002203020023FFC20013F04400180A4
:105010000CC000E03180001FC20000000000000052
:105020000000000000000000000000000000000080
:105030000000000000000000000000000000000070
:105040000000000000000000000000000000000060
:105050000000000000000000000000000000000050
:10506000002000000060000003E000003E2000037C
:10507000E020003E200003E020000380200007FC29
:105080002000003FE0000003FE2000003FE00000A1
:1050900001E00000002000000020000000000000EF
:1050A0000000000000000000000000000000000000
:1050B00000000000000000000000000000000000F0
:1050C00000000000000000000000000000000000E0
:1050D00000000000000000000000000000000000D0
:1050E0000000020000200200002003FFFFE003FF99
:1050F000FFE0020100200201002002010020020165
:10510000002002010020030300200186806001FCD2
:10511000C0C000F87F8000001F00000000000000F9
:10512000000000000000000000000000000000007F
:10513000000000000000000000000000000000006F
:10514000000000000000000000000000000000005F
:10515000000000000000000000000000000000004F
:1051600000000007F800003FFF000070078000C04B
:1051700000C00100004003000020020000200200E7
:1051800000200200002002000020010000400180F9
:1051900000C003C0018000300600000000000000D5
:1051A00000000000000000000000000000000000FF
:1051B00000000000000000000000000000000000EF
:1051C00000000000000000000000000000000000DF
:1051D00000000000000000000000000000000000CF
:1051E0000000020000200200002003FFFFE003FF98
:1051F000FFE0020000200200002002000020020068
:1052000000200300006001000040018000C000F0A9
:105210000780007FFE00000FF80000000000000083
:10522000000000000000000000000000000000007E
:10523000000000000000000000000000000000006E
:10524000000000000000000000000000000000005E
:10525000000000000000000000000000000000004E
:105260000000020000200200002003FFFFE003FF17
:10527000FFE00201002002010020020100200201E3
:1052800000200201002002038020020FE020030022
:10529000006003C000E000600300000000000000A8
:1052A00000000000000000000000000000000000FE
:1052B00000000000000000000000000000000000EE
:1052C00000000000000000000000000000000000DE
:1052D00000000000000000000000000000000000CE
:1052E0000000020000200200002003FFFFE003FF97
:1052F000FFE0020100200201002002010000020183
:105300000000020100000201000002038000030F00
:10531000E0000300000003C0000000600000000087
:10532000000000000000000000000000000000007D
:10533000000000000000000000000000000000006D
:10534000000000000000000000000000000000005D
:10535000000000000000000000000000000000004D
:1053600000000007F800003FFE000070078001C049
:1053700001C00100004003000020020000200200E4
:10538000002002000020010020200100204003C076
:105390003F8000303F80000020000000200000001F
:1053A00000000000000000000000000000000000FD
:1053B00000000000000000000000000000000000ED
:1053C00000000000000000000000000000000000DD
:1053D00000000000000000000000000000000200CB
:1053E00000200200002003FFFFE003FFFFE00200B7
:1053F000802002008020000080000000800000006B
:105400008000020080200200802003FFFFE003FFF5
:10541000FFE0020000200200002000000000000069
:10542000000000000000000000000000000000007C
:10543000000000000000000000000000000000006C
:10544000000000000000000000000000000000005C
:10545000000000000000000000000000000000004C
:105460000000000000000000000002000020020018
:105470000020020000200200002003FFFFE003FFE5
:10548000FFE00200002002000020020000200200D5
:1054900000200000000000000000000000000000EC
:1054A00000000000000000000000000000000000FC
:1054B00000000000000000000000000000000000EC
:1054C00000000000000000000000000000000000DC
:1054D00000000000000000000000000000000000CC
:1054E00000000000000E0000000F0000000F000090
:1054F000000102000001020000010200000302009E
:10550000000603FFFFFC03FFFFF80200000002009B
:105510000000020000000200000000000000000087
:10552000000000000000000000000000000000007B
:10553000000000000000000000000000000000006B
:10554000000000000000000000000000000000005B
:10555000000000000000000000000000000000004B
:105560000000020000200200002003FFFFE003FF14
:10557000FFE00200C0200201002000078000000FB1
:10558000E0000030F80002603E2003800F2003009E
:1055900003E0020000E00200002000000020000004
:1055A00000000000000000000000000000000000FB
:1055B00000000000000000000000000000000000EB
:1055C00000000000000000000000000000000000DB
:1055D00000000000000000000000000000000000CB
:1055E0000000020000200200002003FFFFE003FF94
:1055F000FFE0020000200200002000000020000068
:10560000002000000020000000200000002000001A
:105610000060000000E00000030000000000000047
:10562000000000000000000000000000000000007A
:10563000000000000000000000000000000000006A
:10564000000000000000000000000000000000005A
:105650000000000000000000000000000000020048
:1056600000200200002003FFFFE003E0002003FF12
:105670000020001FF0000001FF8000000FE000008C
:105680001E000003E000003E002003E0002003FFB6
:10569000FFE003FFFFE00200002002000020000006
:1056A00000000000000000000000000000000000FA
:1056B00000000000000000000000000000000000EA
:1056C00000000000000000000000000000000000DA
:1056D00000000000000000000000000000000200C8
:1056E00000200200002003FFFFE00380002003F001
:1056F000002000FC0000001F00000007C0000001A7
:10570000F00000007C0002001F80020007E003FFA1
:10571000FFE00200000002000000000000000000A6
:105720000000000000000000000000000000000079
:105730000000000000000000000000000000000069
:105740000000000000000000000000000000000059
:105750000000000000000000000000000000000049
:105760000000000FF800003FFE0000F007800180FD
:1057700000C00100004002000020020000200200E2
:1057800000200200002001000040018000C000F065
:105790000380003FFE00000FF80000000000000042
:1057A00000000000000000000000000000000000F9
:1057B00000000000000000000000000000000000E9
:1057C00000000000000000000000000000000000D9
:1057D00000000000000000000000000000000000C9
:1057E0000000020000200200002003FFFFE003FF92
:1057F000FFE0020080200200802002008000020002
:10580000800002008000020080000301800001830C
:10581000000000FE0000007C00000000000000000E
:105820000000000000000000000000000000000078
:105830000000000000000000000000000000000068
:105840000000000000000000000000000000000058
:105850000000000000000000000000000000000048
:105860000000000FF800007FFF0000F003800180BF
:1058700001C00100064002000420020004200200D2
:105880000620020003E0010000F80180005C00E057
:10589000038C003FFF0C000FFC180000000000000C
:1058A00000000000000000000000000000000000F8
:1058B00000000000000000000000000000000000E8
:1058C00000000000000000000000000000000000D8
:1058D00000000000000000000000000000000000C8
:1058E0000000020000200200002003FFFFE003FF91
:1058F000FFE00201002002010020020180000201FD
:10590000E0000201FC0003033F80018607E001FC88
:1059100000E000F80020000000200000000000006F
:105920000000000000000000000000000000000077
:105930000000000000000000000000000000000067
:105940000000000000000000000000000000000057
:105950000000000000000000000000000000000047
:105960000000000000000078060000FE01E0018653
:1059700000C0030300400203002002018020020156
:1059800080200201C0200200C0200100E0600180F0
:1059900070C003E03F8000001F0000000000000016
:1059A00000000000000000000000000000000000F7
:1059B00000000000000000000000000000000000E7
:1059C00000000000000000000000000000000000D7
:1059D00000000000000000000000000000000000C7
:1059E00000000060000003800000030000000200CF
:1059F0000000020000200200002003FFFFE003FF80
:105A0000FFE002000020020000200200000002006F
:105A100000000380000000E0000000000000000023
:105A20000000000000000000000000000000000076
:105A30000000000000000000000000000000000066
:105A40000000000000000000000000000000000056
:105A50000000000000000000000000000000020044
:105A600000000200000003FFFF0003FFFFC0020070
:105A70000040020000600000002000000020000044
:105A8000002000000020020000400200008003FF10
:105A9000FF00020000000200000000000000000003
:105AA00000000000000000000000000000000000F6
:105AB00000000000000000000000000000000000E6
:105AC00000000000000000000000000000000000D6
:105AD00000000000000000000000000000000000C6
:105AE0000000020000000200000003C0000003FCF0
:105AF0000000023FC0000003F80000007F800000AB
:105B000007E000000780000078000203C000023CAC
:105B1000000003C0000002000000020000000000BE
:105B20000000000000000000000000000000000075
:105B30000000000000000000000000000000000065
:105B40000000000000000000000000000000000055
:105B50000000000000000000000000000000020043
:105B6000000003C0000003FF8000023FFE000200AF
:105B70007FE000000F000200F00003EF000003FFD1
:105B80008000020FFE0000003FE000001F0002073F
:105B9000E00003F800000300000002000000000025
:105BA00000000000000000000000000000000000F5
:105BB00000000000000000000000000000000000E5
:105BC00000000000000000000000000000000000D5
:105BD00000000000000000000000000000000000C5
:105BE00000000200002002000020038000E003F01B
:105BF000032002FC0C20021F30000007C000000739
:105C0000F00002187C0002601F20038003E0020005
:105C100000E0020000200000002000000000000062
:105C20000000000000000000000000000000000074
:105C30000000000000000000000000000000000064
:105C40000000000000000000000000000000000054
:105C50000000000000000000000000000000000044
:105C60000000020000000300000003C0000003F871
:105C70000000023E0020020FC0200001FFE00000F3
:105C80007FE000038020021C0020027000000380DF
:105C90000000020000000200000000000000000000
:105CA00000000000000000000000000000000000F4
:105CB00000000000000000000000000000000000E4
:105CC00000000000000000000000000000000000D4
:105CD00000000000000000000000000000000000C4
:105CE000000000000020006000E0038003E00300EB
:105CF0000FA002003E200200F8200203E020020F65
:105D00008020023E00200278002003E00060038033
:105D100000E002000300000000000000000000009E
:105D20000000000000000000000000000000000073
:105D30000000000000000000000000000000000063
:105D40000000000000000000000000000000000053
:105D50000000000000000000000000000000000043
:105D60000000000000000000000000000000000033
:105D70000000000000001FFFFFFC100000041000E6
:105D800000041000000410000004100000041000C3
:105D900000041000000400000000000000000000EB
:105DA00000000000000000000000000000000000F3
:105DB00000000000000000000000000000000000E3
:105DC00000000000000000000000000000000000D3
:105DD00000000000000000000000000000000000C3
:105DE000000000000000000000000700000003C0E9
:105DF000000000780000001E00000003C00000004A
:105E0000F00000001E0000000780000000F000000D
:105E1000003C000000060000000000000000000040
:105E20000000000000000000000000000000000072
:105E30000000000000000000000000000000000062
:105E40000000000000000000000000000000000052
:105E50000000000000000000000000000000000042
:105E600000000000000010000004100000041000FA
:105E700000041000000410000004100000041000D2
:105E800000041FFFFFFC00000000000000000000F5
:105E90000000000000000000000000000000000002
:105EA00000000000000000000000000000000000F2
:105EB00000000000000000000000000000000000E2
:105EC00000000000000000000000000000000000D2
:105ED00000000000000000000000000000000000C2
:105EE00000000000000000000000000000000200B0
:105EF000000004000000080000001800000010006E
:105F0000000018000000180000000400000002005B
:105F10000000000000000000000000000000000081
:105F20000000000000000000000000000000000071
:105F30000000000000000000000000000000000061
:105F40000000000000000000000000000000000051
:105F50000000000000000000000000000000000041
:105F6000000100000001000000010000000100002D
:105F7000000100000001000000010000000100001D
:105F8000000100000001000000010000000100000D
:105F900000010000000100000001000000010000FD
:105FA00000000000000000000000000000000000F1
:105FB00000000000000000000000000000000000E1
:105FC00000000000000000000000000000000000D1
:105FD00000000000000000000000000000000000C1
:105FE0000000000000000000000010000000100091
:105FF000000010000000180000000800000004006D
:106000000000000000000000000000000000000090
:106010000000000000000000000000000000000080
:106020000000000000000000000000000000000070
:106030000000000000000000000000000000000060
:106040000000000000000000000000000000000050
:106050000000000000000000000000000000000040
:1060600000000000038000018FC000038C60000668
:106070001820000410200004102000042020000438
:106080002040000620400003FFC00001FFE00000A8
:10609000002000000020000000C000000000000000
:1060A00000000000000000000000000000000000F0
:1060B00000000000000000000000000000000000E0
:1060C00000000000000000000000000000000000D0
:1060D00000000000000000000000000000000000C0
:1060E0000000020000000200000003FFFFE007FFC5
:1060F000FFC0000180C00002006000020020000418
:1061000000200004002000040020000600400003DE
:1061100000C00001FF800000FE0000000000000041
:10612000000000000000000000000000000000006F
:10613000000000000000000000000000000000005F
:10614000000000000000000000000000000000004F
:10615000000000000000000000000000000000003F
:1061600000000000000000007E000001FF8000032E
:1061700081C000020040000600200004002000044E
:10618000002000040020000600200003C0400001A1
:10619000C0800000030000000000000000000000BC
:1061A00000000000000000000000000000000000EF
:1061B00000000000000000000000000000000000DF
:1061C00000000000000000000000000000000000CF
:1061D00000000000000000000000000000000000BF
:1061E00000000000000000007E000001FF800003AE
:1061F00080C00006006000040020000400200004AD
:106200000020020400400202008003FFFFE007FFBD
:10621000FFC000000040000000400000000000003F
:10622000000000000000000000000000000000006E
:10623000000000000000000000000000000000005E
:10624000000000000000000000000000000000004E
:10625000000000000000000000000000000000003E
:1062600000000000000000007E000001FF8000032D
:1062700011C000021040000410600004102000044F
:106280001020000410200006102000031040000120
:10629000F0C00000710000000000000000000000DD
:1062A00000000000000000000000000000000000EE
:1062B00000000000000000000000000000000000DE
:1062C00000000000000000000000000000000000CE
:1062D00000000000000000000000000000000000BE
:1062E0000000000000000004000000040020000482
:1062F000002000040020007FFFE001FFFFE0010418
:1063000000200304002002040020020400200204F4
:1063100000000200000001C0000001C000000000F9
:10632000000000000000000000000000000000006D
:10633000000000000000000000000000000000005D
:10634000000000000000000000000000000000004D
:10635000000000000000000000000000000000003D
:106360000000000000000000001C0000E33E0003ED
:10637000FFC200020CC3000404C1000404C10004F5
:1063800004C1000404C100060CC10003F8C30005E9
:10639000F0620006007E0006003C000000000000E5
:1063A00000000000000000000000000000000000ED
:1063B00000000000000000000000000000000000DD
:1063C00000000000000000000000000000000000CD
:1063D00000000000000000000000000000000000BD
:1063E0000000020000200200002003FFFFE007FF82
:1063F000FFE0000100200002002000060000000471
:10640000000000040000000400200006002000033B
:10641000FFE00001FFE0000000200000002000007D
:10642000000000000000000000000000000000006C
:10643000000000000000000000000000000000005C
:10644000000000000000000000000000000000004C
:10645000000000000000000000000000000000003C
:106460000000000000000000000000040020000404
:10647000002000040020000400200387FFE0038FB9
:10648000FFE003800020000000200000002000004A
:1064900000200000000000000000000000000000DC
:1064A00000000000000000000000000000000000EC
:1064B00000000000000000000000000000000000DC
:1064C00000000000000000000000000000000000CC
:1064D00000000000000000000000000000000000BC
:1064E00000000000000000000000000000060000A6
:1064F000000700000001000000010004000100048A
:10650000000100040003000400060387FFFC038F62
:10651000FFF8038000000000000000000000000001
:10652000000000000000000000000000000000006B
:10653000000000000000000000000000000000005B
:10654000000000000000000000000000000000004B
:10655000000000000000000000000000000000003B
:106560000000020000200200002003FFFFE007FF00
:10657000FFE00000082000001020000030000000B4
:10658000FC0000058E00000707A0000601E00004E3
:1065900000E00004002000000020000000000000D7
:1065A00000000000000000000000000000000000EB
:1065B00000000000000000000000000000000000DB
:1065C00000000000000000000000000000000000CB
:1065D00000000000000000000000000000000000BB
:1065E0000000000000000000000002000020020087
:1065F0000020020000200200002003FFFFE007FF50
:10660000FFE000000020000000200000002000004B
:10661000002000000000000000000000000000005A
:10662000000000000000000000000000000000006A
:10663000000000000000000000000000000000005A
:10664000000000000000000000000000000000004A
:10665000000000000000000000000000000000003A
:106660000000000400200007FFE0000FFFE0000230
:10667000002000040000000400200007FFE00003E9
:10668000FFE00002002000040000000400200007DA
:10669000FFE00003FFE00000002000000000000019
:1066A00000000000000000000000000000000000EA
:1066B00000000000000000000000000000000000DA
:1066C00000000000000000000000000000000000CA
:1066D00000000000000000000000000000000000BA
:1066E000000000040020000400200007FFE0000F6D
:1066F000FFE0000100200002002000020000000472
:106700000000000400000004002000060020000338
:10671000FFE00001FFE0000000200000002000007A
:106720000000000000000000000000000000000069
:106730000000000000000000000000000000000059
:106740000000000000000000000000000000000049
:106750000000000000000000000000000000000039
:1067600000000000000000007E000000FF80000329
:1067700081C0000200400006002000040020000448
:10678000002000040020000600200002004000035A
:1067900081C00001FF8000007E00000000000000BA
:1067A00000000000000000000000000000000000E9
:1067B00000000000000000000000000000000000D9
:1067C00000000000000000000000000000000000C9
:1067D00000000000000000000000000000000000B9
:1067E000000000040001000400010007FFFF000F8B
:1067F000FFFF000100C1000200410004002000046E
:1068000000200004002000040020000600400003D7
:1068100001C00001FF8000007E00000000000000B9
:106820000000000000000000000000000000000068
:106830000000000000000000000000000000000058
:106840000000000000000000000000000000000048
:106850000000000000000000000000000000000038
:1068600000000000000000007E000001FF80000327
:1068700080C000020060000400200004002000042A
:1068800000200004002000020041000300C10003BA
:10689000FFFF0007FFFF00000001000000010000F3
:1068A00000000000000000000000000000000000E8
:1068B00000000000000000000000000000000000D8
:1068C00000000000000000000000000000000000C8
:1068D00000000000000000000000000000000000B8
:1068E0000000000400200004002000040020000438
:1068F0000020000FFFE0000FFFE00000C0200001BB
:106900000020000200200006002000040000000417
:10691000000000070000000300000000000000006D
:106920000000000000000000000000000000000067
:106930000000000000000000000000000000000057
:106940000000000000000000000000000000000047
:106950000000000000000000000000000000000037
:10696000000000000000000003E00001C0E00003A0
:10697000E04000063020000430200004182000040D
:1069800018200004182000040C2000020C600003F2
:1069900007C0000783800000000000000000000026
:1069A00000000000000000000000000000000000E7
:1069B00000000000000000000000000000000000D7
:1069C00000000000000000000000000000000000C7
:1069D00000000000000000000000000000000000B7
:1069E000000000000000000400000004000000049B
:1069F0000000000C0000001FFF8000FFFFC000042B
:106A000000600004002000040020000400200004B6
:106A100000400000018000000000000000000000B5
:106A20000000000000000000000000000000000066
:106A30000000000000000000000000000000000056
:106A40000000000000000000000000000000000046
:106A50000000000000000000000000000000000036
:106A6000000000040000000400000007FF80000F89
:106A7000FFC00000006000000020000000200000B7
:106A800000200000002000040040000400800007F7
:106A9000FFE0000FFFC000000040000000400000C9
:106AA00000000000000000000000000000000000E6
:106AB00000000000000000000000000000000000D6
:106AC00000000000000000000000000000000000C6
:106AD00000000000000000000000000000000000B6
:106AE0000000000400000004000000078000000710
:106AF000F0000004FE0000041FC0000003E00000DE
:106B0000038000001C0000046000000780000006F5
:106B10000000000400000000000000000000000071
:106B20000000000000000000000000000000000065
:106B30000000000000000000000000000000000055
:106B40000000000000000000000000000000000045
:106B50000000000000000000000000000000000431
:106B60000000000600000007C0000007FC00000451
:106B70003F80000003E000040F800006F0000007E3
:106B8000F0000007FF8000040FE000000380000415
:106B90003C000007C00000060000000400000000E8
:106BA00000000000000000000000000000000000E5
:106BB00000000000000000000000000000000000D5
:106BC00000000000000000000000000000000000C5
:106BD00000000000000000000000000000000000B5
:106BE00000000000002000040020000400600007F6
:106BF00000E0000783200007E6000004F800000022
:106C00003C0000045E20000587A0000601E00004AF
:106C100000600004002000000020000000000000D0
:106C20000000000000000000000000000000000064
:106C30000000000000000000000000000000000054
:106C40000000000000000000000000000000000044
:106C50000000000000000000000000000000000034
:106C60000000000400000004000300070003000708
:106C7000E0010004F80100041F02000007FC00000E
:106C800000E000000700000438000007C000000614
:106C900000000004000000040000000000000000EC
:106CA00000000000000000000000000000000000E4
:106CB00000000000000000000000000000000000D4
:106CC00000000000000000000000000000000000C4
:106CD00000000000000000000000000000000000B4
:106CE00000000000000000078060000600E00004D3
:106CF00003E0000407A000040E2000043C20000470
:106D000070200005E02000078020000700600004DC
:106D100000E0000003800000000000000000000010
:106D20000000000000000000000000000000000063
:106D30000000000000000000000000000000000053
:106D40000000000000000000000000000000000043
:106D50000000000000000000000000000000000033
:106D60000000000000000000000000000000000023
:106D70000000000000000000000000008000000093
:106D800080000001400007FE3FF8080000041000EA
:106D900000021000000200000000000000000000DF
:106DA00000000000000000000000000000000000E3
:106DB00000000000000000000000000000000000D3
:106DC00000000000000000000000000000000000C3
:106DD00000000000000000000000000000000000B3
:106DE00000000000000000000000000000000000A3
:106DF0000000000000000000000000000000FFFF95
:106E0000FFFF000000000000000000000000000084
:106E10000000000000000000000000000000000072
:106E20000000000000000000000000000000000062
:106E30000000000000000000000000000000000052
:106E40000000000000000000000000000000000042
:106E50000000000000000000000000000000000032
:106E600000000000000010000002100000020800F6
:106E7000000407FE3FF80001400000008000000011
:106E80008000000000000000000000000000000082
:106E900000000000000000000000000000000000F2
:106EA00000000000000000000000000000000000E2
:106EB00000000000000000000000000000000000D2
:106EC00000000000000000000000000000000000C2
:106ED00000000000000000000000000000000000B2
:106EE00000001800000030000000400000004000DA
:106EF00000004000000020000000300000000800FA
:106F00000000040000000200000002000000020077
:106F100000000C000000180000000000000000004D
:106F20000000000000000000000000000000000061
:106F30000000000000000000000000000000000051
:106F40000000000000000000000000000000000041
:106F50000000000000000000000000000000000031
:106F6000000A0000000F0700C003000040000000FE
:106F700040000000400000000080020000C0C3018B
:106F800000F000002F696D6167652F686561642EF0
:106F90006A706700485454502F312E302032303000
:106FA000204F4B0D0A5365727665723A206C774913
:106FB000502F312E332E312028687474703A2F2FC1
:106FC000736176616E6E61682E6E6F6E676E752E80
:106FD0006F72672F70726F6A656374732F6C776955
:106FE00070290D0A436F6E74656E742D7479706527
:106FF0003A20696D6167652F6A7065670D0A0D0A31
:10700000FFD8FFE000104A46494600010101006038
:1070100000600000FFE100304578696600004D4DDA
:10702000002A000000080001013100020000000EEB
:107030000000001A000000007777772E6D656974F4
:10704000752E636F6D00FFDB00430002010102013A
:107050000102020202020202020305030303030308
:107060000604040305070607070706070708090BB8
:107070000908080A0807070A0D0A0A0B0C0C0C0C71
:1070800007090E0F0D0C0E0B0C0C0CFFDB0043015F
:10709000020202030303060303060C0807080C0C94
:1070A0000C0C0C0C0C0C0C0C0C0C0C0C0C0C0C0C20
:1070B0000C0C0C0C0C0C0C0C0C0C0C0C0C0C0C0C10
:1070C0000C0C0C0C0C0C0C0C0C0C0C0C0C0C0C0C00
:1070D000FFC0001108006A03E80301220002110149
:1070E000031101FFC4001F0000010501010101019E
:1070F0000100000000000000000102030405060773
:1071000008090A0BFFC400B51000020103030204C2
:1071100003050504040000017D01020300041105BC
:10712000122131410613516107227114328191A15C
:10713000082342B1C11552D1F02433627282090A88
:10714000161718191A25262728292A3435363738CC
:10715000393A434445464748494A53545556575887
:10716000595A636465666768696A73747576777877
:10717000797A838485868788898A9293949596976D
:1071800098999AA2A3A4A5A6A7A8A9AAB2B3B4B590
:10719000B6B7B8B9BAC2C3C4C5C6C7C8C9CAD2D3BC
:1071A000D4D5D6D7D8D9DAE1E2E3E4E5E6E7E8E9F1
:1071B000EAF1F2F3F4F5F6F7F8F9FAFFC4001F016B
:1071C00000030101010101010101010000000000B3
:1071D000000102030405060708090A0BFFC400B5F5
:1071E0001100020102040403040705040400010263
:1071F0007700010203110405213106124151076194
:10720000711322328108144291A1B1C10923335272
:10721000F0156272D10A162434E125F11718191AF3
:10722000262728292A35363738393A4344454647F0
:1072300048494A535455565758595A6364656667C6
:1072400068696A737475767778797A8283848586BB
:107250008788898A92939495969798999AA2A3A4DD
:10726000A5A6A7A8A9AAB2B3B4B5B6B7B8B9BAC209
:10727000C3C4C5C6C7C8C9CAD2D3D4D5D6D7D8D92E
:10728000DAE2E3E4E5E6E7E8E9EAF2F3F4F5F6F753
:10729000F8F9FAFFDA000C03010002110311003FB4
:1072A00000FDFCA2A1F31BD68F31BD680252323A19
:1072B000526FDBD78A8DA63B793815E0DF103FE0AF
:1072C000A69F017E1778AEE345D6FE2B784EDF539E
:1072D000B53B27B78AE4DCB42DFDD768832AB7FB1A
:1072E000279ADB0F83C46225CB4212935D229BFC5D
:1072F0009339F118AA3415EB494579B4BF33DF400F
:1073000038A30DEB5F37C7FF00056CFD9D253F2FB0
:10731000C56F0F37FC026FFE375623FF0082AC7E2D
:10732000CFB37DDF8A3A0B7FC026FF00E375DDFD1A
:1073300087997FD03CFF00F0097F91CDFDAF81FFA1
:10734000009FB1FF00C097F99F4403ED4ECE2BE79D
:10735000D8FF00E0A85F00E6FB9F12F426FF008044
:107360004DFF00C455A5FF008296FC0D9BEE7C46A8
:10737000D11BFE0137FF001153FD89987FCF89FF94
:1073800000E012FF0022FF00B4F08F6A91FBD7F9F2
:107390009EEFD3B519F6AF108FFE0A31F05E6FBBCA
:1073A000F107466FF804DFFC454F1FFC140BE0ECBF
:1073B0009F77C7BA437FC025FF00E22A7FB1F1FD66
:1073C000684FFF000197F90FFB4B0BFF003F23F7BE
:1073D000AFF33D9F2D465ABC7A3FDBC7E11CC3E5A6
:1073E000F1D692DFF0097FF88A9E3FDB87E14C9F60
:1073F00077C69A5B7FC025FF00E228FEC9C77FCF12
:1074000099FF00E032FF0021FF0068617FE7E47E22
:10741000F5FE67AD63FCE28C7F9C5795C7FB697CEA
:107420003193EEF8C2C1BFE0127FF11521FDB1BE6C
:107430001BA8DDFF0009769FB7FDC93FF88A9FECC6
:10744000AC6FFCF99FFE032FF217F69617FE7E47EE
:10745000EF5FE67A8628C5794C9FB6B7C318BEF7AA
:107460008CB4D5FF00804BFF00C454127EDD1F0991
:10747000E3FBDE37D297FE012FFF001147F6563BA4
:10748000FE7CCFFF000197F90FFB430BFF003F236A
:10749000F7AFF33D776D1B6BC664FDBF3E0FC3F7BF
:1074A000BC77A42FFC025FFE22A09BFE0A29F06697
:1074B0001FBFF103465FF804BFFC4557F63E3BFE95
:1074C0007CCFFF000197F907F68E17FE7E47EF5F2E
:1074D000E67B685E7FFAD4BC66BC226FF8296FC079
:1074E000D83EFF00C46D117FE012FF00F115526F0E
:1074F000F82A27C0383EF7C4DD057FED9CDFFC4548
:1075000057F62E61D284FF00F0097F912F34C1AD70
:10751000EAC7EF5FE67D07457CE537FC157BF6792A
:1075200083EFFC54D057FE032FFF001BAA927FC1AC
:107530005DBF67287FD67C58F0FAFF00DB39FF007B
:10754000F8DD57F61E63FF0040F3FF00C025FE463E
:107550006F38C0ADEB47FF00025FE67D2C1D681F52
:107560004AF9A74CFF0082BAFECDFABEAD0D9C3F92
:1075700017BC2AB35C384433B490461BDDDD155785
:10758000FE04D5F41691E24B1D72DA39AC6F2D6E04
:10759000E1991648DE29048AEAC321948EAA7D6BFC
:1075A000931381C4E1EDEDE9CA37DB99357FBD1D49
:1075B000187C6E1EBDFD84D4ADBD9A7F91AD454350
:1075C000E637AD0AEDB87CD5CC75135145140051A2
:1075D0004514005145140051451400514514005103
:1075E00045140051451400514514005145140051F3
:1075F00045140051451400514514005145140051E3
:1076000045140051451400514514005145140051D2
:1076100045140051451400514514005145140051C2
:1076200045140051451400514514005145140051B2
:1076300045140051451400514514005145140051A2
:107640004514005145140051451400514514005192
:107650004514005145140051451400514514005182
:107660004514005145140051451400514514005172
:107670004514005145140051451400514514005162
:107680004514005145140051451400514514005152
:107690004514015E8A28A00FCF1FF8382BF6C3D7F8
:1076A000BE03FC0BF0DF80FC2FA8CDA4EA9F10A640
:1076B000B85D42EEDDCC7730E9F02A79A8857E65A9
:1076C000F35E5452CBFC2AEBFC55F8D1A3C6B0C6EE
:1076D000AA8AA8ABD857D9DFF07087C56FF84EFFDC
:1076E00000E0A03FD811C8AD6FE09D02D6C31BBE1D
:1076F000559A7DD70FFF0002DB2C5FF7CD7C67A585
:107700007DD5AFE9DE02CAE184C9A94AD69545CD47
:1077100027DEFAAFB958FE78E30CC6789CDAA26E81
:10772000F18BE55E56D1DBE7A9D2E93FD2BA5D2BFA
:10773000EF2D7B47ECADFF0004AEF8B3FB557C2684
:10774000B6F1A7862DFC3F6FA1DE4D2DBDBB6A773C
:10775000EF6D2DC794DE5BBA2AC4D98F76E5DDBB09
:10776000F85AB92F8F5FB3A789BF656F8AF71E0DCF
:10777000F1747671EB16B6F0DD3359CED2C12452D6
:107780008DCA51D95777DD65FBBF795ABD9A79B655
:107790000AB5796169548CAA46F78A776ADA3D3C62
:1077A00099CBFD9B8AA54957A906A12B59B5A6BB24
:1077B0007DE66697FD2BA5D1EBD2BF654FF827DF9D
:1077C000C42FDAC7C0F75E22F09FFC23FF00D9B6B2
:1077D00037ADA7CBF6FBC681FCD548DDB68546E3C1
:1077E0006C8BCD70BAB786AE3C1BE2BD5346BC78FD
:1077F0005EEB47BC9ACA730BF99133C4EC876B7F7D
:1078000012EE56F9AB9E38EC357AD3A14E69CE1FF5
:10781000124F55EA7A31C2D6A708D4A916A32D9FD4
:1078200047E86CE95F756BA1D3BA576DFB317EC633
:107830007E34FDA7F41D4B52F0BFF62FD9F4BB9553
:10784000B59BEDB76D01DEC9BF80A8D95DAD4FF026
:1078500047ECEDE21F16FC74BAF87966DA6B7886AD
:10786000CEE2E2D642D70CB6FBE05667DAFB7EEFFB
:10787000CADFC35E7D4CD308A7529BA8AF4D5E4ABA
:10788000FF000AF33D4860EBF2467CAED2765E7DA7
:1078900034312C3F86B7B4DED5ED969FF04BAF8ADE
:1078A00050FDE6F0C7E1A837FF001AAE5FE33FECFA
:1078B000C5E26FD9CAD74D9BC48DA5EDD49E548720
:1078C000EC770D2B6502B1DDF2AFA8AF368E7D806F
:1078D000AF5153A3563293D927AF7FC8DAB65B8B2B
:1078E000A51739C1A4B76D1CCE99DEB626FF008F4F
:1078F0003AF54D13F601F8817BA3C37D18D09A3B6E
:107900009804E8BF6C6DECACBB80FB9F7AB8BF8776
:10791000DF0CB54F8A1E2E87C3BA6A431EA5379B5C
:10792000F25CBF96AAC8ACCEA4ED6DADC35654F3BD
:107930006C1D58CE74EA45A86B2B3DBD7EE6675B97
:107940002FC4C6518CE2D396DA6FE879F6A9FD2BE5
:107950009AD5ABDAF5BFD96BC556FF00196D7C0D12
:10796000BB4A6D7AF2D9AED3174DE42A619BE67D0E
:10797000BF7B6A37F0FF0076B6EFFF00E0991F1378
:10798000A6381FF08CFE37EDFF00C6A9CB3ECBE931
:1079900072FB4AB15CCAEAED6A9F536A795E2E7740
:1079A0005183D1D9E9B3EC7CAFAA7F15733ADF4696
:1079B000FA57D13F1EBF618F1E7C07F87D75E26DBF
:1079C00079B43FECBB596289FECD78D2CBB9DF6A7E
:1079D000ED1B17F89A93C3BFF04BFF008A3F123C90
:1079E0001FA6EB5A6FFC233F62D5AD22BDB7F36FE4
:1079F000D95F64815D723CAE1B69AEC8E7D96AA4E9
:107A0000AB3AB1E56ED7BAB5D2D89FECBC5B93A5C3
:107A1000C8F9AD7B5BA773E49D6FA35727ADF51540
:107A2000F6578DBFE091DF173C3BE1BD4354BA6F81
:107A3000092D9E9B6D2DD4E46A6ECDB11093B7F7DE
:107A40005FDD15E37FB367EC23E3CFDB2B43D53555
:107A50000F05FF0061ADBE8F3A5ADC7F68DEB5BB13
:107A60006F74DE30151B3F2D7761F8832E953957E3
:107A70008D58F246C9BBAB2BED7F53CDC56558B5CC
:107A80005152709734AED2B6AEDB9F36EAFF00C5D6
:107A9000F4AE4757FE2AFA07C37FB1CF8DFE27FE0B
:107AA000D39A87C24D16DF4FBDF1569971736B782B
:107AB000E2E196C6DFECFF00EB656976FCA8ADB5A8
:107AC00073B7E66655DBF35657ED9DFB05F8D3F625
:107AD00028B5D21BC6DA97844DE6BACFF64B1D37D0
:107AE000537B9BA644FBF29468976C6ADB46EDDF00
:107AF00079BFDEAF6296718275A18755173CD5D2EA
:107B0000BEAD774BB69B9E1D6CBF13ECA559C5F25D
:107B100045D9BB689F6F53E69D68E437FBB5FA858E
:107B2000FF000455FDA9B5AD3BE1668FE16BEBAB02
:107B30008B8B6D36E2582CCC8FBBCBB7DFB913FDE6
:107B4000D5DCDB7FD9AFCBFD6FAB7FBB5FA47FF014
:107B5000487F8672799A5EE4FEE6EFAD7C2F8B1546
:107B6000E9C72EA545FC5295D7A25AFE68FA7F0CAC
:107B7000E8D4963EA545B4636F9B6ADF933F647477
:107B8000DB9FB669F6F37FCF4456A9D3EF543A7D15
:107B9000BFD8ECA187FE79A2AD4C9F7ABF9FCFDB07
:107BA00049E8A28A0028A28A0028A28A0028A28A7C
:107BB0000028A28A0028A28A0028A28A0028A28A75
:107BC0000028A28A0028A28A0028A28A0028A28A65
:107BD0000028A28A0028A28A0028A28A0028A334AA
:107BE00050014519A2800A28A2800A28A2800A28EA
:107BF000A2800A28A338A0028A33466800A28CD14A
:107C000040051451400514668A0028A28A0028A263
:107C10008A0028A28CD0014519A2800A28CD140020
:107C2000514668A0028A28CD001451466800A28AF5
:107C30002800A28CD1400514519A0028A28CD001B2
:107C4000451466800A28A334005145140051451993
:107C5000A0028A33450014514500145145001451C7
:107C600045001451466800A28A33400514668A0014
:107C700028A28A0028A28A00AF431A2BCC7F6CAFBF
:107C80008B8BF01FF654F88BE306916393C3FE1FB2
:107C9000BBB980FF00D37F298443F190A0AD30F4BD
:107CA0006556AC6947793497AB7631C45654A94AC6
:107CB000ACB68A6DFA23F9DAFDB37E2C7FC2F4FDEF
:107CC000B1FE26F8B2393CCB7D6BC457AD6A776EF6
:107CD000FF00478DDA287FF21A252FECD3F03F58AA
:107CE000FDA53E357867C07A0AB7F68F892F52D442
:107CF00049B772DAC5F7A59DBFD948D5DFFE035E47
:107D000055A396D89BDB2F8F989FE235FA9BFF00F7
:107D1000040BF0B7C38F845A7F88BE28F8DBC67E79
:107D20000BD1F5EBFDDA368B65A8EB56B6F736B618
:107D3000CA55AE2728EE197CD915517FD989BF8540
:107D4000ABFAA73CC77F646517A29B718A8C525718
:107D5000D6D65F25BFC8FE6DC9B0FF00DA599DAA0F
:107D6000BB2727293DB4DDEBE7B1F6FF00C7AF80A5
:107D7000FE3EF02782FE0AF83BE0DE9FA6C3E17FCD
:107D8000036B76373AC2DC5FFD9649AC2D76A8814D
:107D900078F9DA5DCEEDFED46BFDEAF9E3FE0BEF88
:107DA000F03F7DA7827E23DAC3F35B4AFE1FD458DF
:107DB0007F71F74B6EC7FDD6130FFB68B5F25FED11
:107DC0001DFF000559F8BBE3FF00DA07C61A9784C8
:107DD0003E207883C3FE149B51962D1EC6CCC4B1A1
:107DE000456D1FC8927CC8DF33AAEF6FF69EBEEACE
:107DF000F11FC78F067EDA7FF04B48F4CF1278DB95
:107E0000C276BE36D53C34933417FAADB4175FDA78
:107E100096BF32931B3AB297962F4FBAF5F9351C9D
:107E2000A731C9B1184CC31166A52B4AC9B97BFA51
:107E3000BE6EED5FA76EA7EA15332C0E6547118461
:107E4000A374D2BC6F6B7BBA2B5B64FCCD7FF82133
:107E50003DA793FB1FEB137FCF6F13DD7E90DBAD50
:107E60007E6EF88AF9B54F1E6BD74EDB9EEB52BA89
:107E7000958FFBD3BB57E88FFC11EBE31F827E1B72
:107E80007EC59616BAE78C3C2FA2EA37DAB5F5DB49
:107E9000D9DF6A905BCF186936AE51DC32FCA95C41
:107EA000B6B7FF0004FDFD9C6D21D535287E30B5A9
:107EB000D4B89AE85BAF88B4F6CBFCCF81B5377DF8
:107EC000EAEECB336A780CE71B3C4465EFC928B572
:107ED00016D3B364E2B032C4E5B878D2947DD8B694
:107EE000EED2E8BFC8EFFF00E08A367E5FC0DF1742
:107EF0005C7FCF6D782FFDF36F17FF00155E5FFB82
:107F000016DD7F6DFF00C14BF56BCFBDBB50D6A614
:107F1000FF00C7A55FFD9ABD1BFE0929F13FC27F87
:107F20000FBF661BA8F5AF12F87F47D46FB5CB8B98
:107F3000836F797F15BCBB36448A76390DFC26BC2D
:107F40009FFE09EDE28D1F46FDB135AD6B57D5B4EF
:107F5000DD36C960D45D2E6EAE5218A469275DB8B7
:107F6000666DACCCACCD5C75233957CD2AF2BD63C0
:107F700065A6FA35A7DC7653947D8E0A175BDDF98A
:107F80006A9EA7DA7F1FFE0678D3E2878AEC6F3CF1
:107F900039F12B51F05D9DADB79525A5B446459DB2
:107FA000F7B37987E75FE1C0FC2BE34FDAF740F1E5
:107FB0003F81FC7F69E17F1178CF51F1A1B3B41704
:107FC000904D76BB56169772B00B93FDC1FC55F4DD
:107FD0008FC7EF845F097F68AF1C43AFEA5F142D42
:107FE000B4FBA86CD2CD62B0D76D5626456660DB77
:107FF0005B77CDF3D7CE3FB44FC22F077C30F187EC
:10800000866CBC29E276F11C3A91CDEDCC9A8417AE
:108010000B06D963503727CABC331F9AB9784EA4D0
:1080200061521093BB49E8E9A567677F7B77A5FE9E
:10803000F2B8814A51938E8AEB5E7BDD5D7D9D8F28
:10804000BA7C5DF136DFE1269BE0AB7BCD896BAB83
:108050005DC3A4BC87FE58B342DB0FFDFC551FF087
:108060002AF378BE117FC209FB75E9BABDAC7E5E0A
:108070009BE22B4BBBB181F2C770136CABFF0002CC
:10808000DCAFFF00026AE53FE0A0DF10B42F167CF2
:108090003BF0EDB68FACE97A9490EA5E63A59DDA89
:1080A0004CD1810B004EC6F96BD37E037ED0BE1C33
:1080B000F1EFC31D0F52D7B58D1ECF5BB18CC13808
:1080C000BABA8E2944AA363483737DD75F9BFE05E6
:1080D0005F3F0C2D7C360BEB94E2FF0079CF092D2E
:1080E0007ADECEC7A92C4D1AF8AFABD492F71C6537
:1080F00017E96BAB9F33FEDC7E36D53C21FB586A1B
:1081000057FA3EA175A66A169616D0A5C40FE5BA11
:108110002B47F3056FF8157BFF00FC13CBC63AC75E
:108120008E3E04DE6A5AEEAD7FAB5E36AD711ACD7F
:10813000773191D51523C2E4FF000F5AF963F6D7C2
:10814000F10DAF89BF68CF105E595D5ADED9C82DD9
:10815000C4735BCA254902C11AF057E5AFA0BF61DD
:108160003F891E19F037ECBF1DBEA5E24D074EBE7C
:10817000B8B9BC9CDBDCEA11452AE5885CAB36EF7C
:10818000E115F4B9E6093C870F687BF682DB5DAF49
:10819000DAE78F95E27FE156B372F76F27BE9BEF68
:1081A000D8F86BE307C7BF197C40B6D5B4DD63C50B
:1081B0001ADEA9A3CD74F2AD9DCDC99625DAE5935B
:1081C00086FEEFF0D7E957873C0DAB78BBF634D08D
:1081D000741D135E9BC2DAB5E7866CA1B5D5214D3F
:1081E000D2593F9317CEAB91EE3EF77AFCA2D777E8
:1081F0003C337F1332B57E9D78F358F85FF177F604
:108200006F87C0BAC7C46F0FE976775A7DA5BCD215
:10821000D8EB96D15CC7E56C6F94B13FC49E95D7FF
:10822000C6985852A7858D28F2A526DDA374B48E72
:10823000AD2D1FA3DC9E1DAF29CAB4AA3BBB595D5F
:10824000DAF7BE97E87CDFFB637ECF7F173F67CF0F
:10825000D9EBC41E2ABEF8FDE24F1059DB2476D2BA
:10826000E9AD6E635BB49E55819198CADF2ED91B30
:10827000F86BA0FF00820D69FF0067F833E3EB8D18
:10828000BB566F10468BFF0001B58FFF008AAF3ED3
:10829000F8FBFB127C0DF047C1BF146B5A67C5EBAE
:1082A000CD7B56D374D9AEAC2C0F886CE55BA9D5C9
:1082B00037247B15773EE6DBC2FCD5DBFF00C11C13
:1082C000BE2C7827E167ECC3AD47E21F1778674201
:1082D000D4750F10DC4E2DAFF5482DA5D8B0C08A4F
:1082E000DB1D95B0769AE7C7548D4C82AC29DE72BF
:1082F000738ABAA6A1D9DACB7B5B7F30C2FB99B473
:108300002553DD4A327F173796EF6BF63D5BF63E1D
:10831000F829A1FC10F07FC50F8B1671AF8B3C497B
:10832000E34D5F56D5AE3FB3E3124FE4C1713F95C5
:10833000A7C39FE35643B97F8A563E8B5F89FF00F0
:10834000B587ED1DE22FDABFE34EB1E3AF1349FE6F
:108350009DAA3ED82DB27CBD3AD9777956A9FECADE
:108360002FFDF4CCCCDF3357E87FFC127BF6F0D343
:108370003E1CFC6BF889E05F176B9A6E9BE1BD7346
:1083800055BFD7B48BFBEBC486DA09DAE1BCE8BC95
:10839000C76DA16556575F9BEF237F7ABE52FF00E2
:1083A00082BAFC18F06FC3DFDA4EEBC49F0F7C4536
:1083B000E19D73C2BE3832EA061D235182EBFB2ECB
:1083C000F33FE91115899B646ECDE6A7F0F322FF18
:1083D000000D7D170961DE0B3CAB431B16E728A798
:1083E000095B4E5B6DE5A7E28F9FE26A91C5655020
:1083F000A986768C5B528ADEEDEFDDEBF99F21DBFF
:108400005836ADE20B3B65F9BCE9C2FF00E3D5FB92
:1084100041FF000491F86FF67B5B199A3F9635DFB8
:108420005F913F057C3EDE22F8A5611EDDCB1B6E11
:10843000FF00D96BF7A7FE09BBE075F0FF00C3D5BD
:10844000B864DBFBA55AF9DF1631DED330A7875BB2
:108450004237F9B7FE563DAF0D707ECF053AEF7942
:10846000CADF24B4FC5B3E9BA54FBD494A9F7ABF3F
:108470002B3F4827A28A2800A28A2800A28A280027
:10848000A28A2800A28A2800A28A2800A28A28009C
:10849000A28A2800A28A2800A28A2800A28A28008C
:1084A000A28A2800A28A2800A28A2800A0F4A28614
:1084B000385A008F38A5DD8AF85FFE0E2BFDB43FD9
:1084C000E18ABFE095BF11350B3B8FB3F883C6F04F
:1084D0001F0768DB64D8E25BD47496442390D1DB39
:1084E00089E4047F122D7F3C1FB15D978D3FE08CA6
:1084F000DFB67FECB3F1CBC616F359F86FE2358CDB
:108500007E213B10AB7F63DD4F359DC290786716AF
:10851000A56E147031345D3AD187FDED574F657B00
:108520005FA5DABD8AAD170A5CEB57ABB792DD9F4A
:10853000D83B3607F9E2941048AA71DEC7A8E96B68
:10854000710BAC914D18747539560464107A10474C
:10855000715FCECFFC1B3FC7FC1C19FB477FD82F98
:10856000C4FF00FA9059555083A95A545F48B97D09
:10857000CED632A9351A3ED9774BEF3FA32FBA7F1B
:108580005A37FCD463E6AFE7BFFE0F725CFC59FDBF
:108590009CFDAC35AFFD1D63511D6A421FCCEC6DD7
:1085A00018B6A4FB26CFE8433C9A318AFC0BFF00A7
:1085B00083CA23F3FF00669FD9853EEEE9EF867FED
:1085C000EDD2CEB8BF80FF00F065EFFC2EDF81DE7C
:1085D0000DF197FC3497F65FFC25BA158EB5F63F82
:1085E000F857DE7FD97ED36F1CDE56FF00ED25DD08
:1085F000B77E376D19C6703380E29BE7ED1938FA04
:10860000DBF233724945FF0034798FE8A320519E95
:108610002BF2F7FE08C5FF0006DEFF00C3A2BF690C
:10862000FD6BE247FC2E5FF8583FDADE1BB8F0F72F
:10863000F677FC225FD93E579B736B3F9DE6FDB6F4
:108640007DD8FB3EDDBB0677E770C60FE1CFEDF5C9
:10865000FB4FF893F633FF0082FF00FC50F8A1E1D6
:108660001B96B5D7BC17F12EFF0050800728B731F5
:108670008B86592072BC98E588BC6E3BA48C3BD19C
:10868000EE7B6851BFC49B6EDB797E3B94A3274E83
:10869000734BE1B5BCEFF91FD83938341E7BD7E6F0
:1086A000E7FC15FF00F69BF0D7ED91FF0006E87C94
:1086B00042F89DE0FB869BC3BE33F0AD8EA36E24D3
:1086C000DBE6405AF6DC3C326090248A40F1B0048C
:1086D000E1D1864E2BC0BFE0DCFF00D9BBFE1AFF04
:1086E00000FE0DE3F895F0BBFB63FE11CFF84FB52C
:1086F0008D7B43FED3FB27DAFEC1F68B3B68FCDFA4
:108700002B7C7E66DDD9DBBD738C6475A9E59FEF9C
:10871000525AD3E5D3BDFF002B7CEE4A946D4E77C1
:10872000D26DFCACAE7ED09EDEF40C60FD6BF977B2
:10873000FF0082AB7FC1ACDFF0EC7FD8A3C49F18F1
:10874000BFE17A7FC26FFF0008FDC5941FD91FF0FB
:10875000867F66F9FF0068B98E0CF9FF006E9B6E8C
:10876000DF33763CB39DB8E3AD49FF0004ABFF00B7
:10877000835907FC14C7F62CF0BFC62FF85E9FF094
:1087800084FF00C2453DE43FD91FF085FF006979B1
:108790001F67B9920CF9FF006F8776EF2F76360CC2
:1087A000671CE3274A70534DADA2D5DF6B8E7EED7B
:1087B0009BFB57B7C8FEA0CB73D681D6BF98CFF826
:1087C0003A47F67AFF008561FB46FECAFF000A8E33
:1087D000ADF6F3E1DF869A5785BFB505AF95E7F9AA
:1087E0005752DB79FE4EF6DBBB6EED9BCE338DC769
:1087F000AD7BAC7FF0637F9B1AB7FC3506DDC33CD5
:10880000FC38E9FF00954A8A7EF45C96D76BEE61EE
:1088100025CAD45EEE29DBB5CFDFF2F4DDD5F9F75A
:10882000FF000445FF0082189FF823227C4C6FF85C
:108830005A3FF0B23FE160269E38F0D7F63FD83E6F
:10884000C9F6AFFA7A9FCCDFF69FF676ECFE2CF1F4
:10885000F9ABFF0006AC5D45A7FF00C164BF68EB44
:1088600089A48E1861D0F5992491D82AA28D66D852
:108870009249E800E726AA0A32AAE9A7A28733F9B3
:108880006EBFE091294953F696FB492F3BF53FA374
:108890000340E78AFE73FF00E0AE3FB7FF00C45F0E
:1088A000F8381BF6C6D2FF00651FD97D65D53E1B83
:1088B000E9779E7EAFAB46EF169FAD3C4EA1F50B20
:1088C000B9429D9A75B311B383E6C855956491ADCD
:1088D000D07EC57FC127FF00E0947F0F3FE093BFAC
:1088E000B3BC3E0FF07C5FDA9E22D504771E27F1E1
:1088F0003DC4023BDF105D2A91B9864F97047B98F7
:10890000450292B1AB3125E47924729C1BA7ED6737
:10891000A5F6F3F3F245547CB3F66B57D7CBFE09BB
:10892000F5381834836E6A3BB9FECB692C9FDC5254
:10893000D5FCB9FC2AF0A7C5CFF83A93F6FEF1E6CC
:1089400083E30F8D91FC3CF07F85C4FABE8DE1DBA3
:10895000856BE8B4DB712B430ADA69AB342934A8A0
:10896000AEAB35CB3071BD725832A0CA2DCA7ECEA7
:108970003BDAEFD0B714A9BA92DAE97CD9FD47EE19
:10898000F9A97757F3BC3FE0DF4FDB73FE0905F130
:10899000EFC33E2AFD927C7D3FC54B2BEDB71AEC11
:1089A000104F6BE19B79A485980B6BFB1BBBE30D10
:1089B000DDBB472B6C71233A334842C4CB1C8FFA82
:1089C00083FF000583FF00824CDF7FC1667F65CF98
:1089D00002F84352F1A37C27D4B43D561F115D9396
:1089E000A32EB9B65FB24B0BDAE16E615F95A63F7D
:1089F0003ABB03B380739172F854A1AEB677D2DE5E
:108A00007E6898FC7CB2ED756D7E5EA7DC19CD3476
:108A10001E2BF8FF00FF0082DC7FC111BFE1CDFEFD
:108A20002AF873A5FF00C2CDFF00858DFF0009F570
:108A3000BDECDE6FFC23BFD8FF0060FB33C0B8C7BE
:108A4000DA67F33779D9CE571B7BE78FD42FD8530A
:108A5000FE0D08FF00866DFDA27E16FC5EFF0086FF
:108A600084FED8FF00844757D3FC4BFD927C09F667
:108A70006FB5795224DE4F9DFDA2FB338DBBF636D8
:108A80003AED3D2B5A30535CEDDA376AFE6BCB7210
:108A90006AB70D2DAB57B7FC13F6FF0039A07F4A1C
:108AA000FE3BBFE0B13F0B350F8BFF00F05AEFDA12
:108AB0001F4AD2DA35BCB6D5F5BD630E09DF1D8D70
:108AC0008CB79228C7731C0C0678C9AFE8CFFE0993
:108AD00089FB7359F8CFFE086BE05F8C7AC5C24DF5
:108AE000FF0008878066FED6926709E64DA4C32D75
:108AF000BCE5CE0052ED6CCDD3186E3231584657DE
:108B0000C27D6BCB6F977F5D0D2A45C6BAA1DF4B47
:108B1000F9E8FF0023EDDEA339A52FC7B7AD7F0D20
:108B2000CBE1FD7E6F8EBF0EFC6DE229BED175F1EB
:108B300033555F12472B01BA70DABCF6D24871DDAB
:108B4000A7B69BB0E95FD377FC1C85F163F69AF07A
:108B50002FEC7BE19D0BF66BF0B7C42D5356F16EF5
:108B6000AA6D35ED67C196335E6ADA3DAA465D525D
:108B700035B7CDC45E73F59E35C2088A9743226E21
:108B8000A95D528D4EB276B79E9D7E64E9EDFD8F54
:108B90004B377F2BF63F48CF34A38AFE557F6EEFCD
:108BA000F82307C5EFF8207FC16F867FB44683F1B5
:108BB000CBECFE3CD4355874CBFB4D1ED65D3EE766
:108BC00046BC9ADA49DA28AE3CD717B07EE668E4AC
:108BD000F3122571B41475760BFB3DF18BFE0A0779
:108BE000F1C3C49FF0413F0DFC64F875E07D7B5EEE
:108BF000F8E1E3CF0B699F63B0F0EE8336AB2DB5A0
:108C0000DDDAA2CD7D1DAC6B21F2D13CC990386577
:108C1000526356DC320A9B4A94AA2D5C5D9A5DFF32
:108C200000208C5BA9187496CFD3B9FA19BB3421F4
:108C3000FF0039AFE677E01FFC1ADDF1FF00FE0A06
:108C400019FB396ABF1BBE2DFC54D7FC2BF1635EA8
:108C50001732DA787BC6DA2DEDDEAD7E2DD7CAB7B6
:108C6000FED0BBB89D27B56768F680619B6422364D
:108C7000E73B17EBCFF8344FFE0A29F143F695F0A6
:108C8000B7C4BF84FF0012BC43ABF8C17E1EADA5C4
:108C9000FE89AA6A93BDDDEDB412C92C72DA49705F
:108CA000C4B3A232298C392CAACEA0945554D23404
:108CB000FE28B7EF455EDE5E4C99CAC94E3AC5BB89
:108CC0005FCFA1FB515F34FEDB7FF0572FD9E7FE6A
:108CD00009D3E30D1F41F8C9F108F83B56F105AB84
:108CE000DF69F07F616A5A879F0ABEC66DD6B6F209
:108CF000AAE18630C41F6C57D2D5F34FEDB7FF0001
:108D0000048FFD9EBFE0A2DE30D1F5EF8C9F0FBF38
:108D1000E130D57C3D68F63613FF006EEA5A7F914C
:108D20000B3EF65DB6B7112B658E72C09F7C563533
:108D30001CD34E36B75F4B3DBE76F91A4797ED5FB1
:108D4000CBD7CCF153FF0007457EC2A07FC972FF8D
:108D500000CB33C41FFC83437FC1D17FB0AFFD176D
:108D60002FFCB37C41FF00C835F8BFFF0004AFFF04
:108D700000826CFC15FDA47FE0BE1F183E0AF8D3EC
:108D8000C19FDB5F0CFC2D79E258B4BD18EAF7D621
:108D9000FF00655B4BF115B8F3E199276D91923EA9
:108DA000690EEEAD93CD7D95FF0007047FC10C7F6A
:108DB000657FD87FFE0987E36F887F0BFE177FC230
:108DC0002FE31D22F34B8AD350FF00849357BDF24B
:108DD000926BF8219479571752447723B0C94246D1
:108DE00072307069CE6A14A155ED3B5BBEAECAE528
:108DF0007B37ED6547AC5D9FCB53EF0F873FF0723C
:108E000017EC5DF17BE21E87E14F0F7C66FED0F12F
:108E10000789B50834BD36D7FE112D761FB4DCCFD7
:108E200022C5147BDEC951773B28DCCC1467248132
:108E3000CD7B37EDB5FF00053AF81BFF0004E5B622
:108E4000F0EC9F19BC750F83BFE12C79D74A4FEC2A
:108E5000BBED424BB30EC329096B0CACA17CC4E53E
:108E60008004B000935F98DFF06DC7FC11B7F66F18
:108E7000F8FF00FB027C29F8DDE2CF873FDABF1460
:108E80002CB5ABCD421D6BFB7F54B7D93D96A730B7
:108E9000B67FB3C572B01D8218F831E1B6FCC1B21D
:108EA00073E35FF07507ECE5F1F3E3CFFC14C3C0A7
:108EB0003AA7827E0CFC47F8A7E0BF06F85ECA5BC3
:108EC00064D2FC25A8EADA43DCB5E5C493C12BDB08
:108ED0002609754843A8757D9B791C1ADEBC152AA6
:108EE00090A4F7BFBCFA256D2DE663425ED6329F93
:108EF000449DBBB69DBCCFD7CFF828D7FC1593E1D6
:108F00009FFC132BF675F0DFC4EF1D69FE30D6B45D
:108F10000F15EA30E99A7DBE8561135FB3CD04B7C2
:108F20000AED15D4D6FB14244770621D4B28DBD7FD
:108F30001BDE1CFF008293FC33B9FD81F4BFDA43D2
:108F4000C4D79A97C3DF86FA9E90BAD2B788E04812
:108F50006FA181D8AC2A6185E50F2CBF2F971C4CDF
:108F6000ECFE62000938AFE62FFE0AEFFF0005298C
:108F7000FDA8BFE0A53E38F00FC2BF8C9F0A20F0CD
:108F80001F8A3C3776C747F0A693E15D4F4BD4F577
:108F90000B8BE11470EEB5BB9669A466D8AB12C614
:108FA000ABBBCC380C48C7D75A4FFC153BFE0A2543
:108FB000A7FECCD61F086EBF611B4D63E1FD8E81FD
:108FC0000F868E957FF077C553457363142B02C7C8
:108FD000228BA0A728A32401CF231C56567ECE4E59
:108FE0003BDFDDED6B6ABD6F62F69414BB7BDEB7D1
:108FF000D2D7F23F74BF615FDBF3E187FC1473E00B
:109000004E9FF107E16F881757D2AE3115ED9CA046
:1090100045A868B738CB5B5DC39263957EA51C619C
:10902000919D1958D3FF008286FEDFDE0EFF00827D
:10903000687ECD1A87C54F1DE99E26D5BC3FA65E2A
:109040005B59CB6DA0DBC17178CF3C82342AB34D24
:109050000A6D04F397071D01E95FCDBFFC1383C4BC
:10906000DFB6D7FC12CBE2778CBC5DF0BFF62FF1F8
:10907000C3EA9E3246B778B58F87DE2FB9B5D32DB8
:109080007CDF345AC1125C46AE8AC176C971E74CA6
:10909000A17024F9A4DFEF1FF0719FFC144FF6AE0E
:1090A000F88FF0F7C59F0B3C6FF0457C37F04E49C9
:1090B000F43BA8FC5C7C1DAC5997BC36B6D74F007E
:1090C000BD9A636A48B969A3D9B3701195CEE526F4
:1090D000957D93A5DD5EFEAAF6F96C2A5F1353F326
:1090E000B5BAE9A1FBABF087FE0A0FF0C7E27FEC4F
:1090F00073E13F8E9AA788AC7E1DFC3FF165A47793
:1091000076F79E32BFB4D27ECA2472891CD234CD87
:109110000AC8CC301448D9C8C126BCEBE357FC17A9
:109120006BF63EFD9FF45B3BED7BF686F86BA8414A
:109130007D39B78D7C35A8FF00C24D32B005B32410
:109140005A68B89235C0FBEEAAA4F19C902BF9F6B0
:10915000F1B7ED9DFB457C56FF0082146A9F0BFC26
:1091600077F09FFE11AF829E0FD2F4797C29E2EF57
:10917000F846352B3FEDB906AD0AAAFDB6695AD6B9
:109180007CA4929C428A4ECCF4072FFD853F677FDA
:10919000F825EEB1F017C0BE21F8EBF1E7E2AE8F93
:1091A000F12702E7C49E18B3D3EF5B49DE970F881F
:1091B00037DBE93249E5BC4A9B8C573B86F6DAEA55
:1091C000718D251F7E7CBB2765DEDBEA446568C7A1
:1091D0009AF76BA791FB49ADFF00C1D3FF00B1C95E
:1091E000F1EF837C3BE1AF1A7893C6975E2FD5E110
:1091F000D25A7D37C3777676FA279B2222DCDDBDF3
:10920000FADB62105F24C22570149D9D33FA2EBCD8
:10921000AFD6BF0E3F673D57FE08A9A4FC70F0C84B
:10922000F05E9FA16ADE2ABEBE4D3F4BB2D6747F70
:10923000186AF63733DC7EE1124B6D42392D5F261A
:1092400041832A108D86054A861FB8D122C51AAAE5
:10925000AAAAA8C00063029CA2941357BB6FD3A60E
:10926000DE9FA85DB9F959682E718A50772F5AFC94
:1092700055FF0083D8B07F636F83F9E7FE2B197F1A
:10928000F48E4AFD26FF00824B8FF8D5DFECED8F80
:10929000FA26FA063FF05D054535CF4E53FE5925B7
:1092A000F7ABDCBA8B91C17F326FD2CED63E83272B
:1092B000039A4CE4FD3F4AF14FF828DFECF1FF0040
:1092C0000D63FB09FC59F8762159AE7C55E19BDB17
:1092D0003B20CBB82DDF945EDDB183F76658DB8190
:1092E0009E38E6BF22FF00E0C9BF8ECD2781BE3881
:1092F0007C2FB99265934DD42C7C476B031C28F3CB
:10930000A392DE720763FB8801E3D2A68DA729C76B
:10931000AC526BCEEFF4D5854F7211A9DDD9F97639
:109320007F367EEF9E4714A3935FC91FFC17EBC5E2
:109330001E24FDBB7FE0AB7FB43788BC3B036A9E35
:109340001FF829636F6374EAFB96D2CED27B5B0968
:1093500076E091FF001FB7523632382E7A822BF713
:109360005FF602FF00828141A97FC1BD3A0FC66B43
:10937000ABCFB4DF780FE1D5DC57A649B6C935E6E7
:10938000970CB6D86624E1E47B75233C9F341C72AD
:109390002B3E67F5478AB6C934BAB4EF67F85BD499
:1093A000D254ED888D05D5DAFD9E9A7AEA7E82E761
:1093B0000681D0D7F2F1FF00043DFD9C9A7FF8248E
:1093C00087EDEDF186FA2DEF75E07BBF0AE9F394A6
:1093D000E7E5B492EAEC671DF7DA1E0F6E474AF72D
:1093E000EFF837D4ECFF008373BF6CCF783C49FFB4
:1093F00000A8F475D15A9FB3A7524F784149AEF7F0
:1094000069257F477269C79E718ADA53714FD12DE2
:109410007EFD0FE8280E6909C71FA1AFE4AFFE0863
:109420009BFF0006FD7FC3E33E1778DFC4ABF16B03
:10943000FE15D7FC21FAA43A6FD9FF00E116FED73A
:10944000FB5F9911937EEFB5C1B318C630D9EB918C
:10945000D2BA9F17FC2EF8C9FF0006BC7FC1527C10
:1094600019A468BF1264F137847C50D61AA5EA6942
:10947000C8F676DE29D304F2412C17962EEE893AEF
:1094800066E046DBE4D9E62BA48ACCCAB51A57AB12
:109490001A127694AD6F36D5D7E1A98CA4F9253888
:1094A0006BCB7BFC9D99FD2A7C61FDBB7E087ECF4A
:1094B0005E30FF008477C7DF193E15781FC40B0AA2
:1094C0005C9D37C41E2CB0D32F044F9D927953CA94
:1094D000AFB5B070D8C1C1AF14FDAB3FE0B75FB35B
:1094E000FF00C07FD9CFC61E32F087C5BF823F13B1
:1094F0003C49E1BD3A4BEB2F0C587C4AD2A0BAD67E
:1095000099304C3132C92B6F2BB88558DD9880A12A
:109510004922BF2DBFE0BAFF00F04D2F1F7EDD7F37
:10952000F05EAF8796FF00F0AEFE2A6A5F0A7C49C4
:1095300065A0691AE78ABC3FA05CCB67A6DBB4F2E2
:109540002DC3FDB3C892DE278D1F7132642F0586AF
:109550002BE68D37F62FFF008272F843F6D3F19F8A
:10956000C19F8A9E20FDADBE10DD7877596D334DC9
:10957000D7BC4571A6C763A945B62F2E79E33A52E9
:10958000DC598959D9A3324463F2424AF2C7BF6217
:10959000F3C62E71B6CDDFD746BFCD1BFBB195F715
:1095A000568B7DB557B69F8F63F59FFE0965FF000B
:1095B0000740FC21FDBEA2F17C3F1207837F677B41
:1095C000FF000D9B66B34F1378EAD5ADB5B8A5F390
:1095D0000318669E2B51E646C8372056E24439EA06
:1095E00007D83A4FFC1527F665D7B55B6B1B1FDA1A
:1095F0002BE04DF5F5E4A905BDBC1E3ED2A496793D
:109600001885554559C9662480001924E2BF9E3F3C
:1096100003FF00C12E3F64DF881FF059787F64DDAF
:109620002ECFE3A5F69B78EDF65F1CDAFC48D1A7B8
:1096300082EE1FEC73AA24D1DAAE85B591D7080863
:10964000B820860E09FBB5D4FF00C1433FE0DF0D13
:109650004FF60DFF0082837C15B1F807E09F8E9FC7
:1096600012FC17713D86ABAD6B13E8EFAD45A6CE8E
:10967000BA86D6479ECACE38A251122B90E3201C40
:10968000E718AEA8A8CA54AFEEAA9B3FCDBEDB75C3
:109690003095D29EBAC75B7E87ED8FED4BFF0005FC
:1096A000DEFD94FF0062BF8DDAC7C39F899F150F4F
:1096B000867C65A0880DF69FFF0008D6AF79E40987
:1096C000A18E78FF007B6F69244DBA3911BE5738DF
:1096D000CE0E0820745FB157FC160BF674FF0082A3
:1096E0008878FF0053F0BFC1BF884DE31D6F47B1BD
:1096F000FED3BDB71A06A9A7AC16FE6247BCC97552
:109700006D121F9DD46D0C58E738C0247E627FC156
:1097100058BE087C22F8D7FF00071A7C2EF84BE2CF
:109720000F81FE09F1949F16B4BD3EFF00C53AEDCE
:10973000FEAFE2287550116E623E40B4D4EDED6389
:10974000096B631804C0FC8666DC4E2BE53FF825E8
:109750004FEDC5F0E7FE0901F1C7F6D0F89F6BE1C8
:109760005D5355D17C3FAAC7E12F06E87A7996442C
:10977000733DFDFB5B432DDBF9BE4C223B35DD2CFD
:109780008EEC76F025720573E1E4A50BD4FEF6DDD0
:10979000D69D7BB68DB134E51D296FEE5EFDA5BB70
:1097A000D3C93FD4FDB8FF0082A3FF00C1717E0C76
:1097B000FF00C124B53F0B697F11ADBC61AE6B7E6C
:1097C0002E8E6B8B5D33C33656D75756D046429993
:1097D000E613DC40A91B392AB86258ABE061491F87
:1097E000457ECB5FB46F877F6B9FD9E3C1DF133CAE
:1097F0002BF68FF847FC6DA645AAD94770F0B5C582
:10980000BAC8B9314BE4C9246B2A3651D55DB6BA12
:10981000B293906BF96BFD907E35FECE9FF050BFFA
:10982000DAC7E247C6AFDBF3E30C96536B91CD6B1F
:10983000A4F86B4ED2F5B924591D02C33472D94134
:1098400022416B6A876C309766775DD202A0F9DEA1
:1098500085FF0004A3FF0082DFE8FF00F0462FDA57
:109860006FC55F0BEC7C5F79F1CBF662D5B52F3F0E
:109870004FD56C74FB9B1BDD359C022EEDEDAED2FB
:10988000275620849EDC80ACE9BE3738FDEE942953
:10989000B76A753E26AE9ADBFC37EFB6B7FD6D9D15
:1098A0006D1B943E15A35D5F9AF9FF005DFF00A953
:1098B0002C7FB3FAD00E05667853C496BE34F0D62A
:1098C0009DAB58FDA7EC7A9DB477707DA2DE4B79F5
:1098D0007CB9143AEF8A4559236C1194755653C1DB
:1098E00000822B4CFF001527A68C2324D5D0EA2814
:1098F000A291457AF847FE0E1FF8B87E1F7FC13C43
:10990000EF3448A5F2EE3C71ADD9E9385FBC63464F
:109910006BA93FF49C2FFC0ABEEEAF947FE0AF3FF3
:10992000B0ADDFEDD9FB2D0D1747BCB7B1F13786D0
:109930007504D67487B82C20B875478DE0723EEA5E
:10994000BC6E7E6C7CACABFC39AF6B86F11428E648
:10995000942AE29DA119A6DF6B6A9FC9D8F1B8824B
:109960008D7AB9756A787579CA2D25DEFBAFB8FE98
:1099700079F4AEABFEED745A6428FB599559BD4A93
:10998000D771E2CFD867E2A7C2FD51ECF5AF09CDA0
:109990006F346DB77477514B1B7FBACAD50E9FFBDE
:1099A0003FF8CA1DBBF41BC5FF00812FFF00155FE8
:1099B000D3F3E24CA65AFD621FF812FF0033F9E61A
:1099C0008E4199C347427FF80BFF00229E93FD2BE7
:1099D000A4D3218CBAB322B37AEDA7E9FF00067CA9
:1099E000516FF7B45BC5F97FD9ADDB0F863E208799
:1099F0001BF4ABC5FF0080D72CB8872B7B5787FEA5
:109A0000048F568E4B982FF9732FFC05FF00913E63
:109A10009B0A48DB99159BD4AD74BA3DBA7F717F20
:109A2000EF9AA3A7F82B5883EFE9B74BFF0000ADDF
:109A3000AD3741BF87EF59DD2FFDB26AE3967D96C2
:109A400074AF0FFC091E9D1CA71EB574A5F73377D4
:109A50004B8D1BE660ADFF0001AE874F5565DACB3D
:109A6000BAB9FD3E39A1FBF6D74BFF006C1BFF00D6
:109A700089ADAB3D4161FBD1DD2FFDBBBFFF0013C5
:109A80005C7533CCB5FF00CBE8FF00E04BFCCF4664
:109A9000396632DFC397DCFF00C8E8AC604F97E55A
:109AA0005FFBE6BA2D2D5547CAAAB5C8D9F892DA98
:109AB0003FBCB74BFF006EEFFF00C4D6BD8F8E7466
:109AC000F871BA4BA5FF00B7597FF89AE6967597DB
:109AD00074AD1FBD0FFB3319FF003EE5F73FF23BAE
:109AE0003D2D15776D555AD892356B55DCAAD5C5E5
:109AF000D8FC4BD261FBD35D7FE01CBFFC4D6937C6
:109B0000C5AD09ADF6FDA2EB77FD79CBFF00C4D75B
:109B10002CB38C06DEDA3F7AFF00327FB2F19FF37E
:109B2000EA5F731DAA2EDFBB5CD6AD1876F9956A85
:109B3000DEA1F1134A9BEEC974DFF6E92FFF001393
:109B4000587A878BAC6E7EE7DA9BFEDD65FF00E21C
:109B50006BA29E7597F5AD1FBD15FD9B8DFF009FF8
:109B600052FB9FF919FAA7F1572FAD409B5BE55FB8
:109B7000BBFDDADFD43568E6DDB23BA6FF00B77780
:109B8000FF00E26B0B54125C2FC96F74DFF6C1FF4C
:109B900000F89AEAA79E65BD6B47FF00025FE629C1
:109BA0006598CB5BD9CBEE7FE471DAC42AABBB629C
:109BB000EEFF0076B94D7A2576F9915BEAB5DC6A5D
:109BC0005A0DFDCAFC96374DFF006C9AB9FD53C083
:109BD0007AD5C7DCD36E9BFE015DD4F3ECB16F5E2A
:109BE0001FF812FF0033CEAD94E3DED465F73FF2E9
:109BF0003CEF5B8D59595955976D725AA4291E76C1
:109C0000AAAFD16BD3F52F853E22B8DDB349BC6F27
:109C1000F80D63FF00C33EF8B358B9545D2A685588
:109C2000BF8DEBAA5C4D94D383A92AF0B2F34DFC0F
:109C3000926DBF91E5CB21CCAA4B96346577E4D2E7
:109C4000FBDAB2377F61BF07B788BE29C726CDCA06
:109C5000B2AA7F9FFBEABF7DFF00659F0CAF86BE67
:109C60001458C7B76B48BBABF30FFE09BBFB16EA32
:109C7000963E20B7B9B8B59238D59792BF3357EB17
:109C8000A7853475D0BC3D6B688BB561455AFE6FB6
:109C9000E26CD6398E6757170BF2C9E97EC924BF2B
:109CA000047EE7C3F973C0E5F4F0D2DE2B5B776E78
:109CB000EFF3342953EF5252A7DEAF04F609E8A2BE
:109CC0008A0028A28A0028A28A0028A28A0028A244
:109CD0008A0028A28A0028A28A0028A28A0028A234
:109CE0008A0028A28A0028A28A0028A28A0028A224
:109CF0008A0028A28A00291F9434B597E39F127F17
:109D0000C21DE0BD5F57369A85F8D2ECA6BC36D6A8
:109D100016CD7375722342FE5C512E5A491B18549E
:109D200051962401C9A99CB962E5D87157763F9C28
:109D3000FF00F83B27F6BBD0BE3DFF00C1477E16B3
:109D4000FC0DD5B5EFF847FC13F0E4DB4DE26D4DAB
:109D5000524B816136A3242D34AD146AEEE60B45D7
:109D60008DC05566FDEB80093827FC1C6FFF000590
:109D700002FD8F7F6EEFD8ABE1CE93F05FE24DB680
:109D8000A9E36F855A8456DA4694BE19D5EC41D2C0
:109D9000A480432C2925C5A4710D862B6700B8E249
:109DA000360324E2B7BFE091BFF046AD6BFE0A7107
:109DB000FB7A7C74F8B7FB617C19F1FE8FE1FD5AE8
:109DC00079B52B0D1FC4B6BAAF875AEEFAF6EDA4DB
:109DD000530B8304B2476F0C6D1E158A812C79E8F2
:109DE00031FA31E28FF8359FF620D4BC35A85BE913
:109DF000FF0006E4D32FEE2DA48EDEF23F176BB2E8
:109E00003DA48CA42C8AAF7A518A9C300C0A9C7297
:109E100008E2A391D3C34633DEFCFA6F7DFEFE86D3
:109E2000AE717886E1B25CBE56EBF89BDFF06ECF88
:109E3000EDAADFB6A7FC1293C05A8EA5A8A5F78A93
:109E40003C150B784B5BF981904B6802C0EFDCB39B
:109E5000DA9B7724F5666F7AFCBBFF00836839FFD5
:109E60000083833F68DFFB05F89FFF00520B2AF455
:109E70008FF835A7E10FC7AFD82BF6C1F8ADF08B3F
:109E8000E227C23F89DA1F827C510C925B788AF705
:109E9000C377F068ABA95848D1AB4772F1084C774B
:109EA00010BC85640F87F2A20376E06BE44F80F666
:109EB000BFB6B7FC132FFE0A55F18FE2B7C29FD988
:109EC0007FE2378AAEBC4BA8EB5A4C6FAD7C38D7DB
:109ED0006FB4F9ECE7D496E44F11B6F24B12608CF4
:109EE000AB872A558E01C823B23560B18EB2DA74C1
:109EF000FF0017D19C7EC9FD5E5434BC64BEE3FAFA
:109F0000A6CF15FCF77FC1EE1C7C57FD9CFF00EB34
:109F1000C35AFF00D1D635A9FF000FF2FF0082A679
:109F20001E3FE18B71BBA9FF008543E2EE3FF26E5D
:109F3000B27FE0E4CF81BFB407EDDDF097F63DF1ED
:109F40007D97C17F885AE78BAEBC1B3EA3E2ED3301
:109F5000C37E11D46E97C3DA85CC7A7CB2DB4B0A10
:109F6000ACB25B9593CD509336F1E590492A6B28BE
:109F7000537ED694FB4D7E4CE9854494E3DE2CDF82
:109F8000FF0083CA119BF668FD9876FDE69EFB1FD5
:109F9000F809675C5FC08FF821D7FC14BBC77F034B
:109FA000FC1BADF85FF6C0FEC5F0CEB1A1D95EE9ED
:109FB0001A7FFC2D5F14DAFD86D258124861F2A395
:109FC000B5291EC8D9576212ABB703802BDC7FE0DE
:109FD000EC2FD957E297ED0DFB3DFECEB67F0EFE7E
:109FE0001BF8FBC797DA1CB78750B7F0F787AEF5B9
:109FF00059B4FCDB5AAAF9CB046C63DCCAC06EC648
:10A000004A9C74AF1AF84DFF0005A6FF00829E7CA3
:10A0100019F857E19F08695FB195E5C699E15D269A
:10A02000D748B492EBE1278ADE7921B78522432114
:10A030005B9552E5501242819CF03A08A4E3FBDEA6
:10A04000FED24FE5DCCBDEE5A5DB915FBDEE7E8881
:10A050007FC1107FE09F5FB567EC49AEFC44B8FD5F
:10A06000A4BE367FC2DCB7F1141631E849FF0009FF
:10A070008EAFAFFF00663C4D399CE350863F2B7896
:10A08000788663C96D9CF415F939F08BF66DF0BFD5
:10A09000ED81FF00073EFC79F867E32B38EF3C3B8E
:10A0A000E33BCF1869B7419033445ADE7F2E74CF1B
:10A0B000492270B2A30E55D14F6AFD18FF008240AD
:10A0C000FF00C1533F6DEFDAF3F6BAFF008447E3B8
:10A0D000EFECE7FF000ABFC07FD8B757BFDB3FF008
:10A0E00080EBDA266ED1A21143E7DECEF0FCC19CF4
:10A0F000EDDBB8EDE0F06BE6BFD877F63FF8B5E101
:10A100004FF83A97E207C42D53E17FC45D33E1FD78
:10A11000E6B9E2596DFC4D77E1BBD8747B849619A2
:10A12000844C976D188595C90148721B200269A857
:10A13000F3E26129DADC925FE5F32653E5C356507A
:10A14000BDEF17F89F1DE87FB4D788BFE09FBFB170
:10A150004FED8BFB09FC5FD412DEFB4B8C5E783E2F
:10A160004932B0CD7297B6CF343113CF97736E6347
:10A17000BA881C0F964FE29003FABBFF00067D8C55
:10A180007FC12527FF00B1DF52FC7F71695E51FF5F
:10A19000000764FF00C1203C49FB527877C2BF1C16
:10A1A0007E15784F5AF1578E3C3FB340D7F46D0F70
:10A1B0004C96FAFF0054B17766B7B848A10CEED0C0
:10A1C00048CCADB54B18E60490B0D7D01FF06AF775
:10A1D000C0DF1B7ECF9FF04C39B40F1EF83BC55E2D
:10A1E00006D77FE131D42E469BE20D26E34BBCF22D
:10A1F0009A1B50B27953A23ED62AC03630769F4A77
:10A20000BC1D472A556753E3F753F3E5D13FB8AC7C
:10A210005C529D354FE1BB7E975AAFBCBDFF000736
:10A22000591FF8D28FC47FFB0968DFFA72B7A9FF04
:10A2300000E0D59E7FE08A5F0CFF00EBFB59FF003A
:10A24000D39DCD6DFF00C1CB5F083C5DF1DBFE0906
:10A2500013E3EF0D7823C2FE23F197892F750D25A7
:10A26000EDF4AD0F4D9B50BD9C26A16ECE521855FE
:10A270009D82AAB31C038009381537FC1B5FF08B45
:10A28000C59F033FE0911F0F3C35E36F0BF88BC177
:10A29000DE23B1BDD59AE349D734E9B4FBD815F52F
:10A2A0000B8742F0CAAAEA195830240C8208C82247
:10A2B0009E174A75D3EAE3F922F11AAA56FEF1F97C
:10A2C00067FF000792E9579AE7FC145BE09D9E9BAD
:10A2D00071F63D46F3C2B043693EF68FC995B52B82
:10A2E000808FB97E65C310723918E2BD063FF82031
:10A2F000A7FC152664565FDB4BE561C63E2EF8B71A
:10A30000A7FE0253FF00E0EC6FD957E33FC65FDBC7
:10A31000BBE11F8A3E17FC25F88BF10ADBC3BE1890
:10A320008DA4B9D03C2F7DAB5AC1711EA13C8229AE
:10A330005EDE360A48DA4A960D86078CD322FF0085
:10A3400082F5FF00C152628C2AFEC5B80A00C7FC24
:10A350002A2F177FF25D72E12CA85BAF34BEEBE8C9
:10A360006B8ABBA917A5B957ADCFD2BFF8230FECA5
:10A3700071FB427EC5BFB3BF8ABC3FFB457C543FE7
:10A38000163C57A9EBCFA869DA97FC24BA96BDF61C
:10A390005B336F02083CDBE8E3913F789236C51BE4
:10A3A0007E7CE724D7F353FB34F80BE3A7ED0BFBDC
:10A3B000777C61F83DF01C5D2EB3F176FB53D03C09
:10A3C0004173133451DAE8FF00DA2B35C3DC5C014A
:10A3D000986D898E312B019753E500E65F2DFF00C4
:10A3E000A10FF8226FFC142BF6B2FDB73C5FF1060B
:10A3F000C7F690F81FFF000A8F4FD074FB59F4394D
:10A400008F83358D03FB46591E412A6EBF9A4593B3
:10A410006AAA1C20046EC9E08AF8C3FE0DA4FD8F51
:10A42000FE2C7C0BFF0082B57C77F1278E3E17FC5B
:10A4300046F06F87B58D27544D3F55D7BC377BA766
:10A44000D9DF3BEAF6F2208E69A34491991598056D
:10A450002495048E39ADA9D3E6C637536F67F27AD7
:10A46000EC73CA7C9877C9BF32FF00875E87CCBF88
:10A47000B0FF00C47F177FC1B19FF0596D43E187E2
:10A48000C46D51AFFE18F8C96D2CB5BD523B368A6C
:10A49000DF50B19771B3D5E242CCC3ECF2BC8AE095
:10A4A000172145CA8DCDB4D7F4F3617915FDA453B6
:10A4B0004322CB0CCA248DD1B72BA91C1079CF1500
:10A4C000F98BFF000742FF00C1292FBF6FDFD906BC
:10A4D000D7C71E05D0EEB58F8A9F0B59AE6CAD6CF9
:10A4E0006079EF35BD35FF00E3E2CE38D0169650E7
:10A4F000C1258D402498DD14664AD2FF0083667E14
:10A500003EFC6CD7BF64793E13FC74F865F153C10F
:10A510007E20F860B15B689ABF8ABC377BA6C3AC6B
:10A52000E94D958A1492789034B6FB7CB2339F2C17
:10A53000C44670E4551A8EAD2E5A9F1C3F15D3EEBB
:10A540000AD150A8AA43696FE4FF00E09FA5D22F6B
:10A55000988C18718AFC31FF0082A07FC1A4FAF7A1
:10A56000C48FDA0F55F8B3FB33F8EF47F0A6ADAB65
:10A570006A8DAE4DE1BD6249AC534EBBDD24CD3694
:10A580009F7B6EAED1933797E5C2F1AAC64B1138C7
:10A5900050A8BFB6FF0011BC09A7FC53F006BBE1F1
:10A5A0009D5A269F4AF10E9F3E997B1038324134C6
:10A5B0006D1C8A0FBAB115FCE6F85FF636FDBEFFDA
:10A5C00000E0DD2FDA3FC597BF02FC137BF18FE17E
:10A5D0009F8B2F1A0863D3F469BC4369ABC6A2539F
:10A5E0006D25E595A325E5ADC448DF348BB222E7A0
:10A5F000689255C03CFA7B5D7476D1F9F636D7D9AE
:10A60000BE5D75D5797739AD2BFE0A77FF0005223F
:10A61000FF00821A78B341B1F8F5A678ABC57E0782
:10A62000BA9C16B7F1AC916BB6B7C6662CD1C3AE67
:10A63000C0F2C8B74238A5D9135C48220771819788
:10A6400019FE8D3F664F8FFA2FED57FB3D782FE2B5
:10A6500047877ED0BA2F8DF46B6D6AD239C62686B5
:10A6600039E35902380701D77152064654E335FCE5
:10A67000F57ED1FA37FC1493FE0E12D4FC35F0E7C8
:10A68000C75F04CFC27F06F87B508B52BC92F7C3E2
:10A6900037DE16D2D256DF0ADDCCFA8C925C5C34FF
:10A6A00051C928F2AD779C39263270C3FA01FD8C6E
:10A6B0007F666D37F635FD95BC01F0B749BC935008
:10A6C000B3F03E896DA4ADE49108DAF5E340AF3113
:10A6D000404852EFB9F009C6EEA7AD75C6EE97EF48
:10A6E0002DCD7D2DBDBCCE795BDA2F677B5B5EC93E
:10A6F000F4B1F87FFF0007BA0C7C57FD9CFF00EB1C
:10A70000C35AFF00D1D635FBE9F0CFFE49C683FF1F
:10A710000060EB7FFD16B5F897FF0007827EC97FCA
:10A7200015BF697F897F0167F871F0CFE217C41800
:10A73000347B2D5D6FE4F0DF876EF555B16796CC05
:10A74000A094DBC6FE59608C46EC6769C7435FB6D0
:10A75000DF0F6DE4B4F00E8714D1C914D1D8409244
:10A7600023AED65611AE411D8E7F2A587FF747176C
:10A77000FCECBC46B5A16FE5FD4FE6EFE1DF80B430
:10A78000FF008A7FF077E78BBC37AB411DD69BADCE
:10A79000788FC4D657113AEE59124D0EF54823B8AA
:10A7A000C1E9DEB97F82FF00B695FF00ECC3FF0070
:10A7B00006FBFED5BF00356D463B7F17F85BE20C0C
:10A7C0007E10B68848DCC3A84ACB73147C83B71AC2
:10A7D0007DF93C01FBCE72588AFA73F663FD8EBE9A
:10A7E0002B68DFF0764789BE236A3F0AFE215A7C38
:10A7F0003E6D7F5C9E0F14DD786AF23D1595F4D9AD
:10A80000E38DD6EDA3F2486660AA43F25B03D2BEA5
:10A810006BFF008292FF00C11DFE327C40FF008270
:10A82000EEF89748F0DFC2CF887A87C29F885E3EF5
:10A83000D2F56B9D7AC3C3D7B2F87E38EEDA392EE3
:10A84000669AE522302F90D717418B1CA7CFEA7369
:10A850008E1D73D1A1425B4A367E4D493FC8DF1140
:10A8600052D5AAD45BC1C5AF3F75A3CCFF00E0AD04
:10A87000BFB38FFC32D7C55FD88FC22D62B6B71673
:10A880003F0A3C3725F15076BDECDAA5EDC5C8DCB2
:10A8900047389666EBD32381C57F58764D8B38F9C0
:10A8A000FE015F83BFF07407EC65F15BE377FC1496
:10A8B00037E026B3F0FF00E15FC40F19787B43D087
:10A8C000ACED6EEF7C3BE1BBBD4AD74F68F5191C80
:10A8D000A48F046CB1E1181C311F2F3D2BE94FF8F8
:10A8E0003963FE08CDE38FF82937C30F03F8EBE196
:10A8F0002C76D79F12BE1BF9B6FF00D932DDA5A377
:10A90000EB1632957DB0CCE446B3C52A8650EC8A6E
:10A91000CAF27CDB9515ABDB7EE537B73C93F25A88
:10A920006A72AA57AD057FF976BEFBEC7CCFFF00BB
:10A9300007187FC12AFE257C39D4FC45FB5A788351
:10A94000E2759FC6CF04F8435F4D423F863E2F839A
:10A95000508748D0AC6EE58AD962B6686FF7328905
:10A960008DB19122FB309029624E3CB6FD55FF001F
:10A970008247FEDCBA47FC1443F608F02FC4AD2B27
:10A9800040B5F0A9BB81F4CBDD16D4836FA55C5A2A
:10A99000B985E28B80045855741D91D01E41AFC219
:10A9A000FF008E9F18BFE0A77FF055EF80DE1DFDF2
:10A9B0009C7C4DF01FC55A2E8F335BA6A5ADDF786A
:10A9C00026F7C3CDAE8B550EAF7F7D7CE2D57E786A
:10A9D000C4B884445DD4050D9087F44FE367ECFB65
:10A9E000F153FE08B7FF00040DB1F853F03746F1FC
:10A9F00097C44F8C1A9B1D367D43C25A15DEA57134
:10AA000067777AD24B7B7D1A408D2471C31868A179
:10AA1000958290DE4311BB8A4BF75879ADD5D72785
:10AA20009F76FF00E0FDE6D2FDED6827F159F37651
:10AA30004BA7F5A1C77FC1753FE0BDD7BE12F14658
:10AA4000A1FB2EFECC76F75E37F8D5E26924D0352F
:10AA50006D434889AE4F87E4906C7B4B60A0F9D77B
:10AA6000D82C18A9DB6E4107322B08FDEFFE0DE64E
:10AA7000FF00823D5DFF00C12A7F663D427F18498D
:10AA80006B71F153E224B05EF8856DE412C3A4C586
:10AA9000186F22C51C1DAE63F3246775F95A490867
:10AAA00052C88AEDF893FF0004C5F127EDB5FF0009
:10AAB00004A6D73C45AE7807F62BF13788BC53E2A5
:10AAC00060B0DC6BFE2AF857E25BCD42D6DF826DC8
:10AAD000A1786485638D98077C2EE760BB890A8125
:10AAE0007F68BFE0891FF0515FDAE7F6D6F8A5E38B
:10AAF0004D2FF68EF817FF000A9745D134B86EB483
:10AB00008BAFF842F59D07EDD70D36D78F7DFCD280
:10AB10002C984F9B6A0047738ABA74F9612E577953
:10AB200035ABFD17919D6973492DA29E8BBBEEFF3E
:10AB300000AD0FD21AFC71FF0082917FC160BFE0AF
:10AB4000A01FB397EDB9E3EF04FC21FD973FE13C73
:10AB5000F86FA15D41168BAFFF00C2B6F11EA9FDD3
:10AB6000A11B5B4323B7DA6D6E520936CAF22E5130
:10AB7000401B707904D7EC757CC3FF00054FFF00C4
:10AB800082A3FC3CFF008259FECE3A978C3C5FA921
:10AB900059CDE22BC8268FC31E1B5B80B7BE20BBDE
:10ABA0005518445E5961566432CD82B1AB0EACC8C3
:10ABB0008DCF5A5CAB99FDDDCDA9C5C9F2A3F98B48
:10ABC000FD857F6E0FDA5BE0FF00FC1513E217C511
:10ABD0008F85FF00083FE135F8CDAECBAC4DAEF828
:10ABE000523F0B6A9A92E9AD7376AF779B3B7956E9
:10ABF000EA2114C427EF1CEC276B64D7D0FF00F0C8
:10AC000055AFF82B17EDD9FB54FEC4FE24F05FC7F7
:10AC10002FD99FFE15B7C3AD4AE6CA4BFD77FE1587
:10AC2000E788747FB2C91DD45242BF68BCB8781798
:10AC30007CAA8B86525B76060906BDD7FE0CE0F82F
:10AC400011E24F8AFF00B507C6BFDA175E8A696056
:10AC50007B46D092FA584AA5FDFDE5C2DE5D146F31
:10AC6000BBBA358A22C07205CA74079FBD7FE0EB6C
:10AC700086CFFC1163E237FD84746FFD3A5B569812
:10AC8000A8AA54A9C64BF974ED79696FBD30A32FFA
:10AC9000695EA35DDEBDF4DFF43F263FE0953FF043
:10ACA000564FDBBBF659FD8A7C31E0BF81FF00B314
:10ACB0003FFC2C7F873A6DC5E3E9FAF1F879E20DA4
:10ACC00063ED4D25D4B24C3ED167709036C959D74B
:10ACD0000AA0AEDC1C904D7F41DF1CFF006DED0F24
:10ACE000F643FD8624F8C9F15F6E82BA5787E0D437
:10ACF000B51D3C2182696FA4895858C31C87779C75
:10AD0000F33794A8C7209F9880188F97FF00E0D54D
:10AD10005E7FE08ADF0CFB7FA76B3FFA74BAAFCF90
:10AD20005FF82E6F803F69AFF82BAFFC164FFE190E
:10AD300067C3B682C7C0BE078ACF53B18A291C69D0
:10AD40007676D3DBC6F2EB3A83FF001480C9244841
:10AD5000319503CB8D59E476936C7737B6FABC778F
:10AD600093DDF4496BFD791CF85E5E5F6D2D231B4E
:10AD7000DD2EAF9ADF8BFCCFCBEBCFDB7FE2E7EDB5
:10AD800013FF0005361F1BBC3BA9E9BA6FC5AF1303
:10AD900078A56FF449EFE4B2367A5DC487CAB68B02
:10ADA0007DF8FB32C70C7E5C68F3615422B1208CC5
:10ADB0008FD51F1AF8E7FE0B75F0CBC1BAA788BC78
:10ADC00041AA5968BA0E876925F6A17F792FC3E891
:10ADD000ADECEDE352F24AEE78555504927A015CFF
:10ADE000FF00FC1627E087FC13DBF676FF00826C81
:10ADF0007877E10F83FE27689AA7C64F8731CD7712
:10AE0000A2DFF84A18F5CD435DBF79163BC8B539C6
:10AE1000A13E442923AEE292CE924022531248171B
:10AE2000C997F36FE2E7FC15D3E3D7ED2FFB317839
:10AE300047E07F8FBE256BB79F0C3C392C492C30E7
:10AE4000C08F797B046CBE52DCBEE47BB100198EEE
:10AE500039640BB950B1CA232630E570F6347ECB85
:10AE6000B26FE16B4D57F5F71BB8B7355AAF5DD2EE
:10AE7000F8959EDE8FF0F33F5D3FE0DA3FF82B4F11
:10AE8000ED6FFF000517FDB7F5AD17E2778EAEFC4D
:10AE900067F0E7C3BE1B9EF351DBE1AD26C20B3B5F
:10AEA000A79234B5DD35B5B4526E6C4DB5037CC197
:10AEB0001CE0852479CFFC1E49FB7CAFC44F8A5E21
:10AEC00013FD9E7C39335C58F8142F89FC5461F9CA
:10AED000D23BE990476913E3EE98E19598E7826FDA
:10AEE000231D457D9FFF00043DFDB9BFE09F7FB25C
:10AEF000A7ECBD6BE01F85FF001A7C25A1EA91DB62
:10AF00005BEA9E27D43C6EC7C337FAADF4A8031999
:10AF100024BD11C1234782821B696548940C336E9E
:10AF2000323FCEDFF07147FC139BC3BF07FE037EA9
:10AF3000D45FB465BFD82F2EBE2E6ABE12B6D1E440
:10AF40008584BF66B58BECDF6B756C1C0B89A389A0
:10AF5000B8383E483D08A9C738A9D3FE54D2BAEA4A
:10AF6000DBB2FC5FE0858193F7E5F69A764FA2B2FB
:10AF7000BFCEDF99F18F8EFE32FED4B79FF06FAE59
:10AF8000A3E07F895E07D063F81FA79D06FBC19EE3
:10AF90002BB8B85B5BE9E09AFA4D96B02C21E2BB86
:10AFA000DA61919964F266854EE76903C6B4BFB36E
:10AFB00017C10FD9BBC3FF001AFF0062FF0000FCDE
:10AFC00056F809A6C9A2FC62D01B51F1378BEEBC22
:10AFD00057ACC13EB37179737B696222482F2382DB
:10AFE000DE28A58E0F330BB9B70FB814F99D7FFC7F
:10AFF000152FF69EB6BBFF008213FEC4FF0001743E
:10B00000469352F15F89ECE3F12DD69F6BFBCB8128
:10B010000C4D716D6C8514EEFDF4B349B06D3B8C35
:10B02000071C8AD2FF008386FE21FC0BF875FB17F4
:10B030007ECDFF00017C3BAD43AF7C7EF817A75B64
:10B04000693ABDCE8938B8B5D0916D963BEB4B9B34
:10B0500080DFF1F26F224658972D17972EF116E5F3
:10B0600057E993E4A936D5FF007B6F369269EBDE92
:10B07000F6BFF9930A6E5084766E9B7E51774D7DB4
:10B08000EB6F532DBF60DF843F14FF00E0E65F09E4
:10B09000FC1FFD9DFC312787FE1DFC35D6AD27D753
:10B0A0009AD751BCD493CED37FD2AFA4335CCB2BF1
:10B0B000AFEF956D7EF6D0EA3032DCFF0050414FA5
:10B0C0001F4E6BF99BFF008354BF6EAFD9D7F64577
:10B0D000F8D1F1024F8CDAF5C7847E2D78D655B1C0
:10B0E000D3FC4BE20CAE98969B9649ADE4B9627CDA
:10B0F00089A49C79923DC6D8C88631E606F95BFAE8
:10B1000058D2757B5D7F4AB5BFB1B986F2C6F624C9
:10B110009E0B882412453C6C032BA32E432B020864
:10B1200020E0839A2578D1853BDED7BBF37BFDDA1F
:10B13000197329D694B6D925E4BAFCEE7E317FC1C5
:10B14000EC833FB1B7C1FF00FB1C66FF00D2292B87
:10B15000F497FE092C71FF0004BCFD9DFF00EC9CE0
:10B160006803FF0029D057C19FF077B7ECDBF11BD4
:10B17000F694FD943E1669BF0E7C03E36F881A9621
:10B180009FE2B9AE2EAD7C37A25D6AD35B446D24DD
:10B190005124896E8ECAA5881B88032715F247ECB7
:10B1A000F5FF00057FFF00829A7ECD5F01BC17F09E
:10B1B000EF41FD8D751BAD0FC0BA259E83613DFF2C
:10B1C00000C26F15C9753416B02428D2B25CA2999A
:10B1D0000AA02C5554139C0038ACB0F24A95483D57
:10B1E000DC935E9CA746223774A4BA45A7F395D199
:10B1F000FD1611B95BE95FCD5FEC29F11AC3FE09B9
:10B2000019FF00071EFED01A2EB2B169FE1D9B4D1C
:10B21000F13C88B958A28ACC5B1D76DB033B7FD515
:10B220005BA20191F7F19078AFD14FF8230FFC1496
:10B23000DBF6CFFDB2BF6A4D63C2FF00B447ECF945
:10B24000FF000AA3C1767E1B9F52B4D5BFE104D78D
:10B25000342FB45F25C5B469079F7D3C9136E8E47F
:10B2600099B601BCF979070A73F0AFFC1D89FF009C
:10B2700004C4F8A9F16BF6F7F0D7C44F85FF000BB3
:10B280007E2078FAC7C59E1A8ADB5793C33E1DBC41
:10B29000D585ADE5A48D18F38DBA3F965E07802E57
:10B2A000E0A0F96D8C90D8CAA4674EAC64BED4659A
:10B2B0001F4E656BFAAB683A528D4A73A72E8E2FDC
:10B2C000D5A69DBF13A4FF00836D3F62793F6E6FCB
:10B2D000D8CFF6C8F1E7899639B5CF8E3F6CF084A8
:10B2E00017D302CD0CCF049753CAAD9DC419EEED10
:10B2F0009CE7A98072706BE4CFD9E7F6E9B9F84909
:10B30000FF0006EBFED1BF046FEE3EC3E25B7F1D84
:10B31000E97A65BDB5C6639A3B7BF7F3278954800C
:10B320007E53A5DCEE072479C720715FBE7FF04114
:10B330003FD912FBF631FF008255FC29F09EB5A6DD
:10B34000DE693E25BCB0935CD66D2F2DE4B6BAB550
:10B35000B9BC95AE3C99A2701924891E389958023F
:10B360000C64119CD7E017FC155BFE08CFF1D67F6B
:10B37000F82B0FC51D13C03F08BE286B9E07F17741
:10B380008BD753B0D674BF0C5F5C68A82F8ACF935D
:10B39000711C5E40581AE654625B11847048C31AEF
:10B3A000D71105F59FAAC36718C7C972C97E7ADF8E
:10B3B000BA270F52F49E22A7C4A4E4BE69ABFAA533
:10B3C00063F4B7F634FD9D1BF678FF008346BC7925
:10B3D000F688521D43C69E00F1078A2E42A0569061
:10B3E0005D472981988EA7ECC907279C60718C570F
:10B3F00086FF00C1BE633FF06E77ED97FF005C3CB7
:10B40000487FF2DE8EBF573FE0A11FB3FDD787BF55
:10B41000E08E1F143E19782747D4B5ABAD37E1A5B0
:10B42000D787F45D2F4DB592EAEEECC764618628AC
:10B43000A240CF23B6D501402C4FA9AFCE4FF82163
:10B44000D7EC9DF153E147FC1053F6B2F07F8ABE72
:10B4500019FC40F0C78BBC450F880693A1EADE1E9D
:10B46000BBB2D4B54326831C51F916F2C6B24BBE0B
:10B4700040517629DCC368C9E2AB153538E2DC7689
:10B4800070497FE05A25F20C1FBB1C3F368F9DB7D9
:10B49000E5749B7F7DCFCF1FF82268FF008284FF79
:10B4A00000C2AFF1B7FC31AFFC8B5FDA90FF00C296
:10B4B00043FF0022DFFC7DF947CBFF0090AFEF3E5A
:10B4C000E67FD5FCBEBCD7D87FB2F7FC1BEBFB5E9A
:10B4D0007EDF3FB79E99F187F6D5D520D36C341B1C
:10B4E000CB49EF60BCD4F4FBFBDD72180EF8ED2DF8
:10B4F00060D3CBDA5B5B6E5C48331E3CD7658DD97D
:10B50000D987D25FF0682FECD7F11FF66AFD9CBE99
:10B510002F58FC46F87FE37F87F7DA9788ACE6B4CC
:10B52000B7F1268575A4CB751ADB30678D6E110BCC
:10B53000A83C12A08078AFD82039FF003CD6D52592
:10B54000ECEAA9C75692B37AD9D97E5B1CF1BCE369
:10B5500028BD136D3B697573F3B7FE0AC1FF000583
:10B560005CFD94F4FF0005FC4EFD9BFC7DFB41EB74
:10B57000DF08BC677DA68D2B51B8D1BC31AA5E5DBA
:10B5800069AB71024AAA248ECA585D248A450EB15D
:10B59000B8629232878DFE65FC81FD89BF6C9F8306
:10B5A000FE19FDA42D7E1AFED31FB467C3DFDA1B7C
:10B5B000F663F06DBBEA1E1BBFF147813C41A9EA6F
:10B5C000B6B32CD10B6B6B3796CC5ED810B676CD5C
:10B5D0003DB79B358B424C204C5D993F59FF00E0B5
:10B5E000A71FB13FFC136AD3E34789BE22FED34DA8
:10B5F000E07D37E206AB6316ABA8C77FE3BD52CF51
:10B6000056BFB78E316F1C90E9B6B78B2CA36C3B3D
:10B6100000820258C6DC139AFC75FF00828C7C6C99
:10B62000FF008273FF00626A1E03FD94BF673D7BCB
:10B63000C79E3ED70C7A6E97E2ABBD7BC45069F6CD
:10B64000D2CCB18592CECA5BCFB45DDC06768D6379
:10B650009A1893CD556C4E9F23F0E1E7283E75ACC8
:10B660009AB3B6D7EEAFB35D353B2714E3C8B45DEC
:10B670002FF2BFF5D8E8FF00644FF8297FC0FD071F
:10B68000FE0E47F1DFED13E30F1A0D07E16CB7DA99
:10B69000C4BA46AEFA35FCE6F51ED8D9DB6DB782E2
:10B6A000069D37C6778F3231B40C361ABF6497FEC9
:10B6B0000E88FD8599B6AFC72E58E07FC519E20FF9
:10B6C000FE41AFE7CF44FF00826B7C65FF008274D0
:10B6D00078734EF885F1FBF633BAF891F0CF5A82C1
:10B6E0002BFBA37FAB6A56B368D689B5A4F326D2E9
:10B6F0006F01D36471322E75181B0CB811EE590509
:10B700007D99FB0778F3FE0903FB595FE97A1F8CEB
:10B710003E09EB3F05FC637CD6F02DBEBFE30D7EFA
:10B72000E7489EE25665D90EA10DEED544C2969625
:10B73000EE3B65F9C633838ECA705CB0A3D2292D67
:10B7400037B7EACE79D94A557F9B5BF4FF00863A3A
:10B750000FF82B75D7ED33F0AFFE0BF4DFB40FC14C
:10B760005FD9FF00C79F142D7C21A2D8DBE837EFFB
:10B77000E06D6356D0EEC4DA5049195AD766F29F8D
:10B780006A9461645DB229C8C839F9C7FE08EFF14F
:10B79000F351FD9BBF683FDA03E1DFED07F04EF3A5
:10B7A000C47E13F1268CDE37F885E11D53C3931F49
:10B7B00010634AF3350B7115B5DDC408A8AD726787
:10B7C000713AB178938241E7ED8FF82B541FB7049B
:10B7D000BFB60F8ABC036BFB507C33FD9BFE02DEC1
:10B7E000795A8781754F12F8F748F07497F0C10DB8
:10B7F000B2BDB413DA86D61CA492B86F30796C133C
:10B80000E66E630DE35FF04CEF8A9E07F15FFC1775
:10B81000E3E377893E207C50F05EA9E0AD2FE1980C
:10B82000D135FF00195E789237D175664B3D2349BB
:10B830009E65D42E1916449AE19B6C84E5CB8C67E7
:10B84000766B9F0B7717187F24DA4F7EF67D9F3734
:10B850004F234AD2BD9CFBC136BADACBF239BFDBEB
:10B86000B352FD91F5DFD8EFE0AFED49E1AFD95725
:10B87000C333DBFC6DF1BDEDA78F1353F1AF882609
:10B880003A04B1CCED3DBC10DADEDB47E74AA25901
:10B890006370AB1C6A8A3C960E36FD73E20F869F7E
:10B8A000B0AFFC13C7FE0A9FF0E7F679F0FF00EC9B
:10B8B000BEDAFEABF14EC349D52DB5D83C4575ADCA
:10B8C0000D2AF8EA1BECF7DA5FDC32C48820699EA7
:10B8D000E2293CCF2898FCB9524753F30FEC99FB6F
:10B8E00002FC2BF17FEC19F143F67FF8B1FB5CFE13
:10B8F000CCFE0DF06DCFC4787C57E0ABFB5F883A8F
:10B9000036B3AADAADBB4D6B349242B7490C4B77D4
:10B910006A2164DB3B3A166F323041436BFE09A764
:10B92000F1AFE10FC41FF8385BC75F13FC65F1731B
:10B93000C17A3FC3BF82FA37FC233E0BD63C57E2A5
:10B940008B0B6FEDE1696B168F6B34524AD1C731A7
:10B950009208EE2E59E150BBA456C00FCEF87E5788
:10B960005546374B592F4E55EEF95A4ECBD0CF1185
:10B970007F6726F56972DFA733968FCF4DCFE8E258
:10B9800033C52B2EEA6452ACD18652ACAC320839A6
:10B99000045383D6452D87514514015E9B3429718C
:10B9A0000B23AEE8DBE5614EAA1E22D76DFC2DA16C
:10B9B0005F6A9792491D8E9D6EF7370C90BCACB1B3
:10B9C000C60B310880B37CAA785524F6A00E13C7A5
:10B9D0009FB2DF86FC7D70D25CC2AAEDDF6EEAE525
:10B9E000FF00E1833C27FDD5FF00BE2BBCFD9F3E41
:10B9F0003F7847F6A6F83DE1FF00881E01D72D7C71
:10BA000049E10F13DA8BBD3B50B70CAB3A64AB0680
:10BA10005650C8EAC1959182B2B065655615B5F128
:10BA20001FC7DA3FC2AF006B9E2AF115F2697E1F75
:10BA3000F0CE9F3EADAA5E382C9676B046D2CB2B88
:10BA40000505B6AA2337CA377CB401E53FF0C19E8D
:10BA500013FEEAFF00DF147FC306784FFBABFF0045
:10BA60007C5769A97ED37E03D03C07E0BF145FF802
:10BA7000A34BB1F0FF00C44BCD3EC3C397B7121820
:10BA8000A3D5EE2FC06B28A2DC376F9548DAAD8ABC
:10BA9000B97DF1E7C29A57C71D37E1B4FAC471F80E
:10BAA000DB58D1AE3C4167A5B452F99358C12A4343
:10BAB0002CDBF6EC55592588619B77CDD2803CFF75
:10BAC00000FE1833C27FDD5FFBE28FF860CF09FF15
:10BAD00000757FEF8AF74F2DBD2BCE7E00FED3FE83
:10BAE00009FDA6ED7C547C13ACB6A927827C437774
:10BAF000E15D6A196DE5B59F4DD46D5B12C32452AB
:10BB0000AABAF50CADB76B2B2B2E5680391FF860F7
:10BB1000CF09FF00757FEF8A3FE1833C27FDD5FF0A
:10BB200000BE2BDD3CB6F4AF98EFBFE0B39FB27E12
:10BB30009F7B35BDC7ED0DF08E1B8B7731491BF810
:10BB40008EDD59195B6B03F3500751FF000C19E1AF
:10BB50003FEEAFFDF147FC306784FF00BABFF7C589
:10BB6000627823FE0AE1FB2FFC49F1A693E1DF0F87
:10BB70007C7AF85FAC6BBAE5E4561A7585A6BF040B
:10BB8000B3DE5C4AE12389115BE666665551EF5DE1
:10BB9000DFC79FDB4FE17FECC7E22B1D2FC79E2E37
:10BBA000B1F0EEA1A95B9BAB582786691A6895B6E0
:10BBB000EFF911BF8811401CFF00FC306784FF00C3
:10BBC000BABFF7C51FF0C19E13FEEAFF00DF15954F
:10BBD00063FF000554FD9EF55D0EFB50B5F8A5A072
:10BBE0004D6FA5DD416579E5C770D25A4B3A4B24BC
:10BBF0002AE9E5EF5DEB0CACACCBB5B635749F0331
:10BC00007F6F8F83DFB48FC4297C27E07F1E68DEBF
:10BC100020F125BD8C9AA49A6C4258AE05B23A46E2
:10BC2000F36C745CA0925452DFDE7140143FE183E8
:10BC30003C27FDD5FF00BE28FF00860CF09FF7577C
:10BC4000FEF8AF735466ED5C17ECEDFB45F847F674
:10BC5000ADF845A7F8EBC0BA949AC785F559EEAD93
:10BC6000ED6EDAD65B7F35EDAE65B5986C9555BE59
:10BC70005961917EEF38E280389FF860CF09FF006C
:10BC8000757FEF8A3FE1833C27FDD5FF00BE2BD9AE
:10BC900075BD5ED7C39A55D5F5F5D4167636713D88
:10BCA000C5C5C4D208E2B68906E77766F95555419D
:10BCB00062CD5E19FF000F5EFD977FE8E3BE05FFD2
:10BCC00000E171A6FF00F1EA00BDFF000C19E13FA1
:10BCD000EEAFFDF147FC306784FF00BABFF7C54FF8
:10BCE000E07FF828FF00ECF9F133C55A7E87E19F29
:10BCF0008E5F08BC45AD6AD7296B65A7E9DE2FB01A
:10BD0000BAB9BC99CE1238A349599DD9BA2AD7A03D
:10BD1000FC41F8E3E0AF848A4F8ABC61E16F0C0517
:10BD20004DFF00F136D56DECFE5FEF7EF5D7E5E215
:10BD3000803CDFFE1833C27FDD5FFBE2A6B3FD85EA
:10BD40007C256B32BEC56DBFEC57A07C22F8D7E0D6
:10BD5000FF00DA03C25FDBFE03F16786FC69A17DA9
:10BD6000A25B4FED1D0F528B50B5F3A36DAE9E64D9
:10BD70004CCBB95BEF2EEAA7F063F681F09FED02A2
:10BD80003C552784755FED65F05F88EF7C27ACFF3D
:10BD900000A34B17D8F53B36517107CEABBB61758D
:10BDA000F9D772B766A00D4F03FC29D1FC036EA929
:10BDB000616D1A6DEFB6BA4AE27C2DF1FBC27E319D
:10BDC000F8D9E2AF877A6EB0B73E30F03D9D86A1DC
:10BDD000AD69FE44ABF6382F7CDFB33EF2BE5BF9B3
:10BDE0009E44BC2B332EDF9B6EE5A8FC55FB4478AC
:10BDF0004FC13F1D3C1FF0DF52D4A4B7F1978EEC2A
:10BE0000B50D4344B236B2C82F21B1111B96F3557C
:10BE10007CB4D9E745F2B32EEDDC66803BAA54FB37
:10BE2000D4BE5FDE6A44FBD4013D14514005145179
:10BE3000400514514005145140051451400514515A
:10BE4000400514514005145140051451400514514A
:10BE5000400514514005145140051451400514513A
:10BE6000400514514005145140051451400518A2D5
:10BE70008A0031451450014628A2800A28A2800A6F
:10BE80003145140051451400518A28A0028A28A087
:10BE9000028C5145001451450018A28A2800C51D86
:10BEA00028A2800A31451400518A28A0028A28A0BD
:10BEB00002BF3C7FE0A91FF06E2FC1BFF82A0FC759
:10BEC0003D17E226B1AC789BC15E298EE523F115C2
:10BED000E691309DBC436291EC4876CFBE3B7993AE
:10BEE00009B2644202EF568E4251A3FD0D39A41DE2
:10BEF0006A6C9B52EAB545464D5D2EA70DFB39FE97
:10BF0000CE1E09FD92FE0D687F0FFE1E7876C7C318
:10BF10001E12F0EC1F67B1D3ED54ED419259DD983C
:10BF20009792476259E472CEECC5989249AF27FFC9
:10BF30000082AD7FC13EFF00E1E73FB17788FE0F91
:10BF4000FF00C25DFF000841F105C594FF00DAFF64
:10BF500000D99FDA5F67FB3DD4571B7C8F3A1DDB0E
:10BF6000BCBDB9F306339E718AFA4F3CD347CD4529
:10BF700045ED359EBAA7F34EE89A7EE691FEAE7C7B
:10BF8000E3FF0004A9FD80FF00E1D99FB15F867E39
:10BF90000FFF00C259FF0009B7FC23B3DECDFDAF90
:10BFA000FD99FD9BF68FB45D4B3E3C8F3A6DBB7C9B
:10BFB000CDB9F30E719E3381E8BFB4C7ECABE09FFF
:10BFC000DABFE09F8D3C05E2ED16C6F345F1E69D34
:10BFD000FD9DAA308544D205FF0053207C67CC85A7
:10BFE000F0F1B6728CA08C62BD272050C7069D77F9
:10BFF000EDAEEA6B7F97E414FF0077F069ADFF00C8
:10C0000053F28FF630FF0083433F66BFD9DAEAC3AD
:10C0100057F88979E26F8D5E20B55CC91EAB2FF6AB
:10C020006E8666598491CA9656E7CC38455468E7BF
:10C03000B89A2705F2986017EF4F8DFF00F04EEF8A
:10C0400081FF00B46FC02B1F85BE2FF85BE0BD4B96
:10C05000C01A4AF97A668D0E9C9650E8C3D6C9A0DC
:10C06000D8F68D8246E81A36C3119C120FB46DC003
:10C07000F5A01E314E52E656611D1F375EE7E47D86
:10C08000A7FC19F1F007C21FB56783FC7DE1BF155E
:10C0900078BA1F08E85ACC9ABEABE0BD6522D4EC52
:10C0A000F5150E24B7B486E47972C3046C30E26FE0
:10C0B000B4BCA8029753973F6A7FC1597FE09D7F28
:10C0C000F0F45FD8CB56F8423C5FFF00082FF69D96
:10C0D000FD9DE8D58695FDA7E57D9E5126CF23CE13
:10C0E000873BB18CEF18EB83D2BE9B27038A53F2B8
:10C0F000F7A997BD054E5B2775EB74EFF7A05A4D76
:10C10000D45BDAC7E69FECEFFF0006CA7C20F83567
:10C11000F197E07FC42D6FC41AF78BBC55F07B4BB1
:10C120008ECEE5678CAE97E23B980116774D6D3465
:10C13000931B5F233B8450C9B19D236201DFE674EA
:10C14000DFB28FFC1B6BFB39FECADFB63F887E3344
:10C150005AE8F71E20D5AE7597D5FC31A36A0A8739
:10C1600047F07336D71F66800FDE4892F98D1C9218
:10C170001222531044578C4ADFA0C0E28C64D69E32
:10C18000D25CDCFEBF8BBB138A6B95F92F92D8F87B
:10C190002FF6ABFF008377FF0067FF00DAABF6DA1C
:10C1A000F0AFC72BDD1E5D1FC41A66B2BAB7893463
:10C1B000BB58D5B4BF19158D8A7DA613C249E708AF
:10C1C0005DE44E2555916447693CC4FBCA34548DE7
:10C1D00057B0E29C3AD19C5446F187B35B2774BBBD
:10C1E0005EC396B2E77BDADF243B145145300A3157
:10C1F000451400518A28A003AD18A28A0028A28302
:10C20000D2803E55FF00829BFF00C1207E10FF00C0
:10C21000C158BC37E15B0F89F0EBD6B71E0FBE6B80
:10C22000CB0D4B42B98AD6FBCB75C4B6AF2491482F
:10C230000C12158D994286DD1A9565E73B9FB1BFBB
:10C24000FC125FF673FD803529B50F84FF000A3CB0
:10C2500037E17D5A6776FED690CDA9EA91874547AA
:10C260008E3BCBB796E2389828CC4920427276E4D0
:10C27000927E8CE9D7AD1DAA63EEDD474EE12F7AA1
:10C28000DCDD040B8AF903E397FC10A3F660F8F3F6
:10C29000F1F7C3BF13AFBE19693A178DFC3BADDB95
:10C2A0006B9F6ED057FB3A2D56686E5AE88BDB6455
:10C2B0001F67B9F365626591E333380079800C57E5
:10C2C000D804E68072BFE34E3A494D6EBA83D53842
:10C2D000F467C89FF054EFF82317C2BFF82BA59F4F
:10C2E00082E1F893AB78DF4593C0CF7874F9FC35E1
:10C2F000796D6D2CA2E443E624A6E2DA70CBFB84D0
:10C3000023014839E4E6BC6BE17FFC1AE7FB35FC0E
:10C3100023FD967E247C2DD2EFBE24C91FC507B312
:10C320004D5FC4B73AA5A49AE456D6B710DCC56BE6
:10C33000038B516F1C3E74219BF705DCB1DCE42CB0
:10C340007B3F480F0D41E0528C54534BAFFC394EAC
:10C350004DDBCB63F20FFE20AAFD964FFCCFDFB47E
:10C3600007FE0F348FFE5653A1FF00832CFF00659C
:10C37000BB691648FC7DF1FB72904675BD23B7FD85
:10C38000C32BF5F3773483AD542A4A2F9A3A35B14B
:10C390002416568B63671C2B92B1A8519F403153D2
:10C3A00013C9A502938DB4377D59318D9590EA2834
:10C3B000A2828813EF57E527EC09FB0CDC7EDFD661
:10C3C000FF001ABC6DE32F8EDFB4DE93A9697F18DE
:10C3D0007C57E1EB2B4F0F7C4CBFD334FB3B2B5BEB
:10C3E000E658628A152CA8AAA71F2FA0AFD3EF8901
:10C3F0001F11B45F845F0FF5CF16788AFADF4BD038
:10C400003C376136A9A95E4CDB63B5B78119E57687
:10C41000FF007554D7C8BFF0402F0B6AB0FF00C1B2
:10C420003B34FF001B6B565269BA87C64F146BBF73
:10C4300010DAD24FBF0C3A9DFCB2DBE7FDE83CA717
:10C44000FF0081D0073DE03FF837DFE1BFC31F0E9B
:10C45000268DE19F8D1FB557877478649248AC3460
:10C46000BF8A57B656D1BBBB3BB2C5180BB99C9619
:10C470002DFC4CCC6A2FF82A17C6C5FD917F647B32
:10C480005FD9FF0047875CF1A4BE3AF85FE36B7B9E
:10C490008D675DD61EEB52D3F4DD2FC3D3CB2DFDBC
:10C4A000C4ACACD7123CB2DBC5F36DDCD3673F2E16
:10C4B000DAFBF2BE12FF0082EBD8F86BC21FB26F3C
:10C4C0008B357B1D12CEFBE35FC58D0DFE0A7829EF
:10C4D000BCD6FB65EFF6DDC471CD6B10CEDDBB5570
:10C4E000A666DBBB6C3F7B9DB401F2D78D3F6B76BC
:10C4F000F8BFFB377ECE3F0C64F0F3695E2AF83D4F
:10C50000F14FE107D9E092F7CC8FC41A7DF69F1462
:10C51000F657AADB0794AF2ADC42CBF3F96D07CCC0
:10C52000CDF76BDA3F659FDAB2DFF6D7FF0082A85E
:10C530007C09F888BA2DC785EFF54F82FE2CB0D55F
:10C54000F43B89C4D3E85A9DA6BFA7DB5E59BB6DF7
:10C550005DCD14F138DDB5772ED6C7CD5D27FC143F
:10C56000D3F67EF0CFC15F879FB2AFF65E93A5C7CB
:10C57000AE69BF18BE1CF85E7D5E3B58D6F2F2CAAB
:10C58000C6EA458617971B9A3466765466DAACED90
:10C590005BFA8FC39D07E1AFFC17A7E1EDBF87F4FE
:10C5A0005D2B438758F84DE2BD66F92C6D52017B37
:10C5B0007B71ADE98F717126D5F9E591BE6676E59F
:10C5C000A803C0BF6B7F0D7C26F007ED7DE36F06EF
:10C5D000B78B3FE0A2DE2EF1758F93AFEB365F0E87
:10C5E0003C45AD6A5A668E97ED2CB022ADBBED820C
:10C5F00036DAEA89B5555536AFDDAF94FF0063688A
:10C600003C13AAF8EBE39C9A95AFFC14C2E6587E63
:10C61000235CDADB49E147D73ED4B6D1D959F94991
:10C62000AB344DB8EA0ACCFBBCDFDE2C4D07F0D7AB
:10C63000EA27ECADB87FC16CFF006BA6F9955BC231
:10C640003E02E7FED96AB5E4FF00B20FEDA3F0EFBA
:10C65000F61FD6FF006B9F13FC4ED72FBC3FA0EAFE
:10C660009FB45EA7A65B5D5BE917BAA66E3FB17487
:10C67000D942325AC52BA6E48DBE6650BF2E376E06
:10C68000A00F70FF008240E91E03D73F675BAF1C1D
:10C69000FC3BF197C76F16E83E30BF9ADDA3F8A1C7
:10C6A000E20BBD4F53D366B09E7B49A248AE199AA8
:10C6B000DF12A3865FE2DAB9E95F96FF00B1F78A7D
:10C6C000FE2A7C06FD989741BCD53F6A6F0BC3E0FC
:10C6D0003BCD52DF59B3D03E07F85B5FD27C3EEBD7
:10C6E000793CF2A36A1768D2B6D8E40EFE7B6E4D91
:10C6F000FF00C2A057DE5FF04DBFF85A5A07FC1189
:10C700007350D5BE19E8FA6E95F10BC49AD78975A6
:10C710008F0B47E33126996B0C57FE20BC96DEF257
:10C72000E11919D556099665465FDE6D55F977EE24
:10C73000AF857E3F7EC0FF00103F670FD94FE316E5
:10C740009B6DF0EFF68CBEB35D175DD4BC41E29BF0
:10C750005FDA1B4DB3D17C4D766DE5377ACDC68D52
:10C7600014DB9E3B8DBE6BDBB2B48D1B794DB9A83B
:10C7700003A4F18F893E277C64F88BFB3EC934DF2C
:10C78000B5078AB416F8B5E11D5964F13FC10D072C
:10C79000C3DA19B75BF8E45BA3A869B179AAAAADBB
:10C7A000B97E6F2DBF8BE5AFB4FF00E0BB97F27889
:10C7B00033C0BF0FF5CD4AEBC2ABA1DFF8822F0C1F
:10C7C000D99BCD395351D3AFAE9257FB4C5A8CB74E
:10C7D000F6B0D9C5E5DB6D6660DF36CAF8D3F64042
:10C7E000FD9BFE2AEB5F017E16B47F0EFF006B4BB4
:10C7F0007D1750F0FE9206A3A7FED4F69A7D8ADB41
:10C80000496F17EFE2B2FB4ABC30F96DB96DF6EE35
:10C8100055DA98F96BEE3FF82B7CBFF09AD9FC39CA
:10C82000F0BDAD97882F93C37A943E308B50D3F4EC
:10C830009F164AF6F71024B05BBC77FA1D9CFB4E9E
:10C84000D92E37ABC88DF3237DD6A00FCF9F10FE16
:10C85000D4D6763F102FBC277DE22F0CF88B52F8F0
:10C860008DA0E8B6ADAA6B3E2DF0E6A51436FE1DF0
:10C870005BC50D2CD16A312C572FFDA716C67767E3
:10C880006FB34ACDBD99997EA7FF0082395D5A7C6E
:10C8900054FDB3752B88FC61AB7882E3E0FF008226
:10C8A000A7D3FCBB8D5B4DD72D648B5DBF8A7516FE
:10C8B000F7765712EDF29B47977432B3B2FDA1366B
:10C8C000B2AAEDAF8CFC0BE3DF1F789BF670D53E70
:10C8D00021F893C41F11AFBE277826CFC4D61A7F84
:10C8E000882E352F882D77A1A3DC4AC9179B0DA36D
:10C8F00058C5BA286CD9965917E58E2F3B6B6FAF88
:10C90000B33FE08ADE31D634DF89DA7F88BC509EBF
:10C910002ED6FC47F13BC25A5697ACEB3A8E9BE3BE
:10C920000D465FB5D8C52CA88F777D66B63026FB3F
:10C930008BBDFB27F2FCC6454FBDF3007CF9F0BE72
:10C940004F827E3FF8F1FB464DF19345FDAC3C5DD7
:10C95000E26D3FE33789EC2CEEBC11FF00096DD688
:10C96000936BA7C774BE45BAB69AFE42B4797F935B
:10C97000EF2AB2FF000EDAF1AFD84742FD9C61FF0B
:10C9800000826B477DAE7847F6B89BC710C5E219A9
:10C9900023D43C396FE30FEC38E45BFBDFB3307B2F
:10C9A00057168364621F37D245977FCDBABF44BF05
:10C9B00066EFD85FF6C0F833E37F8D93784FE28F50
:10C9C000C2DF877E17F1C7C55F1078B74CD3755F9C
:10C9D00009BF88AEA7B7BC9D5E2B869D2EE009E6F9
:10C9E000281FB92BBA3DBF79B35E07FF000497F843
:10C9F0004DFB487C50FF008261E8FA27863F687F44
:10CA0000837E13F0AEA575E25D264D1F53F031BC59
:10CA1000D46C59F57D423B8DF2FDB93E6776795570
:10CA2000593E559117E6C6E600FB7FFE09C1F1B7F6
:10CA3000C37E0BFF0082407C05F12FC50F17687A7B
:10CA40005E9BAB7813478B50D57C57AB4504179250
:10CA5000CF6AB95966B87DAED27CDF2B37CDCD79A0
:10CA6000C7ED57FB56FEC35FB36FECE7E30F1D69DD
:10CA70007A7FECBFE3ABFF000BE9B25EDAF87F46EA
:10CA8000B8F0FC97DABCABC241105DCD962D8E1587
:10CA9000B6AEEF95BA5745FF0004BFD3FC0BF1AF1C
:10CAA000F64FD53E02EB3E1DF0EFC46F0CFECDBA43
:10CAB0008D97C389358D46CADF50D27C4F7B636129
:10CAC0006CF2DD436F20758CA34DB36967DACBF749
:10CAD000AB8BFF0082DFFEC55F057E1C7FC1267E1B
:10CAE0003B6B9A1FC23F85BA0EB1A6F865DED350E4
:10CAF000B0F0B585ADCDACBE6A28292A44AC8DCE48
:10CB00003E539F9A803C7FF63AF809FB30EB1F16A4
:10CB1000749F8EFF001E3E33FECD2DF13ED65B5D31
:10CB20004BC35E19F06F8AB4CD0BC3FF000E96297C
:10CB3000E3B98A287ECF3452DDDC798804B35C33D4
:10CB40002C8BBE2D9E512AD4BFE0E45D3F4FD53CD7
:10CB50000BA0F8D97E02FC21F1B697AF6A1E16D35E
:10CB6000B46F8A1A97896CE2BF9776AA97434F8A67
:10CB700027B77DD6B2C4B28697CDD9E55CCADB595A
:10CB800054EEFD02F879FF0004F7F80779F0FB4353
:10CB9000966F81BF07E4926D3ADDDD9FC19A7333D2
:10CBA0003344BBB3FB9AF88FFE0BC7FB33789BE291
:10CBB0000C1A2F8835AB1D2748F82DF06AEFC250AC
:10CBC000F83748B5D8D0EADACDFF0088AC6CEE650E
:10CBD0009ADD7E548ACEC0186289976B7DB1F6F7D4
:10CBE0005500EAF57F10E93F16EF7E11F82BCBD305
:10CBF000FF0063DF8E8DF68F11FC30BAF0B5F26B5B
:10CC00001E09D7E191D126B2F3214B7B1D49A781A3
:10CC10002377B5DAB2AAB44F13FDEAF5EFF823ACE7
:10CC20003249A17ED451AC9B666FDA0FC62BE685E4
:10CC3000FBAFBEDFE60BFEF738AE4D3F60CF8F5F38
:10CC400006B51B9F05FC1DD0FF00659D07E11E87F3
:10CC5000E2997C4FE1183C5F63AD788F50D06EA4B1
:10CC600063279B6D6FE64505979523CBE5240DB6AD
:10CC7000356F976EE6AE07FE08A5F07BE35EA7E38F
:10CC80008F8F3A878A3E2E78764F08DBFC65F186D7
:10CC90009FE25F0DE91E12FB2B6B5A9308D25BB823
:10CCA0006F9EE5A5B58BCC7474895599766D323637
:10CCB000EF9403CA7C31E12D73E097FC154BF688A5
:10CCC000D17E267ED7BE34B3BCBAF0678756EFFB61
:10CCD0003341D2AC7C49E3681ACB5875B7D3E2B57F
:10CCE00081A759ECD11A546B389A56693E7DDF2DD5
:10CCF000787F8C7C47F09FE277ED7FF067C71E134B
:10CD0000F8FDFB7978BBE1BE97A2F8961D5FC66B74
:10CD100065AF5D5F68733FD963860B39974CDC1252
:10CD20005921B849FCB575DD6E8AC536D7DB1FF0D1
:10CD30004D6FD86BE16FECBBFF00057DFDA4747FE8
:10CD40000AF852D77F85FC29E0EBAB0D4F5599F5DA
:10CD50006D561B8BB5D57ED73FDAEE5A49D5E7D84D
:10CD60009BF6B2AB6C5F97016BE6AF8F1FB68AFE86
:10CD7000CD5F173E307ECB7F0E7E21F876CBE10F64
:10CD8000C59F1709E4F89D15D4AFA4FC18FED86917
:10CD9000E5D674A9AE510C097324A933DAAF9AAB66
:10CDA00013DF36F65D9F2807E9E7FC133A3F0A6A6E
:10CDB000BFB24687E22F02FC4CF899F163C23E30C5
:10CDC000965D634DF1078EB5096F3549636611793C
:10CDD00061A58A291215685B6A327F131FE2AFA032
:10CDE00013EF5725F01FE1EF867E117C13F09F852E
:10CDF0007C171DAC3E11F0EE916BA6E8CB6D28962A
:10CE00001FB24512A45B5D7EFF00C8A3E6FE2EB5EF
:10CE1000D6A7DEA009E8A28A0028A28A0028A28A52
:10CE20000028A28A0028A28A0028A28A0028A28AB2
:10CE30000028A28A0028A28A0028A28A0028A28AA2
:10CE40000028A28A0028A28A0028A28A0028A28A92
:10CE50000028A28A0028A28A0028A28A0028A28A82
:10CE60000028A28A0028A28A0028A28A0028A28A72
:10CE70000028A28A0028A28A0028A28A0028A28A62
:10CE80000028A28A0028A28A0028A28A0028A28A52
:10CE90000028A28A0028A28A0028A28A0028A28A42
:10CEA0000028A28A0028A28A0028A28A0028A28A32
:10CEB0000028A28A0028A28A0028A28A0028A28A22
:10CEC0000028A28A0028A28A0028A28A0028A28A12
:10CED0000028A28A0028A28A0028A28A00E27E3ABC
:10CEE0007C0BF09FED29F0A35AF03F8E743B5F114D
:10CEF0007847C450FD9F52D36E0B2C5749B8380465
:10CF0000A90C30C15B2AC0E56BA2D1341B5F0CE8D1
:10CF1000D67A769F6B0D9D869F025BDADB43188E77
:10CF20003B78900544451F2AAAA801476AD4A280ED
:10CF300021F2DBD2B83F1D7ECDDE08F89DF16FC136
:10CF40007E3CD7FC37A7EADE2EF8766EDBC37A95F7
:10CF5000C06697473748B1DC346B9DB974555C9512
:10CF60002CBDB15E854500719F157E09F857E3859C
:10CF7000A683178AF42B2D763F0BEB769E23D2D215
:10CF8000E816FB06A36AFBEDEE9369FF00591B1D33
:10CF9000CB55B53F801E14D5FE3CE97F1326D1F753
:10CFA000F8DB45D16E3C3D67A9FDA2553158DC4FF9
:10CFB00014D343E5EEF2DB7490C4DB997771C1AE14
:10CFC000F28A00A89651C733CAB1AACB2603B00390
:10CFD000736DE9935C27C1AFD9B7C2BF00759F1DC0
:10CFE0005F785EC66B3BCF88DE239BC57AEBCB7543
:10CFF00024E2EB509618617954393B1764110D8B7C
:10D00000B57E5F7AF46A28038FF8C7F05FC2FF002D
:10D01000B437C34D5BC19E36D0F4FF0012785F5E1B
:10D020008D61D434DBD4DF05E22BABA875FF00792A
:10D0300015BF0AF9D7FE1C39FB1EFF00D1BBFC3718
:10D04000FF00C003FF00C557D7545007C8A3FE0810
:10D050003DFB1E9FF9B77F86BFF8007FC6BB6F8B75
:10D060003FF04CEF83FF001AB4AF0A68FE20F0EEE9
:10D07000A971E17F05E971E8BA4F866D7C43A8D8B4
:10D08000E831DB47B563496C6099209B62AED5F30C
:10D0900055BE5E2BE84A280383F87FFB3A7813E1FC
:10D0A00047C2E93C13E19F05784FC3FE0D911E274F
:10D0B000D0F4FD260B7D3E5571B5F7C2ABB1F72F0D
:10D0C000DEDCBF377AE07E1BFF00C138FE0DFC10AE
:10D0D000F8C76FE3DF03F826DFC0FAFC264F362FD0
:10D0E0000EDEDCE95A5DFF00988D1B7DA2C2091699
:10D0F000D26FBDB94BC4CCADB587CC2BDEA8A00890
:10D100007637F76BE5DF891FF045DFD963E2BF8E25
:10D11000354F12F88FE04FC3DD4B5CD72E5EF2FE29
:10D12000F0E9DE5BDDCEEDB9E57085577331259B07
:10D130001F331DC6BEA8A280383F815FB3D782BF10
:10D14000661F86F67E0EF87BE13D0FC17E17D3DDAC
:10D15000E4834DD2AD56DEDD5DDB73BE17EF3337B2
:10D16000DE66F99ABC5BF685FF008238FECEBFB55D
:10D170005FC779BE247C43F87EDE27F155D35B354B
:10D18000C1B8D73515B0BB36C8A90F9B64970B6DD6
:10D1900026D545E1A33BB6FCDBABEA5A280204B72F
:10D1A000F2D55555555570A07F0D709FB437ECEDF5
:10D1B000E17FDA93E18BF847C676171A868536A1A8
:10D1C00063A9B4315D496CDE7D9DDC5776EDBD0A07
:10D1D000B7CB2C31B63F8B6E0D7A1514010EC6DD20
:10D1E0009DB5C0FC0EFD9B7C2BFB3BDBF8BE2F0BE3
:10D1F000E9F359AF8EBC4D7DE2FD644972F3FDA3A6
:10D2000052BD656B8906F63B15B62FC8BF2AF6AF2F
:10D2100044A2803E55F0DFFC11A7F674F03FC13FF9
:10D220001CFC3DD0FE1FDC68FE1BF895716D71E2A1
:10D230005FB1EBFA925E6ADF677DF0A3DDFDA3CFFD
:10D2400058972CBE52BAA6D775DBB58D7AE782FF08
:10D250000064AF863F0EFE0437C2FD13E1FF00837A
:10D26000F4FF00872F035B3F86E3D2E1FECEB98D4A
:10D27000BEFACB095DB233637333EE666F998E6B82
:10D28000D3A8A00F29FD95BF642F877FB127C35B6B
:10D290008F06FC30F0E47E15F0CCFA8DC6AAD611CC
:10D2A0005CCF346B3CE417D9E6BB945F955551765F
:10D2B000AA85F956BD5760A5A2800A28A2800A282F
:10D2C000A2800A28A2800A28A2800A28A2800A280E
:10D2D000A2800A28A2800A28A2800A28A2800A28FE
:10D2E000A2800A28A2800A28A2800A28A2800A28EE
:10D2F000A2800A28A2800A28A2800A28A2800A28DE
:10D30000A2800A28A2800A28A2800A28A2800A28CD
:10D31000A2800A28A2800A28A2800A28A2800A28BD
:10D32000A2800A28A2800A28A2800A28A2800A28AD
:10D33000A2800A28A2800A28A2800A28A2800A289D
:10D34000A2800A28A2800A28A2800A28A2800A288D
:10D35000A2800A28A2800A28A2800A28A2800A287D
:10D36000A2800A28A2800A28A2800A28A2800A286D
:10D37000A2800A28A2800A28A2800A28A2800A285D
:10D38000A2803FFFD92F696D6167652F73746D337C
:10D39000322E6A706700000000485454502F312E1E
:10D3A0003020323030204F4B0D0A53657276657253
:10D3B0003A206C7749502F312E332E312028687453
:10D3C00074703A2F2F736176616E6E61682E6E6F86
:10D3D0006E676E752E6F72672F70726F6A656374F9
:10D3E000732F6C776970290D0A436F6E74656E74C4
:10D3F0002D747970653A20696D6167652F6A706573
:10D40000670D0A0D0AFFD8FFE100A945786966009B
:10D410000049492A0008000000050012010300012C
:10D420000000000100000031010200150000004A68
:10D4300000000032010200140000005F0000001331
:10D4400002030001000000010000006987040001E0
:10D45000000000730000000000000041434420531E
:10D46000797374656D7320CAFDC2EBB3C9CFF10047
:10D47000323031363A30363A32332031373A333679
:10D480003A31370003009092020004000000373662
:10D49000320002A00400010000009001000003A07F
:10D4A0000400010000001601000000000000FFFF62
:10D4B000FFFFFFC0001108011601900301210002C7
:10D4C0001101031101FFDB008400020101010101D0
:10D4D0000201010102020202030503030202030624
:10D4E00004040305070607070706070608090B09D2
:10D4F00008080A0806070A0D0A0A0B0C0C0D0C078F
:10D50000090E0F0E0C0F0B0C0C0C0103030304038C
:10D510000408040408120C0A0C121212121212123D
:10D5200012121212121212121212121212121212DB
:10D5300012121212121212121212121212121212CB
:10D540001212121212121212121212FFC400C00092
:10D5500000020105010101000000000000000000C0
:10D56000000807020305060904010A10000103036D
:10D570000302040306010A0305070501010203046F
:10D580000506110007120821132231410914511513
:10D590002332617181421624335262728291A1B1A9
:10D5A0000A1792184344C1F02534457383A2D1264B
:10D5B000353653E16301010001050101000000005F
:10D5C0000000000000000005010304060702081126
:10D5D000000103020402070703020504020300001E
:10D5E0000100020304110512213141510613226189
:10D5F000718191071432A1B1C1F042D1E1238215AA
:10D60000526272F1081633A224924373C2FFDA0009
:10D610000C03010002110311003F00EFE68D111A07
:10D62000344468D111A344468D111A344468D11191
:10D63000AD62FDDCEA45909432A8AECC92B5247C74
:10D64000B47EE5009C6558F41FB7E7AD73A57D2552
:10D65000A6E89E16FC4EA466B58068D0B9C7603EA9
:10D66000A79004F057E9A9DD53208DABCF4ADEED3A
:10D67000BD9C8289B704782FA57E129994E01E7F05
:10D68000A03E84E3BFD71AE13FC57FE2A5BB9D6200
:10D690006FC2F6AF6237E60D8D40B4AAB299891613
:10D6A00043AEB22A1E0B85A12FC76D2ACA9441E34F
:10D6B000E812950C7B93D37D8562186F4EDF262F81
:10D6C0004243BAA6FC0EDC3DD700386DA58DB81DCF
:10D6D000085ABF4C1D2D044C824072B8EB6DEC35DE
:10D6E000D3E57EE56767FE3B9D757439675129FB7D
:10D6F000D372AB71A1A82A3815764BA24A92AFC457
:10D70000995D9694849094E725672AE20632EDD3DA
:10D71000FF00E23FDABBB3A5EA8EE3503602EB8DA1
:10D720007F2E93F3B4DB4D403AD3AA5381A0E2DEBF
:10D73000C65B6C28958E68F3A504273AE8DD32E8CD
:10D740000518CD5B873831C2C5ECFD3AEF9791EEF5
:10D75000D8F05AFE19D24969A0BD4F6986E1A6FAF0
:10D760008E41DCC77EFE2A12E9B3FE24CBAA14C484
:10D77000DBFBD698EFBBF84B57146F957507F27D1E
:10D78000A0107FC681FA8D740F607E2B7D2CEF3543
:10D790002A33959BB1BB7E63E3FF0018AE71167F01
:10D7A000B321194F7FA2B1AE5F5B82900C94BA8E09
:10D7B0002388FDD66619D29B384189684ECE1B1F3F
:10D7C0001E5F45BBD27AD9DAFAA55571FECCA9A65F
:10D7D000072296AA694A5C43833F8B883C803FB905
:10D7E000FCB525DABB87645ECC87AD6B9E1CDFABD6
:10D7F0006D398713FAA0F987EE35AC4750C91C592B
:10D80000B1E456EE586C1C350566B2346AFAF28DF6
:10D810001A22346888D1A22346888D1A2234688857
:10D82000D1A22346888D1A22346888D1A223468843
:10D830008D1A22346888D1A22346888D1A22346832
:10D8400088D1A22D1F76377E9B6216E830DD439586
:10D850005949E4DC7E690A4A72072C12327BE71FC1
:10D86000BEA03DCEDCDB736F6913AEEBD2BED171CF
:10D8700090E3726A1CFC27D0140AD01008214AF4E5
:10D88000EFFBFA76D7C97ED97A4536318EB705884F
:10D890001C90D85B9BDC0127C81007F7735B3E1117
:10D8A0004D922EB78BBE9FC94836EFF541BC9BFB0E
:10D8B000B8859B0AB1268B0571DE6589299621966C
:10D8C0009808C3AFBAF1C7869E00952FD424123DA5
:10D8D0008691ADC4E896CAAC5A350DDEDA6DE189A1
:10D8E0005314B4A53578EA892CAE905C78A50D3C2C
:10D8F000F38CB7F8D585A78F3250B4A8F63AFA9BC7
:10D90000D81622CF6734A297267EB4B7ACE7985ECC
:10D91000D94FFA4B88B6C77B85A9F4AE80E31DB614
:10D92000BAD92F6E563BDFC6DE4A22A23FBB3B6D03
:10D9300058554A855F98D438EDF7663FDF465A82DE
:10D94000B9170FAA4F6000EDF5D68FB2156EA97A00
:10D9500081EAC05BDB3F53AD4DB86B6E255257116A
:10D960004B4A596D2AC7273038A1B485606460647A
:10D970000C1CE35F51F4C7A414557828AA864BB455
:10D980009ED7070B6B62381F15CEB0FC10C952E84A
:10D9900026658916EE3AEE9AC856AC0DD5DC993B51
:10D9A0005F023D36F987473F2D5BAC4A8C88926811
:10D9B000D2415254C97592A69F3941C29B03231983
:10D9C000E24103DB51E8E6FF00DBE96AAE6C36E5D5
:10D9D0005468EF039F942E28B4BFC88F7FDC1D725C
:10D9E000EC3E638853B6A08CA4FCD6BD8B46CC26F7
:10D9F000ADD460E76F2E4B2B67F58BD62F4E32528E
:10DA0000D5F966C89F0DA3E7A8D0D7E19501EE5BD5
:10DA1000C16D5FBA46999D8DF8BFED6DDD223C6BFF
:10DA20009AB51A24AFEACE069F2527FB2A24B6AF63
:10DA3000D9435178BE050625DA77624E0471F1FCB0
:10DA4000BA96C171FA9C245A23D643C5A771E1F94D
:10DA500064E46CEFC484210D3B0EFEF9D8A064533E
:10DA6000AB6428B807F0A1ECFAFD30A3FA69DFDB5C
:10DA7000FBD699B8566536F4A4A5498F52612F2577
:10DA80000A3928CFAA491DB20E47EDAD3DD4957491
:10DA90004F30D537C0F03E6BA4D0E27498A4426AF0
:10DAA000475F98E23C42CCFAFA68D1662346888DFB
:10DAB0001A22346888D1A22346888D1A22346888B5
:10DAC000D1A22346888D1A22346888D1A2234688A1
:10DAD0008D1A22346888D1A22346888FD75A45F7F9
:10DAE000B8EF26A0ED9B66BE0CE6C012E7E39229D4
:10DAF000E08C81F453A47709F61E6576C05797022F
:10DB0000410DDD3C52DBD54BEC582CD3A5D2188D02
:10DB1000C26A9C725098CA5EF9B77CA3C470A864AC
:10DB2000AF181CB39F4FCB49DEFADCB74DDD518AED
:10DB30008AAD4B14C88D734216EA8A1B5024920298
:10DB4000B3EDE993818F7D70DE90B69A4E90BC5410
:10DB5000C21EE8C8C8ED9C3B22C0FF00985F5B1B5B
:10DB6000EBDCB60A3CC29816BAC0DEE386E7D142C7
:10DB70004CDFF75597B854DBFACBA92E92CC270B84
:10DB800011AA2F31E2A095E01716DF1515B6124A3B
:10DB900088C1CE32723CA634EAC3ABCDF8DFB37392
:10DBA000502F5DCFA6D4E9EFDC284FD896E539C6D3
:10DBB00019A925BF322629E4B484965AE394A5C353
:10DBC000C89207100675D2F068AA70B961A6C97B21
:10DBD000E57137D893AFA0F551D3F575113DE4F356
:10DBE000D143F45B32B2CD5D14BA2C29D1E6CB3CE3
:10DBF000131580A429EE5E80A3D08F43DC6A6DAC40
:10DC00006C36E274A34A9F75D5294CCAAC572D15C2
:10DC1000576AB52DBC9088F5085485ABC32DCA90C2
:10DC2000D1484F2510021C0A255823B804760C62EF
:10DC30006A79695AC97F51D7BC77AD42373E295CB2
:10DC4000587568BFE78AF9D31750FD1B50ED98DB74
:10DC5000736178564AD27FFDB2BCDFCBA9D59F5500
:10DC60001907297147EA559D4FE299066C544B8A72
:10DC7000B43AD380290EB6ACA563EA143B1FD46A2C
:10DC8000629446D89AC8B60B8EE2227350E927DD1B
:10DC9000C49FF85097599D45595D38D9A632A3C500
:10DCA000A95CD526C8814877CC123D3C6747B36054
:10DCB000FEEA3D87B9093DB9B51D41D65D637A21BC
:10DCC000CE67ED47A509EDC69EDA17C949505256F1
:10DCD0005A5A4B78C8184918C01DB1AD731BAD71A5
:10DCE000984511B65FAFFC2E85D0DC258DA4755507
:10DCF000436F9F41E03F73F40B3144EA93A87DA248
:10DD0000B85EA95EF4C9AEBCEA421D53C5694AC0FB
:10DD1000515640040CE547BE4FD3040034CFF4C342
:10DD2000F175BAE92A16DD9DBB95AB2EB1370D30E2
:10DD3000A0B2B84EBC48090EB6081C09EC4F0CE363
:10DD40003DFDF59316234B89C5EEF56035DFFA9E50
:10DD5000F1FE53F2F05235B80BA19BDF30F7657836
:10DD6000E5C7B88E21773BA29EA664EEFDB26D7B1F
:10DD7000F2F4A14CBA29D1E32E645A74B438E36B9F
:10DD800071A0A5248072A19C94AB1E64E0F7F5D429
:10DD9000F2083D86B4C7C5240724A2C7F35F35B691
:10DDA000B1ED90666AFBA35E57A468D111A3444607
:10DDB0008D111A344468D111A344468D111A34448C
:10DDC00068D111A344468D111A344468D111A3447B
:10DDD000468D111A090064E88B40DCADC1A9BF2152
:10DDE00076658B392D49078CDAAA70AF901EBC502E
:10DDF0000F653C41EC0F64FE2567B24C3BBEFBFB5C
:10DE0000B5DD266D82EE9BAA41094F24C2A621CE24
:10DE1000526A2F7A900AB24924E56E2B38CE4E49C9
:10DE20000357A089D50F6C4CDCAB32C822697BB894
:10DE30002E636E775C57C6F95EAFD7771EEA148201
:10DE4000EB8453D0CA5E4C5889CAB8A57C0921B16D
:10DE5000E84F12A24E7D01CFCAD5F15BBBED6370D6
:10DE6000B342AA5CB69D25F712F5520A9B69E909EF
:10DE700049F5530BC294849C7BF7EC543D01B78A5F
:10DE8000742E86A6B99883C06E5235FF0031034BBD
:10DE9000FD7C95BA6C4A56C2611A93BA5CEFDBB34B
:10DEA000712EFB91174A63CEA5B0C2D622C142D7CC
:10DEB00088ADAB0158F724E3B9C7E98000D6B7367F
:10DEC000E5AFB5546AAD01C2EC88F3132C2E400BBC
:10DED000F11693D8AD3E8738EE0FAFBEB2DD459A4E
:10DEE000463E3D4735704D95AE0E5BFEDA6E1EE246
:10DEF000CB912DBAD5C4EAE148579B836DB9223A3C
:10DF00005792BF01270A48EF83C3B0D66298A8FB97
:10DF10007547BA536FEE89ABA6E8A1AE9222FCA971
:10DF2000E384AB921B7DB733E5078E31904E7E9A2A
:10DF30009A9E9DAFCAD76C16B73CD2432BE468D5E6
:10DF4000C00BFE79A596EAB5EDD9720C1BAF6FD365
:10DF50004B93C725EB7DDE2DAFF3319E252467FA69
:10DF60008A1F96B111772F703A766D154DB2DE3952
:10DF7000B15A5B984525A5388E5EF85C574291C72B
:10DF8000EAA49F7D657BCFBB466469D944BB0C8FF7
:10DF9000107888B77DFF00759FDA1DABBC37BAF0EB
:10DFA0007F7F77D26BB3DF9AE07D86648C78F8FC54
:10DFB0002A29FE16D3FC291DBB7F9CECBA7A10904F
:10DFC00084A7B635AEB9CE7B8BDDB95BA4713206C2
:10DFD0003628C580161E0163AAB6D40A9C731AA1FE
:10DFE00009A7DA57AB6EA42927F623518DF5D28EF7
:10DFF000D9DCFC9E8D4C34F7D7FC70CE13FF00416A
:10E00000EDFEDAF396FA2B80E55AC51ECBEAAB603B
:10E01000604DA56C96F1559AA54EE264D2A1CC5BF9
:10E020002892104293C9ACF124103B820FB674D4ED
:10E030006C5FFC48BD7974FB3A643DECB499AF3237
:10E0400021B51A153DD6FC08AC388C8F11495053B8
:10E050008AE5DB9707523B7600F7D5F64E037AA99F
:10E06000C6667CC6DA83E5C74542C0E39D9A15D1F2
:10E070005E93BFE249E8AF7EE6A6DDBFA5AED398CA
:10E08000C5384B913AA0E2188E5D1FD23286DC5023
:10E09000714A00150E1CF23D3CDDB4F7EDEEF76D54
:10E0A00036EAC78F22C0BFA9B5254B8C898D46693A
:10E0B000DE2FA9958CA5C2CAB0E049FA94FA823D38
:10E0C00041D589E8F237AC84E66FD3C47E05ED9282
:10E0D000DCE578B15B4820FA1D7DD612BC8D1A2292
:10E0E000346888D1A22346888D1A22346888D1A248
:10E0F0002346888D1A22346888D1A22346888D1A37
:10E100002234688A971C6DA4171D584A523254A3B2
:10E110008006B45BF7719F94F2AD9B2E680BC7F33A
:10E120009AA36428470467837EC5C20FAFA241C982
:10E13000C9C0D5A33461E22CC33117B5F5B73B7222
:10E140004B1B5D429D43750FB69D2A6DBAEEABAE7B
:10E1500040E642910692D2FEFA7BBEA4027271930F
:10E16000952CFA67272480501BBDDBE3A80ACD530A
:10E170007F7A99A63B31876128D22DA6252E398D2D
:10E18000F7EDA10C0686161C5A16A532919E6A4F11
:10E1900025763A98A777B941D78367BCE56E97B7DC
:10E1A000336F972BE8561483AF9321176B753F603D
:10E1B000B49BEFA1B9159A0552E2DB69D5153F4A28
:10E1C0005E1FA04B68485B0EB8E61B86890DE52FE5
:10E1D0004901492B484E104905431AD4EFB63787F9
:10E1E00064EC48CC5C7B552205429DFF00B2A3D570
:10E1F0004B6453A3B5CCAD6A2A0B5A0BFE27F1E34F
:10E200000140104281D7A762ACC5A2F7691C048007
:10E21000E82FBE8351C89076DEF71B82BDB698D238
:10E220003BAC68396DF9E22E3E8B53B0E8F73EF90E
:10E2300056245BE98CD408D09B449A9CFF00192B90
:10E24000F05951C7885CCF1092460A890391424E1B
:10E25000028A86C570EDCEC96D76E92DFDC2A3D4C4
:10E26000244170B4114790B2CADAF141FE70AF2A6E
:10E27000561BF45A5BEEA48500A271DFD61C2585DF
:10E28000EE89A371C79AB93E491A1C4AC4EE6D992A
:10E29000B6B22E979ADBA133EC96B8969729CF1198
:10E2A00064E3CD857104A739C12324007DF5AE4C0C
:10E2B000A05C91288AC04C98A391F025F752507F1A
:10E2C000AAAECA1EFE875B94303666064838281907
:10E2D00088D4A8AB75EF1B52C6B71FAAD7DB7A4408
:10E2E000B5704C287257E20594AB9148380718F581
:10E2F0002ACE3EB9D695B01B0D53DDBAD8DCFDC68B
:10E300008DC69695662C120A53231E8307FEEC7F5A
:10E31000F71D6A588C4609CC37B80A4A918CC9D681
:10E32000B45AE99A6A134C341A6500252301291856
:10E33000006BE391C019CEB0D64DD79DE8C528CF6C
:10E340006EFF00E9AF1C88209CE7D3DB44BDC2F020
:10E35000CAA7820850EDEBE9AC3D6ED4A556629891
:10E36000B55A7B321A5762D3C80A07F63AF3BA0E87
:10E37000E5175EDD25EDDD7C2DFA5B6F531F2491E3
:10E38000F2DDD19FEE9FFCB1AC6EDDC8EB43A4EB98
:10E3900088DDFB03BA52C2D2D258284A83BCDA4A7B
:10E3A000B986CB4E82388577E293EBAF51C8F84EF1
:10E3B00068CD954E578B3937BD327FC4D9D5E6C469
:10E3C0009A759FD4758EE5C10A0B459764BC54B904
:10E3D0002F909212A5174F2CE4E5452BEE00C24773
:10E3E0007CF4BBA45FF8817A1BEA72052A9D52BCBB
:10E3F00059B76E2A93FF002DF60C95A94F2144AB17
:10E4000089295252705290494F3009E3927B9F6F95
:10E410008E1ABD59D97F2E07C39782A82E8F4DC75C
:10E42000CD3A5686E45857F30B7ECDBBA054836A91
:10E430002871111E0A5B6A18CA548FC492323208BE
:10E44000ED9D66C107D351CF63A3395C2C55E043E2
:10E4500085C2346BCAAA346888D1A22346888D1A33
:10E4600022346888D1A22346888D1A22346888D144
:10E47000A22346888D52F3CD47694F3EE250840C6B
:10E48000A94A38007D75424345CEC8977EA73A9D7C
:10E49000854884EDBD6F4D48490429455C4B9FA9D3
:10E4A000F64E96DB37AC3ADDA56EBD725E55B831DF
:10E4B000A9B0DC436ECA9D250C3692B70A1090565F
:10E4C0004024ABB601CFFBEBE3BC771CC57A5DD231
:10E4D00087E258239D99872C39772D6DC9B0E39B2E
:10E4E000575B8DEDAADE28F0FA7A6C3C9AAB00758A
:10E4F00024F0BAF1F519B2BB6FBC77444DD6BC2EEF
:10E500003B999B864C74FC9520B8979983C70A4326
:10E51000C965407103190D93C4F2E4751BD2AA8A30
:10E5200076FC4CADD19EE50D356A82E4C76AE240C7
:10E5300075BA5B4EBFCBC186B230F497149E4A7554
:10E540000AE0CA084A72481AFA13D9E74C310E9AFF
:10E55000E11D6E20C6F5D15DA32E85DA0248EFE0FD
:10E56000EB707175B45AB57D04786CB68CF65C6E40
:10E570007979FDBC00E2B394D7C6D9DE52ED1A65B5
:10E58000FB399A632C2A6390D6C96A9D4A821FE0A0
:10E590005B4C82A4AF9A4AD5E2BDE620AC8092BE25
:10E5A000E3134FA136CD930E6EDDCC92B831DDF082
:10E5B00098A5C0759909AA2D456E36B7DFF0DCE342
:10E5C000E1A1C2A4214DF9123929417E9BB47AFF01
:10E5D000005A4600D7E5CDB917B117245AC45F31A8
:10E5E0006DFE2B6A1619D3B0D71B8BDBC34D06FA11
:10E5F00070BDB65AFC8DA0DB3DD6AE4EB836AA0D26
:10E60000229750A5A8FDAD70D243919C8EEB785116
:10E6100053317961C64849CB8E8402ACA944642742
:10E620004BD6E7DC4EEE6DCADD5AB12BED0308ADDB
:10E63000A627C8650891211DB8ADD29C852B091D60
:10E64000F38F5F5CE4EE380BA57134F5172E8C0B5D
:10E65000DF717D85C6E2DA92789D34175135C5A009
:10E6600007C7B3FEDB9EE37E1C82C3C4663C775BB8
:10E67000F0A43EE129257E2A52139E446138F51804
:10E68000C7AF7C83F96B15BB7B916E6D76D94EBAA3
:10E69000EE49694B71C18D1D84A87892DE50CA5A2B
:10E6A00040FAE3B93E8948C9F6CEC0CA91491996E5
:10E6B00053CFF8582E83AE708DBBA59F6836A6EA5F
:10E6C000EA42EF3BA1B95C93456978662825297F2A
:10E6D00007B3681FD41EE7DCE9A487063408A885C1
:10E6E0000D94B6D349084B684F10903D001F4D69FB
:10E6F0009248E99E657EE4DD4C06B58D0C1B055104
:10E700006FCD8235416C0CA8E0FEBAF0156CAD38C7
:10E71000D8577FAFD3561D601F28234543A2F33B34
:10E7200015273C87EDAF2BF10118FF002D34545E07
:10E730001910127BE33AF1BF4D0E120207D7540AAB
:10E74000A34586AFD9743B8A318959A44794D1ED4A
:10E75000C643615FEFA8B6F5E912C5AD153F41713B
:10E76000EA6BD9CA50DFDE363FC27B8FD8EA8E0013
:10E77000AF41D65ECDBCDD8F88474A4D371F67F766
:10E78000B2B526911A42250A5892B7D92A42B98FB2
:10E79000BB59E49048EE10A19F7CE9CCE977FE29B3
:10E7A0006EA0F69E9D3ADCEAA36C64DC733C675E67
:10E7B0008D298296D0D851CA58520A4389427D0287
:10E7C000F9B8AC7A856AE891AF6F5738B8E7C47E7C
:10E7D000FE696D733375D28E98FE3CFD017524453C
:10E7E0003E16E6B7489ADB0DBCF2678286DBCA1498
:10E7F000B5821412E00D841E4A28E23B798EA6AD44
:10E80000CDF88274BDB696850EFDFF009871AE1AE4
:10E8100045C0EA9A8B3ED479A9EDF952092A295FBD
:10E820006FC43B77564FA763AF3FE1933C8EABB4C9
:10E83000D3A03C3C0F22AC54E210D1C4E9A7D0379E
:10E840007FE39AD936BBAB6E9D3791E661EDF6EB6F
:10E85000D2E64B7C0E301C5962464FF096D601CF63
:10E86000E5ADC2F2BE2D7B028CAAF5D7554448E037
:10E87000F10540952D5FD54A40C93FA6B06A237D7A
:10E880002B8B6616215EA4AA86BA312D3B839A791A
:10E890002C5DA3BDBB5B7BA8336FDE90D6F1FF0080
:10E8A000C33EA2CBBFF42F04FED9D6D591AB4D7B8E
:10E8B0005E2ED2B2482375F746BD2A2346888D1AAC
:10E8C00022346888D1A22346888D1A22346888D1E0
:10E8D000A22B7264B111854992EA5B6D039296A3F3
:10E8E0008006973EA67AA08B4E8CEDBB6F48C8EE93
:10E8F000388560B847B9FA0FFD7AEB93FB5DE933D1
:10E90000B06C1FFC3A98FF005AA6ED16DC37F59F55
:10E91000439478F7296C1A8FDEEA013B3752912D28
:10E92000C9DC5AD6E15CDF60B537F9ACD4CD8725B8
:10E93000B9681975E4B482D8411938CA8E07BFD3B3
:10E94000D35B0C0DA0DBFDBEA5D2EFEDE0A38A9555
:10E950006D853351A75AB514F8CCD16504A825D5D7
:10E9600020F65BA02FCA92309382472031F3BD047A
:10E97000B5386BA1870D3695FA0237ED5DA48E464A
:10E98000D61DD7BADEEB591BA030C8343BF96AAEAE
:10E990001DD672832666E95FB427EA661A172BE450
:10E9A0005A73EF558EE0723DB39C127BFA7BE35BAA
:10E9B000C33B43B85715A29DE5BAADE1724FAEA176
:10E9C000A4356F34D2DA661C577FF0E965CF440274
:10E9D00052B53A529714412484EBBD746AB68BA2A7
:10E9E000F845F3DBB46361EFB0739FCFB47407F401
:10E9F0008363C169F58C755D4065B6173F30079735
:10EA0000CD61E6ED5447A6C1B5ECD94D5329D433B9
:10EA10008AAD2AA6FA6A3141E3C92D2A22CF242CD5
:10EA2000BAACA13E206D390482403AD677236EF706
:10EA300076D6A1CF729D5380EDBD2D2FAEAD714521
:10EA400079C952624649494A23B2A520B4DA0F1C5B
:10EA5000786B3C9672490001D728EBA9FAD89955F2
:10EA6000DACFDACCDB6573892470D2FD9BB80ED087
:10EA70001622CA06581E58E31696D2C77038F8F107
:10EA8000B03B1E2A00DDDEA26A5B830DBB6A82CB2F
:10EA9000AD53DA01A72A534A0D46A606004BCEA075
:10EAA00024787900F863233DF2A3DF597BB6C8DAF6
:10EAB0008E92F60CEF0F5370E44DB92E36DA16F540
:10EAC0008D1B87CC36C2DD4B667486D6A480D82ACF
:10EAD000C2524F727D339E3BACB1FF0084D20A78A4
:10EAE0005C33B8DAFC05F95F5B0D9BE4A1587DEE61
:10EAF0006EB5E341F9AF7F13E6A1EAA7523D15D405
:10EB0000365DDDD36EEFA95127B08FFF008F310D39
:10EB1000D0E497B092586D2EF240732AF54BCA4E4E
:10EB200001560004057ADFA2DF5D676E30DC1BF55D
:10EB30009306D7A67DC44A7B1D9086C1CF82838170
:10EB4000C947D5C70F751FD808DA8AE96A1BEEF2E4
:10EB5000DAED3ADB8E9FCACA8A26B0991BC532B459
:10EB60009A541A1C062994B88861861010DB0D0E81
:10EB7000294240EC00D7A8271EE7F7D6378AB9C646
:10EB8000EBE140FC5DF56D613DFCDD8FB6745454E6
:10EB9000140C77EC7D75694DA49CA73F4D541BAABE
:10EBA00095696DA3D7D47FBEAC3AD824857A6855D1
:10EBB0000735E75B1DB1C727F5D58722023B248DBA
:10EBC0003BD3C1799D869C13DF275E6760A71F83B7
:10EBD000BEBC94BAF23D4B41054A00FE5AC15C7B73
:10EBE0007F6C5CB18B15EA346949C7FDF20288FD80
:10EBF0000FA8FDB455D8E8A2DBCFA3DB46A4B32A07
:10EC0000D99D229AF0394A55F78D83FEE3FCF5A190
:10EC100054AABBFBD2F4E69EA5DF85B625AC8421C1
:10EC200097F922401EBCDB3EA07F6811AC8A5AC90E
:10EC3000A85C5F09D0EE0EA0F710A92C4CA96E4974
:10EC400005D339B33B97D62522A363DB3765949A66
:10EC500069B9E122E16AA55093C7C0A428AD6B9CB5
:10EC6000E9512965A4A1B5AB2420A5294E01E48072
:10EC7000650B37E3695EA7DC8F5A17B5C371CDA169
:10EC8000D2A5BB1E9956AA36E49892980A212EA5C1
:10EC9000A5ABC5679A405148528A7D3271ADAABA78
:10ECA0009A971082313B6ED7B41EF6DF91DED7BF44
:10ECB000F2B42AAA59B059CD4E1AFCAEBEADE0EB63
:10ECC000777E7926B766FE219B3DBCAC308833A1A8
:10ECD000BCEE002E52A40788FD59561C49FD8E99A2
:10ECE0005DB2EA7EB705E6A1EDE6E9971AF6852D55
:10ECF000CE694FE45A70647EC35CF314C02AF08777
:10ED000019A039A3E63EE3EEB6CC1BA514B8BDA00E
:10ED1000A81D5CBC8F1F03F6DFC54CF6675B121B9A
:10ED200079303706D54F61E7974C571527F32D28D3
:10ED3000FF00B2B5385997ADB1B836E46BAED0AB81
:10ED4000B5360CA196DE68FD3B1047A820FA83ACCF
:10ED50006A5AA1502D6B10A7E48CC6B2BA3596AD95
:10ED6000A346888D1A22346888D1A22346888D1A3A
:10ED700022356A6CD8B4E8AB9935F4B6D363929671
:10ED8000B38006BC49232261924360352790402F0F
:10ED9000A04B3F539D52371D976816E48C24038483
:10EDA0008382AC7F128FFEB1FAE914DCDDC3A95F68
:10EDB0007701A0AEA23C1A9B52A188F31012E4A9DD
:10EDC000492829436472F51C801EFEB8F6D7C6BDDB
:10EDD00020C75DD2FC7A5C54FF00E36DDB18FF00B6
:10EDE000436E6FE24F68F8D9745C1A8C51538CDB18
:10EDF0009D4AD936D672EC8AAA6F79F41E4E498C98
:10EE000099B01894B2EFC84820A16529200F1329A2
:10EE1000C771D8F7C675455EBEF3BE2DD374CA1C44
:10EE2000D595A94E2B21BFCB3F5EFDFEA757FA39E2
:10EE30004466A87D76E7FF001B3C6D671F21F370D9
:10EE40002364C42400D89EF3F9DE56A5B73D44EDF3
:10EE5000F3BB90B1264C67AA34D50720D1657DE27B
:10EE60005EF295171D6861471DB001380738EDDD6A
:10EE7000A3B33AD1A25CD6BCBA84DB42645ACC7448
:10EE80001C23FA486AEF8E497079B0723B28051F3F
:10EE90004C6B77E987476BB0F7C111176002D6D684
:10EEA000EE76F71DE741CC34715134124552C73E1E
:10EEB000F675CEFC87F0969DCF9975EDCDD55FEABE
:10EEC000FDBA63155174CC6A995687529EF0571457
:10EED000321B6FC361078029E2485804B7CB1DFD80
:10EEE000444BBD5D4754F762854AB429F4434AA4B4
:10EEF0005298E0A4BD2D72654E5FF5DF7D4029C3B9
:10EF0000E80023B7B6BE8BF67D494F5986C13079EC
:10EF10002EA7FE9B85858B982D7046A4588F121ABC
:10EF2000782D2F1999F14CF883747EA353B1E16FBA
:10EF300011F5E6B77DBCB1ACCE92F6E61F54BD41EB
:10EF400059CF572BF34072D0DB76920BF308201980
:10EF5000AFA09052C379E449F403EA7B293D41D63E
:10EF600027EF35C15DEAA3AA9DC48F29C54652DBB0
:10EF70008731069F22A6E36B4BCC30C25B0E00DBD1
:10EF80007E2842539CF1C1C712542F748F1B753BCE
:10EF9000BAC8357976560DF500EE3966CA6FC82ABB
:10EFA000D0518700D7E82D73EBFB5D2F56858B5A28
:10EFB000EAA77527DD229D228F69B72029313C758C
:10EFC000B8196D294A10CA14AF5504252091D923C8
:10EFD000B0C0C0D35F6EDBF48B628EC50A8905B802
:10EFE000D1632021B61A184A40F6D5CA385D040C00
:10EFF0008DEECC40009E7616BAACCECCE242F681C5
:10F000008F7C6BEE014FBE077D652B2BE28279640E
:10F010006AD2F1DF0A3DBE9AAF154F1549C9F2A871
:10F020007FAEADB98577071AA6CAA4AA303F6D5A3C
:10F030002DA06545591A2A2A4B68EF8F5FF6D595A2
:10F04000B033DCE9B21E6AD3AC27D3FDCEAD2A368D
:10F050004138C7E5A042BCEE45E4738C9D79DC8461
:10F060001591F5FAEAA96582BEAE1A0D816D4ABA0C
:10F07000AE27FC38D1539383E6715EC848F7513D03
:10F0800086A22D9BDBB7B75EB8E7577BFB44F1EC5C
:10F09000CA6CE106916E12AE571CF4E0B5059401FE
:10F0A000C96D214A417D491DCA92D8F339816DCD80
:10F0B000323831A7528F90451BA43C131DBD3BB97C
:10F0C00074F54D7444DBC6A2B68A8354F874BBCE83
:10F0D000B705C4ADB98E46515A69ACAD200F976DD6
:10F0E000C5737427216F24004A196F3BE45E9CECC2
:10F0F00005DB2D50255BB15D612800A1D6C10AED6D
:10F10000EBE9ADF70F8C32117F01E0365C8BA53552
:10F11000CF96A846D3F07D78A8CEF6F87ED90FC951
:10F12000FB62C59B2E893D07921C84B21293EDDBD6
:10F13000DBF6235E66D1D76EC6368553EE36AF0A50
:10F140006B23B47AA27C4700FC9670B1FF0056AFE7
:10F150003E12CD63DB92888AB195166546FCD6E3F4
:10F16000607C5B6A96A4872D4DDDA2572DE79C013C
:10F17000B79A90954D8CA1EE3070EA41FECE74FBAB
:10F18000F431F190D92B7AD15DAEBA2B55A82B78FA
:10F19000C854DB6A7A5C799252010A8AE7150F4FEC
:10F1A000EB7EDAD5EAFA3F4D34866A4ECBF88E070D
:10F1B000F65BB61BD27ABC39AD8AB7FA917070DCB7
:10F1C00078F3FCD53C9B53D6BF4DDBC96446BFECFE
:10F1D000EDC58E60497D51B1292A6DC69D4FE24A29
:10F1E000D38F2E082093DB231A93A9559A45721AC0
:10F1F00067D1AA71E5B0AF47A3381693FB8D6AC4F7
:10F2000080E2C3B8DD74663C48C123363A85E9C85C
:10F210003E9A3555E91A344468D111A344468D11FC
:10F220001AF2556B945A1A1972B5578B0D325E4407
:10F23000669529D4B61D7567086D393DD4A3D824C9
:10F240007727445F65D6697069AAABC99CDA6324E5
:10F2500072F1B965247E447AE960EA6BAA5F103BDB
:10F2600042B7DEC213E880AFFEE51FFD7E5F5D7131
:10F270006F6C9D2938761CDC0E94FF0056A37B6EC4
:10F2800023E3FF00DBE11DD994DE0743EF53F58E46
:10F29000F85BF548DDDFB873773AB12A132F7CD4D9
:10F2A0001954F75E4C290036FC879A9002929F5FB2
:10F2B000E14F6183EA0E3528D36D4A36CF71B9AE7E
:10F2C00011F3B7238F0974CA749017F60AD68F31D9
:10F2D0001FFF00DCF23FDCFD4F6F9F9D4F247D5DE3
:10F2E0000530BBDFA0B77903E76B2DE6A086332995
:10F2F000FC1C567E7DB96E33B691771AF1AB36DCC5
:10F30000A5B0EFCA4468159C296A52891EA55927E1
:10F3100027DBD07A9D5AD8AB3F6E517353AF7DE552
:10F32000AB4582F3C13228543A928210E13E8F2CD1
:10F330009F2973DD2D93D8107BE41D6F98546FA225
:10F34000C3EA2A63F822EC34F371BE670F13988E78
:10F3500023B3C02819899E41181A9D7D16CDD54E1C
:10F36000D8F4FACB72771AAF62C276F57A314C795B
:10F3700074C70467DE4FB25D581C5492700150256B
:10F3800047001D2CF6356EDB91774BA1D0EBE9548D
:10F39000C86A535320B2FA54E465FBA17C49F4399E
:10F3A000048EDDB5B0747EBF12ABA23512B896C321
:10F3B0006683C86A6D7E40EDCB4EE569ED861EC959
:10F3C000B5DD736FBAB5715EB0AEB57F23E353E2BE
:10F3D00055E0BC840970B19723ABB9C86D40927FEA
:10F3E00034A55C707963599B27A64D99DB5A34EE9E
:10F3F000A52F6B5655459A532E49A0DB11E520B930
:10F400005173C34ABC45B44E1286C9CE4929FC2467
:10F41000E0A9093F40746E2381608CA526D24AEB97
:10F420009EE245CDBC00F5F15A7D65EAEA8CB6D185
:10F43000A12C9B87BBD56B96E6B93AA2EA16FEB71C
:10F44000AAB5C85193361D4E23CA80A553D71D694E
:10F45000FB3E3B6428A3839210DE0772ACA54149B2
:10F46000515E94CB82BFB89D756E88478B3E9B637F
:10F47000D15D220C092F177ECF678A501015FC4EE4
:10F48000A92DA47D123CA3090351D4CD18B62C6A32
:10F490002DFD386E05FF00CC7BF8E56003C5DCC2AE
:10F4A000C977FF001A9F27176FF9DE7E8991B3EDA8
:10F4B0002A1D93418D6ED020223458C9E286D3EDA7
:10F4C000F527EA4FB9D6578020148FF4CEB6E51A47
:10F4D000BEF64FA13AA56700F1CFE58F7D7AD978C6
:10F4E000E2AD28E147CDFB6A9C92AE07F61A2A915D
:10F4F000754AD5E53DF3AB6E78847142F1F9E8AA1F
:10F5000042A4631C73AA54A091CB1A5B5540A82354
:10F51000D7F3F7D50B6FB76F6F6FAE8AAA92DF2E56
:10F52000E3DB5429A048E673F96A9B2595A5B20E42
:10F5300048EC35E79862C48CE4C97210D32D24AD31
:10F540006EB87094240C924FB003D7554E2A05A480
:10F55000D15EEB537626FDA973396D6D4D891CD5AF
:10F560002E0B9D6924418815C4B8949ECB92FABE97
:10F57000E986BD4A940FA059D79FA9AEA01AA1262B
:10F58000917DDB505CB76A2AA6269DB776130E6381
:10F59000F9194220F196BF754E9254A5870F9885B0
:10F5A000ADE382B671E2117797F2FBFF000A938E0A
:10F5B000C651F9F8547DD3075D17EEC62635BF5CFA
:10F5C000B4E9F56A632AE01A710624948CF701C045
:10F5D000304FF7924FE7A7A7687E215D326E5476D1
:10F5E000E1D5AE476D89CBC0F96B85BF0DB27E8189
:10F5F000F4E507F729D6E787D73656063F75C97170
:10F60000DC12464AE9A1D6FA91C7CB9A9E6DF4D195
:10F61000AB919BABD127C79B0DC194498AE075B5CF
:10F620008FC949C83FE7AC85CCDDBD48A13F53AC8D
:10F630002DB6E3B082A52D67B0006A4DC4AD55A2CA
:10F64000C6C5731BA81EB7189FBD555B497B6D4689
:10F65000ACDB03BA3E799E0A4919E5C5E4F704FD1F
:10F66000083AD936CBA7087BCDB996DDB7B636EDCB
:10F67000D362DD95D75069C568F9A8A9514789C8F3
:10F68000BCD13E1808F394B9C0F1F51DC6A0E7C47B
:10F69000A981709BB36BD8F82DDA9B05AC646C34F0
:10F6A000DDA040BB4F7AED26C66C7D1B62F6BE998D
:10F6B000B79499664AE2B7CE554149E0B9B214070A
:10F6C0008AF287B7257B7B0007B6B74A4BF5DB5E2E
:10F6D00048A9DBB569701D1DFC586EA9B27F5C7A24
:10F6E000FEFAE5351545D2999C6C5C7EBAAEC14DEB
:10F6F0004EDA785B03766803D16FD68F567BA36FA3
:10F700007166E466256A38EC4BA9F05F03FBE9EC0F
:10F710007F74EA51B47AB5DAAB878C7AD4A7E8AFB4
:10F720009F54CF4E5ACFE4E2723FCF1ACE82B41E1E
:10F73000CC8BCBE2B6AD52553AA74EABC36EA34AC3
:10F740009ECC98EE8CA1F8EB0B4287E44763ABFAB2
:10F75000905651A344468D111A3445F09C0F5C69B4
:10F760003ADFDDC8B3B707765559B7B76287723548
:10F77000187834860CB4B70A12C12DBC865EC165F8
:10F7800052B9A1614B2AE6918480072CE1D6B88852
:10F79000ECD3AABD08BBB551EDE17E6EB6D546658A
:10F7A000AFB2AA2F529D5B6CBD440B5B33BC459C32
:10F7B0002568460B0F27D72A1C08F5275A96ED6CAB
:10F7C0005DD1BA76CB551B4A6B8A75C7A3CC116A3B
:10F7D000A92C3C9E0E25641F5EF807B1FF003D7109
:10F7E000DE97742598F550C460B89DA06E7B2E03FB
:10F7F000F4FF00A5C3870E7DDB2619888A1ECB8502
:10F80000DA77E63BFBC2C7502CD83D3EC276F4BC4B
:10F81000DD6E7D7D13657F27E2B6391A730E918EFA
:10F82000400F33E4856077E21593DFD35991529FFF
:10F8300030BB74DD4F80EA895E092AF081F6CFB9CA
:10F8400039EF8F53D87E7CBB03C2AA63AA96A6A6C3
:10F8500032D783D5B5A46B73F11F2BE9FEE046CAFE
:10F860005EA6A9B2F681D37F2FE4EBE565EFDAFE61
:10F87000A7BFE5C3A2EE7A7506A7F3A4C189429E8D
:10F88000B525F8ED216A0EABC6194B6A52B038F1B6
:10F8900023CA727DB5B3EEF5C1B3BBE5B7922B9623
:10F8A000DED6C9A5D5DBF0D2F78CB4A622D295243A
:10F8B00084611C9A789F4038823EA35378AD0C989F
:10F8C0006621EE62E05DA08237DAE47F75F29DF892
:10F8D000AB34A7AC8C5434EBF9F8568F4A9CE572E4
:10F8E00086C4499116CB9154B61292A504858CF723
:10F8F0001924F2F50093848F4033A56ED9B4777F35
:10F90000656A2BBC21DABF3AC53D2A43D2A8987953
:10F9100031939F3A169C65382A1950C0ED907DF5B9
:10F92000DABD9CD3D18A69F0DBD80CBB8B82E39A19
:10F93000F980F203B805ADE3AF93AD6CC35DF6E5B6
:10F94000A6CA47DB991656DB5B6F7579D47CB93450
:10F95000543ADF874CB752B52FEDC7485786B534B8
:10F9600096F991EB82BE4540039C710AD2B7B6FE70
:10F9700055FEDD6B70F702B543A95B94C8E6AB2278
:10F98000446925ACA4C34E1A654E9203487249409F
:10F990004F8614B5809732AC1D4D635887573BEAAC
:10F9A000582ED6131B3FD4E172E3CEF9C3583C0F57
:10F9B00002B129222E6063B73A9EE1C3E572930B30
:10F9C000E2ECBF3ADEDCF45B36DBB361D97477B9C5
:10F9D0004444D00AA3341296C2DC20614E94202500
:10F9E00023BF14E13E8092C658360DBDB776D47B56
:10F9F0005ED9829623C74F6FEB2D5EEA51F727DC65
:10FA0000EA6B05C3FF00C32899038DDC06A79B8E14
:10FA1000A4F99F92C5AA94CD2177059C424E33EC60
:10FA20003DB55A40FD3F7D4B058A6EA83DC903B8E0
:10FA3000D50A5E1251DB07F2F4D0AA2B4A49F5CF62
:10FA4000EDEFAA0F941C1055F97B6AA96D55B714F8
:10FA5000909E201D7CEE9C8E59D3C509548C11912B
:10FA6000AA54411927440BE28E139CE3DBD75F08AD
:10FA700000E3967F7D502A2A4A87F17FBEA85A81EB
:10FA8000008FF2D54A5ACA8EC0641EE7506EEC57FA
:10FA9000AFBEA3F75A97D2474FF0BED0A955E5089D
:10FAA000D25C42F836B58F3292B73D10C3494A96C0
:10FAB000EACF601073E9DEDC8ECA17B68CC6CA4C7A
:10FAC000EAA23EC5F491B1542DABB7EB11EB764DE4
:10FAD000B6A554E6C40D942F716E1F0C1448918383
:10FAE000CBE498694161AFE1656CA090E49596F92B
:10FAF0009BB93775FDBC1B873B726FE932E7546BCE
:10FB00004F979D98FA4927960E480303B63B00008D
:10FB100018000181ABF132D101CF53F6566A2EE2C3
:10FB20006CA75B2768AAD41B7E0CDA454112D2FB76
:10FB300020BCCAD41F69CF273502DAC11DBD3CA441
:10FB40001D6758B36C4A8D51312B5449342572E0EE
:10FB5000EBB45CA920F6C9F01C3F9FA24E35970C70
:10FB6000801D14355439DB69029636CFA7FDF0A20B
:10FB7000F875AE91B7D69F72BC501D5D128151349D
:10FB8000FAB367FAAB80F947887FF965C07556EF1D
:10FB90007571D4B336549DA7DF2A74DA754197BCCA
:10FBA0003713360AE14C5A00EE95B64272323F10D6
:10FBB0001FE7A90A5C4CBAF11D0F23F50B5AC4309C
:10FBC000460736722E2E351F42977E9DB6EE75FF84
:10FBD00000D462EF0BFF006F2BD70591426D357B90
:10FBE0008E97422912934E4BA8429492BF28C95235
:10FBF00041F7E2558C1EE3BD1D14F4FD54A22AB159
:10FC0000D466E0DA5F6155EF0084D26D42D042AD38
:10FC10009A4212131A3AFD4FCC38901C7724F12ADD
:10FC20000DA701241D271D2ECF949E6BA0608D670C
:10FC300053768E4A7F4B49523BA08C76EDAA7E5577
:10FC40004A1C42BBFF0096B5768747D89F56F03FC7
:10FC5000BA9CD0EAD5E69501C58FC1DFEBA8BFA954
:10FC60006DFBB0FA69B322DD37BCB73C5ABCF6A9CC
:10FC70009021B090A764BEE2803C41C02109256775
:10FC8000271D87D46A430CA1756CB1D3406F98E8E7
:10FC90007BB9F80DD599E510B1D23F826A3A68EB8D
:10FCA0003BA3C9B023EC85B9BF96D22E0A295C4785
:10FCB000E8F2E588EE9742C95841738A5D392725F5
:10FCC000055DF3A60D0EB4E20388582950C8503DD7
:10FCD00088D6DD5F84566105B1D644597008B8DC1A
:10FCE0001E5CFEDC5455356C15A0BA17836363DCCB
:10FCF000555A3580B291A344468D1152E638F73EED
:10FD0000E3FDF5C89DB4454A876C6E0EC4526EFA89
:10FD10002515EA0EE457E2AE556D979F4FC8375050
:10FD200090E2D9421950524ABC66C8594A920139E8
:10FD3000C763A8CC4802D1736DF7F257E0DD616468
:10FD40007555BEBB475E7DAB224D26B36AB63269A0
:10FD5000250E3D140CE0E1B564A3247AB6A4E3DFDC
:10FD600052AED4FC453A7CB954D41DC113AC49B24F
:10FD70004787E3C82B954D77383FD2A4788D83DB36
:10FD8000F1058FCF5A7D26371C952EA5A9D1C340EA
:10FD9000EE1ADEC1DE9A1530FA43D50919C787DCA1
:10FDA0002616153AD2BF6D96EB10174CAED1DF195F
:10FDB000454203889515CFD1C4E403F91C1FCB4BF2
:10FDC0003F5DB48D8CDA1B76095EE2CFA0D72AAEF8
:10FDD000669F4CA72049514A08F164141EE865B497
:10FDE000FE2709C0C84A72A501A969B0EA696A6319
:10FDF000A9919DB61D3F38F30B0848F0D2C0742975
:10FE000051DBAA85277E2FA956DB8134DA63315472
:10FE1000FA56B6029531F6FB21D70A479092AFED1C
:10FE200061231DCF7D4AF6C59DBB545B16E1A853E7
:10FE3000D71E234D53DC7D89CCBFC91E221071C053
:10FE400027B856338CA339033AD7BA6954CC3B1937
:10FE50008E09E3CC2CC20EF671245C72E1DD7D4A82
:10FE6000CCC35DD6D2B9C0DB7F4E4547960EFF00AE
:10FE7000C0A9D974EB4AAF7A3706A6F3FCD7551858
:10FE800047978948584E420A895770549F4C8EFDB7
:10FE900084B5B7150B3769AD75EF06F2D5D349A612
:10FEA0009901BA6A96F38C7DBAB6D3CCBAA8CDE7DD
:10FEB000C44714A944F0E4424AB911EBBCB308FFAB
:10FEC00000B570E91F00EDC8E3974D6E761DE1A007
:10FED000171EE04A8A1502BA701C741BFE77A86BC5
:10FEE000A9BDC4A96E36FB5CFBED58A9AE1B36E379
:10FEF00012A9AF55681502F52A3539109394A23A24
:10FF0000BC9E2A97230E12ACAB871002F23495EEFA
:10FF1000B6E2DE7D636E046DACDBB2B6ECDA1C8754
:10FF20001709E7E3259714D9E09F19FE3EA78B69CF
:10FF30000849EE004E72ACAB51B4B0B710C51AC64A
:10FF4000FC105EF6D2EF3D9171CC00E71E37702AAF
:10FF5000EC8EEA60278BADE9BFDEDE01305B65B673
:10FF600036CED75ACC5B16F46E286FBADE57E37DD7
:10FF70007EEA51FA9D6C453C8E48F5F6D6ECA2B768
:10FF800055253DC63B7BEA957A94A7FDF55D97958F
:10FF900069CF2F7EDDB54A8FB6727D71A5D56DC153
:10FFA00052ACA464E73F4D5A5E3FFF0074542150A9
:10FFB000B513E87FCFD754A864647A7EBEBA055ED5
:10FFC0000A95119253DBF2D539CFAFF967454D0E43
:10FFD000EBE1FEAE3F6D53D90788383EE3550A8A00
:10FFE00082BFED606A95E33C8F6D50AA9D1445D4A5
:10FFF000F6FA3D6153116159AEA9CB8EAC9084885D
:020000040802F0
:10000000E0A9C8ADABCA1400EFE228F640F5F7FA54
:100010006B77B336B685D0DECBD6EC3BB2B5F64DBA
:10002000FD7352D2FEE0DC8D616F59B4870852280F
:10003000EC7B19D254121D19EEA296CE10DBA478D7
:100040006B44B2069DB8F87E68AE0EC3732437A821
:100050004DC9DC1EA82FF72B566C1445A15BD09020
:10006000DD36DA84E29C453E1A5D0943495772EA5F
:10007000D4B741513E771C756A232AC094BA69D916
:10008000A668F023C4DD3B8633529A54898CD3A4EE
:1000900085B8A516D471CD68E48E0A710037820246
:1000A000BCC49F2A4EB2A20FA92E7B46DB2F05CDE2
:1000B00060ED294AB95EA2560C4651674284A8EE0B
:1000C0006172DB5282D6838F5030323BFA7AF61857
:1000D000D4E367740750DE3DB5FE5FDA1B93485CDE
:1000E0000AD2D42237704771905C4B83C448702782
:1000F000803E50307B8FA7A12ADB52373D95A6303A
:100100004E7295A0EEA7C3F7A82DBA9AC4B99B7DED
:1001100038C24B61DFB569BFCF22B6AE4A52887193
:100120000792709C004E33DBB6B7FE9B3766A49BEC
:100130006E5EDDEFFDCD0AF9A1E4222D0EF58DF600
:10014000AB4D7D5085AC17193E9809503A53490D77
:100150006DB31DBD4288C4229A85A4C42F7E076258
:10016000A47E8E2ADD106D7EEA56EF8DC08726C4F0
:100170000B75064D11F65DA847AC869F3E132DA565
:100180002DADC4B4D2CA1D5A3F88A13DC8491AE951
:1001900026DC6EFED46F3D30DC7B49B9144B9A28C7
:1001A000FC6F5165A2416CFF006D03CC83F92D20DB
:1001B000EB56C6D86AA57890DC7E725B1E151B20B4
:1001C000A767562CB3EEA1971215E1857D4A4E33F1
:1001D000AF9F6632E241697DF1E8AD6A79E7C2D846
:1001E0007ADED47F3014BD9B29D342B0D76D76DE42
:1001F000B46DBA8DD5755719A65329719C9732A342
:100200002D7C1A8ACB692A5B8A51F44A5209275CF1
:1002100003EBABE2475DEB23AAEFE5B404CB8F63BE
:100220005AEB2D50291CCB4E1642B21F5FD1C74846
:100230000E1FA0E09FE1D752F66D86C2FC4454DB4E
:10024000B24B45BFDC7B56E5D9B8F35038ECAE1461
:10025000C63075B1F96DF3B28E3E5EC8DD6BFE4DF2
:10026000DF4DDFA9D6F284A0551EA514A9C69C1C9B
:1002700049436F85F0E3EB82A030719CFAE992B2BA
:100280007E285F127E8F5E809D89BDEBB54A6C949F
:1002900099EF31196AABD318C93FCD92CE1484A51A
:1002A000B48482AC02A254A1D8803EA6C4A861AD99
:1002B000A497DF9BD7C44DC0B6ADD6DA7107BC5B3F
:1002C00061DEB98432BA3A88E3BF54E68B660743ED
:1002D000F6F23DEBB57F07DF88AF501D725A7213FF
:1002E000BFFB7548A2546253199C9729E95B4EB82D
:1002F00054BE0A0E344948C1F42923DFB0D3B9AF44
:1003000099FA578553E0D8B4B474A4960B5AFBEA13
:100310002F6F2D9743C1AB24AFA36CD2DAE6FB6CF1
:100320006C743E7BA346B5D5288D5B952A3428CEC8
:100330004C98FA1A69A495ADC715C5284819249395
:10034000D8003DF4450ADDF7B5C9BC6EBD128F5526
:10035000AA50AD741C332A9B2171275548FF00BC5D
:100360000B4E16CB1FD5C10B5FA9294E02F9C7D47E
:1003700034FB1B6A771772AC2DFB668D01B6AE9FFE
:1003800099B36AF7078CD4B722CA6DA7A43C253568
:10039000979E485F889F11C0BC2900138C018B5B1E
:1003A0004ADAC8CC0F6DC1E5BF91E0BDC52989D936
:1003B00081B25CB72ADAA3426246E6D3B75D2897DA
:1003C000166184CCE8F2C30E84289E0B40C90EB699
:1003D000AF5C2811DFBE3D75AE5CF58EABA3582B2C
:1003E0009F4BDBFB6B73E94F7DDB4C531C53350F8D
:1003F000C3920323CC15C41C29A563B7E13E9AD44C
:1004000024C0DB7CF2EADDB3731C9C39F223637EEB
:10041000F0A605590328DF97EC95ED9AEB7FA8BE6F
:1004200097F7B24D7F67AFABA2C684ECD3FF00E96C
:10043000B95294FBCD344FF44EA148485E3BFE24A4
:100440000CFD34F3ED4D0B70BAAEDB0AFF00549B8C
:100450008EB1353518089B5ABAEB8E29A442CF9439
:1004600032DAFCA8F091CFCADA70840273DCE55B63
:100470001CAC640C64A750361CCF72C1639D212D47
:100480005B6D5B6A6B1B736BBE766EEAA054E99F73
:100490002DF36D4898E88721482B4AB936F8C21DDC
:1004A000CA500A4ABB60FA63398FEBBD543D0ACA91
:1004B000551EC09B518731E501C6A51D0571F24A45
:1004C000940388250E82AEDE64A0F7F4206B60A84A
:1004D000E8ED27499B157CB1D88CA7BF9D8F77315C
:1004E000C1460AB7D117421DCC2C96D66DF59B3567
:1004F00086FA9CEA62151E8F6C444A1B8B46841B4D
:1005000088ABA2480A2942524A412E292476C05972
:1005100018184851D63772F73AFEDE8B8A75777213
:100520006B55BDBBA23CD4A8B51B4DD96C9A5D0AD6
:100530003B6E476FC2F9869A2E0E45D3E2920200B7
:10054000E29CFA84C1748318635EF7B8666C243544
:10055000BA9BE626EEB7026CDC9A9E2E0B3E8E9777
:10056000B22DA175C9F0E1F5BFA25077DF776E4ECD
:10057000AD7711BDA8DAAA7B29A142972146A8C36D
:100580006B68D50177FF007978139423836D61AE92
:10059000E029255EAA004F1B41B3F6DED0DAADD0CC
:1005A000288D05B87CF225AC617217FD63F97D07D3
:1005B000B6AFF47F0F7E1F42D64C7B6EBB9DFEE72D
:1005C0001B9F4BD87700ACD64C2592EDDB61E01633
:1005D000D8A4722303B7D46BEE013C3B8235363589
:1005E000D56270542C77EDE83F3D5B5A8F623FD760
:1005F0005E8954B2B4B3DB27FDF542F8E09F5CFEA0
:100600005A2779542CE07E2FFF003AA1593DCEA9FC
:10061000DCAA153F8BD3B0FCF5F1441ED9EDAAD965
:1006200052CAD9CABB0577D7C3C80EDDB3DFB688B7
:10063000021678648C77FF004D5B5652381511A274
:10064000A056C820F7D69BBE1BC148D9DB3D75A973
:10065000250F4E9396A1422705F73EA7E884FA930B
:10066000FB7A91AF24D85D56D7589E93F6FEBDB362
:100670007129FD65EE65219ACEE65E6EB8BDBBB709
:10068000AAF84B6CE33E35C1242BCA88EC252BF02D
:100690000ABCB96D4E9F2B5DD56EB937C2E9BDEF6F
:1006A000185B0361A2AF5082E4A4541E9D398752A7
:1006B000FDDB35F3DA614AC05AD0E7229687B347AB
:1006C000D79B8E937A962EB1B6BEAE36F4FE7E8A56
:1006D000B2BAC7C16EFB1B6AD0A994B8BB6286A927
:1006E000509B6EA319CB8AF4625BADBB509E975EA4
:1006F0007BECE8AE8C8447478C0B8B09232D0503DC
:10070000E66F3395EB2B6B1C9151A65AFB690A3CA3
:10071000DF1436DD629F355E1AD28C2000DE38A9E8
:100720001C1038FA6391F609027E9B0D96178630ED
:10073000F66DF9F9DEB124A86165CEEA49D94E9784
:1007400017775AB4FABD4A885EA9CF9485438B25A2
:100750006A8C97DA0AC29382928572485A93929C65
:10076000109EFA60760EC57ACC80E336D6F8CDB608
:1007700090970AE6A1E82F4AA6BEB181DDD60AD439
:10078000D8200CA24C7F2E71C88015A86E9137B668
:100790001ACD49E1DC388595865EC4BB6FDD6FD22A
:1007A0002ECDE0B3E8D2AFA776C20546850CF7BAE6
:1007B0006C2AAA5D64827B29462F36C1EC32971AD7
:1007C0006C8EF9C6A15EA458A06EB561BDDAAD5BB2
:1007D000922D169A86C4766A3362132AA924AC1421
:1007E000B8E38D25BC8485A524A50E14F2472249C3
:1007F000ED0F84B586ADA49EEE46EAFD7C21D0388F
:100800001D96B3B85B3F73B0FC7A05F77722B0FC56
:1008100078A4C5E0FF0091A4AD6543828A53CF90D0
:100820004856700F719EE34BC6E2536F2DAEDC66E7
:100830002E38ABAA536571018A930F391E4208FE08
:10084000ABED94AC1EDECAD47545745535AF634D1F
:10085000883F856551D29A6A56B780098AB53E3776
:100860009D4858F44A2D1EE3A05A95C452DA0CCA8A
:1008700097538EFA6454D012948538F21CCA5D1CCA
:10088000492B085722A25493EBA693A71F8CAF4C79
:10089000BBE7518169DEB42AB599579EE223B6ECD5
:1008A000B29994D538B504A41928095360923BBA7B
:1008B000D2123DD43586E803811657CF3091CFF858
:1008C0008CBE2954FA82CF40DB0574A1D88D16E482
:1008D000DE95480EF24BEE0216CD302C1C14A7CA42
:1008E000EBD83827C347B286B93365DD95B4565C7B
:1008F000E2832DC96A4B612E2B1924FB7D35BD7413
:1009000052ACE126292D700971F43F650B89462A06
:100910000399E4A47996A5E82BCDBD4DAD43101CF9
:100920004971E85E1F994B3EAAE58F73DB23D87BA4
:10093000E9EFF82E743ECEFEDD976EE96EF52A6A79
:100940006D3A3329A6D3E3C57DC6112A73832E1FC2
:1009500015B5052BC247138C0C29C4E738C6959DE5
:100960002BC5A197DEE19DCD21C4B6C74198EA2DE4
:10097000B5BB8E8A8DC369A46753230104006FC67B
:10098000CBABBD3A5F9B6FF0E5FB73716E49C95508
:10099000AA20B6D4E95527425E811D9255942C00B9
:1009A00017EA494A865440C1C9D3A7D2F759BD3581
:1009B000F5956CCABAFA74DCF8D70314F2DA664714
:1009C000F01E8B2A117125480EC77908711C8038DA
:1009D000253838382750F558AD463733AB6A7E2373
:1009E000BDB657E0A28E82310C3F08528E8D63ABAC
:1009F000AAD4C9B129F157367496D965A4952DD7D3
:100A000054129401EA493D80D42DBEFBD5464D24B5
:100A1000C69282A8AA3C9A80E642A6107214B4FA42
:100A200084023383EBEE3D841748713661544FA83E
:100A30007ECD173DFC9BFDCEB0F0B9E0B2696133CD
:100A4000481A38FE5FCB74B6CFEA2B76E88FCCBC61
:100A50005528B14B7E4782CB9516C188B3839255FA
:100A6000DFC23DB29CE01C77CE930EB6FA3BDC3D74
:100A7000EDBA157ADC976375EB824243F126BC57D9
:100A800015D5018050DC88FC482063CA5251D87AC1
:100A90006B43E877B433487A9C5C97B64BF6C6ED67
:100AA00023570EF173B5AE05ADA291AEC184BDAAB8
:100AB0007D08E1CD259B83B69BF5B693A5532F7991
:100AC000EFCC8C190DB106A8EA3C36812485A5F43B
:100AD00024A0A8E1432E0413DC13ADA691D4F5475E
:100AE00064FA70AAD036FB681B76A4DC96DE8B59BC
:100AF00075B7CCAA7B8A3DD654D92DA92420E08590
:100B0000048F4F5D764A8A36963246BBFA6E20DCF9
:100B10006C7FE542C731BB811DA17D161687D5F5D7
:100B20000BA989B06DCEA5767225C9542D94C7B98D
:100B300021B294CF8C083DCBBD95C4019EEA50C034
:100B4000D4E36F56AD4DCBDA283B59BEDBC42A7BCC
:100B50007D6B562A1538361D35A79B6EA2E170B8FD
:100B6000D0A93E12016A3A558094F65157D4EB0A47
:100B7000AE8A3A3A86BDAEEC8D43791EEEEEEE6A51
:100B8000F4323A68C8B6A54B7686CAF50944B6244D
:100B9000D76A2A82BAE5CB0D98736115A50DD11BD2
:100BA0002E2571E432120A1C6DC8EE2125A0950491
:100BB0007E640E382A3F4A11B6A5751DC7EA29F68C
:100BC000556B511B548443A4ACBCFD79410A586554
:100BD000084E178F22829230A511C4607250CF9BAD
:100BE0001EFF0006C1E49A137924D1BCB33B46FD35
:100BF0006E7BAFC9637B8FBD5535AFD9BA9F251FBB
:100C000057F712EDEB17721D37146A752ADF811D35
:100C10002AA151EE688CC74DBFF7ADB2E842D2BEF3
:100C20003F31C1877B9E2940C251E6EDA5A3A87D37
:100C3000F89FBFF7435B15D37D36540B79F25BA861
:100C4000351649547ACBE2438E17FB000309E5942D
:100C5000640514E39E481AD029A8FDE6BA1C341294
:100C6000E64195EFBEB77904B75E799CE79F01C175
:100C70004ACB20646E9762EB81E17B1F90014CDBD5
:100C800015B1B6F6CDDAE9A643487A73C02A5CE21C
:100C90009F33AAFA0FEC8F61FBEB7920AC8C6703D2
:100CA0005D02C068A1CEA82D80303BFE9AA4F97CDD
:100CB00087F7D7B0BCAB4B5F63C70756BBA7B1CFB5
:100CC000EE7541BA705F0F61950FD31AB6E10AF362
:100CD0006AA96B856B2547193FFE35491DB00E0883
:100CE000FA6A8A9A2A5401EC15DB56D642544A8095
:100CF000C93EA34BA77AF8404F7C0FD75F0A8252B8
:100D0000558FFCB550A970A82BC27254067DF547CB
:100D1000E3512A1FBEA84A2C55E376D0AC4B6E5D3A
:100D2000D572CD0C43868E6B27F12BE8948F75130B
:100D3000D80FAEA2EE9B76921F54978D73ABAEA6E2
:100D4000E33F1F6A6C8712D9A536E142AB9271CDA1
:100D50008A4B0AFAAFF1BEE0FC28E47D5491AC6AFC
:100D6000A9444C2E57A26E7365BFC9DDDB3773FAF9
:100D7000B98B6A6FEDC94AA7BD704E8B0EE94BD295
:100D80003E4E1D269E1494B144656125B6586821D7
:100D9000BF981903084B409F0DCE7A1756B775229E
:100DA000F0EA8EE5DF1A5D4E9CECEAA456A9B6CCBB
:100DB00096E1A911ED7B7E3B7E089FE12BCC1C7553
:100DC0002A50652425452E270949753C7229A07BA8
:100DD000E519C1B34000FF00A89B923C81F55491F6
:100DE000CD11E9C4EBE0B4E617B6DB7744A6D12B0E
:100DF0000814BADD49B69AB7A9D3C292C52A329768
:100E0000C96FCC2DA490EBE9CAD4AC76CA4004607B
:100E1000236CE9B2EBB36FF84C5EB78D026A28A180
:100E2000D5C671C87212525EE29380BC67CA16952D
:100E30001040C823BEB6A6628E81EEEB4760DAC7CB
:100E4000C6E35F12D27C1424F0D803EBF9E613B1A9
:100E5000B71B9166D24BDB652AE87EBB36B74F5392
:100E600071D17043488B01480A52997DC0A0A2926B
:100E70000270A07D3B8EE12064216EEDBB7074EBAF
:100E800022E3B8EA347A4BC16B5AE95429AF38FAF5
:100E90001E41FB828595E5B0BCA5A084F2C25056E8
:100EA0004606750F5B4D34F59D664B3469E478FA60
:100EB000A96A6918C803736A578E857A50AAF5AA79
:100EC000652E2DCB4E72E2769C9694AA2485B12293
:100ED0007AD40F74D45B711C524F2CA1E2AC212048
:100EE000819504EB3539AAC8ADA69FBA112B758A36
:100EF0008D3A4C7E5576EAAE54550D6C36A74A9C19
:100F00006DE538A6D86884F65714929071DF58D3EF
:100F100051C501EB5CDCDC4775BF3F2EAF095D209E
:100F2000C80DB82842BDBE172357BCB8F66D459A08
:100F300085BF3984CB6E34B8DCD9283E770A52B2EB
:100F400054D90B2A04230071FD75E2BC6F8DA6BC39
:100F5000A9BE0DD34795437648CB698EBF988AB317
:100F60008F5085F74FD7B2BF6D41D7E1F0E2131C28
:100F7000C32B86C46E3F759B4F33E9E316D79F7A28
:100F80008BEADD2DD1EF575E53370C78D15493E0C7
:100F9000CBA79E614739016D9FC39FC8EB19FF0026
:100FA000647DC5B6E926533163D6E38C9FE62BC337
:100FB000807E6DABBFF913A89F7A343308EAB6DBA5
:100FC000370593D5899B9A3F45CEFB86C8AADD5746
:100FD000554AB6A750AF9A9AE716D2ACBAE294A295
:100FE00042529FE23DC0C7D7555C96DD3F68A77D62
:100FF00085754392E393E31497A139C1C601385133
:101000004E460E7B8CFB8C9F71ADA9999B0660A20E
:101010005C067D57CB5F76ADFB769EEDAAFD32A1D7
:101020002E9CB247CF3524B72CA0FF00A248F6E291
:101030007FCF5DB2E89FE35DF0C77F652DCDAE6EDB
:10104000E1736ADFA153D317EC4B8A338EB08E095C
:10105000EEA4CC6D043AB5E39152D295294A39C930
:10106000D44D5C4E9DA03782C88DC1A755B4DF66B4
:1010700093F153DC88DB1DD3E5FCB9D64DA8BA3D0E
:10108000D15CB820B68769556697210E2613CB57D9
:10109000720B292E16920289E2094F1502F4D33AF7
:1010A000A36BA6ADC27772EE188976C9A9B702887C
:1010B000A318A7C642C3EEB682941FC290A792009F
:1010C000EC15CC8FE11ACFA4A678A61181AB8803CA
:1010D000D566CD961A17CCEDBF64F06AC54EA5064D
:1010E0009101DA95464A59619495ADC59EC91AC5D4
:1010F00073830173B60A380BE814417BD5A4EE3D27
:101100005D89D5279F6A8D170E46A43A9E01D701A7
:10111000C879E1FC447AA507B24F9882AC7151FAC4
:10112000F5EA9AC8E9E77128F43AA4A72BB54B81F0
:10113000186AD868B67C26C278AD6A27CC80477119
:101140008577EFD8F7D4563780C1D22A434353F07E
:10115000EF71B8B5F51E0AE415269A4CEDF05AA5C4
:1011600083D41F4E5B8D6CB743B9EF7954AFBC4A43
:10117000DA8B72CD0FC76967F0E1C4F74FA0FE911B
:1011800027D077EDA5F7ABAEA2285B7D4B95B73B9B
:10119000597042AD54DB5709354A6A94F78AEA948C
:1011A0007CA5CC77E240C201CAC8E4AC0183CAB0D6
:1011B0005E86E21458CFB9D40060BE6CCD000B0D32
:1011C000C11C09B83C412070DA7A7C423753E66F83
:1011D000C5B59455B79BEF26CDD9AA5531DA73F230
:1011E000ABB1E53C5CA6D5A323E4D98A5430A5E392
:1011F000BBEEB87902AC2700772AE58D6AD6E4E920
:10120000CCD4A6356DD0E9B1A656D65BF994A3E54A
:10121000131D4B38252B494040EE3D7B0C03DB5F13
:101220004B4541054D018EA8DC3B9696E5F9E4B4AB
:10123000C7CF245519A21B2C83BD1E42DB648BF93A
:10124000C934376AEE84FCD860A9891CD4B1E6425F
:10125000DBE4DB88208257E5CE1591DBBE1FFECC98
:101260003BEEDEEBCCDA3B42E9A5DCD1EE4F067F6C
:10127000814C949F236A51F557740C36392CE061E8
:10128000B464900F7D7AA6106A01602458F80B6B45
:1012900062A4E179EACDF74D874F6F5086D27FCEB9
:1012A000ADE9AE4CB0E8B430DB69AA541D7DB4CBD7
:1012B0008EDA93C4AB9838694E2D0DF955CDC29492
:1012C000A523079260CDE5DCABBBADEDDD65BA3D96
:1012D000814F976EDA05A9F066B125E2F3D1D6E920
:1012E000CC8FBD536D254B8ED8529486DD0C21D505
:1012F000A4E3075038AD553D3412CD376591B5C6DE
:10130000FC89194FA661EAB2626B9CE686EE48FD45
:10131000FEC95AEA077CDBBCDA6FA52E96E4499732
:1013200068C82C788E2E3A5A76439953AA61000FDA
:10133000247438E0E4076538CF31807BCB9D3BF4E3
:10134000F344D98B6D25F0DC8ACCA4832A663FFB5D
:1013500013FD91FEA7577A3F45253D3BA7A816925E
:10136000525EED6F626DA7F6801BE57562B250F2BA
:1013700018DD8683F3BD48BC391E29071E9A3C3010
:1013800013823FD353C37BAC3D97C58F0C71ED9F48
:10139000CF565EF2FBFEC3553A203A2B18EC4AC9F1
:1013A000FD342939056AEC3445656ACF7C76FD75D4
:1013B000657F78700F7FAEAA8BE2C2460A754AB38A
:1013C000C4A49EFF005FA6A8A8ADA8F11EBDCEAD27
:1013D00093857899EFF4D0EA96B206324ABD31AAE5
:1013E0001C56477FF5D5550EAADE414E3D3F3D5078
:1013F000F3ED456172643E869B6C1529C71584A088
:10140000019249FA0F5D51548502506DEBBFE21312
:10141000D45C0D99B0EABF665A34D2B973EBAFA170
:101420004A661456FF00A69CE247738078B68F5533
:10143000294848CA97A927AFAEA5ACBE99AD1A7581
:101440008FB654B6E9546B510BA5D8F6D0702DC6A3
:10145000579C48AC4A23B2E52DD42F89EE3C542941
:10146000432961BE782F1D74CD6F01A9FB7CF5F275
:10147000590DEC309E6945DA9DB05DBB46677E77BD
:10148000A2EC76AF016EF8C2D06DC5B88A9D48282F
:1014900078311C41C1FB9C853C9EF82508CE54AC9C
:1014A000307B3FB4EFD5AD597D4B6E5DD35372A900
:1014B0005042E6CFA05696DA69F296095321414090
:1014C00084841E23B8CE7D3002B12D35598E301A5A
:1014D00076161E278AB2D8C39DAAF7F4B3D0E6EDDC
:1014E000F52F5ABBB72B73AF0914C8CFAD62ACBE92
:1014F0004B99055323CA7D965A429BEEA65BF15A3F
:101500007799CABCAE1EE163532ABE1A575ED66DE8
:10151000FD3AFE5C1A53F41DAC5CB7259A6ABC21F7
:10152000559CA5C48882B4601290E4679D5A460A0F
:10153000804F6C2CEB9AC3ED0E01D2C6E1A348C3D9
:10154000C36E35BBB23A36DFC4C81494B8517501C6
:1015500091DBDBEE09FA2D7FE5AB750812AE87292A
:101560005364C66DDE326A49609692E2B2AC297865
:10157000C02704E3B6B35B716D572E4BA1716DD5D7
:101580007873E3B1E2A25A18327C0C9002B8A4E45A
:1015900083C801C72A048201231AEE15128740E688
:1015A000C5BD96AF146E1202F590A8ED7D4A2DC709
:1015B0000A95793D4C8B4F823C7973E9F292E2DDDA
:1015C0006927BB48657C5D0F2C8E212B40C64AB332
:1015D000DB5B6ED2DB686AA0F6EA41A0A29D226ABC
:1015E0000C7A451E3BEF294BF542E638492B521346
:1015F000E60140293E20EE9C0C6B5FA564D4B48FBD
:101600007C9A03A0FBD949BDCC9650D6F9ADB2CE99
:10161000A6EC240DDA6E89B966A148A89A63D49A1B
:101620005EE6C48F0DC728F504A92E219E0F37C191
:10163000C6814ADB749492952D4918C93AC7F5239F
:10164000D3AED7C6B023DB7666FDD3F772F2AF54C4
:1016500013269D46AE4311655192A4F8B29C915158
:1016600042821B8EAE0AF0E3A50436B713857E20B6
:1016700075BA87486BB2B5DB581F120697F3525103
:1016800086B61B91BA5BE7D26A1B2321BA56E6DA0B
:101690007766DFC90BE3F68BE833E9ABEF8C87DBCA
:1016A000CF6EDE87E9AD9DBDE7552A832AA54CABF9
:1016B000C4BA61466493269CA29C85761C923041F4
:1016C000EFEB8246BDCD03B316C82E0EE0ECBDB1E4
:1016D000ED2D16D084B9F525B3FB5FD355ED0E047F
:1016E0001B221536B7715159A9C686F4B2ECFB6DB1
:1016F0006B5BC9713C8118E6DF0002C29617CF18F8
:10170000E3CB5006E56CEC4BF98893655725A1E8CF
:1017100071D3162A7C5F11A65A4E78B6941FC291D7
:10172000F41ACCEDE4CA4E87503F3D7CD631B13A35
:101730000D544372EC95F36F152DB8625B23FEF2E6
:1017400031C9FF00A7D75E8DB6DA799770972EB0B2
:10175000B910E3C7C36850185173D7DC7A01FEE3B0
:10176000566CBCD9741FE02C778F6C7ADA876EAF19
:1017700076E6C7B1A4512A556A9422F18F1A4262C3
:10178000B0A485BC3F094A14F13C89C0C1FA69F391
:10179000E9A36357F136F8953B7031755C953DAB25
:1017A000B0E253A5A83150535467DE4A03A852193A
:1017B000032E3AA5A89255809C27D73A9EC3A4EA47
:1017C000A9A495DFA41B78E807CCAF75EEEB281B26
:1017D0004E4FC4E03CB52576CEA13A2D320BD5193B
:1017E000AF06D98E8538E387D1290324FF0090D432
:1017F00011BEBBF31E1C06CA9B4A1C582EC380E9AF
:10180000CFFF0055CC7638F603F6F73AE7BD25C48E
:10181000C61342FAA76CD17F13FA5BE6EB13DC0F19
:10182000357A96133481838FE12971AF6EAEE95A10
:1018300034E99B9E9AA4B6698EBE960CF5A8A9B40D
:1018400039DC9F11923383D802079703EBAD16DC86
:10185000DBFB3AD6ACD4AF2AD516897F576B119DE6
:101860004A0DDF20B925A7305786E47E26C02AEF2F
:10187000CD240EDD86B95F463A7D55874462AABC09
:10188000D13C90E23E2611ABADCF537236236214A9
:10189000D556151CCECF1E8E6EDC8FE734955D5B62
:1018A0001D7052EEAA75CDBC1BA16E5B145AB555C6
:1018B0001475556E390954087216E2D3F2ED486F6B
:1018C000BA5495058C39C4240054AC77D7BA6F4C00
:1018D0003747CFD5EB1B7D7750AAB4992E259A6553
:1018E000CB4B97F3CD12925B7C25692A4AD6149292
:1018F00092A4F30909E2927D077F6C94534D1B2259
:1019000027258771BE86C6FDDBF7AD6ED30639CEBF
:101910001ADD5BD97AD5276EABAED935A8D4E95498
:10192000ECB8D4FA8B2A4C97E4BA090D161D561060
:101930008092A5673E529C9C1560EB74A5EDB6D3D2
:101940006EAB30AB34DA2C8A1BF0DC9D22652E8620
:10195000FB71EA7570A64188DB4CBCAF052C2549AC
:10196000E5C9239A8294704E35232BBDE5CE644E93
:10197000363C0F0B0FA7CD5A6B7AB682F1A85838B8
:10198000BB61BC1657D877851C22B7557995AE5DDB
:10199000229F0D6D4F810D0A65054E32A1C56A75F6
:1019A0006A731C7248485A95E7C092ADBB5370E801
:1019B00095D73F94AB2D47AA212A912D54D43AFCB8
:1019C00008CE03E462464B4F149C02C95F14E15EEB
:1019D000B8ED89514F23C6607506C3F9EE5954D549
:1019E00002125A45EE38F7FDF8AC96EED8DBA3D5D7
:1019F000947B7E9F45B8DFA252E892D14911298895
:101A000052A3A1B7118415B4D2D3C565C43650F71B
:101A100064F26884A9295249E6F753BB8CC335BAEE
:101A2000674CFB4F4DA74BAC598EBF6FFF002DEDA0
:101A3000A529B7AB31551D11D6C2F8FF00480ABC25
:101A400070A592790504E484E4EAD5D0B2A3151414
:101A500010BC599DA900D6F980B35C0FF9B477F694
:101A6000F7857637E580C846FB7EEA58E98FA67A87
:101A70006ECF510562B6DA1FAF4A47DF3BEA23A7B4
:101A8000FF00EB49FF0073EFA9594DE7CA8031FA17
:101A9000FAEB681A0B2C075CEEBE299E3D81CFEF56
:101AA000AA54803D15DFEBE9AF56B2F0558797C0D9
:101AB000648F5FDB5E75FDE90A2476D79B2AD950D7
:101AC000BE5C7B938D5A732AEC0E3FD35E952D65D9
:101AD00061D5950C057EDAA7CA9ED93AA714365F60
:101AE00015D9383EA7F3F4D5B5F1E07EBF41AAA6DB
:101AF000FAAB7EB9567FCB5F0A4E4E738F724EA8FB
:101B000002A156F903EFE9FF00AF4D5B5ABFAA717E
:101B1000FA6AA5153803D4EA03EA2F726E9DCFBC8A
:101B200022F4CFB2F025552A55392887259A6A4BD9
:101B30008ECB794A01319007AF7C72FF002F656A26
:101B4000DC8EB05EDA3315344F7B6F7A09D8E93B0F
:101B50007F46B99B0AA4B8DCABCEEAA4C82DB95F16
:101B6000AB25254CD262BC9EE18632792D1DFF004B
:101B70001B83CCA8F94C36CDE81D5BEE9DCDBE3B5A
:101B8000AB753F0A3D09A0E34DC369B0C5219E3E38
:101B90001A5650A052140250961B4F6E4D807096EC
:101BA000F5670F60998F99C74373E5B37F7F3576EB
:101BB00053621A3F38959EB2ED59FD5EEECB0C4450
:101BC0004AE8B61DAE8C341C73CB123A4A9454A723
:101BD00015D8BAB3CD4A5ABD55E238AEC956985A4F
:101BE000358F70F52F7E1DB7A23732976B51E054B9
:101BF000298FD2A5784B8EF33F2287E354429C0B6A
:101C000059253C4B642494A1485720B90B022FA4BA
:101C100078A3308A37D43FFF00C6D27FB8836B7871
:101C20007DC2BD49099E40DE65746769368A962A81
:101C3000ED5A76DC18AD4480F4C0CD4197DD71A734
:101C400063C8618925C77BE08E401CFB0000FCF364
:101C50005BFBBA340690BB02D3A5995494979121AB
:101C6000DA5ABEF9056E10ECB5B6013EA5401C016E
:101C70009EDC93D8EBE7BE80E1D36318F412497D74
:101C80000F58E3E06F6F02FBF8650B65C4E5105376
:101C9000968E56FCF24A36E2D3E95B214D8B74ED09
:101CA00036E74B87F6AC8222D25878ADB94D20E1A9
:101CB000C71C6D4548F0C9C2479DC0BF324F1C10BC
:101CC00031946BEA7DF75E4357D46854EA957653B6
:101CD0005F29753C830914B68AB0AE05001536320B
:101CE000788C9031DFDB1F63C5089B2CA4D8FD6D79
:101CF000B8B71FC2B4073CC776F04C45ED5EA45A96
:101D0000D4BA352770AF5B52E1B359A638FCDAD5A7
:101D1000410B725CC7701283C5C4A96A520704A93B
:101D20004C28A7CC923F091AC0FCFBD1F6DDCBD2E0
:101D3000E6A845A59F0D4C52554F65A951E9EC0405
:101D40009C282BCBE2210DA46145A6D6A5B80A821A
:101D5000891A8310D4C92C74F25C0B97776E745275
:101D60001D646C63A416D80EFF00150575317CDA6E
:101D7000C8B2D366EDA5E2DC480E32982FC38A962E
:101D8000DE43E8FE9028B8A69256B4A947CE473E57
:101D9000615E6C119D6361EA96F5BBB8F055755DA7
:101DA000FF00C9F11698A88D56288C784A482D71E5
:101DB000E4E051E25E572239A7881918E3EBAD6ED3
:101DC000B708136305F6B12E04F7916DC2CD82BB3F
:101DD000252E5EE4DBBF5FBAA7C5991EDCB9A8D784
:101DE0004C5AA3121E663C0536167BB69691C15915
:101DF00005A6900A9C279959C760143304DAD64780
:101E000049F077BD9F95B3AA526E2A23EEAA2CB94A
:101E100070FE5989F21A428A5521A631E452C058FF
:101E2000FBB212909C83EF3F1524D235F0BB802685
:101E3000EB19F2B059ED4887C4676D7AA6AA5EEB3C
:101E4000DE9BAF602635F3CA7A5D62E9B5672AB5D5
:101E50004E92E95E1BF3B60A984B6D212808702458
:101E60008EFA5BAD0DCBB9E755A351290A5D4264EB
:101E7000A586D984C24ADD7544E004A477249FA0D6
:101E8000D599ED25475706BB0038EC05ADF25469EE
:101E90002C667934DCADA95BC4D4390AA3DCF4B771
:101EA000A14B4F653325A521C4E7EA9201FF004D00
:101EB00067ADBA8D12E975A8149AB30AE64A9C591F
:101EC000F296920152D6A4FAE1290547F21AB2F627
:101ED000969CAE162BDB5C1C3334ADF7A5FDD4DC31
:101EE000BDC5DDF8963F4FAC334DABDC945FE4BC31
:101EF00056E4321F69BA7C9F1FE6A43C15E9F74EF1
:101F00007324630BE235FA12F8386D4C7DA6B39951
:101F1000B6EDEA34A850A19F90610E0014EC665A09
:101F20003CA43982725D795900FA613EF9D5CA99AB
:101F30001F1D2C5103F1B893E00103E67E4AC877D8
:101F40005926BFA47CC9FD827BABB45A6DC74697A6
:101F500040ACC7F1624E6571DE689239A1692950C3
:101F6000C8EFDC13AE6975EED5BFD006E2587B75BD
:101F7000B69B8F579FFCBD94A836FEDCCB6C551EDC
:101F80009CF630E368CA82D0D849CF33DBB9049CD1
:101F900076D631EC3A9711A27C756D05805CDF80B6
:101FA0001ADEFC08DEEB3A9A5745202D5BD5BBB50F
:101FB0006FA2DD628F75DA686E6301121F874B981E
:101FC0006A4CD31C50C84F84AC2DBC7D5BE63B767D
:101FD000F41A523AC6DC25ECC4295B6D4C81216CA5
:101FE00024729331C80E362A8F2D594B7E22D2147B
:101FF000EA060716C72E4A04B870920F07E84B206E
:10200000C7F133EEB266801CC6F66B858E80B7FDD5
:1020100044DC117048D46EB62AC99D142411677E21
:10202000EA3BB137E36F7723686AA3A86E8C297700
:10203000E55AD588BA7A6AF256E81475BCB5171A0B
:102040007025C0D282DB583C8A3F11233E5E23605C
:10205000929BFB72F706A9B5B5F7AD3B32A9695A59
:102060006C53EDCB1ADD92B662F8120B6DB45D7D48
:10207000785A1D0B71B714A5704A5A413C40233D54
:10208000BA971581D899A36B0E7048DF416BD8F7CA
:102090006E1453E99E29C484E9F975A057F6C2FD70
:1020A000DBD9463B314AE048710632AA694B3E33E0
:1020B0004EADFF00975F8E901AFBC8F19723CFE1DA
:1020C00061A283839075442AB5B92E13748A8D3E1C
:1020D0006407E4250A453A7327120B8DA169094E5E
:1020E00008529485A0F61CB8AD3DFBEB6563DCC7D8
:1020F000661A10A3ECD22C54F1B69B2DD5FD954257
:102100009D764EDA99B1D351F0D2AA55CAFACB4E88
:10211000B23B0290144C770E40F501294A7383A814
:10212000BAE6AAD7AC7B84B74AB0EA348A53ED8EBC
:102130003479F2DD931D2E1ECB532B002464278FA0
:102140006E44A4E1590A39D9B097C352D25AED78F6
:10215000FD946D5E661B59433D5BFC4EEF19167591
:102160005BA68E9F1D14B93722FC0B8EAD04369FE3
:102170001B038861928012951EE16E21282725237A
:10218000B92758DE95BA5F87B5B4C6AEBBAE1A178D
:102190005E908EC923FF0074491F847F6BEA7DBD6A
:1021A00035AF4787D3D3D6D45545BC8E049E7668C9
:1021B00068F90F9ACA321746D61E0A6A71A053C52B
:1021C00003D3B6076D53F2FE1A7F3FCF5921782112
:1021D00052A69213CB3DFF002D795D4710559EDF2F
:1021E0004D7A2BCDAEBCCE27C5395FA6ADA923BA9B
:1021F00073FF00F9AA0097B2B6E67B9F6D799C56F3
:102200007B0FAF7C6AA740802B65BE3DC7AFFA0D40
:102210005047BFBE8025AEAD3840072AF5F5D5A2A0
:102220004AB2491F96354540345F3B8232AD52A5D4
:10223000F6C6355DD0DAEACB8E004E0E3F4D529C8D
:1022400084FF00AE354D38AA6C544DD506FD8DB4D3
:10225000A10B4ED5919B82A68F2291DCC36CF6F127
:1022600008FEB1F448FAE4FB77947A71D8D6BA162E
:10227000DA472EABBE4B34EDE0BD694B972EA13C47
:102280001236FE84B482B75CFE24CC90958C81E734
:102290000971B6C616EEB02B5C4B7AB075769FB955
:1022A000F2172B2611AE63C125FBA1BFCF7533BE3C
:1022B00054CD98DBBB0A5CEA2B0A543A451A5F10EE
:1022C0001CCE56B912547B7DE603AEBA301294F997
:1022D0007CA94712B341A7D4DFA6F48DD3D06E4DAD
:1022E00035997E3556AF132DA2AF348F3BA49C9405
:1022F000B0DA414A0289E0DA493DCAB3271C6D8A47
:1023000036B761B9EE036569CE24A60A8368DBB4EB
:102310009807A3FDB3A30AB3CD4E874ABA7934EB2D
:102320006B79D9617C3C30079C02DA02C15A023ECB
:10233000E519512F24BDBD1E74F0DEC4D976EDA879
:10234000965F66E1A82698F54E4250DF873C3B4FEA
:102350005B0B4FA15765364FB12AC7AEB837B55C96
:1023600055D346CC323F8A4D48FF0075AC3D32DB39
:10237000BC15B26110869329D87E5FD6EA72DC8BD9
:102380008E8DD3CED9AED76E4C96EA121869AAB507
:10239000462B89596BF9BA5086813DBF8067B804D6
:1023A0008D2D37C4D90CD12A3B8971D420212C29F9
:1023B0000A5D6A17205F4A944A580C2802A716DA69
:1023C0001484E529E3C82D4B213DF69F64983B61B9
:1023D000A57E2447FE43669FF4B741FF00D8EBE299
:1023E000B031A9CBDC230B52E9736399EA9B76D712
:1023F000746E106A8563510B4E5564C6494C681162
:1024000081C350DA3824721D8ABD40E4A27249D7D4
:1024100052EA3B79B39BCD47A7D88D59D42ABDA5A5
:10242000446D1C5498EDBD1D3E4C371D9581E50152
:1024300038528A08EDC53FC4751DED7BA47574182C
:10244000CD252513CB5D08CF71BE624EBE407CC842
:10245000D97AC068DB353493482ED75C797E1493E3
:10246000F5936F6D774E776B74ADA2DBCA2CEB766C
:10247000AB31B61EB3EA2C264B731D742D6E38D2C9
:10248000F05D6F8219C818584A01231CB061CB1245
:1024900006E121DA8506E5DCA934684F94B54A6681
:1024A0005B024B333C521D478497BCA964230A4A04
:1024B000927053C703B1C754E83E3F3E2B84B2BB72
:1024C000127758F7341E5ADEDA01F3F33C544627EC
:1024D00044D86610C23281F9AFE72502EF55853A3C
:1024E0008F78FF00216128D61F86B52F34C0A52123
:1024F00060A12A240C64E07AE323F5F5D6636776BD
:10250000EA817AAEA71AF2AC4CA6B94F612E09C97E
:102510005A10DC5015C4A1C0A192A25490123BFEE7
:102520002FA0D6D75B053DFF00C45A08235B1FD9F7
:1025300047419C1F7727BAEB0973D1AB9695755429
:102540008B7CD49EA8499B229D4C79B6FC0350718C
:10255000A7034B2D80AE49CA943F16323D09034C68
:102560001EDADB6F532DD737724CEACD16BD457C92
:10257000432ED320331175661294F3492A252FA8D0
:102580009091CD2067CBEAA2A3A8BA7A8CC659DE77
:10259000EB0BF92CF730D9B181AA5A360368FA80CF
:1025A000DD7EAC9ADBBDAEAC5C16DD5ABF50743D2F
:1025B0005286A7982DC753A42D6A07F1E3960056BB
:1025C00072A207BE9E5F8ADED0F495F0F7E92A3545
:1025D00091B73B0944AAEEDDDF5B35F4DDBF66B0A1
:1025E000E4F86E808449783DC39A5B521296436D3D
:1025F000E01E4B56324EB3FA1942FC4BA4D494ED74
:10260000D83838F837B5F3034F10B131B9990E1DEA
:102610002BA4D2E2DEBA7DD259B55D09D43E32B6E2
:10262000A31B6F43DCFA3D897CD163BB58892EA57F
:102630004D32A3CF436434B8CE38087D90953C9595
:102640000280B492AEE918194DF7FBA11EA27A24BC
:10265000EA16EDE96F78D34A9172C1A4B3CE75B78B
:102660002FE6E2A634D2901EF10A52500B41CC85DF
:10267000A52467BFAEA57DA6C1EEDD2596216B59C9
:10268000A45BC38F7DF8F828FE8A8B61A05EF624D8
:102690007CF8777DD74F3E0C5D00D9DB7D469FD41B
:1026A00065C76D3EA7AE18CCC483F69200E5110D48
:1026B000A002DA3D421640233DD5EB80319EDCF48A
:1026C000EDB54C6DBD9A87A4D39B8D3EA09438F395
:1026D0000D242531D0061B6801D8048EE7FB44EB9E
:1026E0004BC48833860FD200FDFE775314BDA05F24
:1026F000CD68FD4E755747DBCBA58DAA85559B064A
:102700006BEC3925C9D05295383C34256594050CBD
:1027100072C38D92739015DBDC85236AE95B6B5E77
:10272000EA22E5EA7AE29922E4BE2A54D8A8A6DD94
:10273000F57610EC8A24290D28FCBC7F314A7CC92F
:1027400050581856071CF15635C1BDA663B5F0D3D5
:10275000D6D0D33C863A36B48EE2F6DC83DE2ED376
:10276000DC56D787D144F89933C6A0DFE47453FC14
:102770004AAD2AE865DA5F343B15F860C9A84677A8
:10278000E5E6BAEA7B00129015E99208271E9AB393
:1027900073D9D6A6E4D37E6AE0A142AAC295082ADC
:1027A0000D16A1183324AF07279ACE464103040C17
:1027B00077C9D7CC3435F5783D536AA95E5923766D
:1027C00023E8798E636535246D91B95C34FCF5029C
:1027D000C949DF4F845EDDDC37321ED8DAAC7B5E60
:1027E000A551A7F8AFDBF394F3AD20A4F7710E0267
:1027F00053D94AC149F293E9A58AB7D20F55BD20F2
:102800005FB22F816139F2EA438955768BFCEDA5E1
:10281000A55D8E4F12A1903DC7EFAFA97D9C7B4275
:10282000A2E91D786E236654BB71B35E05B56DFEDB
:102830006375038852C90C1D5C67B3C3E6AA83D4D1
:1028400005EE20B1020444263F86EB52E296CF818A
:10285000343A129779A3384A96D2434A5B7C56A6FB
:10286000F29E58275BEEDB5EB675F972B721884C95
:10287000D9F72A566735588CB4A6021FF1D325D74D
:102880004B0525082A5B315B012021B8F1D59E4418
:1028900093AFA16B30F64B11998351AF88E4B5A883
:1028A000E72D76571DFE498EB3FE253B9D623F0AFC
:1028B0008FD6174D13E07CC10DB775D9452F4392C4
:1028C000A3FC61B2A2D2C1F5FBB7BD3D06948F8DCA
:1028D00057C4B3616E8B5D8D83E9952DD52B72F155
:1028E00022AF75861D86BA2850EF190D909FE70B11
:1028F0001F8C90A4A104004A9594EACC84C32B6653
:10290000A57E9F31DC54838E6696C8355CAB23BFB1
:10291000FE5A91B6C7AA1DEADAD4B70E8576B92E4B
:10292000023FF86D573219C7D1393C91FE12359EDE
:102930001D62AC1174C46D87C4136E2BC1B83B9576
:1029400046914192AEC65B199114FEB81CD03F630C
:10295000FAEA73B7AE5B5AF0A5A6B769DC30EA7144
:1029600015DD32213A1C4FEF8F4FD0EAFB1C1CAC17
:10297000B9B957A1D642495ACFA7D75E275B2E6770
:10298000BE31EDAF44DD508B2B4E2013E1A4FA6B2A
:10299000CEB18F2FB7D755B5B45E4AB2F94A7DFB99
:1029A000FF00B6BCEA4048CA87E9AA6E57A5688E00
:1029B000E727B0D595939F31381FE9AA9D179B2B28
:1029C0000E654AE293DBEA3FDF5F0000E33FB6A813
:1029D0001548B2A14B4A538E593F53AB4F2C247725
:1029E000273AA95E35567CDCB24E47B6B52DE6DDFA
:1029F000BA26CFD9AE5C751E2F4A7096A1C1E58567
:102A000048771D87F747AA8FB0FCC8D793A0BAF5BF
:102A10006D5797A0ED85951C8EBEBA87A08AECD91C
:102A2000B314D58D6ACA6F99B82A614122529A3D72
:102A30008C48CA29C03E55B8129F44A8EA21EBFF32
:102A400000AB9AFDC1567AD3A54E6EE6893AB05DC9
:102A5000B86B4A9449B92A09495865181CDC8ACAD6
:102A60009C481C400A2E295D8BA808C4A383DFABB9
:102A70008349D069EBBFCAC3CD6448EEAA2FCFCF3C
:102A8000F851ECA8156E9E6D7976F38E195BB17CCA
:102A900037CABB3879974588AC110D3C7F0AD5847D
:102AA0009778F61C50D8EC820CB1B7367B7D286D38
:102AB000F456D14C725DFB74AE3B3252C80A7ADFD9
:102AC00084F494346510709E61670904F9DE4A53FA
:102AD000DD2CAF966629332CE2DD1AE36FED6EFE36
:102AE000BB78956E069245F71F529C9F87174E2D17
:102AF0006D9D9D48BE6F279AAAD7184B08891AA4C6
:102B00005F325C619AB4967C6270905652F27CC4DB
:102B10000579BCC0E41D39B60526D9E9FB6E625DB6
:102B2000B536998B2CA4C7A7437983C18409320891
:102B30007B0076480F109F6F7C77D7C9F8E554FD6E
:102B400023C7E6745725CF0C6EBBFE96DBBC768898
:102B50003DCB72898DA5A56B4F2D7EA52EF7F5D3A4
:102B6000B8F7154A15C1685BDF335696FB688729AD
:102B700089BE1C49CD1490B394E47350C0E2A73BC6
:102B80002010A41235B1DA33276E35D71F6A76CEFE
:102B9000954894A64B4D3AA6F886EA127B97402DAD
:102BA0008011E1FB92B6D6AC1F2AB8EBEAFC369254
:102BB0009B05C31910366C6DD7C1A38FCD69933DAA
:102BC000F51313CFEEA52DF6E8EBA9FA3EDF526818
:102BD0001D3D376FC1F957CCC7E05264BA95B8EBC9
:102BE0008487D6A52827C43E19E09E40F648F724DE
:102BF000985FA6BBCFA90DAFDDEAF5AD7DEDBDC5F4
:102C00004F1F6BBAE78E87DD8F19E8E18421214DD4
:102C100027EE92805049C252A256739275F38F48A4
:102C2000B11A5E9A563A7A404388B6BB8D46A6DC06
:102C300000DCF00B79C35828698C6F2B41EA4F7187
:102C400010FF0053CD48DC5A24E346854D4B6DC838
:102C50005058F9E90A59794948E684F86A21B4A933
:102C600048578882D36A4FE0E2ADDE81765CF3B6E6
:102C7000B665FF004769750A0BCC3F35EA7C880CC6
:102C80002647CD87404840400969B011EA52725149
:102C90009E279675F457477097516114CF8482D25E
:102CA000D6DBB811A03E1A5F9AD26AEB192D43DA2F
:102CB000ED0827FE4285AD5DE7B869378C5A3DCEF9
:102CC0006913E98DADD7214EAB3655321F30A510B3
:102CD000253602CA94A5F70729E5824606B7AA84D5
:102CE000FBB2DEB41CAEEE05C2198B53023391ADBC
:102CF000DA9A1DA6541B0E1287029239730E2D5EAE
:102D0000638583EBAD9F166B299C58C70240B907BA
:102D100099E5E1A151B4A5D280E22C09D0F8735E07
:102D20006DBDAEDB57FDE942ACEE6396F4D99494E9
:102D300098F19B5D29119D4B6A29E2A71C4A429498
:102D40001BE19EFC894AB8F2273CB62AED637277F4
:102D500026F47368EF7D95A5DC96331138D22A5F8F
:102D60003C984D25385A9875C799C142C296B212FF
:102D7000A405E52AED8CEB57744EA889B1C6EB5B30
:102D80005B7352CC7889C5CE17E1E0B6EE93F7CBF2
:102D900065BA33BD014D614DC8449F95439763E9C2
:102DA000F22D6D02901C5A824B85B0547884A8078E
:102DB0001B24648C339D5474EFD17F5F74BA5D57CC
:102DC000AAEDA4AA40AA478E114CBD2DBA838CBA95
:102DD000C36AF300DBED928520939E2B4AC77F4D9B
:102DE0005B8315AEE8DE202B295D623623869620B4
:102DF0008E4551F4F0D6C463905D66FA3BE8DFA6D9
:102E00006E81B6FAE2BC2C9DD39572BB2594FCC5AD
:102E1000D1712990FC382C24A90CA8B69480841276
:102E2000E38A56015A9593E89039154CA48F89F797
:102E3000C58F7937162C2753694AA8C0A7CB2FAC6A
:102E400085AA9D0E32121A38EF975494950F60A5FB
:102E50000D48D4E2F2E3F89BF14A8B5DDA9B6DA05A
:102E6000DBE56586CA5661D4A29A2D8683CD76B3FA
:102E7000A37D91A7D426C6A89A5A1AA1DBA10865FA
:102E8000809C21D792070481E9840C13FE1D35A094
:102E90006063514F717BCB8AC885B95802E12F5DC1
:102EA000DD7DEF9F4E9D4B5FFD3C7521B0CBBD138B
:102EB00030499902A2DC52D971E4850664786B52DC
:102EC0007947524A38BAD2C2909514282B8F78533A
:102ED000E145D68EEED77A88AADA9BC28A75BD679D
:102EE000D4A8AEB146A2C04478F0D99ACBCD38B0C0
:102EF000DA1A2AC28B6B39F11657F87D73AD63DA93
:102F00000F4661ADC02AEB216DCE4CDA6E2C6F639B
:102F1000CF6FCB2CBC371091B236171E2BA6B47BCB
:102F20008A3C94A64419C143D4142BB8D6DB42DCA6
:102F300059F06747A84F61998E460A4B4F494F2772
:102F40001A4AB01412BF519C0CF7F6D7C5F534A13C
:102F5000FE2B716BEFA15B5DB37DC7543834566BAC
:102F600064B65F5198E56D45C5B8DAB91C20A40474
:102F7000E41200C8031EE4FAE561FF0026E1408286
:102F800016A7681488121709AA7BDC0C79FCBB20F1
:102F9000E4E494951CA7072A3DB50C43A99F71A5AD
:102FA000B516DC5B6B715708CFA0E3C381F0F0511D
:102FB00076F27437B25BAD19152BC36F5BA6D6657D
:102FC000495B3F695A99E2CA49252E3B9000180097
:102FD000A8A860138C9F5D27579F45B5DA5D66AE44
:102FE000CECC6E1D36EA4511CFBE6587931E5B03BE
:102FF000190AE39C63E8AC8FCB5F5A7B1AF6A75D96
:1030000089BDD8363233E46DC49C6C081DA1E63509
:103010005A9E31853037AE8389D96A3665F5B99BBA
:103020001CCCFA7C872E0895A79DCA60B9C511E40F
:10303000A4E061C6569536E63BF75A17CB2076C713
:103040007D17E2AFD096D76F63D6075070A875BDD5
:10305000B1BA2E3A136C4BAA53E02914C94FB49558
:103060002F0F309C043A4289F20C280C04F6035DC1
:103070008F1F34540F8EA18F00C86C05FE2D2FA218
:103080008FA332CED31B81ECFC9739B79369B783FA
:10309000A71814AAFDFD268370DB95DE7F65DCB4DE
:1030A00019A8E138255C540038F3248C14A8254075
:1030B000FB6B0542BCEDCADBA23429FC241FFC24B7
:1030C000805B747E893EBFB67566378905D7A70BCE
:1030D0001B1597C8F64F7FA1D642D8BBAE9B26A83A
:1030E0002B3685C332992927FA684F29B51FD71E79
:1030F000A3F2391AF634D8AF3BA9C36EFE20F7ED20
:1031000014B54FDCCA1B15D60763322E23CA03EB56
:103110008C7059FD93A9F76DBA99D96DD4088D6F4C
:103120005DAD469CE7A532ABFCDDFCFD003D95FEA8
:10313000127579AEBEEADB9B65BC3ED841E38C1EBE
:10314000FEBAF1BE780F5393EDABDC15B1AEEBCD0B
:10315000E0F2CA97EBFEFAA1C49C614B3FAEBC847F
:103160002BCEE8E40E0E35E578E7C89F7F7D0A0593
:103170004F1484FAF71F9EAD286479B19F6D5421D6
:10318000569C525092A2AEE3DF5655939C9F4F6DD2
:10319000509542B1B75DD345B36812EE7B8672623B
:1031A000C386DF88EACFB0F6007B927B01EE48D47D
:1031B00057D2DEC64BEBCB77EADBDFBE12E4D1366B
:1031C00092C3097EAD25B385141396A9EC1F45491A
:1031D0007C8EE7F853C947B01AC7A99444C2E3C12B
:1031E0005C8DA5CE5BF75EBD5A4AA45458B5A8368F
:1031F000B498F59AC40FB2E9D6D5B80245A7470DE1
:10320000292CC4682BB21D7125216A232942C83993
:103210005BAE00A16CED0256D15A313A9BDDE699C6
:10322000995C4A0C2B328CA00A0AD2A2175228C7EA
:1032300074870ACA091E774A9C39E09CE461ADF79D
:10324000580B9E3B6E1A1E17275FE3C17A9BB6FD93
:103250000E8148FD3B6DDC5B3292FF00565BDEDB8E
:10326000939E912929A64375D085CD94B5E12BE68F
:10327000A042508564F320A53C16E1C86D214CCFD7
:1032800047DD28DE9B8F72D6F7DF7E28F325C8A6A0
:10329000A66B3539F4D7006AA298B518CF30CB6940
:1032A0002A294B0DB238A5015C54809EC16559D1C5
:1032B0003A7F8CB709C36491AEB12431BF571F2345
:1032C0006BFF00B4A91C329CCD2807C4FDBE4BA4E3
:1032D0003625954D322A378DD9294F50688F4B6D41
:1032E0002979694B8B0A92CBC86924607E249FA9F7
:1032F0000081A87FA89DEFAC5C975543C58D3D5FCD
:1033000066A0ADCA13B00CB62A0CA564A59424839C
:10331000E503193C0A7FB69E075CBFD93E07EFF86C
:103320009B6A2402D10CC7FDCFDBD1B670F12A4FC6
:1033300018A811C65ADE3A7A7E5947156B0379DD13
:10334000B71158B12B2EB558ADBE2A4C53950C89E8
:1033500094D8A32B0C25B495AF8139E4495F95210E
:103360003803C4D4D7B11B894EE886D2A1DB97F5C8
:103370002EDE3784D88A94AA738AF976E1B4EAD229
:1033800044469DF32C3CA0AF19495790270060E4B8
:103390006BB8F4F652CE8F54C707C445BCB63EBBDB
:1033A0007995058545D656303B6FCFCF24C4EDFFC8
:1033B000005A164DFF0065CAB8CDAD58A24D6995AB
:1033C000BDF2F54692B64B69514734BCD9285272CA
:1033D0003206727E99F482F7577AB6DEA16F55AB4A
:1033E0005269D223CE6662535493124294B69C28FB
:1033F0002AC14AD580E7E0C8F2A0139C0C13AF9B0A
:103400003A2985D4D6553A187F516B6FAE977027FD
:10341000C8B4106FCC2DBABDC291972799F4FE5451
:10342000354B875CBF989358AFD0E1DCD4C5A5037A
:10343000C369FF000662538CA52864F75A82504185
:103440004F17924670A39C8D56B1B38DC7B1ABB7E1
:1034500045951E7355F8D29D67E42DB4B894C86C99
:103460008EE9536559052CAF0B0420E569F290BD38
:103470007DA38286D2B1B1B3E16D85B801B2E69584
:10348000A0C86FC5429BCBB43BCBB4F029B7A56AAB
:10349000DB5BD0EE09BF234E69B8EE84A92104A9F5
:1034A0005E3E387F48929E3F8B1E6F4EDAC8EDCD50
:1034B000FF006A56A7522D95D763F2A636E7CD20B6
:1034C000ABC278493E4510CAF1CB8F7E253938F61C
:1034D000CEB5FAE9CCF512C83893E83F0293823EA4
:1034E000AE36B4F00A439B268AEC55C19F576DFF58
:1034F000009B4ADB8F065B25B5A56A184A815005FB
:10350000094E339FD4EB29B1146DD1BF9A6E8765F4
:10351000ED8546A34492F08D4DBA4D4D5056E88E40
:10352000007545CC142D254E764A90700F6CF71A15
:10353000A61F2454F275933AC003F4D92A1AE91B42
:10354000958354DF74CDD2EED65476D2AD74D67650
:10355000E29F57B963CE7CAC5563353CB4EA821226
:10356000B75A67BA1BF14232788F54E3D8838EDEA4
:103570004BB6B3B316F3B69ED3B8DB55D96DA90CD1
:10358000D1D0B223B2D94AB2A7503B25B03072A1F4
:10359000D92927DC6A3EA1CCA87B9F7D382BF182FC
:1035A000D680528FD51755BD54C1E91E9DB5D7DCC5
:1035B0002B6A95786E1D5551514DA10503360C6E41
:1035C000DF30B4F221B616EA5C5150F296D852B010
:1035D000064160BE1B9D210DBBB460D268F4868D90
:1035E000C7762DB7E54AF964B2E3A4A13975D09145
:1035F000D94A09F1179F4EC3BF1CEB229D8DA6A38C
:103600007167EA3F4FE6CB12A099250C3C17556C29
:103610001B2E91B7F6A43B528ADE19888E25647959
:103620009D51EEA59FCC9EFACCEB1165251FE2CFF4
:10363000686D15EDB43118DDBB229D5083497D3294
:10364000953E5A32EC74B854D7042D239A12A241F5
:1036500056081D8673EDC31EA568166ECE5ED55B3B
:10366000736EEF27A9969D45A69F8CB4BA0B5E1B7F
:10367000872E24152483F788F360723C41CE403AAC
:10368000D74E3F5784E326988CF0C805DBDFB5C7DB
:10369000DC7159BEE11D552F5A347B49D7F752CC06
:1036A0000DD9EAB7A3E443877EDB354660482C1882
:1036B0007392152694F30B4E4ABB725850042BEEAE
:1036C000D6AC824148C0D321B51F107DB5BB2A0AB4
:1036D000A14FACC47DD8CC36FBF3698E17586D2B47
:1036E000FC2579016DE4E4616907293F43AD07A733
:1036F000BECB054E7C4F026EBBBA31F56FEDE9AE25
:103700008BDE1F8AE5B4539F02A7DB4F712DBB9A56
:10371000222650EB2CBE85FA142C1D6E741BBAA504
:103720004B505419A52010AE27BA723B8383DB3A65
:10373000F9BEAA90825AF16216CCC7E9DCB5EEA2B6
:10374000F772BD42B065AA8D98ABACBBC66496DC7F
:103750005952C04E0252092100FB84E33AE3DF5D77
:10376000577DFBB7BD41D3F76EC5AFD5A8F2A5C055
:103770004C7357A53858505B6B502D977201F294DB
:103780009E07DBDB5D97FE9FE08E9FA4995E2E1E59
:10379000C7B4E9DD7E3E0A2BA4249A1BB4EA083F95
:1037A0006E09DFF85D6FEEE76E050A0527AA4BB6D6
:1037B0009E6A171539D9F6654675239B894B64A017
:1037C000CA72404F844E4929424789C5256AF294FE
:1037D000E591DF8DD08B77EDB5FD667513B1DE1DFC
:1037E0008B6E466EA122A3704F8C63B8CC76D456F4
:1037F000CC6C296E2D6EAC34841481C4AF9653C743
:103800005D97A6780BE2C5E06510FE934DC026F6E5
:10381000D78798361DCA3F0BAA63E99CE94F6BEB2B
:10382000F8170E66D1AD6B5B6AE910F7CB678DD7E1
:103830006256D2ED6934E941D914FB51C92E13E126
:10384000C4ACC525E61D5A50952C38875A57DD91D2
:103850009C9221067A72D98BDAA2889B59D445367C
:1038600082DBBCB841DC0528D3DB74AD7C19139036
:103870008C37E508FBC7020655EA35B5E27435D842
:103880006B29EA226668DFA38F169E7F7F05854C31
:10389000F86A3AC6B9D670DBBD79773F6B3A95E9DD
:1038A00069D611BC963546954E93830EB0F1FB4612
:1038B0008B3D27F0A989ED1524823B8F32B5669B9D
:1038C000B95467E3A1EAE4654042FCA99615E345D3
:1038D00059FC9E4F61FA2B07406EBC2CF36EB1254C
:1038E00094CA8AEA1C6D7E8E36AE493FA11A1CE34B
:1038F000E9F4EF83AAAA2DFB6E3AA6DE7DAE4B71EA
:1039000069176393A023B0A6D5B321AC7D1249E417
:103910009FF0A86A78DBBEBE36E6E452216E2D2AFF
:10392000450642B00C96F322293F99039A47EA0FC5
:10393000EBAB8D7F02BC3983829AE8772DBB76D3BF
:103940004562D7AE44A8C55FA4884E8711FE63D3F5
:10395000F43DF575C57B01ABE15A5E57D633807BEC
:10396000EAC16C0FC5EA7F3F4D38A6C15B5148F3F1
:103970002BB81FEBAF3B8BC927FDF55E0BC8DD797C
:1039800096B53C48F41EB9D52EBCDC7694E2DC4AF0
:10399000129049528E0003D4E75E5548E6A04A7D56
:1039A000B7B8FF0010FEA2A9BD3B6CB3A86687198B
:1039B0006A912AB12894C48AC37DDF9F215FC2CB5C
:1039C00069CF1CFAE463BA8619BEAD3AA2E9C3A373
:1039D0001E9868BB57B41150DDBF4694A8F411512E
:1039E00065295D6E5A480F559F4F7E654E273DC62F
:1039F000006DB687952FEA3EA1DD64823F3F4FE51B
:103A000064B0646E64976DAD56DDDD2B3AE2DC8DFB
:103A1000E1ADA154C8B35152955AA7D5C8A857567D
:103A2000EF2CC075AE2AE6D9C2C874142D05D7098B
:103A30002A2B005CDBDA149EA4F7066EF2EEDCD6CD
:103A4000A8F67501092EB83EE63418E84FDDB0D867
:103A50001F87CA800048242476054A40327EF0D66B
:103A600041FD3398336E1DA3B0F5D15A2CED6DBFD7
:103A7000D14EFB7BB592BAA8DE48120535CA752A2D
:103A80009547AB515FB7EE2A5AD84519B65B8EE021
:103A9000792820F152D2A6CE4A5B7505296F050917
:103AA0002474AF6EB66E97227BFB7B6FD221C1A7C9
:103AB000427E7B027D3D054831A44665E538B2A2D1
:103AC000413C965448185109C0EFAF9BFDA5626672
:103AD000AF128B0D6B8E48838920F1D9C7FF00AEE2
:103AE0006779F15B56151F5513A52353F9FC2F4F2A
:103AF000515BABF682D1B79B76B832911CB894C3B8
:103B000075CF01E908251CDF492A4952C9EC909379
:103B10009C90A00F1D2F9569562506AB4B9F56878D
:103B2000366C3A736BA8DB96F55A7F82EC99B8E451
:103B3000A047911E1E148C2D694296A278F2EE0FBA
:103B40005FF661839C3B0764B20B3E5BBC8E57D82B
:103B50000EE0D5038ACF9E52D1B0D3F7F9ACB5DFD2
:103B60005BF93A7D2E45E0D535522A92939ABD0EE7
:103B7000629C9ED38B1D98535C4151E5F84B8CE7BA
:103B80001DB9F6EDB446E8BEDCDF24D37771DA84E4
:103B90001975092E4B92DBA54B6A5465A91E1A169E
:103BA000EB69714DA947CE925200E213D811819171
:103BB000ED171C8B03C1DCE9E32F64872581B1B1CC
:103BC00004EF63C979C221325482D7588D79AC573A
:103BD0004FFB0176EC7C0ADD4EF2BBEA726248A92B
:103BE000494C68D290A4B3D9EFE1193F7692328163
:103BF0008EFCF3EDA8D6F3777B6D9B92A17D6D587B
:103C00006664676AAE4C44D5A94DB4A5AC280425BA
:103C1000F42B093C790F3AD25413D93DC8D427B3B9
:103C20004A7A2A9A99EA691D78871B6EE3BB7C80E1
:103C30001F3B6EB331EA8932B5A46A7E439AC9D07C
:103C4000AA351B9A14AB81E629F44B9EAD21BCC763
:103C5000A93CAF1FC76D38321941096D614842BC9C
:103C6000A4149383CB910352656B6E37C766ACDAAD
:103C700096FC5EF1E9146B7E3869D8D4053EDAA56E
:103C8000CC71447759C7675C714A2A4827CC15C460
:103C9000A436143B2555753E1CCCB2026FB70DAC53
:103CA00002D5E281F50EBB4DB9A812CADE3A9AEFF1
:103CB0007A1AA3ED5A2AF2D8AB1A8D3E8F4A765360
:103CC000E65C9014B3CA2ADC521F071EE011C491AF
:103CD00093DB508EE5F4EB76CEBBAA552B1AE4A409
:103CE0005726B9FF00B4E7DBDC8B532178E4B9C079
:103CF00028E5B738F2C642877C0233AD65D2BAB048
:103D0000758F75DD7B5ADC39E9DFA2956B7AA39557
:103D1000A34B2C5ED7CBDD6AF5DF49DA15DCD57A0B
:103D2000545AE481096C5452B5A3813DF0A4851E18
:103D30003EA3C87FFCEA61DD3BEAAF71EF923A1720
:103D4000D9EAA5D748816D4374D56A96C485C672F1
:103D5000654D6D35F72B742480D349752A79081980
:103D6000C606708C98BC42BA3C319254540ECC6C4E
:103D700073C83B69B5FCECAF3223390C66E480B7FD
:103D80002E963ACDBFE8D6B50B71EE5A954AAB02E6
:103D9000AE7E462A9715C8D5A8725B7047534EBEB3
:103DA00096D05C49710B2DA94144A7B28E46992B40
:103DB000DFABEE9958DAFB864EFF00DF4CD1DBAF6C
:103DC000C77A3CE69E6CA2AB522B2B48642D28CAC6
:103DD000D6B0D292BEDE401454A4800EB55C1F143F
:103DE00092AABDD494E016DC81CBB20023D7659FA4
:103DF000534E238848EFCBDEDF24A0740B6D4BEBD2
:103E0000CB7EEE9EB3AF75D51DA5BD521129F4C969
:103E10009112C42A7C161294B14F8A0295CDA484C3
:103E200037CD6427F094904B8E1D76EBA3AD9A4D61
:103E3000AD6E7FCC4AE45E33AA68C4642C77658F8C
:103E4000AFE457EBFDD03EBAE8989C5EE8E1480D40
:103E5000F269E7B9FCEE5AFD33BAE71954DFA35112
:103E60008B35687BE7B01686FB5BEE50AE7CF1715C
:103E700095B050B4871A712A07B2D07F1004E7D7E3
:103E80005CE2DC3F816D05CB963DD7B976AD3EAEA9
:103E9000D519685B069883F272425448E48C15B1D8
:103EA000DB8F248052A24F9B1AC39699BD689ED780
:103EB000215C123B218C1DD6CB7DDA55B8F01CA5B8
:103EC000DDB4243915C4F8650EA0391DC4FA71C6D5
:103ED0000A48FCB4ACEEFF0040FB2376CC7AB56A0E
:103EE000D39FB66A2B4A921EA3B8A437DFB91C0130
:103EF00005209C678A80FCB52F04F719D854648D7F
:103F00002C367284AE7DBBEAF76190E4ADBAAFA106
:103F1000F587101356601586584A8120B49E2951A2
:103F200009E40734A4648CACE06A53DA6F8A7CAA93
:103F300025DB22D4DD4B6DE814C8ADB219ACCF5AE5
:103F40005A766BAB07921B60125612401C904E497A
:103F5000000C919E7FD37F66F49D2B61ABA0B4755E
:103F60003F27F71EFEFF005527418ABA98E5935672
:103F7000FD14C3D4FF00567B66BE9A2BB7E22A2EEF
:103F8000ADDA137F38BA7C7415CAED9494867F1726
:103F90002E5DB1F5FD0EB90952EBA6E6BE2E3ADD57
:103FA000B7B8359A8CBB52BDC1C551E94D36CAE987
:103FB000602C9C2FC5492A7BB27BF60392BD7B1DEA
:103FC0006A5EC87A355184564F5D5EC2D744ECA014
:103FD0001E646A7BC5B6E06F75278AD5B678DB0CA0
:103FE0006743AA963A57EA0B71AEADCE9947DA0D00
:103FF000EA5D994A6148344658694D15A0F952D294
:104000009A2A521C5A4A5783C72A19CAB3D8B39D51
:104010005DB9D574DB224527ACCAE572759D4D6844
:1040200029CB9EC179B5D156029252FD4A96031210
:1040300016819C10DC86D073E64AC641ECF558CE5A
:104040001B4D8B414F5E6F9C765C741727E13C8F54
:1040500023B5F750B1D24FD43E48468371CBBC7ED6
:10406000CA3DE9D3E1E07A8DDC27EF4D8EEAEA869E
:1040700082EA90B9B725B935D4555D0B296D2D1A53
:104080004842178002121B5A10CA1B48EFC13ACC93
:104090007573F0DEDAFDAABE6BCF43A3DC8CD73E8E
:1040A000D58D44B35766D3D11EE3BB949E2C4D9C53
:1040B000FC56826208A65928695E0A7C6EE90A5697
:1040C0000AF5D81B8A51E24F8E8E9E302CDB76BCCF
:1040D00046879B43731BF13B1DEFAE08A6A70E96C8
:1040E000537B9E1F9CEC2CB45BCFA67EB7FA3BA003
:1040F000D59AB63C2AF5A6B79F832DEB5047543985
:104100006E34B2DBADBD4C77C5A74B521C050A0C13
:1041100010BE49502A041D2A7BF3B87B0B54AC22F5
:10412000814DD9E72C3ADC1594CEF948CAA52D4922
:10413000C0012A88AE48EC4FE120803B038D731EFE
:1041400094F47E5124589610FB44D273B3972EFBFF
:1041500003E97B15B3E155D116BE0AB1DA2058AD9B
:104160003ADBB7F679DCC47F731CB76A7254571A0E
:10417000A54F8C5115C49ED87D9C96F39F746063A7
:10418000D86B2F5CB1777ACFA79ACD4ED86AE0A3CF
:104190008F4AD5B2B0E8E3FD65359EDFB1D46464E3
:1041A000BDA090BDBDA1A4869587A5DC545AE95356
:1041B00074DA8A16EA3F1475828751FAA0F7D5F5AA
:1041C0008F360F6C7FA6BDAF1A15EEB6AF3BA6C8F3
:1041D000A926B5685C73299287FDF4274A0ABF5067
:1041E0003B11FAE75366DDF5FB7AD1D2881B934188
:1041F00062B0C8F299B0FEE240FCCA7F02BFC93A81
:10420000F6D7101792D054E9B71D44ED06E7AD0D6F
:104210005BB7732D4D5FFF000EA87DC3FF00B05745
:10422000657F849D6E8E1C8E2BC003EBABADD55885
:10423000705E5749EF8EE93F9EBC921DE7E541F75E
:10424000F7D7A2556CA8514848C13FAE7502F52179
:10425000BA1735F97445E9A366E049AA566B121BF3
:104260008521AA6A4ADD79C7141288A803D54A2491
:1042700072FF002FEB6ADBCE56AAB45CDD3469B660
:1042800036BBE1ADD31D6367DDB8A31AC290D4ADD0
:10429000CABAE038394B7FBA98A14477D0A52A072B
:1042A0009A8762A4B8B394B601E5BF541B857E75A6
:1042B00011BB48BC2FA0DC672494C5816DB8047481
:1042C00053D8194A50D723C548480919073F539274
:1042D000A270E8D86773A6E7B780FE6FF257E5399A
:1042E000006294F63FA1433690ED365572A149AA7B
:1042F000CF0CAD9A5CD49421F3E400290701C4E506
:104300006A714E364A5084247753A9027E76C44E91
:10431000E1C5A6F4FBB596AD4E4DA51D353A72FE2E
:10432000CC96CB136B9586222A4265783E6756CA97
:1043300016941482DF84E10141586DACF8C5ABE2FC
:10434000C3A032BC80180BCDF9806DF427FB520856
:104350008C8ECBCF4FDFF3BD7437A73D946F68E9E8
:1043600028B5E935598FD5EA550522A2ED41216AD4
:1043700079D7E8E9E3C14A2A5F10A61213DD3E842B
:1043800011A963732E5A5F4FDB732280C47926A074
:10439000F30CA2B5329AB0A3C8454B686C1240002A
:1043A000704E54A5240C6491AF96B02A493A4F8CB4
:1043B000B59FAA62D1FDA3B6EF3032B7BC12B6DA10
:1043C000B91B4906BFA6E7EDFCA5CAF69A8FB3E56F
:1043D000D66E8ACD26A0B9B1BE69AB8A1465A25447
:1043E000301C4A52C70C00A71CECDB4874BE91E697
:1043F00039E20EA2EBCAC1B877CAE73597AFA81168
:10440000AE879A1E2DA37036B82223692A4A1A8EC7
:10441000E39943A84A529CF6492A5E71DD447DB572
:10442000414468206B98CD1BC3901DDDDF42B9E489
:10443000B336A1E584EEB1548A8EE16C8C96557941
:10444000B12FF93F242DB43F4E7512A0495007817A
:104450004A8128C05E0E12A4ABCBDB1ACBD7FA9EE2
:10446000DD0A65E26E0DA5BF1A9305B4363ECE9AFD
:10447000DF88B484A464F0250F02AC9394AD792056
:104480009E3EDA81E96E1749D2AA66B646DE33C48B
:104490006E1DA8BDBE4565E1923E81EED7B5F653CF
:1044A0007CCEA2AE0DF3B0A974F67712951AB1E0E6
:1044B000382545AA294584A72029A3968AB92B8E99
:1044C0000971B09E248E40F718DB45BA67C98BB0DE
:1044D000D026DB8DCD98E53D6B1E2B74D251941404
:1044E00080A502472EDE578763948CEA3BA0FD1C13
:1044F0006746F0EF706817CCE27BEE4DBCEC02B97A
:1045000089D47BCC9D6F0FA2C56E0512DADC28839F
:10451000636DBAB5168D52B7DD43F225B5016868F3
:1045200025A05286CBADA70DADB071C948079A80C2
:104530005A8F879D457D50DC7D425E150A955ADC79
:10454000DF0897BDBF4A7572D3692EACA7DDA5A160
:1045500001480594007C4486FB734127014484E7AD
:104560005B2638D639B1C6F1779DB8EEB1682F9980
:10457000EE69D07D96CBD26F4EB13722CA8DBE3B4D
:104580008D6856A552E6A38D3DDA1535C76A5409E4
:104590006C38541E6F910975A5A7D4A1B7BD3042E0
:1045A0000F12743EAAB7E205E9BC13551F704562AD
:1045B0000D349831EE07E92AA69A9AB014E25C18F5
:1045C0000952D0A514F603DCF119D6B990B41D3602
:1045D000F507915241C1C7454587BA7BA16ADA67A1
:1045E0007928F1454EA0DD45CA451115A92B894909
:1045F00086F1612EC99F264608C219C36D0EF97156
:104600005803B9D31DB176A6D96D56D2B17FDA7CE5
:1046100025D5A8B2E6BF47B76B129D71D950EA0BFA
:104620006131C15A89700FE70A77EF165CC0014A01
:1046300021231CBFDABD6D453E1B153309BCEECAF4
:104640007FFD6D0737CDD7F21CD4A60D1B6495CE28
:1046500003E1D7CCFF00C7CD4ADBA3606DD5D77788
:10466000DD33F75F6DDD9F71D3AA89AF507E5DA505
:10467000A3C16CCE4428B239A082A59CBA5485054A
:1046800020A0A8A81F5D295F100E99374F6A7E22CF
:10469000D694DE9F2EA5BB756E5D254C4E5D5E9754
:1046A0001A7C2B6E9F1D3F2EEF8256820A9C4AD6A3
:1046B000E151C2D2AC60F9F239FF00B15AC93FEE04
:1046C0004A7A198E785F1C9A5FE16B5B9AE3C4B4F7
:1046D0007AF72CCE913F251BA467C408FB0FBAE8DC
:1046E00027405D22DA946A7D176BAD5A37CB5B1693
:1046F000D308F98EDDDE03D94AF75B8AC951F53953
:1047000051D7405965B8ED25965B4A529180948CFB
:10471000003E806BE91A894CD2BA476E4AD5A9D8B7
:1047200023600AAD1AB2AFA34601D116A979ECCD28
:10473000857B21C55468C865F7079A446012A57F38
:1047400078638ABF71A5EF773A034480ECFB487227
:10475000F5398430AFDD927BFF0080FEDAB45AE693
:104760003B3C7E9CD51CD120CAE4B06E574DF7F57A
:104770009EE3AE3B4672434C9F33D152A251FDE4BF
:10478000E3927F71A80772F60AC7BD1A79BAD5B845
:10479000C875C3E77DA404AD647A7218C2BD4FE248
:1047A0000759B04E24176EEB0248DD11D5401BE5CA
:1047B000D1FDED70D3E1C4B72F6AA7C9D324A65B9E
:1047C0005161C82C38B29C8092AC73238A9407172D
:1047D0000019C84E75105E7D14EC65C69AA1B86DBF
:1047E0005AA5B1527252A4479A5C7A590A594F3C61
:1047F000CD199070A00A4486CA38A9C190A5174463
:10480000B031D5B042EB0773E7E3F65489E58E2467
:10481000A87B69B6AAFDDA1EABA7D4ED8BBE55D135
:104820000694F84265352D0F25E84C10A0A7160018
:104830006D094E40ED8016703248CF563AD411EFD4
:10484000BE816F8872002BA9D8D29CF31C904422A1
:10485000E01F9F74FF00A6B997B4CA3F719F0FED88
:104860005CDF5F5BAD930390CCD9AE3F2CB8E9D150
:1048700095624EE051E2D02D0BA69F6ADDB478CC54
:10488000A2955176639113317E23A55F7DC8717F18
:10489000053800A42C2401DC60F40B6EBE29BD7C1D
:1048A000F4B109769EFC5117B836D16BE596FD58E8
:1048B00038CD49A6CA4A4A9B9E84F341009E2B5795
:1048C000329E590A49EE3A452CE1CC0D7F0FCF4577
:1048D0000EF887E9DD355D397C523A16DE8AADA0E7
:1048E0008B36E7559D2696F314C55837598E8A4363
:1048F00034A5ADA2F32CADB486E4F00D12D36F381D
:104900004953AA2A04FAE22F1E833A67EA06816E07
:10491000ECE6F7F4CF321AA63520526E27677CFBFF
:10492000D4BA5B5908A8D4E615251154F38A4A5223
:10493000D32F215EBD8E10856C14F275D13DAF7002
:10494000B9FF00DAD98EFAEA75F13945ACA3DCDE9D
:10495000ADC1C069F4D87E775D227D4C7C002FEB21
:104960006E98EDEBD22EE18BC292AA93D4B450662E
:1049700093224B725B5A82D94AD94A9794F1C9CA99
:104980001684A4A54A740502526AC31D44F4AF55A7
:10499000426B54BAE5B6DB8B286E4121D812949352
:1049A00082943A82A65CC1041095123DC03A81AB54
:1049B000C3DF0DE460D3E9E3F6E6B362983B4BEA6C
:1049C000B32FEF5EDB6E886D1BE5B78932BDABD4CC
:1049D000101A7D27FAC47AFF0091D15BB5E9347AC9
:1049E0004FF28F6EF796915BA67A18571BC98B25ED
:1049F000AC9EC8F1091DFE9C86A30AC9162B049B18
:104A0000C20B0E223D7E2BD4B75D1E4F9CFE85DF70
:104A1000EE3C9F2287EFAC967290B0A0527B85034C
:104A2000907F43EFAA2A2A4AB3DCFB7A6B7EDBDE57
:104A3000A8F78F6E7C3874EB9D53E037D853AAD912
:104A40007DB03E89513C93FB1FDB5E81B6CBC90034
:104A5000A9C6C3EBA36F2E56D106F9A6C8A0495725
:104A600062F8CBF189FAF203927F71FBEA5CA2D77C
:104A7000E8772531357B7EAD1674670769111D0E09
:104A800023FCC7BFE5ABCD7072B6EB851AF539BF15
:104A90004D6D3DBA2896F494AAE1A9A08613EBF2D5
:104AA000ADFA1795F9FB247B9EFE83530F431D3807
:104AB0002FA2EDAE67A8BDC54B4C6EEDEF05C93416
:104AC00026EAA71FC8EA4AD24BB547F3DD0FBA82E0
:104AD0004A323921049FC4B0358758E764CADDCE15
:104AE00083CD5D886B72B9E5F100EAF97D415EA97D
:104AF000DB7DBFA8C945976FBEB0C974FDE55241C3
:104B00003F7929DC7AA96523B648484A12321393C3
:104B10004749342BCA9A13B837025E9F4941553E24
:104B20009F459AD8902AD214127C14A1409F0D3927
:104B30004170A7D94840C29C044D50D336384058E4
:104B4000F238BDF74E5DF975D0D166C2E9EADEAB49
:104B500053EDABA6B30647DACBF9D952A25059119F
:104B60001720438A1B3C9A90F8492B523296D0D793
:104B7000704AD196CFA39E98285B6B0299725636E5
:104B8000D6DE8736BCEA596E3DBC7E5DAA721DA298
:104B9000A4AB0C23212A596C823B711C48F53CB80C
:104BA00087B55C69D4F87FBB309065CC6E3FCA2C6A
:104BB0001A7CFF00FE96C783C01F2673FA7EBC7F57
:104BC0003B93576CCBA5ED2D88CDF9714F89F68DB0
:104BD0004A2445C74CF49CC6E1082172567FC2ACFA
:104BE00013EDCBEBA5EEEAB967D7EE58556AA4E909
:104BF000F6FD5E72C26933D8752A8B2DA0DA54E2B5
:104C0000CA92A05454D90A3E1BAA1C38F34819D59D
:104C1000BF64B821F799B10907C2320EF3BBFCC1DA
:104C2000ECF800BCE31382D118E3AFECA01DDBDD90
:104C3000CBA7792EC8B68EDC30F3D0696B53AC0AA3
:104C40003B5E1AAA2F81972629284A7B9C1E2AC0E0
:104C50002109C9C127561DEA1F7CE976DC8B46ADC8
:104C600039B7DE6CA1B626D76121F914F082AE48BF
:104C700042D43212AE479255EFDFD75F4C8A2357AA
:104C80004C63738836DC1D45FF002CB4CEB9B04FA1
:104C90007B03E3DCBC77FEEC521AA8C1814A88BAD8
:104CA0003D0D61131BA4549A4983264B88C3AEF86B
:104CB000613E124ABB80807213C48C13AF0D9BB14E
:104CC000D54DF5DD5834AA352BEC3833BF9E3A6903
:104CD000839351E30E44A90DAD44A54B28296C29BB
:104CE00063929493F84E75070D618277C526AD687F
:104CF0003F2E2A44C7D63411B9FCB299A89D27ED9E
:104D00003EE3EEACBDAEB4773AF355C16B47F11C50
:104D1000A2CC8C56A40CF2FB991E1A54869B41E639
:104D2000B52D292720607E2D7BB73EFBA2ED63EFDA
:104D30006D8CF8F2EE1A8D350C389B8A3799E4BEEB
:104D40004A430A92973923C50DA8A9272B09529BDC
:104D50001D8271ABB87D5CB5DD973435CDDBC39F6B
:104D60009DFD42B7510C70F1B83F5FC0B23D447534
:104D700085D2651B6CEA5D32ECC6D33746B843C8B2
:104D80008751AAD6623485A92D801C71B77254E36D
:104D9000C548080E28020788B1E673B42FB3362D34
:104DA000C1B8F77B6E512CF72E48547C48AB50E9C4
:104DB000954541A94B8CBCA146229293E216FB2952
:104DC000694E7B7AA48275AB174CC9B348ED41524A
:104DD00019599741BA9AB73778E83D3D34887B3BFB
:104DE000BEB5DAA419E10C3366C668D1A55B0965C6
:104DF00001254B2505414E72FC0401C81579801A26
:104E00008B6A9BA7B7978ED8B9B1D06952223572F9
:104E1000A1E8B32A3110EB6E45756524BAF4705DD4
:104E20006E52B1CF0B692D3A42467EBA92A6647596
:104E3000AF30484B5EF37BEFAEA7D0F0E5758F3314
:104E40009D0B43DA2E0696EE4E5F4EBD0F39B3BB77
:104E50003541ACDC15C61AB9A5C7F1197A811CC752
:104E600088C85B47878CC92A6DE708525472DE02F6
:104E70008E304673B95F1646DD6E4EE0D0EC0B9A6D
:104E8000854D8135FA7C875853521C4F34A14D73A0
:104E9000404B7C7CAA472295139494929183AE67F1
:104EA000ED22861ACA492BE405CD89AED34CD6B182
:104EB000199AEE0E037BDDAE02C45EC44B6152BE96
:104EC00002D683A9F4BFECB40973E99D286DB56BD4
:104ED000A95B8EEC6E35BF4EA8980A5DC6D9F16508
:104EE000B0673A9623F88E1F27171C252B50E2A097
:104EF000AE5D86B5BE97ECFDC1DD3BA666FD6E528C
:104F00001536E9BD1E4AE3C66F9718ED2F88421A81
:104F10004ABBA52A094048C03C10DE7CC55AD7FDD3
:104F200097E02D86B6B71B3AB406C519E62C1EE2EB
:104F3000070EC960E5A9B14C72ABAD11D38DCEA7F8
:104F4000E83E77F45D4AD8DDAA83B496145B71B469
:104F5000A152D7F7D31F4FFDE3A477EFF41E83F4DC
:104F6000FCF5B8EBABA8E02C2C8D1A2AA346888D53
:104F70001D8FA8D1162AE4B2AD8BB19F0ABD486936
:104F8000F501E577F0B88FD163B8FF003D41BBC1B3
:104F9000D065957AA1D9747651E32BBF31865FFF36
:104FA00000AC0E2BFF00101FAEADBD86F9D86C7F94
:104FB00037420386576C952DDDE86B70ED090E0ABC
:104FC0005C154E48C94C75A3C37FF649ECBFF093FE
:104FD000A5F2F4DAC5B321502BB45521E60FF46FD6
:104FE000A0A5C68FE5D814FED8D65D3D489343A34F
:104FF00087051F3406237E0A1EDCDE97ACBBD295E4
:105000003E8F53A738866A290242A13863BAEF124D
:105010004A0A969185F12491E225583DF39D47BDBA
:1050200062C1EB82AFB0D4AD9ED82BBA892E914E1F
:10503000A30A3CC86FB663D62A4C86CB78E6B51671
:10504000544B7D886CA49FA0CE34C5F0EA6E9008C6
:10505000195C4DA375F4DF6B58F76DDFE4AE515664
:10506000CB459C47FA9730EDFB1EF8D9EB96A56728
:10507000EE1DA550A4CA2D784ED3EA71D4D388C1B1
:10508000042B828774E73DC64771F5D78EFBB99D27
:105090004D2DC86F559C75B238A23ADF52903F44EF
:1050A0009381FE5AC9AB84C0FCBC38782BD1383D03
:1050B000B75A6599267C4B8E2B702AF2A9E990E0AD
:1050C000429F88A2938FD3D15FA1D367D2DFC563FC
:1050D000AD5E8D9C6A1D83BA2ED5284EAD4DB9416B
:1050E0009453223B8127052E43732800E7F80A4991
:1050F000EFDF54827745A3B569FCD155ECCDA8DD2F
:105100003C0F7C72B68FAE9D9A9BB23BC73666DE73
:10511000D76A3361CA157A1BCF2A9EDAD8F1B9054E
:10512000434E1C6FC5548529C5243A5452824F956D
:105130003893FA63F87DF4F55EE9FAF0DF99FB86BF
:10514000FDEB518C991E05AB675623374DB8961B66
:105150002B683E025D2B070AE62436850202539235
:10516000AEDBEE178DC54D86BA8C341CE46A45C59E
:105170008D81B8E62D7D7EAA16A295EFA8128245F4
:1051800086DF9C0A5F774BE0ADB653F622A1BC7771
:1051900005F74CDB8BA28F29E8355A5A5B6A045617
:1051A000A53393222A623D2141D79A49654531CBE7
:1051B00029507D1E1A5672349354BA4EDF5B2E422C
:1051C000AFAB0E92DDE54AA679DCAB5A2D2E449AA0
:1051D0007950EC5FA7B894C86BB03E6E0A4FAE141E
:1051E000AC6A1717E8EBA464B5542D26206DE5C012
:1051F00083A5C7D363CD66D1D786B9B1CA7B5BAB74
:10520000B6AD7768372554FB5AEA65AA64B90F2909
:10521000336B745508FDC9C02EC5520B6A23073C79
:105220009B073FC5AF0EEFF4E3B93B29CAE5B229AE
:10523000354B86D6F0FC776E6B5E229E891724F97B
:10524000643395A5B3819C8294907B7D35CF1B53AD
:105250003D256B68AA1A7B409078787A2D964A781B
:10526000A6A635311DAC08FBAD1E85B911AA680193
:105270006844A1EA5CA7E797EECABBFF00D248D614
:1052800072155E9954472A6CF6DEE3F89293E64F66
:10529000E453EA35320DD45E8AEADCF360E7B6BD4A
:1052A000F6CDE574D9751154B4EBF2E9D201CF8B88
:1052B00011D28E5FA8F43FB83A782A1D53A7F0E6C2
:1052C000E97646E6546A1D7A75394176E0A0D11E2A
:1052D00050A15BD2938FE55D51A4829414E3022325
:1052E0001E52E1030A51434325446A2DF8A375E792
:1052F00074562AB5BDA0A35D6675CF7039E2DD9501
:10530000D8EB05293ED09923B06DBF4F2F624123C2
:10531000B25BD569E313CDAF05590E4668949D8302
:10532000D9956E7D65D95545AE2D0A948122A55239
:1053300009CFCBB5C80E291FC4E2D442108FE25268
:1053400087B648783A6FDAF45CF558B79B91DAA1E2
:10535000539E8EF526DC8AE3BC93474E1491254A72
:1053600023D02D4AF390038EADC56521278EC350FF
:10537000C6BA1318E22DEAB0E325AECC5351D337A9
:1053800044B726D85DB56B82F1955AB86854892226
:10539000BB1E0CA82242644A7A94FB45E91E127C8B
:1053A000221D560A55C54082904F9465BAE996C5AC
:1053B000A2D42847A86BA697269ACDC6DD1AAD2E93
:1053C0008C8703A9626A299F2AA889C670539E2BDD
:1053D000EE48293F9EBE58E9D3A5ABC4E6AD86CFC3
:1053E00085B958DB1B807367208FD24BB28D7769EC
:1053F000B836DB70C3F2B200C3A38DCFDBE972B461
:105400004DE4DE799B8F5C7AA827C39D4F8781513D
:10541000A654BC36028B6951E2D2D650DABC319523
:10542000108752E0523B05761A5AF7E6F36A9FE37B
:105430005AB47783B22A0D8539CFC43229B11C4AB8
:10544000498AA52C05788EE02DDC8CA5252D827C43
:10545000DAFA1BA0DD1F1836190D191DA001778976
:10546000D49BFC96AF88D5091EE78DB87D957D3419
:10547000594DDCAC56AB941629D3EB1050869A8369
:10548000525BB150CA16B4F88F074612565B4B8177
:1054900028C820249F63A94AF4B268936E5F94BD24
:1054A0006953132A63EED2A042BB49E7F2B190A739
:1054B0004C844D6C71692B0B2AC90E12A4A724824F
:1054C00041D82AABA7A3AA73CFC3F31B6A3E7A2B9A
:1054D00011D3C73421A775A7A361B67D9A355EE4C1
:1054E000BDD35AA5C0AC95AE9D2E2C95C9622C5249
:1054F000545B754E3682993C923BF888467D00CECF
:1055000054321605A9B655A9876BB6DAEC8D7550DD
:105510009C57CE576455202DA9F3A3A427C15465E9
:105520008584A5C68AB8A5BE40F238C1191AF758B5
:105530007DFA374910F8B42478EB71E235E4A90814
:10554000F7670638EDB5D4B34BDC0B659A8C99340C
:105550002954F5BA9612C29A42CD36A91DA6F294E4
:105560003D263BC95372863CCA577F2A15DFBF7D53
:1055700032D2B3EE6BF6B35AAA597595D8AAA6BB28
:10558000F3158B82E9790F41AF0524A532907D1682
:10559000B714A70923030E63976034A9AB1445AD74
:1055A0006B6E388E36B1000E7ADBF02F11C6666B4B
:1055B00089363C3970DD6BD1A81B79B83D5ED1F6D8
:1055C0009FAABB72D29544F1A1213229B1072421AF
:1055D000496DCFE9C14AD0D2D3DD69585710A50033
:1055E00007A9E84EE7B74EDB7696D345AB76DEA14A
:1055F0003014C260B098D15A6FC323094A470711CB
:10560000DC0181F403D73A80C4206C4F0F61243849
:1056100066D7717E1E4B36190BC588B11A2E677579
:10562000886A5D40DEF7DF51B6C53ABF15BA444619
:10563000FC1662C444A8CEB4C338E4F24AD2EB4AA2
:105640005048CADBE4DA7D38E464EADD13F4CBB910
:105650001BDBB954CA9C2DC766152EA0953D265D4F
:1056600019D121D82A4A0A52D16C80A415A57C7977
:105670001040CA81C9201B10557B8C5256BFE16077
:1056800037BEDB71559A3121115F75D7EB728D44AE
:10569000B12D062832AA71EA54EA336A625FCDC896
:1056A00053F262AF82528653F904601C907B67BE4E
:1056B00074B56E05816AC642FA8EBC77EE1DB1578D
:1056C0008533E75C7E44E43A88B09A70AD6D3083F0
:1056D000C0A9C71B094E30AC64800EBE6AE83749CA
:1056E000319E935457F5AD74D4D2BC372F18C4995A
:1056F00085C5F8000023CC2D92AA9E1A60CD72B801
:105700000E3C6DAA8EB70379E91D775CF6D58F64E0
:10571000559F76C6A7C74556AF4D280A8D3BC4573F
:1057200026C2D79C2D4782404E30901E50FC483AEE
:105730007E3A1BD8F6DB4FFCD3ADC1096D9CB34E4E
:105740006D43B157A29D03F2FC23F3CFD35DE7A3D2
:10575000D874984E111534ECC8F712F70E45C6E010
:105760001FF6B035BE4B5A9646D4553A461B81A01B
:10577000F2FE6E99CF4181A352CBDA346888D1A270
:105780002346888D1A22F3D4A954DAC44541AA418C
:1057900066432AF569E40524FEC7515EEDF489B736
:1057A000BB93054DA60C70E01E56E624AD29FC9275
:1057B000E0F3A3FCC8FCB56E48F3EA0D88D8AA82D2
:1057C000363B250B7AFE1FD775A2E3D3E934F711D8
:1057D0001C7A78EB0E327F4780EDFA2C03A5C2F9D4
:1057E000DA0AE5BCF9895DA33CC295E9E227CABFA4
:1057F000D0FA1FDB5934F5373D5C9A3BEBE0B066DD
:10580000A7C9DA6ECA2CDC5D93B5EF6A68A35E9611
:10581000C42AC444F74C4AA321E4367EA827CCD935
:10582000EFEA85248D293D42FC292D2BC9C7AB3BCE
:105830004978C9B6A6E328815747CEC259FA07C2AC
:105840007C7687F78383F3D4B47337E1905C72FD81
:10585000B91FAAC7638B762947DC7E91B73760E50D
:105860004695BBBB6D51A7C688E724DDF4759A85C4
:105870003DF29391CD68C8482703BE0818EDDB07B9
:105880005BBA2D3A2BB34CCA64868BAEA52FF1655B
:105890006168C28720B491EA93EA33FA7B6ADD74C7
:1058A0000001247F0ACE89D9B4519D4E993DAA8B1F
:1058B000933E49E0CB8F38965D29212E2927B84A9F
:1058C000BD091919C1C8C8D487B13D4F7503B2F5D8
:1058D000B6EE1DB5DC5A8C294D108494495B4B58AB
:1058E000FEA78808247F655C93F51AC6A699D07632
:1058F0009A57A7C61FBA73E1FC5EE99D49229F67CC
:10590000F5BF6F54EAD2A98D9446B8A24CF939710B
:1059100032072FBB5662384F6CF919528632BD3EA2
:105920009F0F8DC7E9DD1B794CDBFE9CBA9FA65407
:105930009556A8BB59B9A9379C043724C465A05310
:105940000E9B4E25487E4BE52905DE6B09F0D29073
:105950005295282F72A2E910970FFF000F91B760A0
:1059600037E446E6DE66DAF017E2A266A02DA8EB81
:10597000DA75F91FC1F35E3DF4E98FE1E5D62D3A02
:10598000E2DC3DC8D89B976EE39B859A1D1AEEAA70
:1059900053150DDAA3EF8425A8CDB616653AFB6B37
:1059A000F18B84F3421B6C128E6B4B7A51AEDE810D
:1059B000F713A63EA42B7B79D396F31B9EB969B44B
:1059C0000D41E86FCD833288D9CF2697588CDF827E
:1059D000928EFCD994900771E1A8E46A50E171D6E7
:1059E0000F77AE687060D1ED234DAFAE97B1701DEB
:1059F000E6E06A2CBC32B1D1F6A3245F81F3E1E486
:105A0000A1BDCCB97A6BDE7BC6A50EF8B4ADBBBD2B
:105A10006DC8536D5D705945975F9046078A896CD4
:105A2000A4D3E4648247CDC7616A1C725249C6069A
:105A3000F8F87BCBAAD31BAB74CFBBB1AEEA82DA4A
:105A4000F981B797AB09A35D71D00648617CFC1959
:105A5000C07F5A338B4918207B6B51C63A3D558421
:105A600038671A291A5AC654EDBAA2FAE817AA1DBD
:105A7000B66586A12A8775CC10189B36DFA4CF4B5C
:105A8000953A678ADA57E138C90970A939E2484A74
:105A90008641D48BF0EDF8646FFF005A1BC149A713
:105AA000DC3B5F72DB361C5925CB86EAA8C5F9744E
:105AB000428CD8E4B4B4A58C2DE5E3836002391C94
:105AC0009C049D6B4666806FC14808CDD4BFD7CF7C
:105AD000C4657B3DB6E9DA9DACA0C7A134A8E881D6
:105AE0006C5A71BCBF61D2909210EBCB1E62F3A5D1
:105AF00045CF6385159F32D053CDCD9FDA3BE3A8C8
:105B00006DD162CFB79F65DA854DE0A7A754DF0D51
:105B100032C952802E38E1F419501E9EAA480092D4
:105B200006A670985B0C06793C7EFF009E0B16A9BA
:105B3000D9DF91A9C5DA3E8E7772F7A54CDB7D845B
:105B4000DA6AEDC74BB4DB44EACBF458CB75D952D3
:105B5000149C78EE2301494F1514B48C678152864A
:105B60004B8AC4A5656EF556DD0FDA17EEDE476089
:105B7000369F09685C3E2E41504A5014969450B6A8
:105B800094128007156077F2F7D5E8B10A3C45CF4B
:105B9000829A605EDB12D07517DAE1787472427314
:105BA0003DB61B7A26B3623E2A9F62D31763DCF4AC
:105BB00034CFA63CC261BB38B614F7865BF0C85937
:105BC0004FDEA401919520A718EFDF5346F26F75C1
:105BD0001AB36E512DEB5E24FA3DBEA8F1D2CCDA99
:105BE00060F1114E001FBC51F2B6A708C6125495C1
:105BF0001193EA01D707C3BD9C5452F4A61121BCEE
:105C0000449908D7292DD81F5B79E8B609F128CD2A
:105C10001B9CDDF6F5516D7EE7ABC891163944DF6C
:105C20009EA3BE1885595C0517274501295499097B
:105C300020BAE4660B80F15F881C70A12147071A27
:105C4000DF53549E9A297B6951B7B6DEA6D48AEDFC
:105C5000166478CED4663A8932663AA1E23AA4BC98
:105C6000380C2C39CD6A5A4E1412818241D7D18119
:105C7000C60AB869A11F15C9D761F9707868B5401F
:105C800073C2F924E1B7E7A28CE655CCAA4D224DA8
:105C9000B36D45B6EAD190A1366D354F345E4F14E1
:105CA00086D2B4648F3272A380479867D48D6CFB20
:105CB0006DD48EE459B26A745B8D98B5D76E671D4A
:105CC000F164D69DF1D25D71A282B2827828252539
:105CD0004A28013CB2524E080311D89433543E9ADC
:105CE0006D45EC0F157C41236312B3D14A1B7541FE
:105CF000877B409158D9DDC3A4C354A10E13F54A44
:105D000034CE098B19A7C165B769EEF66D0A2AE191
:105D1000843891F7985948E4755D276236BEBF2EE6
:105D2000A1765A32ACCB96E4A6C8116653698E4967
:105D30008CCCA7960F24A194A829A75B29E65F48DD
:105D40005A072C00388271FAF661B308DB705E6D79
:105D50007E5E3CFC7BD5FCA678C976C14B68E98B9E
:105D60007C3F91348A47F2DDFA0D29B79975736A41
:105D7000D3DA9AF8E23838C30A2D72319D1D873381
:105D800080144E143D556EA3E99D53EC0CE168DE82
:105D90008C44A25BB5B52DE8706DD432E51A424251
:105DA000B910D809295293CB3E71CBCD9ED9D45D81
:105DB0005D4F5B317B74F0FCD15D63008F295439FA
:105DC000BC5FC87DAFA66E95CD6A428F45BB253CB2
:105DD000D5667354FF00165C7F053E0353632CF7B2
:105DE0004B295A93C9A4FF00136E71202B88F52FFD
:105DF000A97DC09B6A47A233B90DD7AD9715CE3A9E
:105E000062D5DA760734FA2825C502D900FA2824A3
:105E10008CFA0D63D5BDD334BE43A91FC7D9780D05
:105E2000CA406735A5EF0D22F1B9212772ECFA645B
:105E3000FAB5125454D01556870F9C37A5C8528A0C
:105E4000DA69C29EFC53C1B494F75B8A5149C2011E
:105E50003D18E813A70FFB3AECB529ABBC25AB8A7C
:105E6000A988E243318BC98AF2B92D0C8C0FC0D9B5
:105E700051FC4402B2BEFE9AE73ED4FA41FE05D080
:105E80007929233DB98E4EFDBB5FFADD4861D4BE52
:105E9000F188079E01797AF4EA1E6ED0ECA5CD73E5
:105EA0005395F3D268D4A7DDE301BF0DCA94B0D1F6
:105EB0004A4A523272A5F14A7D4E31EBAE38D85B78
:105EC000F4E755D6826D5EA6E9B7B2AE8302545BA5
:105ED0001ED6A194E5B9AF80CAE5CD75FCBA92A4EF
:105EE000871B4A82701B0EF14A797256BBFF004F26
:105EF0005844CE86A246F369B9DBB20937F50B23C5
:105F0000A453B18D693DFF0035D5FF00864F431482
:105F1000EDB1B12DCD89B6A3B69710D89558A8B6D6
:105F20008C7270805D70FEFE548FEE8D752A8544F4
:105F3000A6DB9478D42A3C54B116236969A693E869
:105F400094818035DB6B6735350F94F12A0E923ED4
:105F5000AE2017AF46B1564A346888D1A22346888E
:105F60008D1A2234688A95B6871050B48214304155
:105F7000F42351C6E374AFB4FB8816E3F46F917554
:105F80007DD5F29D9A73FBCD1F29FD460FE7AF2EFD
:105F90006076E896FDE1F86447521D9F654E5B2AE6
:105FA000C6425092EB27F54FE34FEDC86956DD5ED0
:105FB0009577136F4B922BB6D38A8C938F9E89F76C
:105FC000ACFEEA1F87FC406AE45525AEC92F91E676
:105FD000B165A6FD4CF4512556C4722A9C545F113C
:105FE000AF13B2FC2380E0FA287A287E4411A5FB87
:105FF0007A3A01D86DD28CEFCED96DD0A7E54B6639
:10600000B16D308654C289C9263766C827B9082DB4
:10601000E7F53A938E6CBA1D962871624EBA86F8EF
:1060200073F55167509C8F6438C5FB6F5316E48637
:1060300013440E35269DE271F157F67ACE52A5F142
:106040004F2537CC76CE7DF4BD5E8DDD16CD9D40DF
:10605000B1EE2B76342930D4F3CC2BE5BC275A0F84
:10606000292487967F12FEEC6127FA34920F751C63
:1060700064FBAC5337345E9C964B663C563AAF1A81
:10608000E0A1D5AA16CD6E9AE7CCAD042849478782
:106090008520104A796323B76FAEBDD685D951A448
:1060A000D4A1316ADD32A13013E298AB5F26398387
:1060B000DC041EC3B9CFEBA8C731F03F33770B2008
:1060C00010E1629BAE94FE3A9D5AF4E55CA12AE78A
:1060D000AFB776D3A8AAF16144B9906A229E482846
:1060E0002A65C59F1995103196DCC01FC3A79F6212
:1060F0007E25BD01F5594BB56CAA8DE358D8B36F19
:10610000D7155A02CD5A19A71927C22979E2868ACA
:106110009F71B536A2854B4A00F1560AD43B19FC53
:1061200033137C2E0E66BCDA7E13BF0EEB92391D44
:10613000560D4C01C0877AF15A97C616DBDAFDD7A7
:10614000A646B923D9F4B997255EBCE4F87B856BE4
:1061500051BE5E988A506032CC0FB4004FDA4FAD1A
:1061600063C775F5F74AC94A4E1440F0FC1DBE1DC1
:10617000F69DF116E4DC4EA5A7B7705AB4D6A03B45
:10618000036F132D2E30F225BEA6854E5C657F442D
:10619000D20239B647152B3CF200483B5749313FF4
:1061A00070E86BA587B4F2086DCDCB7C7BC6F6E0BA
:1061B000481B058187C467C5323B4037EFFE3F650A
:1061C000D08EACFA0DE90BAA8B2587EC8B429B692C
:1061D000DD3489B26954BAE5B296DA7D90D30B7199
:1061E0000A788EEB652509E4492472C823B694A980
:1061F0001F14CDC3E91FE1CB2A81BD305CFE535093
:10620000E4396CC596DD45A991EB72D9052F29A219
:1062100030F0080A6F9F8884825C4849572E49F9FC
:10622000F7A1666C4E88991C4D8F13736E5EAB7729
:10623000C407BBBB6FF95C48DC8DC9BD37BF722A90
:106240001B8977CC5C9A9D55E53AAEF9F0C13E8347
:10625000F4FF007D3896B5B7B39D33ED85BBD38D84
:10626000599AD2AE8DD54B4AADDE943845D7686584
:1062700049588F199E69C2941D713E2253E7C21777
:106280008E2A5A0A7A56252BE9297FA401B0275372
:10629000606C2F6F3207CD40D3304B2DDDB1D3D49E
:1062A000D977A7A0BB13A50D8EDA989B4FD34DECE1
:1062B000E3EFB2867ED25DC2FAD756A8C86DA4B409
:1062C0005E909770E05F1401C51E44818480354F55
:1062D00059B61F4ADBC942A959BBE56C53D33A3BB7
:1062E00003C5BAE2454B9368FC81295A1DC72E4964
:1062F000E3C8A559484824EBE3DC2316AF1D228AE6
:10630000B18F224748D1A686C4816EF6DB4B6D65FE
:10631000BD54D10EA1D1483604FF002B8C159B6EC5
:1063200090D4F9B1E8335C2CB2FAC479C53C1D5A5B
:10633000428842FF00B3C861581F5D499B55D46E27
:10634000EA6DD46521CAF4B7995B463BCA4BEA654E
:10635000E701484E0ABB85600001505E0018C6BECA
:10636000E7653095A0B86AB99E7CB7B15B1EC2F5EF
:1063700003BDBFF3BA1B3B60F4782F4D7188EDC4A9
:1063800071B57CBC0619E45BC2D1F78DA5014B51F8
:106390005023254A52B24EB71EA4B69B74778F770E
:1063A000E45C5B6B19DAFC5931553599ADC7435143
:1063B000F8230538794AE2F2944A8E7D49E5FB6379
:1063C000C92C1055E690F68B6D73F9DC7E6AFB6282
:1063D00073E2B37606EA2C32665AF2E350BF94F3C6
:1063E00069AFAD0242E8D7A472E46564059711294C
:1063F000B4871B4AC8C82A6D630479C8C1D7A6CC24
:10640000B8DCB8E0BF4DA3D34542EDB90FD98C44F9
:106410006FEF5106313C5452B230A5BB9002B3E449
:106420006C289C151C42C784986B017EACDEFF0073
:1064300035906A83E13977E5F24D4D06C1DD5E990D
:10644000B61D985B1F4088F5D92DAF9B72AD21A476
:10645000BF1703BB9216E0242194A1C4B48F110A84
:10646000C9415271CCEB65B5AC8BDA8769CDAD6DA6
:1064700076CA4762FBAF430CD660DB114220BE50A8
:10648000B4925C7CAB0F724A54EAB0504AD486880E
:10649000395016267455352EA9CF766C7BADDDCDDF
:1064A0005D60747188C8D7EA983B877F36C6B5436C
:1064B000872F70AB4CDA75B8909499942B950B8C10
:1064C000F38A4A464B3C8043ADAB8E404F7C900FE5
:1064D000A6917EA0B7F2897D6EE532EEAD45A5D4DA
:1064E0002043942244A3CF4225B084B8A3E652159A
:1064F0008413C882AEFEA4FB01A860E675A18E3BA2
:10650000AAC93B63EC5FB4765B4DD3D325D3BE7B86
:1065100076999BC1B8EAA5CC65865F44DB6E1173A2
:10652000E49A8C14DF3F09B4A014784E2CE1A484C3
:1065300081E1E01CA89505DE97685756F90DB06E0D
:10654000A91EAA16DBCEB572D1E388525DF0D2B592
:10655000632096544A519E4AC800F72082913F8595
:10656000D4D06314B3B40CBD51776BC3EA2C16BD01
:10657000458BB6B9C5F4F73DA2CD78907709D2E83E
:1065800017A4FAFC1DD38EFEEADED4C768D4A7C3D5
:10659000F41A0D3EA2A7A025E4A3887C36AC616D59
:1065A00036463924294A7028FAE9E0BA6ED4DB5617
:1065B000F2A6D35155A7BB323FCAA28F338A4454A7
:1065C00036A292E8481CB2BFA924118206BE53F637
:1065D000F589B312E9053611037FA713438F0D5DCB
:1065E000C6DC740479AE818044E8E99D2C845C9F0C
:1065F000CB7E715CD0F88A6ECD13792A13B6519A8E
:10660000CD36552A905B5D6A9750F15B328A968E43
:10661000284BC80529292467929A50C95050092748
:10662000577A08E9C6D9B8EED46FF3B6A06510DA88
:1066300030A945F5890A7559C2DD4384A95E18C0A1
:1066400042121C5A0253941C2B5DFBD9BE167A3D94
:10665000D108C916749DA3FDFA8FFD2C0F82D6F1C7
:106660007945556E5DEDF6FE5766BA58D986F6AA9D
:10667000C244CAA4509ABD5425E93C8799A4FAA102
:10668000AFDB393F99FCB528EA4164346516468D85
:106690001551A344468D111A344468D111A34446C0
:1066A0008D111807586B8EC1B5AE942FED4A623C20
:1066B000458C17DAF2AF1F99F7FD0E75E5CD0F1671
:1066C000280D92F5BD3F0EDB0EF2F1AA54080962C7
:1066D00042F27C6A704B2E13FDA68FDDAFF6E2749A
:1066E000A46EEF42DB9364BEF1A7537ED565A19300
:1066F000F2CDA90FA07F6993E6FF00A790D523995B
:10670000D07664D5BCF978AB32C024D59BA80EE511
:10671000DB571B7171E543525C6CE0A16921483F76
:10672000EE0EA2BDD5E9CED7BFE31457E891A53E42
:106730008515A24C96829E0AF504B982558383E79B
:106740000B1FA6A5229CC6E0E6958362DD12CBBB9B
:10675000DF0E1B71EA6C5FE4D468A15039E23CE6BD
:10676000C8F1D04A96A68AD4A28FBC7140A9C1C1F3
:10677000CC0C01E985137F7A67BEB681B8FF006B48
:1067800059B3A33919D290DC66165875BE214A77E1
:10679000B8E684F22129E4A572092494E3064AD1DB
:1067A00056B6C3477E6CAF47216EB75A656606DFA3
:1067B000512CEA3549343AE22B12BC5F9A131D4141
:1067C000616DAB05A71A0120A30397651255D94344
:1067D00088C675179E6697516E6DB55394D2D3E6F1
:1067E0004384F86EB673E81493DFB60E7F3D609A6B
:1067F0007302C8CE1EA73E9FFADEEA3F621BC59B0E
:106800007DBD2A04F0112E92FA93E14E04774BAC31
:10681000AC298787FF0035B51FCC6BA25F0D3F8881
:10682000F502A7BB15BDED6BA5EADAEA306871A9E0
:106830009700B196A8D1910B09663AD74E3C9A5071
:10684000486788F0949463B940383ABF515D19A104
:106850009219DD6B8B5CEDC371C0DEDAAB2C89F174
:10686000CA1F18BDB871F253D750DD536CB6E06D36
:106870002CAB57A78A7B76F6DF3BE34FBE6E815089
:106880008D1A5780024886A642C4D71C715E54C731
:10689000486DA5A8A4B8E16D0A1AE7A5ADB896E7BA
:1068A000C4E77A2A91F70EDD949B72CC8B1DBA0552
:1068B0001D331686E0426C869A6BCB8E638A7CC44D
:1068C00080A529455905446B58AAA06F46F0B92AFE
:1068D000A988CF6E1B0D6C3E66EB7EE893DBD2CCB5
:1068E000629305ABFF00C39C9773758126E77D9A81
:1068F0001A396A77254FF4AE97F6028898E9A66DA3
:106900000D0233B114971990C444A5D6969FC2A026
:10691000BC67903DC124F71ACFF4CDB51B4B42A7FD
:106920005E5B7B7D542A0F488D5244CA7C8A9F3718
:106930005A4A027C5051E843856A505383B9291D55
:10694000F39D73B67487146D14F1B5E5E74776B51A
:10695000FD42E05F9DF50BAD7B53E8961543053591
:106960007D142D8C876421A32820B4917B7116DFC0
:106970007D54B36D3D7BD98A88EBD52F9E84AC388E
:10698000CA2A64BCA427D72DBE8F38C647D48FAE81
:10699000A5ADF4DCC8558D92AFD51FABC5A6CEB85A
:1069A000A88EC65AAA2EA94CB11DB249690012B5CB
:1069B000A95C8AD6B1938284FB106170DC2B0E9B9C
:1069C0001AA6AEA63949701900B8B923569E000B15
:1069D000E8763B69B723ACAC98523E390DF43AFEE9
:1069E000E907B16D1BBB726EA8965D97469354AADA
:1069F000551CF0D986C23C45B84FA9C7FE67006355
:106A0000BE00D4B1D437457BC9D384CB628F704AE2
:106A1000A6D626DC69298B4BA2AD4F49F1471E480B
:106A2000E1C41510A504829C851CE35F51CB8C52F8
:106A3000D2D64541213D6481C47201A2E4BB903AA3
:106A4000DBBC15CDDB4923E274A07647DF4165ACA2
:106A50006DEDC77BECBDD48A9DD36AD5E253E42BA0
:106A6000C19F065C353699890143C35075201EEAE3
:106A7000208F5C13F96A75DBADCADB5DD7AF54E2DA
:106A8000EDE2256DFDC06341A7C27D8A8F28AB6D05
:106A90009254A6D3114AC36838502A0A212158C6F5
:106AA000544EB1EB29A0C41A6AE95C1DE06FB1D75E
:106AB00051E9DCAEC13BE0B4720B2AB75B7228B679
:106AC000254A6C2BD36D6CEAF542AF59723AD71A4E
:106AD000584C788D2586D31D2F3792B1C50BC1F246
:106AE000F118F29C8CEBDFD37ECE507685C97B9B70
:106AF00070B943B86AF538B25BA351E0CD471A9339
:106B00001C0A14860288E4B709534ACE4A1082420E
:106B100055E21523004B3525039F3B8927417F4BC9
:106B20009F1598E6B269C3621E2B75DB9896FD76B9
:106B3000A2F7596FB7745B4E3ED96AAF685C7507B0
:106B40001D8B2948054D3688E85A64A9084864A574
:106B50004A504ADC2848CE48D375B3DB83B7571672
:106B6000C6DBB43B2672624B951FE6EA346563E6EA
:106B70005B2E15294E3E900280714490BC00B24FAE
:106B80007EC7507246608007E8E2751F759198488D
:106B9000FECEC959F8A1EF4C46F6B46D74392B7E80
:106BA0003D39E4CC933BC24C87DAE031E1B6A38FA8
:106BB0005EF9008E4703D077597A507F67B77EB56C
:106BC000062DF53554FA651E5A6A8CB7526C97AB90
:106BD0008F24A9A4052C791A6595157932A2A5AB45
:106BE00024F93B42D7CA69A9A4A966ED1A7D940F7E
:106BF00048671454735533E26B4DBC48D13C5B6B12
:106C000045B563EE44ADE8A2F50EDD5E3D242D539F
:106C1000AD0A64B4A9E664F64B29012029B40C94AA
:106C2000A8630AF5C9EFAC4C993606E9EF643D89D3
:106C3000DC3B2E6D7665D91E4CC755150A69349418
:106C40002814A9F43E07DD10329007620E08CABB73
:106C5000E9D034D23A9E088DEE731B13F9CD683417
:106C6000D01C31F4187D39CF99C247589B6C003D38
:106C7000DC4AF0DA7B4CBDB59150B6FA7098CD4540
:106C80007487447760C89BCC3B192903C4F0963CB9
:106C9000F8F5C8F302B5A80C2F5B26E65FD58FF98F
:106CA0006D2AA31EA0C33363D2A44C790DB89FE60E
:106CB0006865A5296E7DE280291C71DFB02A4E7BB4
:106CC000675AF63D863BA558BC4EAB635C1E480E2A
:106CD0006E8465DF5E440D41EE22CBA2E078D49253
:106CE000536581E3312E3B1CAE0D706EBC9D62D3AB
:106CF000FC243F6FADDBA7A88B9A956849BB59AFC1
:106D0000BD566532A5579C61499F478A08E6D890D1
:106D10007CE39776D250EAD0425442120EBACBD0DE
:106D20004F4DD467A4C3ABA68CDB340B6D086A341B
:106D3000709C21D7120704E3E89ECA3FB7D75DFFD6
:106D40000013CB4F0C74AC1603872EEF0D3E6BDD9A
:106D500030EB263214E801818D7DD42A93468D11C3
:106D60001A344468D111A344468D111A344468D1B1
:106D700011A34447AF63AF0D6ADCA1DC51BE52B52D
:106D80004C66423DBC41DD3F983EA0FE875422FA4E
:106D9000144BAF57FD0CD7F76ED443DB2F57A043EE
:106DA000AE33250E155CD114E879919E6D25F6C899
:106DB0005A09ED852828023BF6D22FD42ECA573621
:106DC00012B8FD2374AD3ABD162B2C21D35F9F174B
:106DD00014B794A291C1B9492A429414A0389E2AAA
:106DE000F7C7BE917F40651B7D1599999F55A05CA3
:106DF0003B692638064C071B4B8323C4414F21F9BE
:106E00006477D681746D3D36630A8D229E85344F3A
:106E100022C3890B6C9FEE1181FB60FE7ACD63C8A3
:106E2000B16958762D2978DDCE8728B5083515DA71
:106E30004EB7115394B79F81528FF68D3DE5ABDC71
:106E4000364879A3903F02D490060240EDA8A2B93B
:106E5000D3C6D0ECE74E971D9975EC62A3D49CA7DE
:106E6000AF1783CD0ACC398EA12A28E2E36D87A023
:106E7000ACABF085270951C2891ACDA90FC4A10C6A
:106E800063F2BC1F5EE3C8FC8ABB4F2B22776C5CAD
:106E9000286ACCE916ECDDEDA1BB3A8CBAE9D0A8A2
:106EA0006B6E0A5FA13518A1982B536125414D34B3
:106EB0001411CD0929015C32E2B27D0E984FF877AA
:106EC000EB3513BC1B9F16A9507BC65D160F14B87B
:106ED000A394FF003A57A0F6C72D6A3D2894FF00FF
:106EE0008655C40105961AF8852F87B7FAF1BB9A23
:106EF0006EFE30965EDC3DD29D7AFB9368D2E3DC79
:106F000011DF8AD0ACC76837256853E80A4A8A710E
:106F1000C811DBCD9F53AE677C28EBEF5BBBDD5C1C
:106F2000E0E70F1E90A07BE73871271FEBAD57A35A
:106F300035151887456A7AF79764200B9D85DA6DB9
:106F4000EA56FBD121152F4BE88B45AE5D7EFBB594
:106F5000C13B378EE83D43A4BF3A0292873D127091
:106F60003B64E3B7D351AD9DD416E144AA565FBA52
:106F7000AD8AFCCB5E4486A9ECBEB92976295A8B32
:106F80006870B2D2B0E24853802C32B2AEC0F1CABF
:106F90008662F03A6134D231CEB7674B8B8BE61BF9
:106FA000F773EE5DB3DB03A28F0380817FEA8BEB87
:106FB000C323D3FBF0E4D92B73AC1A68DCDB2F714D
:106FC000D50AD6B71669D21BA7A449135D5B4858EA
:106FD0004216E0051C50505416957E31EFA987AB40
:106FE000FF0084AD2F7A6D77A7ED66EE5660D7224D
:106FF000B094C6A655FC3720C908C90CE5294A99A2
:107000000A5F72A1CBCC119042401CBF11F685FFE4
:107010000065F4C006C01CC8880FB9B9B9D5C5A4AD
:1070200069A036171AEB75F39CF4FEF94C636BB448
:107030003B7F2939E8CBAAFDB5E964B961DD1B4C7A
:107040008A55C66798B58BD194FCE4A4309715E2B5
:10705000B063288E38E3C07050ED9510A200D3F1D4
:10706000D34D9561EF46F9CAEA9EA3E1542231015E
:1070700098365B1259537F271503EF6486D6321C6E
:10708000716B5715100F0191EB9D766F6B91D6F4D4
:107090007F03ACC769E6CC276646B81B16E7734189
:1070A000681C0642F008E7AD8EF09854915596D2D0
:1070B00006D8B0DC8F0E3EB64C5DCF6D5B77CD0E43
:1070C00045AF78D0A25569D2D25B7A0D45A0F34E78
:1070D00003EC52A046B98FD4E7C2C61B5BA6F42EC0
:1070E0009B6F14221BAD4A98E42B916511A08694E6
:1070F0008E2DA65807D799C73EE0209248EFAE41A3
:10710000FF004F1D2CA9C1311A9A47DCD3B999DC75
:107110003916E8081CCDEC79E9C94863740DAB8CCD
:1071200011A381D3F3E693AA850AE485529B1E5CE2
:1071300034C8541754DC898C3E979A2A0A29C8749B
:107140006428120E159EFEDA90F6E3A8D9F6D55201
:10715000914ADC2B622562DCA3250635B8F45692F1
:10716000DB4EA31C5E6CA927838481C949FC5EF9B0
:1071700024EBEEAAEA015B00CFA72EEF11E7B15A8C
:107180000C351EEF21CA6FCFF85BC5C3D536E1EED3
:1071900036EE51A8DB4732A32BC7A8B73181526125
:1071A000087DE7434A063AC3678786015799080A6C
:1071B000C92A1DC24EA53BE36A3A0AEA0F786075F8
:1071C0005DBBBBCD717DA9226C693369F114B869CF
:1071D000F926DD470A2A9A83DDD11D2D29287096CC
:1071E000F9E42DC57A8D733E93399056B297359C4C
:1071F0001B98F2B5ECB65C36F242E940D09B7DD4E8
:107200005FD43526DFEA63A8EBBAC3DA8A9BAE4CBB
:10721000B865A5EA7C54BFC9AA3C52A438F4A79724
:10722000F879040210D2724A9CEF8C00588DA3D9D1
:10723000FB2A54FA6F49EEECB5624DBAC4671B667F
:10724000B2B6D0DA64704A43B250F9184B885AD0BB
:10725000403F8B90EDE9AD2B139BDE8C14B16A1C83
:10726000739D786C3EAB9CF499AEAAC469F0B68B62
:10727000DDD9DE2F636BE51F53E8B5FB7BA3B5EDCE
:10728000A5E95B93D376E5CA3569EF92945C4A6CC5
:10729000335B4B6547C34BA900214792B8E7B282E5
:1072A00049F7D7B2D5EA97A87DA2A17F27BAAF85C3
:1072B000566622E6494B2ED35C6FC24300613154BF
:1072C000F2012701240C9CF7ED9C6A1DD349117D26
:1072D0004427E23947781F436FAAD6CD5CF48F96D6
:1072E000BA8DFD991DD5E875B37E872EC7BD6D7B20
:1072F00041B83D38D0ED35EE5EC7D9B229353DC035
:107300006C395097529E64CA49254B28EE4F1EC7D0
:10731000D463B7118EC35A37C44EE8B8B627A7C88E
:10732000CCED1CB8D12F5AC4A84A7A0472512DF85A
:10733000E5ECB5192B0A49492A25C501951038E015
:10734000A798D4AE075114B8E4118168C10CB732C4
:107350004DBE5A9EF0165D363AC6627928C16C2C35
:10736000023039B9CEFE09FED5B9741BD2F5C91D5C
:10737000A6115586D3F785DEF897529294A4042877
:10738000A4797294A471421206700909C9EE4EBA2A
:10739000ADB7D63D1B6EAD18568D0DA018888E3C2E
:1073A000F182E2BD54B3F993DF5D06BE6135439CC3
:1073B00036E1F6F92EA346CCB1DCEE566B46B1169B
:1073C0005A346888D1A22346888D1A22346888D11D
:1073D000A22346888D1A22346888D79AAF46A457CC
:1073E000E9AF51EB94C8F322484F0762CB6D2E36BC
:1073F000E8FA292A0411FAE88A0DDF8E80F6E77789
:1074000019A73F6BDCB53B5DFA4970B10A0ABC5A5B
:1074100073FC905210F4657AA12705212A4E08FDCD
:10742000B4A1EFAF41BBCFB5EF87CD8EF56A99859B
:107430009556A887C76994A42305D6FB3A952B2AAD
:107440002708284F1C67B8D7969317C3B2F1246258
:1074500041AA5F27D910AAF4D6EB7497DA91164F98
:107460002F09F68F65F15149EC7B8EE08EE07A6B47
:107470004CB8B6D1A71C53AB8E50E28712EB64A573
:10748000647D323D7F4F4D674528D1CD51EF616915
:10749000B1512DF7D2DD8B5776754A914F936ED54A
:1074A00026B6E36F55ED6298AE480B4F050758C7F7
:1074B00080F64139E48C9CFAEA2FD81D8BDDEE8EE4
:1074C00037AE9FB8FB5566D2AE1A71E102AC287C8C
:1074D000A24E93049C9CC559216B4602B9214738A2
:1074E0003DBD35EF138198B504B4B2685CDB03F49D
:1074F000BF77D15FA4A934D335E782ABE29BD78DA8
:10750000237F26D47A41D99B4EA931F932DAF12A68
:107510001223391FC75B6A0B212870254969212571
:1075200045C5606124FA0274A16D1CE85B35558283
:10753000AB7EE89145AA3056E89356885EA7571A65
:107540005828E6E251F7CD2729504109561232401A
:107550002A3AD47A3FD1EA8C1B04345562CE975B29
:107560005FB87D345B4D3E34D83158B10A73FF00AB
:107570008C8D7CFEEA45BC7A80DF8AD5BAF38F6DAC
:107580004D1E35291853D74C4AA999010804654165
:10759000481D8F7FC2B215ED8CEAF6D5D0E93D4289
:1075A0006C95EFB81529F5E76A365253F635160390
:1075B0008DC243ADBEA215259015E24990A908FBE6
:1075C000E01B29434CA01390809C9C030B1855672B
:1075D0005ADEDF0371C09D7D06EB6DE9AF4E5FD2D1
:1075E000DA08E99EC11E575F424EC37F3BE9E05770
:1075F00057BFE1B2B9EBD69745370D22EE4B8B4121
:10760000BB25700A4F1520A58612AED81EE3DC6993
:10761000FF00B9F796DFA253572A3216B7B1E5E556
:10762000D803AF8CFDAE5308BA6F88C50B7B3D61A4
:107630005118442EA8A489EE3B8175CF5E8C6DEF66
:1076400087EFC4C3A81BA2A88DA0ABD1ABF66CA7D3
:1076500026D6692895C615554A90B6C2D4507B8562
:107660002D254A090827DF209D746626DC6DFD392B
:107670006A769767D3E13AA4A105E84D784E008079
:10768000420724E0F941207B0D6E1EDC7A438B47D4
:1076900089C7D1B7CF78218D9A0D9D99AD75DDCC75
:1076A000819458ED651D83471869AA8C59C49F9130
:1076B00023D3750BEE86F554AC1BEEAB6156EF177A
:1076C000FE521A12B4B895715A90A48500A207AE62
:1076D0000E34AF6EBEE2EDF6E55A3786D93FD5FCE3
:1076E000CA3552AF529121F8355A792C2984A10913
:1076F000629719695048FE053B9573529D19E3DC6A
:107700006A6FD8061F2C3884D574F4DD6D9AC24593
:10771000EDFA83B4F4BF80238ACBE923A2F776B7CE
:10772000364BFDC7F3F458E9F616EA7443D25CAA67
:1077300015AB653F58B9AF448955DACC489F3D4EEB
:10774000A3444E5096C2B05B5ACF33857700A8ABA6
:10775000D93AC759BD046D1228D6D6D96F05DB7149
:10776000C1DC3BA61B953544A530DC88B428C9197B
:10777000499485608CFA13CB3CB200ED93F55D3FE4
:10778000499D1C3362387E57CB5123896926C23804
:107790009BA023F4B8B437CDC392D19F8687399488
:1077A000F35DAD8DA351C5CE3C398BDFD14316E4DB
:1077B0001BC3A11EAFA91755CF68B95066DBA8B887
:1077C000B86F4D61C8F16A48095242DB511E8724E7
:1077D0008EE48C8FA6B1959EA3F745CDD4B8FA80E0
:1077E000B1A1D1682BA9996D9F1A034EB2CB25592F
:1077F000692125012A5240EEB3DD453939EF9D3B21
:10780000A6F43062D5B157DC8BB036C0F0249DC7EA
:107810001E07C14D60F2BA9607C1C41BDFC16AFDE5
:107820002AEE9D17682A92F71ED5BB5DF9B92D96F1
:10783000AA4BAB272241538145E2E1C00857A04043
:10784000EE085A893C861EADB0EB62F0B82D8A95E1
:107850003371AC14D2E3AD28662DCD4888B6C0652F
:10786000CEFC1C5A47119471054704839D45E25193
:10787000BA8A49246B750C681DC6C38F0B02572F3B
:10788000C4DF35154D5D5C4CCCEC81A34D8F3BF0D6
:10789000B0249E6A4FB3E83B635A5DB5BD7498D57A
:1078A0009AB498687D34E80BCC769654381714D97E
:1078B000504A90143CABC138C11AF559361DE8F551
:1078C00052BD7AEFD314472DA9CDADF5521D8E646C
:1078D0003EA752E94B4145796F96005A0A3BA42CCA
:1078E00024FA13AC48E91B0318D6FC0D05CE246F0F
:1078F00071B7A5D29F056E1D140D8EE2160323DC11
:1079000040ED5C5ADE396E96BDDEAE59BD23395A64
:10791000EAEF7AD9A7532C6B75D4229748A702A116
:1079200052A83C4223B0A42523094F12E38AF4E273
:1079300093F5C6B39655A14FEA2AFA83BCF76BAC10
:10794000D663C67113E3C975B579E5168A79242B18
:10795000F8501C70631F8D4AFEA0D7BE8E50C925FB
:107960004D3D5B01C8DCC49EFB651E62E48F55ADD6
:10797000F47F087D4CD4552C1FD3EDBDC4F170ECC1
:10798000B41F0B9239DEEBA55D186C926CBB546E84
:107990000572271A8555BC3087077658F507F22BF4
:1079A000F5FD00FAEA73D6F37BEABB2346500234B6
:1079B00068BD2346888D1A22346888D1A223468860
:1079C0008D1A22346888D1A22346888D1A2235F078
:1079D000807D4688B43DC1E9AB67F71A648ADD56FD
:1079E000D28F16AD259530BAD539B4B5294939ECC1
:1079F000A5630BC1248E40E0E954BCBE1657753A0E
:107A0000B7569F0EF86EBD485B293019622A63CFC6
:107A100061633CC3A09F0DD07CB829E07D7235E640
:107A2000C5873B375E5EC0F16295E99D346E455275
:107A30009B2AA2CEDAD721188FAD9769F548863CEC
:107A4000C6B89F55327CDC4FA850C823B8D46170AB
:107A5000EDAC988FAD97A2A90E367052A042907FE0
:107A6000DC1D6647335F71C42C09217337D968FB6D
:107A700089B5342BF5A546BFADF66AC82CAA31717D
:107A8000FCA2425A524A5484BE9C3894907B8CE0AB
:107A9000FBEA06BE3E1DDB3754A3181486DF79D2FD
:107AA000F25CF9AABBA535161B07CCCB5293842CEC
:107AB0001EFC7C54E4124952BB6331AE8DC00905F3
:107AC000C0F51E1F70AB1CA582D74B727A61A1ED69
:107AD0009F52B45DBFDF68F548560D564C86A7D45B
:107AE0006E07554C610CA50E88EEAE5B79428F2077
:107AF00087380CE301395127575FDF0A0D93614442
:107B0000A4ECAD75D8B3A5541D84FC455282E3A600
:107B10000A1A4B71998EB515724F8816EE5480B5BE
:107B200038BE6AF3646B3E8B07966909BFF4C6538F
:107B30009B81D4DC78E82EAF3EA5B1B330DF516F26
:107B40004D53E7F0E7F89C5136A2D9A9D93BA55788
:107B5000957441586A5BEAA6463FCA5815073FF735
:107B6000C6DDA67954FB08583C5C8FC958195209E8
:107B7000278C93BDDF1A7E8DEA9419D136CAEEAEFA
:107B8000D55FA747724CE7DDA34984C535B46012C1
:107B9000EADF4A30B2A29425B482A52D49481DF3EC
:107BA000AF933A73ECE314C63A573D7D2B4753230A
:107BB000F3124816BDAF61B9B9DADE056E38662337
:107BC0001C14CC63CEA02D1FFE1EDAA5EF716E260D
:107BD000E27545F6545A7D0AEB8EDC1A5B11965518
:107BE000E008EF28AD859500A71684ADBE6E774AF4
:107BF00096A560F6C0EA4D5B7B674080B77E5594E2
:107C0000AD23F191E9AE71ED822F78E95CDD5B8FF8
:107C100065B1B75EE8DA1486130B1F4CDCDDFF009C
:107C2000324AE5FC5DF5BF7A89F8E9A3A5CBAF73CD
:107C3000FECFB59F9AC3FF0063B34D507AB086A9BB
:107C4000FE3BADFCD11808E48C288208CE064EBA63
:107C5000CF44DA1DA6A05BA9B428DB67418F4C0195
:107C60005980980D16D5C8E54540A4F22A3DC9565D
:107C7000493DC93AB3D33A89BA3F4D8750E1CF74F1
:107C800061D0C72BB2B8825E6E2E48B7C36D070BAA
:107C9000956DD6A995E6417B12078240FE2716F521
:107CA000C3D1BDFB6A55FA75ACD4A976FDD2F19368
:107CB00022CD8AE2974D6E64679B5A0A23AB29094D
:107CC00070A93F749C0250703BE0447D61FC4726E4
:107CD000EC943AFD2E9969C4A4EF4DCD478CCD525A
:107CE0005524296CD2D4B0A1974B8B514BC8671C3B
:107CF0005A48E216B0A39E233F657B3185DD3AE802
:107D0000EE1988C86D51207094E9DB6B1E1AE73BB1
:107D10008E7391BAF126E568F89549C32599AED5D9
:107D200082D977D091A796A7C1405B43F14BEAA2D5
:107D3000F1A4B7B1DB986877846AB293119A95C0C1
:107D4000DB6CC98AA52B21C538525A59CFA97104B9
:107D5000E32739D34B48E94BA6FEA1F656DD85440F
:107D6000BBAA76156EB14B69E96DA1C6A5532A2F42
:107D700012A52FC1C2D485A10061459730003D8E68
:107D800075B474ABA3D4F876256A7D5BA3B25FC6E5
:107D9000F6F4DB92B7865749514A4BF7DAFF00BA3F
:107DA000D3267C37EF7B468D376DEA721CFB3E4352
:107DB0006BF9CBBA83223CCA52DA09512A911DE0F1
:107DC0008718094638A919390ACA8E463DF6F75070
:107DD000DD605A936D2E9DBA30DA9B7AB76D4FA451
:107DE000C5FB268D56C806422A1F2CF7CCCD6D4AFE
:107DF000CA56C389792B4929E2875441C048D3F137
:107E0000FC468E9E2358F395A482EF1E00F903F2E0
:107E10005994748ECEE681A9FCFD966BA9DDDCEB4E
:107E20008FA296A4EFBF5415A8F411527D11D11E54
:107E30008EA54EA1534A9D2942233807993C1B4ADF
:107E40008F8884AD255E6CF2CEB2DB39F13AA5EEB7
:107E500065876C7FCDBA04491227231224D294037C
:107E60004B584A497128CFD4FF00091AE52FC4E5C1
:107E7000AB649574AE2617BAC2FC0001D6B73EEFCC
:107E800045A2F4A3119BA2B960AF8FAEA796F9C724
:107E90001172F272F2206516DACDD2CB29D584FBAD
:107EA000CBAABA5D27A7FDA1AC3D40B764BD11C9FF
:107EB000931A51123E5D2F224487876239E1B690B2
:107EC0009E4719780EF8C69C1E8CBA748375D761CC
:107ED00051134EF0E81426D0A900648501F81ACF9A
:107EE000B9510724F73E627B9D758E8D48D3846619
:107EF00060B07BDC47FB400D03FF0053EAAC742706
:107F00002D5C0FAC8DB68DCE3907263406B47A348D
:107F10005FBD3DCD34DB2DA5A69094A52301291886
:107F2000007D31AAB52EB7E468D111A344468D1166
:107F30001A344468D111A344468D111A344468D1CF
:107F400011A344468D111A344468D1163EBB6ADB36
:107F5000D734711ABB49664A47E12E0F323FBAAF98
:107F600051FB6A1FDDBE8976F371195B9F22C3CE78
:107F700011DBE6871753FDD7D2397FD40EADBE3C57
:107F8000C7334D884D08B1D929DBCFF0E4B9ADB77F
:107F90001C936DB8A2824F18F51013CBF24BC9F2A7
:107FA0001FDF074B66E16C4DD166CB553EE4B7242D
:107FB000C277F843C8202BF457A1FD8EB220A92E1A
:107FC000391FA3BEAB0A6A7CBDA6ECA3DAFEDF2D87
:107FD000511EA7488C8723BA38B91642038D383E04
:107FE0008A428107512A3A4ADB3B4EFDA66E86D66D
:107FF000461665C34878BEC3F1A2A66D35C590A0EC
:108000007C486BEC010A20F0231904608075290D6F
:108010004BE363E2FD2E0411CC1163E7DEAC31D9F2
:108020005C09E163E895FDD0F871DEF498CABAA85E
:108030009774DAA56264E79E93229ECF8F05B716E8
:10804000B71C4109FE9DA07EEDBF3F23CD454541B4
:1080500000AB5152281BE7BD9695ED6B5D77B5528D
:10806000BF46DB42CCD9B0634B43AC5414974B486A
:10807000429F590E2824A8A503CC72B3C46758B5F3
:108080005491358268F568237DC6B6FC2B3E195D98
:1080900021CA372A66E86BABCDD4E872B4AA7C4B10
:1080A000A69D6D57D7E2CAAB5A77753F34DAB25DF9
:1080B0006CAE3322535C9C84948701E384A428959E
:1080C00028927B345767C7337FAE4A4A695FF635DB
:1080D000A7DACD3A9F11FBBEA77119B4B65A48CAA8
:1080E000DD694DB412EE06484873E80EB8A74E7D20
:1080F0009BD3F49715762A242C1617B007381B5BF0
:108100006B1B5871BEEA7F0EC44D346223A9EFE0A9
:10811000B56F84DDD154EA2BE2134DEAE117DF8419
:10812000CB4E5528E9A2AE42197DCF16322425F058
:10813000D2CA96E8738385C28094B4A6DB4E48F217
:10814000EBB4E8DD7ABC560A1D0DB8A48FC6B1DFCA
:10815000F7D712F6C7877BAE2F4D4ADD3AB858DF06
:108160001D5CA6F0E732A2373DDC5C4FD121DF1465
:108170001F88AEFF0074C1B89439B64D9945AED290
:10818000E740E525759654B6E14A53AB11C8E2A124
:108190008C869C2124615C0F718D72DEDAEA4F6956
:1081A0002E0BCEEC9BD576CDAF70D7774FFB465DCF
:1081B000DF0EA0B895B86F9254A532E0FBB2DE5442
:1081C00049428027013C8240C7D93EC5707A6A2F58
:1081D00067F455503CF592020F2167B89E1C7B371F
:1081E000FE56898E4EF93157C04761BB7A0FE53094
:1081F000BD24EE674056B5ECF5A762D3274A14E6D6
:10820000975D977ADDEE044A6A121BF15D8CDAFC09
:10821000A96969092D8241CA96A57257941926A7A2
:1082200012C3DA4B099BDF6E3A8AA86DDC6A4DB93E
:108230001A0B16DDC0FBCC46A7A4CC43F84437127A
:1082400056E83E23AD7359002CF303B01AD97108D8
:108250002A2BAA4CD38BBC10013AF0B0B7913AF755
:10826000AA539642CEAE2D072597DDEB977A77E697
:10827000E08BD3922B948B3AD6DC679F8B0E052E26
:1082800044A7E15429CE1408684F86A654A0F105EE
:10829000C52D82B4B2D9014D92A386FBE185B3B45A
:1082A0006E902CE95B45B934A82CD5A83559143A01
:1082B0003562292F21DA7A436B0A0E710BF3BAE388
:1082C000A405253DB3DBD73C43DB162D4F4B85C3BF
:1082D00082ED2C87AC3E0CECD8F8DFE454EE0903B9
:1082E000E6A97CE3E102C3CF552C7559B9965D1F11
:1082F0006EABF73DCD4587545B70DEA7C3A4D45267
:108300009799945C41CA16C2884B80948CA4919C26
:10831000E3235F9FDDC8B637B9BF02DD95B7756B44
:108320005E5D125BB27C7B3D4E4695090540F014C4
:10833000A938596D25433C1C5A7F080B03D623D816
:10834000A745CE2DEF93541397330341D8D98736E1
:108350009FDC2E479A89E99C34F526264EDCC1B76E
:1083600036E77046BEA57627A30DA6BF1AB06DF8F6
:10837000777499754B9A6C6622F2971DB66460000B
:108380009421486FCA159F3280247251EE40075DD8
:1083900048D94DADA6ED258716D78810A918F165E7
:1083A000C848FE99D23CC7F41E83F21AEC5EEB0D6E
:1083B0001014B4E3B0DD07E7E6EA2F08A38E869534
:1083C00090C2DB340D02DBB468A511A344468D11C5
:1083D0001A344468D111A344468D111A344468D12B
:1083E00011A344468D111A344468D111A344468D1B
:1083F0001150F30CC8694CBED256850C290B1907D5
:10840000F51AD22F8E9EB6EEF582E4391496994B6A
:10841000A0E5A0D871957EADABB7FD38D787B04841
:108420002C5541B25877AFE19F4E9297AA367B4BBD
:108430008C7B9FE6997993FAB67CE9FF0009234A81
:108440009EE8F4957FD90DBAFCFB7D52186CE0CC08
:1084500081971B03FB400CA7F71AF71543A322399A
:108460004F9FEEB166A707B51A87AAFB7CE3723966
:10847000A10A4940C85A72083FAEA29DD8E9576880
:10848000F745D44BBD76DE13D3D85256D5769B989C
:108490003526940E4283ED8F31040239A55E9A94FD
:1084A0008667446EC2B081CAA0BEA0FA1691B937E1
:1084B0007DD1BB377DE55FBB2EBAFC969E6EAAEBE5
:1084C0008D43949E286DA2971A42032E9084957333
:1084D0004F1529490920722AD2D36DEC25C2DEF24C
:1084E00054BA75BE2FC7ADEB75E86F4B9532B330FC
:1084F000D1234C534C979085788782D5E2048EDC4B
:10850000C9293C7976CD64A46491175336C5A3E19B
:10851000DF6E5CD66C75199DDB3BF159CDA7BD773D
:1085200003A4BDC3A46E25D526E0B2ABB578F1E6B1
:10853000D16B56BC94FCCC2A62164218319C010EB9
:108540004677824F152815041241E4469E5B43E3AB
:10855000A5D5A5CB426E916EEC66DBDE53D6AF0897
:10856000D669B5393094D0F675E80AF3A077EFC430
:10857000F0183E6C77D726E9EF4128BA6D511D6B94
:108580009E5B94581035B7220F0E20F024F35374DD
:10859000158FA161888D5431D41F50546EBE15794A
:1085A0005E5B87BE14CB68587457974179C6D2CCAE
:1085B0002B9E736EA5322230027C479D525D6C3239
:1085C0007910DB7C94AFE97591F8467C2EDDEBB633
:1085D000F0997DEEB4D994FDB4B65F0CC95C45F852
:1085E0004ED5E51015F2ADB98F220248538E0C948A
:1085F00082903BAB23AC744237F47BA3B1D065B01F
:108600008C003BEFBFA1DD45573595154656FEADB5
:10861000FC9617A9FEB3EDCA5EEAD62C2E9076FA28
:10862000DCDBBDBFA4BEBA7D3A25228B15526A2879
:108630006945064C892EB6B756B7082A00AF012502
:1086400023D727474BBBFDB83BA5506FA4DBEEEF0C
:10865000454A877B85D2296AB960A6AAD512A1238B
:10866000C91DF6D2B05686CBAA09586C8C25C52CEC
:10867000025241EC07A394ECC2CE66DE4CB7CDC7E4
:1086800035AFBF2BE9E0B52FF1297DE8107B17B599
:10869000BB964365BACFDC8B2F712B1B51D45DDBAE
:1086A0000EDBAADB331D5144D2EAE3BF558EB0DEA8
:1086B0001D4614864A54C654E32A642F8818255A46
:1086C000E84745FBFD75EF46DDD8BBBD7255CB8F46
:1086D000D7A122597873484A39AF09C2BCC30139BE
:1086E000EFF5D7C8DEDAF0681EF83146E9FA00EE99
:1086F00020BBECBA57476723344EDF7F4B051D750F
:10870000F1BF722F1A9AED57EC7ADD4ECD88B02763
:1087100056A8F203218790A4F2478894BA94A91C22
:108720009254992D2504A92390F5D479D206CD54DD
:108730007A93DD6A6DD576C6A8C9B376BE48FB02CA
:10874000454E4875135E5B615C92D24ADB486F9779
:1087500020A6D7C72B038F6275D3BD9EE1ADC07A2B
:108760002D1CA747B9A5D62350E7F0EEB34F8E9C3A
:1087700056AB8CCDEF75A40DB6F20BB29D10EC7A12
:108780002044FF009AB5E87852816E9CDAC7A0F4C5
:10879000539FEE91FBFE5A643D0606B189CC6EB341
:1087A00098DCAD011A345E91A344468D111A34440D
:1087B00068D111A344468D111A344468D111A344E1
:1087C000468D111A344468D111A344468D111A34D0
:1087D00044601F6D61AE4B02D4BAD24D6290DA9DF7
:1087E000231F30DF91C1FE21DCFE872354734385B4
:1087F0009C9B281B78FE1F5625EA1E9F4684D7CCDB
:108800002F3F78D623BFFB90382FF7034A5EEF74D3
:10881000097ED9D25C14C8C662464861D4782F91CB
:10882000F903E55FEA9275E6395D4DA3B56FD15A5C
:1088300096012EADDD40D74ED1CEA54B5C0A9531C9
:10884000C61C4FE266420A143F63A8EB72362ADA6E
:10885000BEA92E502EAA2469F0D5E5F969ECA5F43D
:1088600001F90503C7F549046A56196C43D85479D0
:1088700005A754BBEE6F41D447E72AB551B69FB95F
:10888000A242A70A753A9F5AA8487DAA4349529620
:10889000DA639E5CDB6F92BCC81C871E413C49CEEC
:1088A00095CDDDE9A691605EB6C354C6AA29A34C56
:1088B000969159157493169CD8712163E610090995
:1088C0005279FA8C8491939D66369995CDCB10019F
:1088D000FC00D01FE4FD55F6546BDB3A2F07509295
:1088E0002C97B7C6B16F6D3D520CCB228121CA6562
:1088F000B8ED19B7510CC34ACAFC44F8A4B8A5385E
:10890000B5294A5AC95289FA0481D1FE9FBAA8DE14
:108910000F87E7481D3F6EA6DEDA30EBDB6377D0CA
:10892000A540AEC599E22188B575D59D5BEFA968D4
:10893000EE1D2C0E09E5D8A5047F0EB68A5C3DB568
:1089400031C1475432E6D3BC3B293F5D158A89CCFF
:1089500039E58F5B7D2E93D87D2FD7BA83DF3BBE61
:10896000DBE9A21B756B620561F444AED5A5B502C7
:108970002B715C90B4C5538FBEA4252A713C425321
:10898000F8D473849D7473A06F8546DCFC3C9CAB6B
:10899000F5A7D6BEE55BAFD576FE22EA29A252A5A1
:1089A00007E3503093879D59C15C850CA5A484844E
:1089B000F2564725631B4F49B1DF72A1F718C13347
:1089C0003C006C346DC0BEBCF5F9850F875075F363
:1089D000F5A7E007D792E6C6D4DD1FF694EAEEF6D7
:1089E000EA1371363BF9436EDC53EA752A8C353253
:1089F000569A63720BAE8742B9250971A427B296C5
:108A00004804288048EDD23A66CEEEC5A9B496EE69
:108A1000FCF4FD71AE35AD5AA09894DB3EAA5B69BB
:108A2000709C28222AE3C628CF3E08CF87C93C8EF7
:108A300049239675C53A7785E1D88C7061B88B4B20
:108A4000812D02DB871BEA3C86BDCB6DC3DF202F67
:108A50009A236DFD3FE52F71B6EDCBF2B92EC0A183
:108A60007F286D7BCEB4F18D26D898B7D6871A595A
:108A700021C92B53A51298E210B2492EB054948408
:108A800013E87A5FD09F4856ED069541D94B1E9763
:108A9000F2943A3329F987109EE103BA94A3EEB514
:108AA000A8924FBA944EB66C72434F4CCA56EDBE64
:108AB0009C46C0FD54453B44B2E75D16A5D360D14A
:108AC000E9CC52E9B192CC78E80DB6D23D109030A5
:108AD00006BD1AD554BA346888D1A22346888D1AA7
:108AE00022346888D1A22346888D1A22346888D11E
:108AF000A22346888D1A22346888D1A22346888D05
:108B00001A22346888D79EA34BA6D5E2AA15520B29
:108B1000321957AB4F202927F63A228C373FA49DB4
:108B2000B7DC286B6BECE6504FA33291E2B63F43C3
:108B3000F8D3FB1FDB4ABEF3FC392AD43F1AA36DDE
:108B4000F365AF5C2F2F307FFA80724FF893AB4DF7
:108B5000CD4E6ECD472FD9789236CA35DF9A5DEF6C
:108B60008D81BAECD42915CA03ACA0938909F3B658
:108B7000AFD143B6A2DBCB642D9B9C2CD6A8C87189
:108B8000652502435E47003EDC87A8FC8E46A4E9CB
:108B9000EA03ACF615192445872B92EFBB9F0D6BAA
:108BA0003EE371750B4F319E5F7578586D7FAE3126
:108BB000C147F5C6B0F56BCBA97D9EE91474333D72
:108BC00055245099AE393E35660272D2E2480449C6
:108BD0008B2E2A92A2EA12B297DA53595255CF003D
:108BE000E5246F387E334F54F88560D5A41F4FCDF0
:108BF0000F02B08C72318F634EE17CA654BE0F5BC6
:108C00003FB45018DDA76F8DCADC28CB52DE8160DF
:108C1000AA6D1603B8FC1E32A6A414383B82A69394
:108C2000FA246A2ABFFA80AFF5711246CB5856F57E
:108C30001B68B68280876E3AAD2294B7A615A580D0
:108C400001993A4AC97E7C9F3A1B690A213CDC4A59
:108C50005094E4A84CD4D557D739CFAB368C1BB53C
:108C6000BA5FBAE46FDDC362AED353434ED19357BC
:108C7000713C3BECBAC9F0E3E90BA77E8EF6A25B30
:108C80002FD9325EAE54A2519132BD5CE0B72A6D4D
:108C9000CE4F8A96DB68652DA11E2713C739585021
:108CA000C9D63BAE1EA0F6CFA7BB5A4EE3D06D3659
:108CB000053ADCAECBA13151728EA9701B9CA8FE87
:108CC000472436DAD256C83F71C93E60B241CE0160
:108CD0004FCE7845754637D3B97DE1C4E6D2DB0186
:108CE0006B35B6E02C2F6D389BADC2781B478502E3
:108CF000C1B6BEBA9FCEE5A17C3A763EF5AF2EA3B3
:108D0000D526F1C1795785EA5288D09E2B59A5C244
:108D100049FB98A8E44AB0063D4939C649233AEBD5
:108D2000CF4E9B42C6D3D88D4596CA7ED39B87A68D
:108D30002FDC1F647E89CFF993AE878ED436A2B91B
:108D4000C23F85BA0F01A0F5DD6BD40C3D5E776E96
:108D50005481A3510B3D1A344468D111A344468D6C
:108D6000111A344468D111A344468D111A34446851
:108D7000D111A344468D111A344468D111A344463D
:108D80008D111A344468D111AF9807445AA5E1B245
:108D9000D60DE2DB9F394744779D1E67A2809E5F18
:108DA000DE4E38ABF71A5E777BE1E34BA978B50B63
:108DB00062324A8E4F2A780DAFF7655E53FE13FB81
:108DC0006AD96B98ECF1EFF554735AF16725AF70DF
:108DD0007A50BE6D353AC374A33034A255E12149AF
:108DE0007503F36C8047FAEA2BB836DA25418729F8
:108DF00055DA436FB24E171E53791FB82359B0543A
:108E00008936D0851D2C0633DCA24DDAE84F6AB7CF
:108E1000360B8C48A230DB9DF807504F0FC92B1E34
:108E200074FF00991F96979AA7C3CAE1DA762EAA13
:108E30007373258B7EE9A4B94C94FA1BF98543FB27
:108E4000D69F65E42938E5C1E61BE485049520A892
:108E5000039C6B71C331ECB17BB546A381E4561121
:108E600063A3787B765BA6C07C4177D29B6DC3D928
:108E70008EADBA67AEDD89B2921745ABDA74E5CA3A
:108E80004CA2D91C597B1E60D2F8821C491C48C9CF
:108E9000193A60ACADE7DCFF0088855693685F5DEA
:108EA00038D32C8B1A82A3215486E5B6E170871A39
:108EB00071B6D51DA050DF9DA0B3C96A70FF001028
:108EC0001907502EC069B0EAC7E271117DC11B932A
:108ED000C3E7AA95757BE7A7109D9747FA2FD92876
:108EE000F52A926FEA9C102052CF870DA50ECE3A3C
:108EF0003F8BF44FAFEA469A5000181A8327312E61
:108F000057E36E5680BEE8D17B468D111A34446813
:108F1000D111A344468D111A344468D111A344469B
:108F20008D111A344468D111A344468D111A34446A
:108F300068D111A344468D111A344468D111A34459
:108F400058FAFDA96EDD11FE5ABF47625247E12E65
:108F5000A7CC9FD15EA3F63A88F737A30B26F26D14
:108F60006F53D2DA967D1B999E43F4792397FD4186
:108F70005AB6F666D41B1E6960458EC972DCEE8B4C
:108F80002E9B416B76232EA5A27CA9958E27F47487
:108F9000794FE870750AEEA50EA9B5768D62BF5AB5
:108FA000B6E7B869D0DD7FE52337C9D91C524F1623
:108FB000FD944FA0EFEFAB82A4B9A58FD1D6F558A1
:108FC0008EA7CAE0E1B287E9B4EE95772E814BBD5A
:108FD000EB967B734CC421F6DC8ADAD8F1011801D8
:108FE000CC0032082140F71DF3A687A49D9EB72E22
:108FF00078148B5B6BA9116231523C96630CA1947F
:109000000FC449FA247D3E9AD0BA318CE295158F6F
:10901000A0A99498E306C0F3D00D77D16C189505FC
:1090200034710A8636CE715D10B4AD8A559B6EC41C
:10903000B6A88C7871A1B61B40F73F527F32724FB1
:10904000EBAC96B7D02DA28A468D111A344468D164
:1090500011A344468D111A344468D111A344468D9E
:10906000111A344468D111A344468D111A3444684E
:10907000D111A344468D111A344468D111A344463A
:109080008D111A34454BACB4F36A69D6C292A182F1
:10909000950C823F4D685B89D39EDC5FB4A9301E7E
:1090A000A7261190829518E805B3918C968F97FCAE
:1090B000B1AF0F8C482C5541B245F72BE18D46DB03
:1090C0006DC07A4DC7228B53833817991152EC62C9
:1090D0008405600535DDB2AEFEA739D3A3D3074FB3
:1090E000D43D9CB74CC8ECC70FCC6D21A44724A538
:1090F0008670084F220124E01270076007A6B0694D
:1091000028A2A791CF68D4ABD2CCE91A1A7652B66E
:109110008D48AB08D1A22346888D1A22346888D1A5
:10912000A22FFFD92F696D6167652F7461622E6A66
:1091300070670000485454502F312E3020323030A8
:10914000204F4B0D0A5365727665723A206C774951
:10915000502F312E332E312028687474703A2F2FFF
:10916000736176616E6E61682E6E6F6E676E752EBE
:109170006F72672F70726F6A656374732F6C776993
:1091800070290D0A436F6E74656E742D7479706565
:109190003A20696D6167652F6A7065670D0A0D0A6F
:1091A000FFD8FFE100304578696600004D4D002A88
:1091B000000000080001013100020000000E000064
:1091C000001A000000007777772E6D656974752EA0
:1091D000636F6D00FFDB0043000302020302020322
:1091E00003030304030304050805050404050A0733
:1091F0000706080C0A0C0C0B0A0B0B0D0E12100DB7
:109200000E110E0B0B1016101113141515150C0F53
:10921000171816141812141514FFDB004301030469
:109220000405040509050509140D0B0D1414141487
:1092300014141414141414141414141414141414EE
:1092400014141414141414141414141414141414DE
:109250001414141414141414141414141414FFC037
:10926000001108003000C8030111000211010311B0
:1092700001FFC4001F0000010501010101010100FF
:1092800000000000000000010203040506070809B1
:109290000A0BFFC400B5100002010303020403051A
:1092A0000504040000017D010203000411051221E0
:1092B00031410613516107227114328191A10823B3
:1092C00042B1C11552D1F02433627282090A1617D5
:1092D00018191A25262728292A3435363738393AD5
:1092E000434445464748494A535455565758595A96
:1092F000636465666768696A737475767778797A86
:10930000838485868788898A92939495969798997D
:109310009AA2A3A4A5A6A7A8A9AAB2B3B4B5B6B7A2
:10932000B8B9BAC2C3C4C5C6C7C8C9CAD2D3D4D5CE
:10933000D6D7D8D9DAE1E2E3E4E5E6E7E8E9EAF10D
:10934000F2F3F4F5F6F7F8F9FAFFC4001F01000391
:109350000101010101010101010000000000000103
:1093600002030405060708090A0BFFC400B5110033
:10937000020102040403040705040400010277004B
:1093800001020311040521310612415107617113D5
:1093900022328108144291A1B1C109233352F01540
:1093A0006272D10A162434E125F11718191A2627FA
:1093B00028292A35363738393A43444546474849FB
:1093C0004A535455565758595A63646566676869D5
:1093D0006A737475767778797A82838485868788CC
:1093E000898A92939495969798999AA2A3A4A5A6F0
:1093F000A7A8A9AAB2B3B4B5B6B7B8B9BAC2C3C41C
:10940000C5C6C7C8C9CAD2D3D4D5D6D7D8D9DAE247
:10941000E3E4E5E6E7E8E9EAF2F3F4F5F6F7F8F96C
:10942000FAFFDA000C03010002110311003F00F300
:109430007AFEA53F9082800A002800A002800A00E0
:109440002800A002800A002800A002800A0028004C
:10945000A002800A002800A002800A00293D84752D
:10946000FF000A7FE46CB8FF00B01EB7FF00A69BA8
:10947000BAF2F35FE147FEBE53FF00D3913DCCA3A8
:10948000F8F53FEBDD5FFD372390AF54F102800A22
:10949000002800A002800A002800A002800A0028FC
:1094A00000A002800A002800A002800A002800A074
:1094B00002800A00293D8475FF000A7FE46CB8FF32
:1094C00000B01EB7FF00A69BBAF2F35FE147FEBEF5
:1094D00053FF00D3913DCCA3F8F53FEBDD5FFD37A3
:1094E0002390AF54F102800A002800A002800A00F5
:1094F0002800A002800A002800A002800A0028009C
:10950000A002800A002800A002800A00293D84757C
:10951000FF000A7FE46CB8FF00B01EB7FF00A69BF7
:10952000BAF2F35FE147FEBE53FF00D3913DCCA3F7
:10953000F8F53FEBDD5FFD372380F35FFBEDF9D7F7
:1095400075D9E759760F35FF00BEDF9D176165D8E5
:109550003CD7FEFB7E745D859760F35FFBEDF9D130
:1095600076165D83CD7FEFB7E745D859760F35FF87
:1095700000BEDF9D176165D83CD7FEFB7E745D851C
:109580009760F35FFBEDF9D176165D83CD7FEFB782
:10959000E745D859760F35FF00BEDF9D176165D8C6
:1095A0003CD7FEFB7E745D859760F35FFBEDF9D1E0
:1095B00076165D83CD7FEFB7E745D859760F35FF37
:1095C00000BEDF9D176165D83CD7FEFB7E745D85CC
:1095D0009760F35FFBEDF9D176165D83CD7FEFB732
:1095E000E745D859760F35FF00BEDF9D176165D876
:1095F0003CD7FEFB7E745D859760F35FFBEDF9D190
:1096000076165D83CD7FEFB7E745D859760F35FFE6
:1096100000BEDF9D176165D83CD7FEFB7E745D857B
:109620009760F35FFBEDF9D176165D8ED3E11C8C6C
:10963000DE2CBCCB138D035DEFFF0050ABBAF2F311
:1096400026FD8C7FC74FFF004E44F632A4BDBCFF01
:1096500000EBDD4FFD373388AF4CF1C2800A0028A4
:1096600000A002800A002800A002800A002800A0B2
:1096700002800A002800A002800A002800A00280C0
:109680000A002803B6F849FF00236DE7FD8035DFA7
:10969000FD355DD79798FF00063FE3A7FF00A7229F
:1096A0007B3957F1A7FF005EEA7FE9B99C4D7A87C5
:1096B0008C140050014005001400500140050014B6
:1096C00000500140050014005001400500140050F6
:1096D0000140050014005001401DB7C24FF91B6F37
:1096E0003FEC01AEFF00E9AAEEBCBCC7F831FF00B9
:1096F0001D3FFD3913D9CABF8D3FFAF753FF004D07
:10970000CCFFD92F3430342E68746D6C00000048C3
:109710005454502F312E30203430342046696C653B
:10972000206E6F7420666F756E640D0A53657276D5
:1097300065723A206C7749502F312E332E31202814
:10974000687474703A2F2F736176616E6E61682E43
:109750006E6F6E676E752E6F72672F70726F6A65AF
:109760006374732F6C776970290D0A436F6E74658B
:109770006E742D747970653A20746578742F6874EE
:109780006D6C0D0A0D0A3C21444F4354595045203D
:1097900068746D6C205055424C494320222D2F2F68
:1097A0005733432F2F445444205848544D4C2031B4
:1097B0002E30205472616E736974696F6E616C2F04
:1097C0002F454E222022687474703A2F2F777777B6
:1097D0002E77332E6F72672F54522F7868746D6C0A
:1097E000312F4454442F7868746D6C312D7472613C
:1097F0006E736974696F6E616C2E647464223E0DC1
:109800000A3C68746D6C20786D6C6E733D226874D0
:1098100074703A2F2F7777772E77332E6F72672FEA
:10982000313939392F7868746D6C223E0D0A3C68E5
:109830006561643E0D0A3C6D6574612068747470E6
:109840002D65717569763D22436F6E74656E742D5A
:10985000547970652220636F6E74656E743D227456
:109860006578742F68746D6C3B20636861727365F2
:10987000743D67623233313222202F3E0D0A3C7430
:1098800069746C653E414C49454E54454B20B0A22D
:10989000B2A8C2DE53544D333246342F4637BFAAE6
:1098A000B7A2B0E54C574950CAB5C0FD3C2F74690A
:1098B000746C653E0D0A3C7374796C652074797024
:1098C000653D22746578742F637373223E0D0A0D13
:1098D0000A2E756C317B6D617267696E3A303B7030
:1098E000616464696E673A303B206C6973742D73F0
:1098F00074796C653A6E6F6E653B7D0D0A2E6C69EE
:10990000317B6D617267696E3A303B706164646986
:109910006E673A303B206C6973742D7374796C6593
:109920003A6E6F6E653B7D0D0A2E6D656E757B77A9
:10993000696474683A3130303070783B68656967C3
:1099400068743A343870783B6D617267696E3A308A
:10995000206175746F3B206261636B67726F756E17
:10996000643A75726C28696D6167652F7461622E47
:109970006A706729207265706561742D783B207D5F
:109980000D0A2E6D656E7520756C7B776964746841
:109990003A3130303070783B666C6F61743A6C6588
:1099A00066743B6865696768743A343870783B64FC
:1099B0006973706C61793A696E6C696E653B7D0D97
:1099C0000A2E6D656E7520756C206C697B776964F5
:1099D00074683A32303070783B6865696768743A09
:1099E000343870783B206C696E652D6865696768EE
:1099F000743A343870783B20746578742D616C69E2
:109A0000676E3A63656E7465723B20666C6F617455
:109A10003A6C6566743B646973706C61793A696E1F
:109A20006C696E653B207D0D0A2E6D656E75207527
:109A30006C206C6920617B77696474683A323030DD
:109A400070783B6865696768743A343870783B2091
:109A5000666C6F61743A6C6566743B746578742DDE
:109A60006465636F726174696F6E3A6E6F6E653BA9
:109A700020636F6C6F723A236666663B20666F6E7A
:109A8000742D73697A653A313870783B666F6E74FD
:109A90002D7765696768743A626F6C643B7D0D0A67
:109AA0002E6D656E7520756C206C6920613A686F4B
:109AB0007665727B206261636B67726F756E643A64
:109AC00023464630303030207265706561742D78E1
:109AD0003B207D09090D0A0D0A2E6C6F676F7B7D97
:109AE0000D0A2E626F64797374796C657B20206D2A
:109AF000617267696E3A30206175746F3B207769D7
:109B00006474683A3130303070783B206261636B46
:109B100067726F756E643A236435643564373B7DD4
:109B20000D0A200D0A3C2F7374796C653E0D0A20D6
:109B3000200D0A3C2F686561643E0D0A3C626F642B
:109B40007920636C6173733D22626F6479737479F9
:109B50006C65223E0D0A3C646976207374796C65ED
:109B60003D226261636B67726F756E642D636F6C0B
:109B70006F723A234646464646463B223E0D0A3C15
:109B800064697620636C6173733D226C6F676F222A
:109B90003E0D0A203C696D67207372633D22696D3A
:109BA0006167652F686561642E6A70672220616C49
:109BB000743D22B9E3D6DDCAD0D0C7D2EDB5E7D720
:109BC000D3BFC6BCBCD3D0CFDEB9ABCBBE222074D2
:109BD00069746C653D22B9E3D6DDCAD0D0C7D2ED39
:109BE000B5E7D7D3BFC6BCBCD3D0CFDEB9ABCBBEF5
:109BF00022207374796C653D226D617267696E3ADB
:109C00003230707820307078203070782030707862
:109C10003B22202F3E0D0A200D0A3C2F6469763E20
:109C20000D0A200D0A3C64697620636C6173733DF4
:109C3000226D656E75223E0D0A093C756C20636CC1
:109C40006173733D22756C31223E0D0A2020202065
:109C5000093C6C6920636C6173733D226C6931222D
:109C60003E3C6120687265663D22696E6465782EAF
:109C700068746D6C223ED6F7D2B33C2F613E3C2F08
:109C80006C693E0D0A20202020202020203C6C6999
:109C900020636C6173733D226C6931223E3C61200C
:109CA000687265663D2253544D33325F4C45445FC4
:109CB0004F46465F424545505F4F46462E73687497
:109CC0006D6C223E4C45442F42454550BFD8D6C608
:109CD0003C2F613E3C2F6C693E0D0A202020202045
:109CE0002020203C6C6920636C6173733D226C6999
:109CF00031223E3C6120687265663D2253544D33EB
:109D0000325F4144435F54454D5045524154452EC6
:109D10007368746D6C223E4144432FC4DAB2BFCEE7
:109D2000C2B6C8B4ABB8D0C6F73C2F613E3C2F6C6E
:109D3000693E0D0A20202020202020203C6C692034
:109D4000636C6173733D226C6931223E3C61206813
:109D50007265663D2253544D33325F5254432E7325
:109D600068746D6C223E525443CAB5CAB1CAB1D6AA
:109D7000D33C2F613E3C2F6C693E0D0A20202020F1
:109D8000202020203C6C6920636C6173733D226C41
:109D90006931223E3C6120687265663D22687474B8
:109DA000703A2F2F65626F6172642E74616F626109
:109DB0006F2E636F6D22207461726765743D225F40
:109DC000626C616E6B223EC1AACFB5CED2C3C73CD6
:109DD0002F613E3C2F6C693E0D0A202020203C2F35
:109DE000756C3E0D0A3C2F6469763E0D0A200D0A03
:109DF000203C646976207374796C653D226D6172D4
:109E000067696E2D6C6566743A323070783B223E1D
:109E10000D0A20203C68323E343034202D20506121
:109E20006765206E6F7420666F756E643C2F6832B4
:109E30003E0D0A3C703E2020B7FECEF1C6F7CEB4F0
:109E4000D5D2B5BDC4FAC7EBC7F3B5C4CDF8D2B30C
:109E5000A3A1203C2F703E0D0A3C62723E0D0A3CCD
:109E60002F6469763E0D0A3C2F6469763E0D0A2008
:109E7000203C64697620616C69676E3D2263656E83
:109E800074657222207374796C653D226D6172670E
:109E9000696E2D746F703A323070783B6D61726705
:109EA000696E2D626F74746F6D3A333070783B2237
:109EB0003E0D0A2020203C74723E0D0A20202020F6
:109EC00020202020203C746420616C69676E3D2254
:109ED00063656E746572223E26636F70793B20BFA6
:109EE000AAD4B4B5E7D7D3CDF8283C612068726511
:109EF000663D22687474703A2F2F7777772E6F70D3
:109F0000656E6564762E636F6D222074617267657D
:109F1000743D225F626C616E6B223E4F70656E45D0
:109F200064762E636F6D3C2F613E29207C203C615E
:109F300020687265663D22687474703A2F2F7777B7
:109F4000772E616C69656E74656B2E636F6D2F2261
:109F5000207461726765743D225F626C616E6B2272
:109F60003EB9D8D3DACED2C3C73C2F613E207C2085
:109F70003C61207461726765743D225F626C616E42
:109F80006B2220687265663D22687474703A2F2FC8
:109F90007777772E616C69656E74656B2E636F6D74
:109FA000223EB9D9B7BDCDF8D5BE3C2F613E207C4D
:109FB000203C6120687265663D22687474703A2F97
:109FC0002F776569626F2E636F6D2F752F3239376A
:109FD0003330313933373422207461726765743D10
:109FE000225F626C616E6B223E40D0C2C0CBCEA2BB
:109FF000B2A93C2F613E207C3C6120687265663DC1
:10A0000022687474703A2F2F73686F70363230354F
:10A01000373436392E74616F62616F2E636F6D2F26
:10A0200022207461726765743D225F626C616E6BA1
:10A03000223EB9D9B7BDCCD4B1A6B5EA3C2F613E1A
:10A04000207C3C6120687265663D22687474703AB9
:10A050002F2F7777772E6D696974626569616E2E2F
:10A06000676F762E636E2F22207461726765743D70
:10A07000225F626C616E6B22207374796C653D2285
:10A08000636F6C6F723A233733373537333B746500
:10A0900078742D6465636F726174696F6E3A6E6F68
:10A0A0006E653B223ED4C1494350B1B831323030A5
:10A0B00030343138BAC52D313C2F613E3C2F7464A9
:10A0C0003E20202020202020202020203C2F7472A1
:10A0D0003E20202020203C42523E202020202020D4
:10A0E000202020200D0A203C2F6469763E0D0A3C7A
:10A0F0002F626F64793E0D0A3C2F68746D6C3E2FA1
:10A10000696E6465782E68746D6C00485454502FE5
:10A11000312E3020323030204F4B0D0A536572768D
:10A1200065723A206C7749502F312E332E3120281A
:10A13000687474703A2F2F736176616E6E61682E49
:10A140006E6F6E676E752E6F72672F70726F6A65B5
:10A150006374732F6C776970290D0A436F6E746591
:10A160006E742D747970653A20746578742F6874F4
:10A170006D6C0D0A0D0A3C21444F43545950452043
:10A1800068746D6C205055424C494320222D2F2F6E
:10A190005733432F2F445444205848544D4C2031BA
:10A1A0002E30205472616E736974696F6E616C2F0A
:10A1B0002F454E222022687474703A2F2F777777BC
:10A1C0002E77332E6F72672F54522F7868746D6C10
:10A1D000312F4454442F7868746D6C312D74726142
:10A1E0006E736974696F6E616C2E647464223E0DC7
:10A1F0000A3C68746D6C20786D6C6E733D226874D7
:10A2000074703A2F2F7777772E77332E6F72672FF0
:10A21000313939392F7868746D6C223E0D0A3C68EB
:10A220006561643E0D0A3C6D6574612068747470EC
:10A230002D65717569763D22436F6E74656E742D60
:10A24000547970652220636F6E74656E743D22745C
:10A250006578742F68746D6C3B20636861727365F8
:10A26000743D67623233313222202F3E0D0A3C7436
:10A2700069746C653E414C49454E54454B20B0A233
:10A28000B2A8C2DE53544D333246342F4637BFAAEC
:10A29000B7A2B0E54C574950CAB5C0FD3C2F746910
:10A2A000746C653E0D0A3C7374796C65207479702A
:10A2B000653D22746578742F637373223E0D0A0D19
:10A2C0000A2E756C317B6D617267696E3A303B7036
:10A2D000616464696E673A303B206C6973742D73F6
:10A2E00074796C653A6E6F6E653B7D0D0A2E6C69F4
:10A2F000317B6D617267696E3A303B70616464698D
:10A300006E673A303B206C6973742D7374796C6599
:10A310003A6E6F6E653B7D0D0A2E6D656E757B77AF
:10A32000696474683A3130303070783B68656967C9
:10A3300068743A343870783B6D617267696E3A3090
:10A34000206175746F3B206261636B67726F756E1D
:10A35000643A75726C28696D6167652F7461622E4D
:10A360006A706729207265706561742D783B207D65
:10A370000D0A2E6D656E7520756C7B776964746847
:10A380003A3130303070783B666C6F61743A6C658E
:10A3900066743B6865696768743A343870783B6402
:10A3A0006973706C61793A696E6C696E653B7D0D9D
:10A3B0000A2E6D656E7520756C206C697B776964FB
:10A3C00074683A32303070783B6865696768743A0F
:10A3D000343870783B206C696E652D6865696768F4
:10A3E000743A343870783B20746578742D616C69E8
:10A3F000676E3A63656E7465723B20666C6F61745C
:10A400003A6C6566743B646973706C61793A696E25
:10A410006C696E653B207D0D0A2E6D656E7520752D
:10A420006C206C6920617B77696474683A323030E3
:10A4300070783B6865696768743A343870783B2097
:10A44000666C6F61743A6C6566743B746578742DE4
:10A450006465636F726174696F6E3A6E6F6E653BAF
:10A4600020636F6C6F723A236666663B20666F6E80
:10A47000742D73697A653A313870783B666F6E7403
:10A480002D7765696768743A626F6C643B7D0D0A6D
:10A490002E6D656E7520756C206C6920613A686F51
:10A4A0007665727B206261636B67726F756E643A6A
:10A4B00023464630303030207265706561742D78E7
:10A4C0003B207D09090D0A0D0A2E6C6F676F7B7D9D
:10A4D0000D0A2E626F64797374796C657B207769DD
:10A4E0006474683A3130303070783B206D61726747
:10A4F000696E3A30206175746F3B20206261636B36
:10A5000067726F756E643A236435643564373B7DDA
:10A510000D0A200D0A3C2F7374796C653E0D0A20DC
:10A52000200D0A3C2F686561643E0D0A3C626F6431
:10A530007920636C6173733D22626F6479737479FF
:10A540006C652220203E0D0A3C6469762073747984
:10A550006C653D226261636B67726F756E642D631B
:10A560006F6C6F723A234646464646463B20202291
:10A57000203E0D0A3C64697620636C6173733D2252
:10A580006C6F676F223E0D0A203C696D6720737205
:10A59000633D22696D6167652F686561642E6A702D
:10A5A000672220616C743D22B9E3D6DDCAD0D0C7E2
:10A5B000D2EDB5E7D7D3BFC6BCBCD3D0CFDEB9ABE5
:10A5C000CBBE22207469746C653D22B9E3D6DDCA26
:10A5D000D0D0C7D2EDB5E7D7D3BFC6BCBCD3D0CFA0
:10A5E000DEB9ABCBBE22207374796C653D226D6100
:10A5F0007267696E3A32307078203070782030702F
:10A6000078203070783B22202F3E0D0A200D0A3C26
:10A610002F6469763E0D0A200D0A0D0A3C646976A6
:10A6200020636C6173733D226D656E75223E0D0A69
:10A63000093C756C20636C6173733D22756C31222B
:10A640003E0D0A20202020093C6C6920636C617358
:10A65000733D226C6931223E3C6120687265663D23
:10A6600022696E6465782E68746D6C223ED6F7D2CE
:10A67000B33C2F613E3C2F6C693E0D0A2020202008
:10A68000202020203C6C6920636C6173733D226C38
:10A690006931223E3C6120687265663D2253544D0B
:10A6A00033325F4C45445F4F46465F424545505FFD
:10A6B0004F46462E7368746D6C223E4C45442F42C3
:10A6C000454550BFD8D6C63C2F613E3C2F6C693EF5
:10A6D0000D0A20202020202020203C6C6920636C63
:10A6E0006173733D226C6931223E3C612068726562
:10A6F000663D2253544D33325F4144435F54454DD0
:10A700005045524154452E7368746D6C223E41444D
:10A71000432FC4DAB2BFCEC2B6C8B4ABB8D0C6F706
:10A720003C2F613E3C2F6C693E0D0A2020202020EA
:10A730002020203C6C6920636C6173733D226C693E
:10A7400031223E3C6120687265663D2253544D3390
:10A75000325F5254432E7368746D6C223E525443E0
:10A76000CAB5CAB1CAB1D6D33C2F613E3C2F6C6981
:10A770003E0D0A20202020202020203C6C692063F0
:10A780006C6173733D226C6931223E3C61206872BA
:10A7900065663D22687474703A2F2F65626F61722E
:10A7A000642E74616F62616F2E636F6D222074611D
:10A7B000726765743D225F626C616E6B223EC1AA56
:10A7C000CFB5CED2C3C73C2F613E3C2F6C693E0D46
:10A7D0000A202020203C2F756C3E0D0A3C2F646916
:10A7E000763E0D0A0D0A200D0A3C646976207374CA
:10A7F000796C653D2277696474683A313030307025
:10A80000783B6D617267696E2D6C6566743A357060
:10A81000783B223E0D0A20203C64697620737479CF
:10A820006C653D2277696474683A35383070783BDE
:10A83000666C6F61743A6C6566743B6865696768DD
:10A84000743A34303070783B6D617267696E2D7484
:10A850006F703A313070783B20223E0D0A20202064
:10A86000203C703E414C49454E54454B20B0A2B26D
:10A87000A8C2DE53544D333246342F4637BFAAB7F1
:10A88000A2B0E5CAC7B9E3D6DDD0C7D2EDB5E7D7E8
:10A89000D3BFC6BCBCD3DA32303136C4EA36D4C2F8
:10A8A000B7DDCDC6B3F6B5C4D0C23C62723E0D0A68
:10A8B000202020202020D2BBB4FA53544D333246FE
:10A8C000342F4637C6ECBDA2BFAAB7A2B0E5A1A3FC
:10A8D0003C62723E0D0A2020202020203C2F703E3A
:10A8E0000D0A202020203C703EB0A2B2A8C2DE5348
:10A8F000544D333246342F4637BFAAB7A2B0E5D401
:10A90000D8D7CAD4B4BACDCCD8B5E3B0FCC0A8A3CC
:10A91000BA203C2F703E0D0A202020203C756C3E52
:10A920000D0A202020203C6C693E53544D333246A2
:10A93000343239494754362F37343649475436D69E
:10A94000F7BFD84D4355A3AC314D4220464C41533F
:10A9500048A3AC3136384D2F3231364DD6F7C6B517
:10A960003C2F6C693E200D0A202020203C6C693E63
:10A97000CDE2C0A933324D4220534452414DA3ACE5
:10A9800033324D422053504920464C415348A3ACEA
:10A990003531324D42204E414E4420464C415348C1
:10A9A0003C2F6C693E0D0A202020203C6C693ED66D
:10A9B000A7B3D6D2F4CAD3C6B5B2A5B7C5A3ACC89F
:10A9C000EDBDE25741562F4D50332F464C41432F9A
:10A9D0004150452F415649B5C8D2F4CAD3C6B5B87F
:10A9E000F1CABD3C2F6C693E0D0A202020203C6C32
:10A9F000693ED6A7B3D66C7749502F75634F532F56
:10AA000075634755492F656D57494E2F466174460A
:10AA1000533C2F6C693E0D0A202020203C6C693E7F
:10AA2000D6A7B3D6CBAB5253323332B4AEBFDA2F44
:10AA300052533438352F43414E2F55534220536CD7
:10AA40006176652F55534220486F73743C2F6C69B3
:10AA50003E0D0A202020203C6C693ED6A7B3D64E7E
:10AA600045532F534D53D3CECFB7A3A8C8ABCBD9A3
:10AA70002CB4F8D2F4C6B5A3A93C2F6C693E0D0ADC
:10AA8000202020203C6C693ED6A7B3D6D7D4B6AFE1
:10AA9000CAB6B1F0322E382F332E352F342E332F45
:10AAA00037B4E7B5E7D7E82FB5E7C8DDCABDB4A529
:10AAB000C3FEC6C13C2F6C693E0D0A202020203CFD
:10AAC0006C693ED6A7B3D6CAD6D0B4CAB6B1F02FF9
:10AAD000C6B4D2F4CAE4C8EBB7A82FB4F2B5E7BB4A
:10AAE000B02FCAD5B7A2B6CCD0C53C2F6C693E0DED
:10AAF0000A202020203C6C693ED6A7B3D6BEC5D61E
:10AB0000E1B4ABB8D0C6F7284D50553932353029AD
:10AB1000A3AC444D50264D504CD7CBCCACBDE2CB72
:10AB2000E33C2F6C693E0D0A202020203C6C693EDE
:10AB3000D6A7B3D6353030CDF2B8DFC7E5C9E3CFFD
:10AB4000F1CDB7A3AC4A5045472F424D50C5C4D5AF
:10AB5000D5266E6273703B202020203C2F6C693E0E
:10AB60003C2F756C3E0D0A20203C62723E0D0A207F
:10AB700020B9D8D3DAB0A2B2A8C2DE53544D3332D2
:10AB800046342F4637BFAAB7A2B0E5B5C4CFEACF47
:10AB9000B8BDE9C9DCC7EBD2C6B2BD3C62723E0D9E
:10ABA0000A2020B9D9B7BDCCD4B1A6B5EAC6CC3AF3
:10ABB000203C6120687265663D22687474703A2F8B
:10ABC0002F65626F6172642E74616F62616F2E63B4
:10ABD0006F6D22207461726765743D225F626C61E3
:10ABE0006E6B223E687474703A2F2F65626F6172CB
:10ABF000642E74616F62616F2E636F6D3C2F613ED6
:10AC00003C62723E20200D0A2020BCBCCAF5D6A7AB
:10AC1000B3D6C2DBCCB33A203C6120687265663D96
:10AC200022687474703A2F2F7777772E6F70656E65
:10AC30006564762E636F6D22207461726765743D62
:10AC4000225F626C616E6B223E7777772E6F706544
:10AC50006E6564762E636F6D20BFAAD4B4B5E7D756
:10AC6000D3CDF83C2F613E3C62723E0D0A2020D0CD
:10AC7000C7D2EDB5E7D7D3B9D9CDF83A203C61209A
:10AC8000687265663D22687474703A2F2F77777703
:10AC90002E616C69656E74656B2E636F6D22207416
:10ACA00061726765743D225F626C616E6B223E77F4
:10ACB00077772E616C69656E74656B2E636F6D3C82
:10ACC0002F613E3C62723E0D0A20203C2F64697663
:10ACD0003E0D0A20203C646976207374796C653DD2
:10ACE00022206865696768743A34303070783B6D4B
:10ACF000617267696E2D746F703A313070783B20E5
:10AD000076616C69676E3A63656E7465723B22208A
:10AD10003E0D0A202020203C703E3C696D67207368
:10AD200074796C653D2276616C69676E3A63656E15
:10AD30007465723B22207372633D22696D616765A1
:10AD40002F73746D33322E6A7067223E0D0A2020F5
:10AD500020203C2F703E0D0A202020203C703E26F3
:10AD60006E6273703B3C2F703E0D0A20203C2F64B6
:10AD700069763E0D0A20203C2F6469763E0D0A203C
:10AD80000D0A203C646976207374796C653D2262FB
:10AD900061636B67726F756E642D636F6C6F723A6F
:10ADA000233030363643433B636F6C6F723A236611
:10ADB00066663B2020223E0D0A20202020202020F5
:10ADC0002020202020202020203C683320203E0D01
:10ADD0000A20202020202020202020202020202089
:10ADE0002020203C7370616E203EB0A2B2A8C2DE6B
:10ADF0004C574950C0FDB3CCBDE9C9DC3C2F737042
:10AE0000616E3E0D0A2020202020202020202020BE
:10AE100020202020203C2F68333E0D0A3C2F6469FF
:10AE2000763E0D0A0D0A0D0A3C646976207374792A
:10AE30006C653D226D617267696E2D6C6566743A52
:10AE40003570783B223E0D0A3C62723E0D0AB4CB4F
:10AE500057656220536572766572C0FDB3CCCAC770
:10AE6000BBF9D3DA4C574950205443502F4950D0A6
:10AE7000ADD2E9D5BBB5C4D2BBB8F6BCF2B5A5D34B
:10AE8000A6D3C3A1A3CED2C3C7D0C7D2EDB5E7D74F
:10AE9000D3CCE1B9A9D3D0D2D4CFC2BBF9D3DA4C49
:10AEA000574950205443502F4950D0ADD2E9D5BB1B
:10AEB000C0FDB3CC3C62723E3C62723E0D0A3C73F4
:10AEC00070616E207374796C653D22666F6E742DAF
:10AED00073697A653A323070783B666F6E742D779D
:10AEE00065696768743A626F6C643B223E312ECEAE
:10AEF000DEB2D9D7F7CFB5CDB3B5C4D3A6D3C3C0CF
:10AF0000FDB3CC3C2F7370616E3E3C62723E0D0A05
:10AF10003C756C3E0D0A20203C6C693E57656220F2
:10AF2000536572766572C0FDB3CC3C2F6C693E0DE3
:10AF30000A20203C6C693E544350BFCDBBA7B6CB22
:10AF4000C0FDB3CC3C2F6C693E0D0A20203C6C69DF
:10AF50003E544350B7FECEF1C6F7C0FDB3CC3C2FF4
:10AF60006C693E0D0A20203C6C693E554450C0FD82
:10AF7000B3CC3C2F6C693E0D0A3C2F756C3E0D0A1C
:10AF80003C7370616E207374796C653D22666F6EE0
:10AF9000742D73697A653A323070783B666F6E74DF
:10AFA0002D7765696768743A626F6C643B223E3C3A
:10AFB00062723E322ECAB9D3C3B2D9D7F7CFB5CD5C
:10AFC000B3B5C4D3A6D3C3C0FDB3CC2855434F53A8
:10AFD000293C2F7370616E3E3C62723E0D0A3C75D7
:10AFE0006C3E0D0A20203C6C693EBBF9D3DA206E22
:10AFF0006574636F6E6E20415049B5C45765622019
:10B00000536572766572C0FDB3CC3C2F6C693E0D02
:10B010000A20203C6C693EBBF9D3DA206E6574636C
:10B020006F6E6E20415049B5C4544350BFCDBBA78D
:10B03000B6CBBACDB7FECEF1C6F7C0FDB3CC3C2F30
:10B040006C693E0D0A20203C6C693EBBF9D3DA20C6
:10B050006E6574636F6E6E20415049B5C45544509F
:10B06000C0FDB3CC3C2F6C693E0D0A200D0A3C2F6D
:10B07000756C3E0D0A3C2F6469763E0D0A200D0A60
:10B080000D0A0D0A3C646976207374796C653D2263
:10B090006261636B67726F756E642D636F6C6F7244
:10B0A0003A233030363643433B636F6C6F723A233A
:10B0B0006666663B2020223E0D0A202020202020AC
:10B0C000202020202020202020203C68333E0D0A14
:10B0D0002020202020202020202020202020202070
:10B0E0002020B9D8D3DA4C5749500D0A202020200F
:10B0F0002020202020202020202020203C2F6833CA
:10B100003E0D0A3C2F6469763E0D0A3C6469762048
:10B110007374796C653D226D617267696E2D6C6523
:10B1200066743A3570783B77696474683A313030C8
:10B130003070783B20223E0D0A3C62723E4C7769AB
:10B1400070CAC74C69676874205765696768742856
:10B15000C7E1D0CD294950D0ADD2E92CD3D0CEDE35
:10B16000B2D9D7F7CFB5CDB3B5C4D6A7B3D6B6BC91
:10B17000BFC9D2D4D4CBD0D0A1A34C776970CAB503
:10B18000CFD6B5C4D6D8B5E3CAC7D4DAB1A3B3D63F
:10B19000544350D0ADD2E9D6F7D2AAB9A6C4DCB593
:10B1A000C4BBF9B4A1C9CFBCF5C9D9B6D452414D7D
:10B1B000B5C4D5BCD3C3A3ACCBFCD6BBD0E8D2AA14
:10B1C000CAAEBCB84B42B5C452414DBACD34304B77
:10B1D000D7F3D3D2B5C4524F4DBECDBFC9D2D4D40C
:10B1E000CBD0D02CD5E2CAB94C776970D0ADD2E9BA
:10B1F000D5BBCACABACFD4DAB5CDB6CBB5C4C7B6FB
:10B20000C8EBCABDCFB5CDB3D6D0CAB9D3C3A1A3FD
:10B210004C776970D3C94164616D2044756E6B656C
:10B220006C73B1E0D0B4B5C4D2BBB8F6BFAAD4B485
:10B23000B5C45443502F4950D0ADD2E9D5BBA1A3DA
:10B240003C62723E3C62723E0D0A3C7370616E203D
:10B250007374796C653D22666F6E742D73697A65BF
:10B260003A323070783B666F6E742D776569676827
:10B27000743A626F6C643B223E6C77495020CCD8A4
:10B28000D0D43C2F7370616E3E3C62723E0D0A3C1E
:10B29000756C3E0D0A20203C6C693E495028496E71
:10B2A0007465726E65742050726F746F636F6C2971
:10B2B00020D0ADD2E93C2F6C693E0D0A20203C6CB9
:10B2C000693E49434D5028496E7465726E6574201D
:10B2D000436F6E74726F6C204D6573736167652088
:10B2E00050726F746F636F6C2920D0ADD2E93C2F20
:10B2F0006C693E0D0A20203C6C693E55445028552F
:10B3000073657220446174616772616D2050726F61
:10B31000746F636F6C2920D0ADD2E93C2F6C693E0D
:10B320000D0A20203C6C693E544350285472616ED3
:10B33000736D697373696F6E20436F6E74726F6C97
:10B340002050726F746F636F6C2920D0ADD2E93CCE
:10B350002F6C693E0D0A20203C6C693E726177209B
:10B360004150493C2F6C693E0D0A20203C6C693EDF
:10B37000736F636B6574204150493C2F6C693E0DBF
:10B380000A20203C6C693E444843503C2F6C693E87
:10B390000D0A20203C6C693E5050503C2F6C693E99
:10B3A0000D0A20203C6C693E4152503C2F6C693E96
:10B3B0000D0A3C2F756C3E0D0A3C2F6469763E0DDC
:10B3C0000A200D0A200D0A3C2F6469763E0D0A0DF5
:10B3D0000A203C64697620616C69676E3D22636572
:10B3E0006E74657222207374796C653D226D617292
:10B3F00067696E2D746F703A323070783B6D617290
:10B4000067696E2D626F74746F6D3A333070783B7C
:10B41000223E0D0A2020203C74723E0D0A2020207E
:10B420002020202020203C746420616C69676E3DE0
:10B430002263656E746572223E26636F70793B20CD
:10B44000BFAAD4B4B5E7D7D3CDF8283C6120687241
:10B4500065663D22687474703A2F2F7777772E6F68
:10B4600070656E6564762E636F6D222074617267FD
:10B4700065743D225F626C616E6B223E4F70656E3B
:10B480004564762E636F6D3C2F613E29207C203C05
:10B490006120687265663D22687474703A2F2F7758
:10B4A00077772E616C69656E74656B2E636F6D2F97
:10B4B00022207461726765743D225F626C616E6BFD
:10B4C000223EB9D8D3DACED2C3C73C2F613E207C0E
:10B4D000203C61207461726765743D225F626C611B
:10B4E0006E6B2220687265663D22687474703A2F14
:10B4F0002F7777772E616C69656E74656B2E636F3D
:10B500006D223EB9D9B7BDCDF8D5BE3C2F613E20E6
:10B510007C203C6120687265663D22687474703AD4
:10B520002F2F776569626F2E636F6D2F752F3239FC
:10B5300037333031393337342220746172676574A0
:10B540003D225F626C616E6B223E40D0C2C0CBCEAA
:10B55000A2B2A93C2F613E207C3C612068726566E6
:10B560003D22687474703A2F2F73686F70363230D2
:10B5700035373436392E74616F62616F2E636F6DAB
:10B580002F22207461726765743D225F626C616E68
:10B590006B223EB9D9B7BDCCD4B1A6B5EA3C2F6178
:10B5A0003E207C3C6120687265663D226874747040
:10B5B0003A2F2F7777772E6D696974626569616EAE
:10B5C0002E676F762E636E2F22207461726765740A
:10B5D0003D225F626C616E6B22207374796C653DF5
:10B5E00022636F6C6F723A233733373537333B74CE
:10B5F0006578742D6465636F726174696F6E3A6EFD
:10B600006F6E653B223ED4C1494350B1B8313230F0
:10B610003030343138BAC52D313C2F613E3C2F7467
:10B62000643E20202020202020202020203C2F7439
:10B63000723E20202020203C42523E20202020200C
:10B6400020202020200D0A203C2F6469763E0D0A20
:10B65000200D0A3C2F626F64793E0D0A3C2F6874FE
:10B660006D6C3E2F53544D33325F4144435F54451C
:10B670004D5045524154452E7368746D6C0000481E
:10B680005454502F312E3020323030204F4B0D0A81
:10B690005365727665723A206C7749502F312E339C
:10B6A0002E312028687474703A2F2F736176616E82
:10B6B0006E61682E6E6F6E676E752E6F72672F707B
:10B6C000726F6A656374732F6C776970290D0A4312
:10B6D0006F6E74656E742D747970653A2074657838
:10B6E000742F68746D6C0D0A457870697265733AD1
:10B6F000204672692C203130204170722032303067
:10B70000382031343A30303A303020474D540D0A29
:10B71000507261676D613A206E6F2D636163686579
:10B720000D0A0D0A3C21444F43545950452068747A
:10B730006D6C205055424C494320222D2F2F5733FA
:10B74000432F2F445444205848544D4C20312E3020
:10B75000205472616E736974696F6E616C2F2F452E
:10B760004E222022687474703A2F2F7777772E77C5
:10B77000332E6F72672F54522F7868746D6C312F8F
:10B780004454442F7868746D6C312D7472616E73FB
:10B790006974696F6E616C2E647464223E0A3C2188
:10B7A0002D2D2073617665642066726F6D20757231
:10B7B0006C3D283030343929687474703A2F2F3139
:10B7C00039322E3136382E312E3131322F53544DFD
:10B7D00033325F4144435F54454D504552415445D7
:10B7E0002E7368746D6C202D2D3E0A3C68746D6C50
:10B7F00020786D6C6E733D22687474703A2F2F77C9
:10B8000077772E77332E6F72672F313939392F784A
:10B8100068746D6C223E3C686561643E3C6D657485
:10B820006120687474702D65717569763D22436F6F
:10B830006E74656E742D547970652220636F6E741A
:10B84000656E743D22746578742F68746D6C3B204E
:10B85000636861727365743D47424B223E0A0A3C3D
:10B860006D65746120687474702D65717569763DBD
:10B8700022726566726573682220636F6E74656EEE
:10B88000743D2231223E0A3C7469746C653E414C21
:10B8900049454E54454B20B0A2B2A8C2DE53544D88
:10B8A000333246342F4637BFAAB7A2B0E54C5749CA
:10B8B00050CAB5C0FD3C2F7469746C653E0A3C7378
:10B8C00074796C6520747970653D22746578742F85
:10B8D000637373223E0A0A2E756C317B6D61726749
:10B8E000696E3A303B70616464696E673A303B2040
:10B8F0006C6973742D7374796C653A6E6F6E653B09
:10B900007D0A2E6C69317B6D617267696E3A303BDE
:10B9100070616464696E673A303B206C6973742DA2
:10B920007374796C653A6E6F6E653B7D0A2E6D653A
:10B930006E757B77696474683A3130303070783B6B
:10B940006865696768743A343870783B6D6172670E
:10B95000696E3A30206175746F3B206261636B677A
:10B96000726F756E643A75726C28696D6167652FC8
:10B970007461622E6A706729207265706561742D2A
:10B98000783B207D0A2E6D656E7520756C7B77691E
:10B990006474683A3130303070783B666C6F617433
:10B9A0003A6C6566743B6865696768743A343870E8
:10B9B000783B646973706C61793A696E6C696E6525
:10B9C0003B7D0A2E6D656E7520756C206C697B77EA
:10B9D000696474683A32303070783B6865696768CA
:10B9E000743A343870783B206C696E652D686569EF
:10B9F0006768743A343870783B20746578742D61C8
:10BA00006C69676E3A63656E7465723B20666C6F35
:10BA100061743A6C6566743B646973706C61793A01
:10BA2000696E6C696E653B207D0A2E6D656E7520B2
:10BA3000756C206C6920617B77696474683A323078
:10BA40003070783B6865696768743A343870783B61
:10BA500020666C6F61743A6C6566743B74657874CB
:10BA60002D6465636F726174696F6E3A6E6F6E6597
:10BA70003B20636F6C6F723A236666663B20666F8D
:10BA80006E742D73697A653A313870783B666F6EE3
:10BA9000742D7765696768743A626F6C643B7D0AE0
:10BAA0002E6D656E7520756C206C6920613A686F2B
:10BAB0007665727B206261636B67726F756E643A44
:10BAC00023464630303030207265706561742D78C1
:10BAD0003B207D09090A0A2E6C6F676F7B7D0A2E59
:10BAE000626F64797374796C657B20206D61726715
:10BAF000696E3A30206175746F3B207769647468B1
:10BB00003A3130303070783B206261636B67726F1E
:10BB1000756E643A236435643564373B7D0A200AC8
:10BB20003C2F7374796C653E0A20200A3C2F6865AF
:10BB300061643E0A3C626F647920636C6173733D9B
:10BB400022626F64797374796C65223E0A3C646981
:10BB500076207374796C653D226261636B67726FE6
:10BB6000756E642D636F6C6F723A23464646464687
:10BB7000463B223E0A3C64697620636C6173733DE8
:10BB8000226C6F676F223E0A203C696D67207372DA
:10BB9000633D222F696D6167652F686561642E6A58
:10BBA00070672220616C743D22B9E3D6DDCAD0D023
:10BBB000C7D2EDB5E7D7D3BFC6BCBCD3D0CFDEB9B3
:10BBC000ABCBBE22207469746C653D22B9E3D6DD2F
:10BBD000CAD0D0C7D2EDB5E7D7D3BFC6BCBCD3D08F
:10BBE000CFDEB9ABCBBE22207374796C653D226D7C
:10BBF000617267696E3A3230707820307078203028
:10BC00007078203070783B223E0A200A3C2F64690D
:10BC1000763E0A200A3C64697620636C6173733D4A
:10BC2000226D656E75223E0A093C756C20636C615D
:10BC300073733D22756C31223E0A20202020093C7E
:10BC40006C6920636C6173733D226C6931223E3CE8
:10BC50006120687265663D222F696E6465782E6882
:10BC6000746D6C223ED6F7D2B33C2F613E3C2F6CF4
:10BC7000693E0A20202020202020203C6C6920637F
:10BC80006C6173733D226C6931223E3C61206872A5
:10BC900065663D222F53544D33325F4C45445F4F10
:10BCA00046465F424545505F4F46462E7368746D69
:10BCB0006C223E4C45442F42454550BFD8D6C63C29
:10BCC0002F613E3C2F6C693E0A202020202020203E
:10BCD000203C6C6920636C6173733D226C69312276
:10BCE0003E3C6120687265663D222F53544D3332CD
:10BCF0005F4144435F54454D5045524154452E7376
:10BD000068746D6C223E4144432FC4DAB2BFCEC288
:10BD1000B6C8B4ABB8D0C6F73C2F613E3C2F6C69B7
:10BD20003E0A20202020202020203C6C6920636CCB
:10BD30006173733D226C6931223E3C6120687265FB
:10BD4000663D222F53544D33325F5254432E736855
:10BD5000746D6C223E525443CAB5CAB1CAB1D6D32F
:10BD60003C2F613E3C2F6C693E0A20202020202081
:10BD700020203C6C6920636C6173733D226C6931D7
:10BD8000223E3C6120687265663D22687474703A98
:10BD90002F2F65626F6172642E74616F62616F2E06
:10BDA000636F6D2F22207461726765743D225F623C
:10BDB0006C616E6B223EC1AACFB5CED2C3C73C2FF9
:10BDC000613E3C2F6C693E0A202020203C2F756C80
:10BDD0003E0A3C2F6469763E0A200A3C646976205C
:10BDE0007374796C653D226D617267696E2D746F35
:10BDF000703A333070783B223E0AB4CBD2B3C3E6FC
:10BE0000D3C3C0B4CFD4CABEBFAAB7A2B0E5C9CF0E
:10BE1000B5C4414443B5E7D1B9D6B5BACDC4DAB259
:10BE2000BFCEC2B6C8B4ABB8D0C6F7D6B5A1A320B2
:10BE30000A3C2F6469763E0A0A2020203C64697619
:10BE4000207374796C653D226261636B67726F75F4
:10BE50006E642D636F6C6F723A2330303636434315
:10BE60003B636F6C6F723A236666663B6D61726707
:10BE7000696E2D746F703A333070783B20223E0A21
:10BE800020202020202020202020202020202020B2
:10BE90003C68333E0A202020202020202020202023
:10BEA000202020202020203C7370616E3E5254439D
:10BEB000CAB5CAB1CAB1D6D3CFD4CABE3C2F7370EB
:10BEC000616E3E0A202020202020202020202020DB
:10BED000202020203C2F68333E0A3C2F6469763EA8
:10BEE0000A3C64697620616C69676E3D2263656E09
:10BEF000746572223E0A3C7461626C6520626F72E6
:10BF00006465723D2231222063656C6C70616464EB
:10BF1000696E673D223130223E0A3C74626F64795B
:10BF20003E3C74723E0A20203C746420776964743D
:10BF3000683D22323030223E414443315F43483134
:10BF4000B5E7D1B9D6B53C2F74643E0A20203C74C5
:10BF5000642077696474683D22323030223E3C218F
:10BF60002D2D23742D2D3E6D763C2F74643E0A3C9E
:10BF70002F74723E2020200A3C2F74626F64793E39
:10BF80003C2F7461626C653E0A3C62723E3C627298
:10BF90003E0A3C7461626C6520626F726465723D3A
:10BFA0002231222063656C6C70616464696E673D48
:10BFB000223130223E200A3C74626F64793E3C7428
:10BFC000723E0A20203C74642077696474683D22C4
:10BFD000323030223EC4DAB2BFCEC2B6C8B4ABB83B
:10BFE000D0C6F7D6B53C2F74643E0A20203C74645A
:10BFF0002077696474683D22323030223E3C212D26
:10C000002D23772D2D3EA1E3433C2F74643E0A3C43
:10C010002F74723E0A3C2F74626F64793E3C2F7419
:10C0200061626C653E0A3C62723E3C62723E0A206E
:10C030000A203C2F6469763E0A200A200A3C2F64BD
:10C0400069763E0A203C64697620616C69676E3DC2
:10C050002263656E74657222207374796C653D226B
:10C060006D617267696E2D746F703A323070783B13
:10C070006D617267696E2D626F74746F6D3A3330E3
:10C0800070783B223E0A2020200A202020202020F9
:10C0900020202026233136393B20BFAAD4B4B5E76F
:10C0A000D7D3CDF8284F70656E4564762E636F6DDB
:10C0B00029207C203C6120687265663D226874748A
:10C0C000703A2F2F7777772E616C69656E74656B88
:10C0D0002E636F6D2F22207461726765743D225F3D
:10C0E000626C616E6B223EB9D8D3DACED2C3C73C44
:10C0F0002F613E207C203C61207461726765743D35
:10C10000225F626C616E6B2220687265663D2268F8
:10C110007474703A2F2F7777772E616C69656E741F
:10C12000656B2E636F6D2F223EB9D9B7BDCDF8D5A3
:10C13000BE3C2F613E207C203C6120687265663DDC
:10C1400022687474703A2F2F776569626F2E636F5F
:10C150006D2F752F32393733303139333734222050
:10C160007461726765743D225F626C616E6B223E22
:10C1700040D0C2C0CBCEA2B2A93C2F613E207C3CB5
:10C180006120687265663D22687474703A2F2F735F
:10C19000686F7036323035373436392E74616F62DD
:10C1A000616F2E636F6D2F22207461726765743D1D
:10C1B000225F626C616E6B223EB9D9B7BDCCD4B13F
:10C1C000A6B5EA3C2F613E207C3C61206872656622
:10C1D0003D22687474703A2F2F7777772E6D6969D6
:10C1E00074626569616E2E676F762E636E2F2220F2
:10C1F0007461726765743D225F626C616E6B2220B0
:10C200007374796C653D22636F6C6F723A233733B8
:10C21000373537333B746578742D6465636F7261AD
:10C2200074696F6E3A6E6F6E653B223ED4C14943AE
:10C2300050B1B83132303030343138BAC52D313C9C
:10C240002F613E2020202020202020202020202080
:10C250002020203C62723E20202020202020202010
:10C26000200A203C2F6469763E0A0A3C2F626F64E4
:10C27000793E3C2F68746D6C3E2F53544D33325FC2
:10C280004C45445F4F46465F424545505F4F4646EA
:10C290002E7368746D6C000000485454502F312E7A
:10C2A0003020323030204F4B0D0A53657276657264
:10C2B0003A206C7749502F312E332E312028687464
:10C2C00074703A2F2F736176616E6E61682E6E6F97
:10C2D0006E676E752E6F72672F70726F6A6563740A
:10C2E000732F6C776970290D0A436F6E74656E74D5
:10C2F0002D747970653A20746578742F68746D6C4C
:10C300000D0A457870697265733A204672692C206F
:10C3100031302041707220323030382031343A30A0
:10C32000303A303020474D540D0A507261676D61CC
:10C330003A206E6F2D63616368650D0A0D0A3C211A
:10C34000444F43545950452068746D6C20505542F9
:10C350004C494320222D2F2F5733432F2F44544431
:10C36000205848544D4C20312E30205472616E7349
:10C370006974696F6E616C2F2F454E22202268749C
:10C3800074703A2F2F7777772E77332E6F72672F4F
:10C3900054522F7868746D6C312F4454442F786850
:10C3A000746D6C312D7472616E736974696F6E6136
:10C3B0006C2E647464223E0A3C212D2D207361761C
:10C3C00065642066726F6D2075726C3D2830303563
:10C3D0003229687474703A2F2F3139322E31363841
:10C3E0002E312E3131322F53544D33325F4C454470
:10C3F0005F4F46465F424545505F4F46462E736845
:10C40000746D6C202D2D3E0A3C68746D6C20786D27
:10C410006C6E733D22687474703A2F2F7777772E85
:10C4200077332E6F72672F313939392F7868746DF1
:10C430006C223E3C686561643E3C6D6574612068B9
:10C440007474702D65717569763D22436F6E7465E5
:10C450006E742D547970652220636F6E74656E74EE
:10C460003D22746578742F68746D6C3B206368613D
:10C47000727365743D47424B223E0A0A3C746974EC
:10C480006C653E414C49454E54454B20B0A2B2A884
:10C49000C2DE53544D333246342F4637BFAAB7A2BB
:10C4A000B0E54C574950CAB5C0FD3C2F7469746C57
:10C4B000653E0A3C7374796C6520747970653D2221
:10C4C000746578742F637373223E0A0A2E756C317B
:10C4D0007B6D617267696E3A303B70616464696E4E
:10C4E000673A303B206C6973742D7374796C653ACC
:10C4F0006E6F6E653B7D0A2E6C69317B6D61726774
:10C50000696E3A303B70616464696E673A303B2013
:10C510006C6973742D7374796C653A6E6F6E653BDC
:10C520007D0A2E6D656E757B77696474683A31306B
:10C53000303070783B6865696768743A3438707871
:10C540003B6D617267696E3A30206175746F3B2094
:10C550006261636B67726F756E643A75726C28699D
:10C560006D6167652F7461622E6A7067292072653C
:10C57000706561742D783B207D0A2E6D656E752087
:10C58000756C7B77696474683A3130303070783B11
:10C59000666C6F61743A6C6566743B686569676860
:10C5A000743A343870783B646973706C61793A69B5
:10C5B0006E6C696E653B7D0A2E6D656E7520756CBF
:10C5C000206C697B77696474683A32303070783BEC
:10C5D0006865696768743A343870783B206C696EB6
:10C5E000652D6865696768743A343870783B2074E3
:10C5F0006578742D616C69676E3A63656E746572F7
:10C600003B20666C6F61743A6C6566743B64697359
:10C61000706C61793A696E6C696E653B207D0A2E9B
:10C620006D656E7520756C206C6920617B7769641F
:10C6300074683A32303070783B6865696768743A7C
:10C64000343870783B20666C6F61743A6C65667440
:10C650003B746578742D6465636F726174696F6E85
:10C660003A6E6F6E653B20636F6C6F723A2366663D
:10C67000663B20666F6E742D73697A653A31387047
:10C68000783B666F6E742D7765696768743A626F80
:10C690006C643B7D0A2E6D656E7520756C206C692F
:10C6A00020613A686F7665727B206261636B6772A6
:10C6B0006F756E643A2346463030303020726570B4
:10C6C0006561742D783B207D09090A0A2E6C6F671D
:10C6D0006F7B7D0A2E626F64797374796C657B2041
:10C6E000206D617267696E3A30206175746F3B200E
:10C6F00077696474683A3130303070783B20626119
:10C70000636B67726F756E643A23643564356437A2
:10C710003B7D0A200A3C2F7374796C653E0A202009
:10C720000A3C2F686561643E0A3C626F647920634D
:10C730006C6173733D22626F64797374796C6522E6
:10C740003E0A3C646976207374796C653D226261AF
:10C75000636B67726F756E642D636F6C6F723A23D3
:10C760004646464646463B223E0A3C64697620637E
:10C770006C6173733D226C6F676F223E0A203C69C7
:10C780006D67207372633D222F696D6167652F6845
:10C790006561642E6A70672220616C743D22B9E382
:10C7A000D6DDCAD0D0C7D2EDB5E7D7D3BFC6BCBCA3
:10C7B000D3D0CFDEB9ABCBBE22207469746C653D9B
:10C7C00022B9E3D6DDCAD0D0C7D2EDB5E7D7D3BF03
:10C7D000C6BCBCD3D0CFDEB9ABCBBE22207374793C
:10C7E0006C653D226D617267696E3A3230707820F7
:10C7F00030707820307078203070783B223E0A20EC
:10C800000A3C2F6469763E0A200A3C6469762063FC
:10C810006C6173733D226D656E75223E0A093C752D
:10C820006C20636C6173733D22756C31223E0A206B
:10C83000202020093C6C6920636C6173733D226C7D
:10C840006931223E3C6120687265663D222F696E27
:10C850006465782E68746D6C223ED6F7D2B33C2F97
:10C86000613E3C2F6C693E0A2020202020202020A1
:10C870003C6C6920636C6173733D226C6931223EAC
:10C880003C6120687265663D222F53544D33325F00
:10C890004C45445F4F46465F424545505F4F4646D4
:10C8A0002E7368746D6C223E4C45442F42454550B2
:10C8B000BFD8D6C63C2F613E3C2F6C693E0A202073
:10C8C0002020202020203C6C6920636C6173733D24
:10C8D000226C6931223E3C6120687265663D222FE0
:10C8E00053544D33325F4144435F54454D5045529C
:10C8F0004154452E7368746D6C223E4144432FC4ED
:10C90000DAB2BFCEC2B6C8B4ABB8D0C6F73C2F615E
:10C910003E3C2F6C693E0A20202020202020203C15
:10C920006C6920636C6173733D226C6931223E3CFB
:10C930006120687265663D222F53544D33325F5239
:10C9400054432E7368746D6C223E525443CAB5CA68
:10C95000B1CAB1D6D33C2F613E3C2F6C693E0A2050
:10C96000202020202020203C6C6920636C617373A0
:10C970003D226C6931223E3C6120687265663D2231
:10C98000687474703A2F2F65626F6172642E7461DF
:10C990006F62616F2E636F6D2F2220746172676505
:10C9A000743D225F626C616E6B223EC1AACFB5CE30
:10C9B000D2C3C73C2F613E3C2F6C693E0A20202029
:10C9C000203C2F756C3E0A3C2F6469763E0A200A93
:10C9D0003C646976207374796C653D226D61726781
:10C9E000696E2D746F703A333070783B223E0AB412
:10C9F000CBD2B3C3E6D3C3C0B4BFD8D6C6BFAAB7E1
:10CA0000A2B0E5C9CFB5C44C4544BACDB7E4C3F92B
:10CA1000C6F72CD1A1D4F14C454431BBF242454577
:10CA200050B5C4D7B4CCACA3ACC8BBBAF3B5E3BB68
:10CA3000F7B7A2CBCDB0B4C5A5A1A3B2E9BFB4BF2F
:10CA4000AAB7A2B0E5C9CFB5C4B6D4D3A6B5C44C75
:10CA50004544B5C6CAC7BBF2B7E4C3F9C6F7B7F1D8
:10CA6000B1E4BBAFA1A3200A3C2F6469763E0A3C27
:10CA7000646976207374796C653D227769647468A3
:10CA80003A3130303070783B206261636B67726F8F
:10CA9000756E642D636F6C6F723A23303036364397
:10CAA000433B636F6C6F723A236666663B6D6172DF
:10CAB00067696E2D746F703A333070783B20202296
:10CAC0003E0A20202020202020202020202020205E
:10CAD00020203C68333E0A202020202020202020D7
:10CAE0002020202020202020203C7370616E2073A5
:10CAF00074796C653D22746578742D616C69676E1C
:10CB00003A63656E7465723B223E414C49454E5412
:10CB1000454B2053544D3332BFAAB7A2B0E5CDF8F0
:10CB2000D2B34C4544BFD8D6C63C2F7370616E3E1D
:10CB30000A2020202020202020202020202020200B
:10CB4000203C2F68333E0A3C2F6469763E0A3C64E1
:10CB50006976207374796C653D226D617267696EC8
:10CB60002D746F703A333070783B20746578742D73
:10CB7000616C69676E3A63656E7465723B223E0A4A
:10CB80003C666F726D206D6574686F643D226765E9
:10CB9000742220616374696F6E3D222F6C6564732B
:10CBA0002E636769223E0A2020204C4544313A0A10
:10CBB0002020202020203C696E70757420747970CC
:10CBC000653D22726164696F22206E616D653D2250
:10CBD0004C454431222076616C75653D224C4544BC
:10CBE000314F4E222069643D224C4544315F302252
:10CBF0003E4F4E0A2020202020203C696E70757424
:10CC0000206E616D653D224C45443122207479705F
:10CC1000653D22726164696F222069643D224C4542
:10CC200044315F31222076616C75653D224C45446C
:10CC3000314F46462220636865636B65643D22225E
:10CC40003E4F46463C62723E0A3C62723E0A2020DB
:10CC50003C696E70757420747970653D22737562DD
:10CC60006D697422206E616D653D22627574746F0A
:10CC70006E32222069643D22627574746F6E3222B6
:10CC80002076616C75653D2253454E44223E0A3C38
:10CC90002F666F726D3E0A3C2F6469763E0A0A3C2D
:10CCA000646976207374796C653D22776964746871
:10CCB0003A3130303070783B206261636B67726F5D
:10CCC000756E642D636F6C6F723A23303036364365
:10CCD000433B636F6C6F723A236666663B20223E6D
:10CCE0000A2020202020202020202020202020205A
:10CCF000203C68333E0A20202020202020202020B5
:10CD000020202020202020203C7370616E2073742E
:10CD1000796C653D22746578742D616C69676E3A33
:10CD200063656E7465723B223E414C49454E5445E5
:10CD30004B2053544D3332BFAAB7A2B0E5CDF8D241
:10CD4000B3B7E4C3F9C6F7284245455029BFD8D642
:10CD5000C63C2F7370616E3E0A20202020202020C8
:10CD60002020202020202020203C2F68333E0A3C19
:10CD70002F6469763E0A0A3C646976207374796C84
:10CD8000653D226D617267696E2D746F703A333044
:10CD900070783B20746578742D616C69676E3A63B6
:10CDA000656E7465723B223E0A3C666F726D206E42
:10CDB000616D653D22666F726D3122206D6574680C
:10CDC0006F643D226765742220616374696F6E3DF4
:10CDD000222F626565702E636769223E0A20204219
:10CDE0004545503A0A203C696E707574207479701C
:10CDF000653D22726164696F22206E616D653D221E
:10CE000042454550222076616C75653D224245457C
:10CE1000504F4E222069643D22424545505F3022EA
:10CE20003E4F4E200A203C696E707574206E616D15
:10CE3000653D22424545502220747970653D22723D
:10CE40006164696F222069643D22424545505F312B
:10CE5000222076616C75653D22424545504F46461D
:10CE60002220636865636B65643D22223E4F46461F
:10CE70003C62723E203C62723E0A202020203C69C7
:10CE80006E70757420747970653D227375626D697A
:10CE90007422206E616D653D22627574746F6E221E
:10CEA0002069643D22627574746F6E222076616C15
:10CEB00075653D2253454E44223E200A2020202005
:10CEC0003C62723E0A3C2F666F726D3E0A3C2F64D4
:10CED00069763E0A0A3C2F6469763E0A203C646902
:10CEE0007620616C69676E3D2263656E746572229F
:10CEF000207374796C653D226D617267696E2D7463
:10CF00006F703A323070783B6D617267696E2D6276
:10CF10006F74746F6D3A333070783B223E0A202074
:10CF2000200A2020202020202020202623313639CE
:10CF30003B20BFAAD4B4B5E7D7D3CDF8284F70654E
:10CF40006E4564762E636F6D29207C203C612068DD
:10CF50007265663D22687474703A2F2F7777772E4A
:10CF6000616C69656E74656B2E636F6D2F22207422
:10CF700061726765743D225F626C616E6B223EB9BF
:10CF8000D8D3DACED2C3C73C2F613E207C203C618F
:10CF9000207461726765743D225F626C616E6B2202
:10CFA00020687265663D22687474703A2F2F777717
:10CFB000772E616C69656E74656B2E636F6D2F22C1
:10CFC0003EB9D9B7BDCDF8D5BE3C2F613E207C20FF
:10CFD0003C6120687265663D22687474703A2F2F38
:10CFE000776569626F2E636F6D2F752F3239373316
:10CFF00030313933373422207461726765743D22D1
:10D000005F626C616E6B223E40D0C2C0CBCEA2B2DA
:10D01000A93C2F613E207C3C6120687265663D2200
:10D02000687474703A2F2F73686F703632303537EA
:10D030003436392E74616F62616F2E636F6D2F22EB
:10D04000207461726765743D225F626C616E6B2251
:10D050003EB9D9B7BDCCD4B1A6B5EA3C2F613E20CC
:10D060007C3C6120687265663D22687474703A2F5A
:10D070002F7777772E6D696974626569616E2E67A7
:10D080006F762E636E2F22207461726765743D2265
:10D090005F626C616E6B22207374796C653D2263F4
:10D0A0006F6C6F723A233733373537333B7465789B
:10D0B000742D6465636F726174696F6E3A6E6F6E22
:10D0C000653B223ED4C1494350B1B8313230303093
:10D0D000343138BAC52D313C2F613E20202020202C
:10D0E00020202020202020202020203C62723E2072
:10D0F0002020202020202020200A203C2F64697638
:10D100003E0A0A3C2F626F64793E3C2F68746D6C56
:10D110003E2F53544D33325F4C45445F4F46465F7C
:10D12000424545505F4F4E2E7368746D6C00000091
:10D1300000485454502F312E3020323030204F4B85
:10D140000D0A5365727665723A206C7749502F311B
:10D150002E332E312028687474703A2F2F73617625
:10D16000616E6E61682E6E6F6E676E752E6F726780
:10D170002F70726F6A656374732F6C776970290DF5
:10D180000A436F6E74656E742D747970653A2074FD
:10D190006578742F68746D6C0D0A457870697265D6
:10D1A000733A204672692C2031302041707220324F
:10D1B0003030382031343A30303A303020474D5416
:10D1C0000D0A507261676D613A206E6F2D63616365
:10D1D00068650D0A0D0A3C21444F435459504520BF
:10D1E00068746D6C205055424C494320222D2F2FDE
:10D1F0005733432F2F445444205848544D4C20312A
:10D200002E30205472616E736974696F6E616C2F79
:10D210002F454E222022687474703A2F2F7777772B
:10D220002E77332E6F72672F54522F7868746D6C7F
:10D23000312F4454442F7868746D6C312D747261B1
:10D240006E736974696F6E616C2E647464223E0A39
:10D250003C212D2D2073617665642066726F6D20F0
:10D2600075726C3D283030353529687474703A2FEA
:10D270002F3139322E3136382E312E3131322F6C5A
:10D280006564732E6367693F4C4544313D4C4544AA
:10D29000314F464626627574746F6E323D53454E6B
:10D2A00044202D2D3E0A3C68746D6C20786D6C6EA8
:10D2B000733D22687474703A2F2F7777772E773307
:10D2C0002E6F72672F313939392F7868746D6C225F
:10D2D0003E3C686561643E3C6D65746120687474B1
:10D2E000702D65717569763D22436F6E74656E743D
:10D2F0002D547970652220636F6E74656E743D22C3
:10D30000746578742F68746D6C3B20636861727308
:10D3100065743D47424B223E0A0A3C7469746C6551
:10D320003E414C49454E54454B20B0A2B2A8C2DE06
:10D3300053544D333246342F4637BFAAB7A2B0E517
:10D340004C574950CAB5C0FD3C2F7469746C653E9A
:10D350000A3C7374796C6520747970653D2274653C
:10D3600078742F637373223E0A0A2E756C317B6DBD
:10D37000617267696E3A303B70616464696E673AE6
:10D38000303B206C6973742D7374796C653A6E6FE1
:10D390006E653B7D0A2E6C69317B6D617267696ECB
:10D3A0003A303B70616464696E673A303B206C6967
:10D3B00073742D7374796C653A6E6F6E653B7D0A7C
:10D3C0002E6D656E757B77696474683A31303030E4
:10D3D00070783B6865696768743A343870783B6D7B
:10D3E000617267696E3A30206175746F3B206261CB
:10D3F000636B67726F756E643A75726C28696D61E4
:10D4000067652F7461622E6A706729207265706586
:10D4100061742D783B207D0A2E6D656E7520756CCC
:10D420007B77696474683A3130303070783B666C71
:10D430006F61743A6C6566743B6865696768743AD5
:10D44000343870783B646973706C61793A696E6CDA
:10D45000696E653B7D0A2E6D656E7520756C206C5E
:10D46000697B77696474683A32303070783B6865FC
:10D47000696768743A343870783B206C696E652D42
:10D480006865696768743A343870783B20746578E9
:10D49000742D616C69676E3A63656E7465723B20CA
:10D4A000666C6F61743A6C6566743B646973706C2A
:10D4B00061793A696E6C696E653B207D0A2E6D65F7
:10D4C0006E7520756C206C6920617B776964746867
:10D4D0003A32303070783B6865696768743A34383E
:10D4E00070783B20666C6F61743A6C6566743B744F
:10D4F0006578742D6465636F726174696F6E3A6EDE
:10D500006F6E653B20636F6C6F723A236666663B95
:10D5100020666F6E742D73697A653A313870783B86
:10D52000666F6E742D7765696768743A626F6C64B4
:10D530003B7D0A2E6D656E7520756C206C692061CF
:10D540003A686F7665727B206261636B67726F7594
:10D550006E643A2346463030303020726570656123
:10D56000742D783B207D09090A0A2E6C6F676F7B4A
:10D570007D0A2E626F64797374796C657B20206DEF
:10D58000617267696E3A30206175746F3B2077690C
:10D590006474683A3130303070783B206261636B7C
:10D5A00067726F756E643A236435643564373B7D0A
:10D5B0000A200A3C2F7374796C653E0A20200A3CCD
:10D5C0002F686561643E0A3C626F647920636C6118
:10D5D00073733D22626F64797374796C65223E0ABD
:10D5E0003C646976207374796C653D226261636B7B
:10D5F00067726F756E642D636F6C6F723A23464667
:10D60000464646463B223E0A3C64697620636C618E
:10D6100073733D226C6F676F223E0A203C696D6711
:10D62000207372633D222F696D6167652F686561A4
:10D63000642E6A70672220616C743D22B9E3D6DDE6
:10D64000CAD0D0C7D2EDB5E7D7D3BFC6BCBCD3D004
:10D65000CFDEB9ABCBBE22207469746C653D22B9B4
:10D66000E3D6DDCAD0D0C7D2EDB5E7D7D3BFC6BCAD
:10D67000BCD3D0CFDEB9ABCBBE22207374796C653E
:10D680003D226D617267696E3A3230707820307079
:10D690007820307078203070783B223E0A200A3C97
:10D6A0002F6469763E0A200A3C64697620636C61C7
:10D6B00073733D226D656E75223E0A093C756C20C0
:10D6C000636C6173733D22756C31223E0A20202009
:10D6D00020093C6C6920636C6173733D226C693175
:10D6E000223E3C6120687265663D222F696E64654A
:10D6F000782E68746D6C223ED6F7D2B33C2F613E13
:10D700003C2F6C693E0A20202020202020203C6CE9
:10D710006920636C6173733D226C6931223E3C6108
:10D7200020687265663D222F53544D33325F4C455D
:10D73000445F4F46465F424545505F4F4E2E7368EB
:10D74000746D6C223E4C45442F42454550BFD8D69F
:10D75000C63C2F613E3C2F6C693E0A2020202020D1
:10D760002020203C6C6920636C6173733D226C69DE
:10D7700031223E3C6120687265663D222F53544D34
:10D7800033325F4144435F54454D50455241544507
:10D790002E7368746D6C223E4144432FC4DAB2BFCD
:10D7A000CEC2B6C8B4ABB8D0C6F73C2F613E3C2F52
:10D7B0006C693E0A20202020202020203C6C69201B
:10D7C000636C6173733D226C6931223E3C61206859
:10D7D0007265663D222F53544D33325F5254432EAF
:10D7E0007368746D6C223E525443CAB5CAB1CAB153
:10D7F000D6D33C2F613E3C2F6C693E0A202020206E
:10D80000202020203C6C6920636C6173733D226C86
:10D810006931223E3C6120687265663D22687474FD
:10D82000703A2F2F65626F6172642E74616F62614E
:10D830006F2E636F6D2F22207461726765743D22B5
:10D840005F626C616E6B223EC1AACFB5CED2C3C7F8
:10D850003C2F613E3C2F6C693E0A202020203C2F4B
:10D86000756C3E0A3C2F6469763E0A200A3C646966
:10D8700076207374796C653D226D617267696E2DD7
:10D88000746F703A333070783B223E0AB4CBD2B317
:10D89000C3E6D3C3C0B4BFD8D6C6BFAAB7A2B0E54B
:10D8A000C9CFB5C44C4544BACDB7E4C3F9C6F72CCB
:10D8B000D1A1D4F14C454431BBF242454550B5C4E9
:10D8C000D7B4CCACA3ACC8BBBAF3B5E3BBF7B7A233
:10D8D000CBCDB0B4C5A5A1A3B2E9BFB4BFAAB7A2CE
:10D8E000B0E5C9CFB5C4B6D4D3A6B5C44C4544B58C
:10D8F000C6CAC7BBF2B7E4C3F9C6F7B7F1B1E4BB18
:10D90000AFA1A3200A3C2F6469763E0A3C64697685
:10D91000207374796C653D2277696474683A31309C
:10D92000303070783B206261636B67726F756E6434
:10D930002D636F6C6F723A233030363643433B634E
:10D940006F6C6F723A236666663B6D617267696ED3
:10D950002D746F703A333070783B2020223E0A20BD
:10D960002020202020202020202020202020203C9B
:10D9700068333E0A20202020202020202020202044
:10D980002020202020203C7370616E207374796CFD
:10D99000653D22746578742D616C69676E3A6365C4
:10D9A0006E7465723B223E414C49454E54454B20B6
:10D9B00053544D3332BFAAB7A2B0E5CDF8D2B34C21
:10D9C0004544BFD8D6C63C2F7370616E3E0A2020F6
:10D9D00020202020202020202020202020203C2F1C
:10D9E00068333E0A3C2F6469763E0A3C64697620BF
:10D9F0007374796C653D226D617267696E2D746F09
:10DA0000703A333070783B20746578742D616C699E
:10DA1000676E3A63656E7465723B223E0A3C666FC0
:10DA2000726D206D6574686F643D22676574222095
:10DA3000616374696F6E3D222F6C6564732E63673A
:10DA400069223E0A2020204C4544313A0A202020F9
:10DA50002020203C696E70757420747970653D22B9
:10DA6000726164696F22206E616D653D224C454490
:10DA700031222076616C75653D224C4544314F4E14
:10DA8000222069643D224C4544315F30223E4F4E96
:10DA90000A2020202020203C696E707574206E6161
:10DAA0006D653D224C4544312220747970653D22DC
:10DAB000726164696F222069643D224C4544315F84
:10DAC00031222076616C75653D224C4544314F46CC
:10DAD000462220636865636B65643D22223E4F46A3
:10DAE000463C62723E0A3C62723E0A20203C696EED
:10DAF00070757420747970653D227375626D6974F8
:10DB000022206E616D653D22627574746F6E3222E3
:10DB10002069643D22627574746F6E3222207661D2
:10DB20006C75653D2253454E44223E0A3C2F666F7C
:10DB3000726D3E0A3C2F6469763E0A0A3C6469763F
:10DB4000207374796C653D2277696474683A31306A
:10DB5000303070783B206261636B67726F756E6402
:10DB60002D636F6C6F723A233030363643433B631C
:10DB70006F6C6F723A236666663B20223E0A202055
:10DB800020202020202020202020202020203C6831
:10DB9000333E0A202020202020202020202020206A
:10DBA00020202020203C7370616E207374796C6596
:10DBB0003D22746578742D616C69676E3A63656E99
:10DBC0007465723B223E414C49454E54454B2053AF
:10DBD000544D3332BFAAB7A2B0E5CDF8D2B3B7E403
:10DBE000C3F9C6F7284245455029BFD8D6C63C2FB1
:10DBF0007370616E3E0A20202020202020202020EB
:10DC00002020202020203C2F68333E0A3C2F6469CE
:10DC1000763E0A0A3C646976207374796C653D220D
:10DC20006D617267696E2D746F703A333070783B36
:10DC300020746578742D616C69676E3A63656E74E3
:10DC400065723B223E0A3C666F726D206E616D65A7
:10DC50003D22666F726D3122206D6574686F643D80
:10DC6000226765742220616374696F6E3D222F62A2
:10DC70006565702E636769223E0A20204245455043
:10DC80003A0A203C696E70757420747970653D2283
:10DC9000726164696F22206E616D653D2242454567
:10DCA00050222076616C75653D22424545504F4EAD
:10DCB000222069643D22424545505F30222063683E
:10DCC00065636B65643D22223E4F4E200A203C690D
:10DCD0006E707574206E616D653D2242454550221F
:10DCE00020747970653D22726164696F22206964D5
:10DCF0003D22424545505F31222076616C75653D7D
:10DD000022424545504F4646223E4F46463C6272AF
:10DD10003E203C62723E0A202020203C696E7075D5
:10DD20007420747970653D227375626D6974222068
:10DD30006E616D653D22627574746F6E2220696438
:10DD40003D22627574746F6E222076616C75653D3C
:10DD50002253454E44223E200A202020203C62725D
:10DD60003E0A3C2F666F726D3E0A3C2F6469763E18
:10DD70000A0A3C2F6469763E0A203C646976206179
:10DD80006C69676E3D2263656E74657222207374E0
:10DD9000796C653D226D617267696E2D746F703AA2
:10DDA000323070783B6D617267696E2D626F74748A
:10DDB0006F6D3A333070783B223E0A2020200A20D3
:10DDC000202020202020202026233136393B20BF50
:10DDD000AAD4B4B5E7D7D3CDF8284F70656E4564A3
:10DDE000762E636F6D29207C203C61206872656609
:10DDF0003D22687474703A2F2F7777772E616C69A3
:10DE0000656E74656B2E636F6D2F2220746172676F
:10DE100065743D225F626C616E6B223EB9D8D3DAC5
:10DE2000CED2C3C73C2F613E207C203C6120746170
:10DE3000726765743D225F626C616E6B222068724E
:10DE400065663D22687474703A2F2F7777772E615C
:10DE50006C69656E74656B2E636F6D2F223EB9D948
:10DE6000B7BDCDF8D5BE3C2F613E207C203C612063
:10DE7000687265663D22687474703A2F2F77656901
:10DE8000626F2E636F6D2F752F3239373330313912
:10DE900033373422207461726765743D225F626C8F
:10DEA000616E6B223E40D0C2C0CBCEA2B2A93C2F45
:10DEB000613E207C3C6120687265663D2268747416
:10DEC000703A2F2F73686F703632303537343639E9
:10DED0002E74616F62616F2E636F6D2F22207461EB
:10DEE000726765743D225F626C616E6B223EB9D9C8
:10DEF000B7BDCCD4B1A6B5EA3C2F613E207C3C61D5
:10DF000020687265663D22687474703A2F2F7777A7
:10DF1000772E6D696974626569616E2E676F762E02
:10DF2000636E2F22207461726765743D225F626C9C
:10DF3000616E6B22207374796C653D22636F6C6F28
:10DF4000723A233733373537333B746578742D6431
:10DF500065636F726174696F6E3A6E6F6E653B22B6
:10DF60003ED4C1494350B1B8313230303034313809
:10DF7000BAC52D313C2F613E2020202020202020BA
:10DF800020202020202020203C62723E20202020C3
:10DF90002020202020200A203C2F6469763E0A0A97
:10DFA0003C2F626F64793E3C2F68746D6C3E2F533A
:10DFB000544D33325F4C45445F4F4E5F42454550B0
:10DFC0005F4F46462E7368746D6C00000000485425
:10DFD00054502F312E3020323030204F4B0D0A5309
:10DFE00065727665723A206C7749502F312E332E48
:10DFF000312028687474703A2F2F736176616E6EC9
:10E0000061682E6E6F6E676E752E6F72672F7072FD
:10E010006F6A656374732F6C776970290D0A436F9B
:10E020006E74656E742D747970653A2074657874B9
:10E030002F68746D6C0D0A457870697265733A20AB
:10E040004672692C203130204170722032303038D5
:10E050002031343A30303A303020474D540D0A5098
:10E060007261676D613A206E6F2D63616368650D43
:10E070000A0D0A3C21444F43545950452068746DA1
:10E080006C205055424C494320222D2F2F573343AB
:10E090002F2F445444205848544D4C20312E3020CA
:10E0A0005472616E736974696F6E616C2F2F454E87
:10E0B000222022687474703A2F2F7777772E773367
:10E0C0002E6F72672F54522F7868746D6C312F4405
:10E0D00054442F7868746D6C312D7472616E73695D
:10E0E00074696F6E616C2E647464223E0A3C212D4B
:10E0F0002D2073617665642066726F6D2075726C79
:10E100003D283030353429687474703A2F2F3139F6
:10E11000322E3136382E312E3131322F6C65647308
:10E120002E6367693F4C4544313D4C4544314F4E69
:10E1300026627574746F6E323D53454E44202D2D0A
:10E140003E0A3C68746D6C20786D6C6E733D22687D
:10E150007474703A2F2F7777772E77332E6F72671C
:10E160002F313939392F7868746D6C223E3C6865DF
:10E1700061643E3C6D65746120687474702D6571D6
:10E180007569763D22436F6E74656E742D54797097
:10E19000652220636F6E74656E743D2274657874B9
:10E1A0002F68746D6C3B20636861727365743D47C2
:10E1B000424B223E0A0A3C7469746C653E414C49EC
:10E1C000454E54454B20B0A2B2A8C2DE53544D3345
:10E1D0003246342F4637BFAAB7A2B0E54C57495054
:10E1E000CAB5C0FD3C2F7469746C653E0A3C7374FB
:10E1F000796C6520747970653D22746578742F633D
:10E200007373223E0A0A2E756C317B6D61726769E9
:10E210006E3A303B70616464696E673A303B206CE3
:10E220006973742D7374796C653A6E6F6E653B7D9E
:10E230000A2E6C69317B6D617267696E3A303B7092
:10E24000616464696E673A303B206C6973742D7346
:10E2500074796C653A6E6F6E653B7D0A2E6D656EE6
:10E26000757B77696474683A3130303070783B6818
:10E2700065696768743A343870783B6D61726769B4
:10E280006E3A30206175746F3B206261636B677218
:10E290006F756E643A75726C28696D6167652F746D
:10E2A00061622E6A706729207265706561742D78CD
:10E2B0003B207D0A2E6D656E7520756C7B776964D9
:10E2C00074683A3130303070783B666C6F61743A04
:10E2D0006C6566743B6865696768743A3438707851
:10E2E0003B646973706C61793A696E6C696E653B09
:10E2F0007D0A2E6D656E7520756C206C697B776963
:10E300006474683A32303070783B68656967687465
:10E310003A343870783B206C696E652D68656967A2
:10E3200068743A343870783B20746578742D616C69
:10E3300069676E3A63656E7465723B20666C6F61E7
:10E34000743A6C6566743B646973706C61793A69A0
:10E350006E6C696E653B207D0A2E6D656E7520754D
:10E360006C206C6920617B77696474683A32303064
:10E3700070783B6865696768743A343870783B2018
:10E38000666C6F61743A6C6566743B746578742D65
:10E390006465636F726174696F6E3A6E6F6E653B30
:10E3A00020636F6C6F723A236666663B20666F6E01
:10E3B000742D73697A653A313870783B666F6E7484
:10E3C0002D7765696768743A626F6C643B7D0A2ECD
:10E3D0006D656E7520756C206C6920613A686F768A
:10E3E00065727B206261636B67726F756E643A233E
:10E3F000464630303030207265706561742D783B50
:10E40000207D09090A0A2E6C6F676F7B7D0A2E62D8
:10E410006F64797374796C657B20206D61726769B4
:10E420006E3A30206175746F3B2077696474683A86
:10E430003130303070783B206261636B67726F758A
:10E440006E643A236435643564373B7D0A200A3CA8
:10E450002F7374796C653E0A20200A3C2F68656131
:10E46000643E0A3C626F647920636C6173733D2281
:10E47000626F64797374796C65223E0A3C646976D4
:10E48000207374796C653D226261636B67726F758E
:10E490006E642D636F6C6F723A234646464646465D
:10E4A0003B223E0A3C64697620636C6173733D22B3
:10E4B0006C6F676F223E0A203C696D672073726340
:10E4C0003D222F696D6167652F686561642E6A70F2
:10E4D000672220616C743D22B9E3D6DDCAD0D0C773
:10E4E000D2EDB5E7D7D3BFC6BCBCD3D0CFDEB9AB76
:10E4F000CBBE22207469746C653D22B9E3D6DDCAB7
:10E50000D0D0C7D2EDB5E7D7D3BFC6BCBCD3D0CF30
:10E51000DEB9ABCBBE22207374796C653D226D6190
:10E520007267696E3A3230707820307078203070BF
:10E5300078203070783B223E0A200A3C2F646976AE
:10E540003E0A200A3C64697620636C6173733D2245
:10E550006D656E75223E0A093C756C20636C6173B3
:10E56000733D22756C31223E0A20202020093C6C2C
:10E570006920636C6173733D226C6931223E3C619A
:10E5800020687265663D222F696E6465782E687416
:10E590006D6C223ED6F7D2B33C2F613E3C2F6C69A6
:10E5A0003E0A20202020202020203C6C6920636C23
:10E5B0006173733D226C6931223E3C612068726553
:10E5C000663D222F53544D33325F4C45445F4F4ECE
:10E5D0005F424545505F4F46462E7368746D6C220E
:10E5E0003E4C45442F42454550BFD8D6C63C2F61CE
:10E5F0003E3C2F6C693E0A20202020202020203C19
:10E600006C6920636C6173733D226C6931223E3CFE
:10E610006120687265663D222F53544D33325F414D
:10E6200044435F54454D5045524154452E736874E0
:10E630006D6C223E4144432FC4DAB2BFCEC2B6C88D
:10E64000B4ABB8D0C6F73C2F613E3C2F6C693E0A94
:10E6500020202020202020203C6C6920636C6173E6
:10E66000733D226C6931223E3C6120687265663DD3
:10E67000222F53544D33325F5254432E7368746DBE
:10E680006C223E525443CAB5CAB1CAB1D6D33C2F4C
:10E69000613E3C2F6C693E0A202020202020202053
:10E6A0003C6C6920636C6173733D226C6931223E5E
:10E6B0003C6120687265663D22687474703A2F2F41
:10E6C00065626F6172642E74616F62616F2E636F39
:10E6D0006D2F22207461726765743D225F626C61E8
:10E6E0006E6B223EC1AACFB5CED2C3C73C2F613ECE
:10E6F0003C2F6C693E0A202020203C2F756C3E0A7E
:10E700003C2F6469763E0A200A3C64697620737463
:10E71000796C653D226D617267696E2D746F703A18
:10E72000333070783B223E0AB4CBD2B3C3E6D3C3B6
:10E73000C0B4BFD8D6C6BFAAB7A2B0E5C9CFB5C4CA
:10E740004C4544BACDB7E4C3F9C6F72CD1A1D4F1F6
:10E750004C454431BBF242454550B5C4D7B4CCAC6E
:10E76000A3ACC8BBBAF3B5E3BBF7B7A2CBCDB0B48B
:10E77000C5A5A1A3B2E9BFB4BFAAB7A2B0E5C9CFEE
:10E78000B5C4B6D4D3A6B5C44C4544B5C6CAC7BBF8
:10E79000F2B7E4C3F9C6F7B7F1B1E4BBAFA1A32068
:10E7A0000A3C2F6469763E0A3C646976207374796A
:10E7B0006C653D2277696474683A31303030707826
:10E7C0003B206261636B67726F756E642D636F6C63
:10E7D0006F723A233030363643433B636F6C6F724F
:10E7E0003A236666663B6D617267696E2D746F7061
:10E7F0003A333070783B2020223E0A20202020200F
:10E8000020202020202020202020203C68333E0A89
:10E8100020202020202020202020202020202020F8
:10E8200020203C7370616E207374796C653D227496
:10E830006578742D616C69676E3A63656E74657294
:10E840003B223E414C49454E54454B2053544D3399
:10E8500032BFAAB7A2B0E5CDF8D2B34C4544BFD879
:10E86000D6C63C2F7370616E3E0A202020202020E7
:10E87000202020202020202020203C2F68333E0A0A
:10E880003C2F6469763E0A3C646976207374796C27
:10E89000653D226D617267696E2D746F703A333019
:10E8A00070783B20746578742D616C69676E3A638B
:10E8B000656E7465723B223E0A3C666F726D206D18
:10E8C0006574686F643D22676574222061637469B2
:10E8D0006F6E3D222F6C6564732E636769223E0A5A
:10E8E0002020204C4544313A0A2020202020203C82
:10E8F000696E70757420747970653D227261646907
:10E900006F22206E616D653D224C45443122207698
:10E91000616C75653D224C4544314F4E222069643F
:10E920003D224C4544315F302220636865636B654E
:10E93000643D22223E4F4E0A2020202020203C69A8
:10E940006E707574206E616D653D224C45443122B8
:10E9500020747970653D22726164696F2220696458
:10E960003D224C4544315F31222076616C75653D16
:10E97000224C4544314F4646223E4F46463C627249
:10E980003E0A3C62723E0A20203C696E707574201B
:10E99000747970653D227375626D697422206E61B1
:10E9A0006D653D22627574746F6E32222069643D1C
:10E9B00022627574746F6E32222076616C75653DCB
:10E9C0002253454E44223E0A3C2F666F726D3E0A2A
:10E9D0003C2F6469763E0A0A3C6469762073747938
:10E9E0006C653D2277696474683A313030307078F4
:10E9F0003B206261636B67726F756E642D636F6C31
:10EA00006F723A233030363643433B636F6C6F721C
:10EA10003A236666663B20223E0A202020202020E2
:10EA2000202020202020202020203C68333E0A2067
:10EA300020202020202020202020202020202020D6
:10EA4000203C7370616E207374796C653D2274652F
:10EA500078742D616C69676E3A63656E7465723B9C
:10EA6000223E414C49454E54454B2053544D333280
:10EA7000BFAAB7A2B0E5CDF8D2B3B7E4C3F9C6F7E1
:10EA8000284245455029BFD8D6C63C2F7370616EC9
:10EA90003E0A20202020202020202020202020206E
:10EAA00020203C2F68333E0A3C2F6469763E0A0AD8
:10EAB0003C646976207374796C653D226D61726780
:10EAC000696E2D746F703A333070783B20746578BE
:10EAD000742D616C69676E3A63656E7465723B2272
:10EAE0003E0A3C666F726D206E616D653D22666FF9
:10EAF000726D3122206D6574686F643D22676574A4
:10EB00002220616374696F6E3D222F626565702EED
:10EB1000636769223E0A2020424545503A0A203C5C
:10EB2000696E70757420747970653D2272616469D4
:10EB30006F22206E616D653D224245455022207650
:10EB4000616C75653D22424545504F4E22206964F7
:10EB50003D22424545505F30223E4F4E200A203C28
:10EB6000696E707574206E616D653D224245455039
:10EB70002220747970653D22726164696F22206978
:10EB8000643D22424545505F31222076616C7565B7
:10EB90003D22424545504F46462220636865636BDF
:10EBA00065643D22223E4F46463C62723E203C62F6
:10EBB000723E0A202020203C696E707574207479A2
:10EBC00070653D227375626D697422206E616D659A
:10EBD0003D22627574746F6E222069643D226275F5
:10EBE00074746F6E222076616C75653D2253454EBC
:10EBF00044223E200A202020203C62723E0A3C2F04
:10EC0000666F726D3E0A3C2F6469763E0A0A3C2F9D
:10EC10006469763E0A203C64697620616C69676E9F
:10EC20003D2263656E74657222207374796C653D54
:10EC3000226D617267696E2D746F703A3230707830
:10EC40003B6D617267696E2D626F74746F6D3A33DC
:10EC50003070783B223E0A2020200A2020202020ED
:10EC60002020202026233136393B20BFAAD4B4B53A
:10EC7000E7D7D3CDF8284F70656E4564762E636F65
:10EC80006D29207C203C6120687265663D22687495
:10EC900074703A2F2F7777772E616C69656E746583
:10ECA0006B2E636F6D2F22207461726765743D2235
:10ECB0005F626C616E6B223EB9D8D3DACED2C3C725
:10ECC0003C2F613E207C203C61207461726765743A
:10ECD0003D225F626C616E6B2220687265663D2228
:10ECE000687474703A2F2F7777772E616C69656E30
:10ECF00074656B2E636F6D2F223EB9D9B7BDCDF809
:10ED0000D5BE3C2F613E207C203C61206872656648
:10ED10003D22687474703A2F2F776569626F2E6395
:10ED20006F6D2F752F323937333031393337342205
:10ED3000207461726765743D225F626C616E6B2244
:10ED40003E40D0C2C0CBCEA2B2A93C2F613E207CB7
:10ED50003C6120687265663D22687474703A2F2F9A
:10ED600073686F7036323035373436392E74616FD0
:10ED700062616F2E636F6D2F2220746172676574FC
:10ED80003D225F626C616E6B223EB9D9B7BDCCD4B7
:10ED9000B1A6B5EA3C2F613E207C3C6120687265DB
:10EDA000663D22687474703A2F2F7777772E6D69DD
:10EDB0006974626569616E2E676F762E636E2F22AD
:10EDC000207461726765743D225F626C616E6B22B4
:10EDD000207374796C653D22636F6C6F723A2337D0
:10EDE00033373537333B746578742D6465636F72E0
:10EDF0006174696F6E3A6E6F6E653B223ED4C14995
:10EE00004350B1B83132303030343138BAC52D3199
:10EE10003C2F613E20202020202020202020202068
:10EE2000202020203C62723E202020202020202014
:10EE300020200A203C2F6469763E0A0A3C2F626F2C
:10EE400064793E3C2F68746D6C3E2F53544D3332C1
:10EE50005F4C45445F4F4E5F424545505F4F4E2EDD
:10EE60007368746D6C00485454502F312E3020322A
:10EE70003030204F4B0D0A5365727665723A206C24
:10EE80007749502F312E332E312028687474703A10
:10EE90002F2F736176616E6E61682E6E6F6E676E76
:10EEA000752E6F72672F70726F6A656374732F6C43
:10EEB000776970290D0A436F6E74656E742D7479CD
:10EEC00070653A20746578742F68746D6C0D0A450E
:10EED0007870697265733A204672692C203130204F
:10EEE00041707220323030382031343A30303A308C
:10EEF0003020474D540D0A507261676D613A206EA3
:10EF00006F2D63616368650D0A0D0A3C21444F4310
:10EF1000545950452068746D6C205055424C4943FB
:10EF200020222D2F2F5733432F2F4454442058484D
:10EF3000544D4C20312E30205472616E73697469C7
:10EF40006F6E616C2F2F454E222022687474703AC8
:10EF50002F2F7777772E77332E6F72672F54522F9C
:10EF60007868746D6C312F4454442F7868746D6CDC
:10EF7000312D7472616E736974696F6E616C2E6489
:10EF80007464223E0A3C212D2D2073617665642035
:10EF900066726F6D2075726C3D283030353329688C
:10EFA0007474703A2F2F3139322E3136382E312E7B
:10EFB0003131322F626565702E6367693F42454586
:10EFC000503D424545504F4E26627574746F6E3DFC
:10EFD00053454E44202D2D3E0A3C68746D6C2078BC
:10EFE0006D6C6E733D22687474703A2F2F7777774B
:10EFF0002E77332E6F72672F313939392F78687435
:10F000006D6C223E3C686561643E3C6D65746120B8
:10F01000687474702D65717569763D22436F6E74E6
:10F02000656E742D547970652220636F6E74656E01
:10F03000743D22746578742F68746D6C3B2063682E
:10F0400061727365743D47424B223E0A0A3C746903
:10F05000746C653E414C49454E54454B20B0A2B2BC
:10F06000A8C2DE53544D333246342F4637BFAAB7B9
:10F07000A2B0E54C574950CAB5C0FD3C2F74697425
:10F080006C653E0A3C7374796C6520747970653DDB
:10F0900022746578742F637373223E0A0A2E756C8E
:10F0A000317B6D617267696E3A303B70616464698F
:10F0B0006E673A303B206C6973742D7374796C659C
:10F0C0003A6E6F6E653B7D0A2E6C69317B6D6172A5
:10F0D00067696E3A303B70616464696E673A303BD1
:10F0E000206C6973742D7374796C653A6E6F6E65FC
:10F0F0003B7D0A2E6D656E757B77696474683A3165
:10F1000030303070783B6865696768743A343870BD
:10F11000783B6D617267696E3A30206175746F3B40
:10F12000206261636B67726F756E643A75726C28EA
:10F13000696D6167652F7461622E6A70672920723C
:10F1400065706561742D783B207D0A2E6D656E7546
:10F1500020756C7B77696474683A31303030707830
:10F160003B666C6F61743A6C6566743B6865696791
:10F1700068743A343870783B646973706C61793ABA
:10F18000696E6C696E653B7D0A2E6D656E752075C6
:10F190006C206C697B77696474683A3230307078BF
:10F1A0003B6865696768743A343870783B206C69ED
:10F1B0006E652D6865696768743A343870783B20ED
:10F1C000746578742D616C69676E3A63656E7465F9
:10F1D000723B20666C6F61743A6C6566743B64695F
:10F1E00073706C61793A696E6C696E653B207D0A5B
:10F1F0002E6D656E7520756C206C6920617B77695A
:10F200006474683A32303070783B68656967687456
:10F210003A343870783B20666C6F61743A6C65667E
:10F22000743B746578742D6465636F726174696F83
:10F230006E3A6E6F6E653B20636F6C6F723A236639
:10F2400066663B20666F6E742D73697A653A313855
:10F2500070783B666F6E742D7765696768743A6283
:10F260006F6C643B7D0A2E6D656E7520756C206C2D
:10F270006920613A686F7665727B206261636B67B3
:10F28000726F756E643A23464630303030207265B6
:10F29000706561742D783B207D09090A0A2E6C6F18
:10F2A000676F7B7D0A2E626F64797374796C657BFE
:10F2B00020206D617267696E3A30206175746F3B12
:10F2C0002077696474683A3130303070783B20625E
:10F2D00061636B67726F756E643A2364356435647D
:10F2E000373B7D0A200A3C2F7374796C653E0A20F7
:10F2F000200A3C2F686561643E0A3C626F64792095
:10F30000636C6173733D22626F64797374796C65A9
:10F31000223E0A3C646976207374796C653D2262F2
:10F3200061636B67726F756E642D636F6C6F723A99
:10F33000234646464646463B223E0A3C64697620C2
:10F34000636C6173733D226C6F676F223E0A203CD1
:10F35000696D67207372633D222F696D6167652F48
:10F36000686561642E6A70672220616C743D22B901
:10F37000E3D6DDCAD0D0C7D2EDB5E7D7D3BFC6BC80
:10F38000BCD3D0CFDEB9ABCBBE22207469746C6520
:10F390003D22B9E3D6DDCAD0D0C7D2EDB5E7D7D389
:10F3A000BFC6BCBCD3D0CFDEB9ABCBBE22207374FA
:10F3B000796C653D226D617267696E3A32307078A2
:10F3C0002030707820307078203070783B223E0AF0
:10F3D000200A3C2F6469763E0A200A3C6469762044
:10F3E000636C6173733D226D656E75223E0A093C44
:10F3F000756C20636C6173733D22756C31223E0A1B
:10F4000020202020093C6C6920636C6173733D22CD
:10F410006C6931223E3C6120687265663D222F692D
:10F420006E6465782E68746D6C223ED6F7D2B33C5C
:10F430002F613E3C2F6C693E0A2020202020202096
:10F44000203C6C6920636C6173733D226C693122CE
:10F450003E3C6120687265663D222F53544D333225
:10F460005F4C45445F4F4E5F424545505F4F4E2EC7
:10F470007368746D6C223E4C45442F42454550BF25
:10F48000D8D6C63C2F613E3C2F6C693E0A20202016
:10F4900020202020203C6C6920636C6173733D2226
:10F4A0006C6931223E3C6120687265663D222F53B3
:10F4B000544D33325F4144435F54454D50455241B2
:10F4C00054452E7368746D6C223E4144432FC4DA58
:10F4D000B2BFCEC2B6C8B4ABB8D0C6F73C2F613EFF
:10F4E0003C2F6C693E0A20202020202020203C6CEC
:10F4F0006920636C6173733D226C6931223E3C610B
:10F5000020687265663D222F53544D33325F52544A
:10F51000432E7368746D6C223E525443CAB5CAB10F
:10F52000CAB1D6D33C2F613E3C2F6C693E0A2020E5
:10F530002020202020203C6C6920636C6173733D87
:10F54000226C6931223E3C6120687265663D22680A
:10F550007474703A2F2F65626F6172642E74616FDC
:10F5600062616F2E636F6D2F222074617267657404
:10F570003D225F626C616E6B223EC1AACFB5CED2D6
:10F58000C3C73C2F613E3C2F6C693E0A20202020DF
:10F590003C2F756C3E0A3C2F6469763E0A200A3C7B
:10F5A000646976207374796C653D226D6172676958
:10F5B0006E2D746F703A333070783B223E0AB4CBB4
:10F5C000D2B3C3E6D3C3C0B4BFD8D6C6BFAAB7A20E
:10F5D000B0E5C9CFB5C44C4544BACDB7E4C3F9C60C
:10F5E000F72CD1A1D4F14C454431BBF242454550F2
:10F5F000B5C4D7B4CCACA3ACC8BBBAF3B5E3BBF7C6
:10F60000B7A2CBCDB0B4C5A5A1A3B2E9BFB4BFAA80
:10F61000B7A2B0E5C9CFB5C4B6D4D3A6B5C44C45DE
:10F6200044B5C6CAC7BBF2B7E4C3F9C6F7B7F1B170
:10F63000E4BBAFA1A3200A3C2F6469763E0A3C6478
:10F640006976207374796C653D2277696474683AD1
:10F650003130303070783B206261636B67726F7558
:10F660006E642D636F6C6F723A23303036364343CD
:10F670003B636F6C6F723A236666663B6D617267BF
:10F68000696E2D746F703A333070783B2020223EC3
:10F690000A20202020202020202020202020202080
:10F6A000203C68333E0A20202020202020202020DB
:10F6B00020202020202020203C7370616E20737455
:10F6C000796C653D22746578742D616C69676E3A5A
:10F6D00063656E7465723B223E414C49454E54450C
:10F6E0004B2053544D3332BFAAB7A2B0E5CDF8D268
:10F6F000B34C4544BFD8D6C63C2F7370616E3E0AEA
:10F7000020202020202020202020202020202020F9
:10F710003C2F68333E0A3C2F6469763E0A3C64699C
:10F7200076207374796C653D226D617267696E2D08
:10F73000746F703A333070783B20746578742D6143
:10F740006C69676E3A63656E7465723B223E0A3C73
:10F75000666F726D206D6574686F643D22676574B5
:10F760002220616374696F6E3D222F6C6564732E75
:10F77000636769223E0A2020204C4544313A0A2022
:10F7800020202020203C696E70757420747970658B
:10F790003D22726164696F22206E616D653D224C6D
:10F7A000454431222076616C75653D224C454431DB
:10F7B0004F4E222069643D224C4544315F30222067
:10F7C000636865636B65643D22223E4F4E0A2020CC
:10F7D000202020203C696E707574206E616D653D3F
:10F7E000224C4544312220747970653D2272616457
:10F7F000696F222069643D224C4544315F312220EB
:10F8000076616C75653D224C4544314F4646223E3B
:10F810004F46463C62723E0A3C62723E0A20203CE1
:10F82000696E70757420747970653D227375626DB0
:10F83000697422206E616D653D22627574746F6E0D
:10F8400032222069643D22627574746F6E32222008
:10F8500076616C75653D2253454E44223E0A3C2F2D
:10F86000666F726D3E0A3C2F6469763E0A0A3C64FC
:10F870006976207374796C653D2277696474683A9F
:10F880003130303070783B206261636B67726F7526
:10F890006E642D636F6C6F723A233030363643439B
:10F8A0003B636F6C6F723A236666663B20223E0AAA
:10F8B0002020202020202020202020202020202048
:10F8C0003C68333E0A2020202020202020202020B9
:10F8D000202020202020203C7370616E20737479DA
:10F8E0006C653D22746578742D616C69676E3A634E
:10F8F000656E7465723B223E414C49454E54454B02
:10F900002053544D3332BFAAB7A2B0E5CDF8D2B3DD
:10F91000B7E4C3F9C6F7284245455029BFD8D6C633
:10F920003C2F7370616E3E0A202020202020202072
:10F9300020202020202020203C2F68333E0A3C2F0E
:10F940006469763E0A0A3C646976207374796C6552
:10F950003D226D617267696E2D746F703A3330703D
:10F96000783B20746578742D616C69676E3A6365C5
:10F970006E7465723B223E0A3C666F726D206E614A
:10F980006D653D22666F726D3122206D6574686F02
:10F99000643D226765742220616374696F6E3D2245
:10F9A0002F626565702E636769223E0A20204245FA
:10F9B00045503A0A203C696E707574207479706500
:10F9C0003D22726164696F22206E616D653D224245
:10F9D000454550222076616C75653D224245455073
:10F9E0004F4E222069643D22424545505F3022201F
:10F9F000636865636B65643D22223E4F4E200A209A
:10FA00003C696E707574206E616D653D224245459E
:10FA1000502220747970653D22726164696F2220E2
:10FA200069643D22424545505F31222076616C7504
:10FA3000653D22424545504F4646223E4F46463C94
:10FA400062723E203C62723E0A202020203C696E99
:10FA500070757420747970653D227375626D697478
:10FA600022206E616D653D22627574746F6E222076
:10FA700069643D22627574746F6E222076616C75C4
:10FA8000653D2253454E44223E200A202020203C42
:10FA900062723E0A3C2F666F726D3E0A3C2F6469AB
:10FAA000763E0A0A3C2F6469763E0A203C646976F9
:10FAB00020616C69676E3D2263656E7465722220F9
:10FAC0007374796C653D226D617267696E2D746F18
:10FAD000703A323070783B6D617267696E2D626F7B
:10FAE00074746F6D3A333070783B223E0A202020C8
:10FAF0000A20202020202020202026233136393BB8
:10FB000020BFAAD4B4B5E7D7D3CDF8284F70656E1F
:10FB10004564762E636F6D29207C203C61206872DD
:10FB200065663D22687474703A2F2F7777772E615F
:10FB30006C69656E74656B2E636F6D2F2220746126
:10FB4000726765743D225F626C616E6B223EB9D84C
:10FB5000D3DACED2C3C73C2F613E207C203C61204B
:10FB60007461726765743D225F626C616E6B222006
:10FB7000687265663D22687474703A2F2F777777C4
:10FB80002E616C69656E74656B2E636F6D2F223EFE
:10FB9000B9D9B7BDCDF8D5BE3C2F613E207C203C05
:10FBA0006120687265663D22687474703A2F2F7701
:10FBB0006569626F2E636F6D2F752F323937333061
:10FBC000313933373422207461726765743D225FA6
:10FBD000626C616E6B223E40D0C2C0CBCEA2B2A995
:10FBE0003C2F613E207C3C6120687265663D226846
:10FBF0007474703A2F2F73686F7036323035373423
:10FC000036392E74616F62616F2E636F6D2F222003
:10FC10007461726765743D225F626C616E6B223E37
:10FC2000B9D9B7BDCCD4B1A6B5EA3C2F613E207C92
:10FC30003C6120687265663D22687474703A2F2FAB
:10FC40007777772E6D696974626569616E2E676F6B
:10FC5000762E636E2F22207461726765743D225F79
:10FC6000626C616E6B22207374796C653D22636FE8
:10FC70006C6F723A233733373537333B746578749A
:10FC80002D6465636F726174696F6E3A6E6F6E6535
:10FC90003B223ED4C1494350B1B8313230303034C8
:10FCA0003138BAC52D313C2F613E20202020202044
:10FCB000202020202020202020203C62723E202076
:10FCC00020202020202020200A203C2F6469763E1E
:10FCD0000A0A3C2F626F64793E3C2F68746D6C3E5B
:10FCE0002F53544D33325F5254432E7368746D6CEE
:10FCF00000000000485454502F312E302032303054
:10FD0000204F4B0D0A5365727665723A206C774925
:10FD1000502F312E332E312028687474703A2F2FD3
:10FD2000736176616E6E61682E6E6F6E676E752E92
:10FD30006F72672F70726F6A656374732F6C776967
:10FD400070290D0A436F6E74656E742D7479706539
:10FD50003A20746578742F68746D6C0D0A4578705C
:10FD6000697265733A204672692C203130204170E7
:10FD70007220323030382031343A30303A3030204E
:10FD8000474D540D0A507261676D613A206E6F2DB8
:10FD900063616368650D0A0D0A3C21444F43545961
:10FDA00050452068746D6C205055424C49432022C8
:10FDB0002D2F2F5733432F2F445444205848544D50
:10FDC0004C20312E30205472616E736974696F6EED
:10FDD000616C2F2F454E222022687474703A2F2FA9
:10FDE0007777772E77332E6F72672F54522F78687C
:10FDF000746D6C312F4454442F7868746D6C312DC0
:10FE00007472616E736974696F6E616C2E64746470
:10FE1000223E0A3C212D2D20736176656420667296
:10FE20006F6D2075726C3D283030333929687474D9
:10FE3000703A2F2F3139322E3136382E312E313162
:10FE4000322F53544D33325F5254432E7368746DC6
:10FE50006C202D2D3E0A3C68746D6C20786D6C6EA4
:10FE6000733D22687474703A2F2F7777772E77332B
:10FE70002E6F72672F313939392F7868746D6C2283
:10FE80003E3C686561643E3C6D65746120687474D5
:10FE9000702D65717569763D22436F6E74656E7461
:10FEA0002D547970652220636F6E74656E743D22E7
:10FEB000746578742F68746D6C3B2063686172732D
:10FEC00065743D47424B223E0A0A3C6D65746120D1
:10FED000687474702D65717569763D2272656672FD
:10FEE0006573682220636F6E74656E743D223122E3
:10FEF0003E0A3C7469746C653E414C49454E54451C
:10FF00004B20B0A2B2A8C2DE53544D333246342F38
:10FF10004637BFAAB7A2B0E54C574950CAB5C0FD95
:10FF20003C2F7469746C653E0A3C7374796C65206F
:10FF3000747970653D22746578742F637373223E03
:10FF40000A0A2E756C317B6D617267696E3A303BBF
:10FF500070616464696E673A303B206C6973742D1C
:10FF60007374796C653A6E6F6E653B7D0A2E6C69B1
:10FF7000317B6D617267696E3A303B7061646469B0
:10FF80006E673A303B206C6973742D7374796C65BD
:10FF90003A6E6F6E653B7D0A2E6D656E757B776977
:10FFA0006474683A3130303070783B6865696768EE
:10FFB000743A343870783B6D617267696E3A3020FC
:10FFC0006175746F3B206261636B67726F756E64FD
:10FFD0003A75726C28696D6167652F7461622E6A6B
:10FFE000706729207265706561742D783B207D0AE9
:10FFF0002E6D656E7520756C7B77696474683A3117
:020000040803EF
:1000000030303070783B666C6F61743A6C65667442
:100010003B6865696768743A343870783B64697323
:10002000706C61793A696E6C696E653B7D0A2E6D04
:10003000656E7520756C206C697B77696474683AAD
:1000400032303070783B6865696768743A3438706C
:10005000783B206C696E652D6865696768743A3411
:100060003870783B20746578742D616C69676E3ADE
:1000700063656E7465723B20666C6F61743A6C6583
:1000800066743B646973706C61793A696E6C696E11
:10009000653B207D0A2E6D656E7520756C206C6940
:1000A00020617B77696474683A32303070783B68DD
:1000B00065696768743A343870783B20666C6F61A4
:1000C000743A6C6566743B746578742D6465636F0F
:1000D000726174696F6E3A6E6F6E653B20636F6C10
:1000E0006F723A236666663B20666F6E742D736985
:1000F0007A653A313870783B666F6E742D77656932
:100100006768743A626F6C643B7D0A2E6D656E752C
:1001100020756C206C6920613A686F7665727B206F
:100120006261636B67726F756E643A234646303066
:100130003030207265706561742D783B207D09092F
:100140000A0A2E6C6F676F7B7D0A2E626F6479736B
:1001500074796C657B20206D617267696E3A30201E
:100160006175746F3B2077696474683A3130303060
:1001700070783B206261636B67726F756E643A23BF
:100180006435643564373B7D0A200A200A3C2F73AE
:1001900074796C653E0A20200A3C2F686561643ED4
:1001A0000A3C626F647920636C6173733D22626FF5
:1001B00064797374796C65223E0A3C6469762073B5
:1001C00074796C653D226261636B67726F756E64F2
:1001D0002D636F6C6F723A234646464646463B2077
:1001E000223E0A3C64697620636C6173733D226C25
:1001F0006F676F223E0A203C696D67207372633D12
:10020000222F696D6167652F686561642E6A70676A
:100210002220616C743D22B9E3D6DDCAD0D0C7D2AA
:10022000EDB5E7D7D3BFC6BCBCD3D0CFDEB9ABCB1F
:10023000BE22207469746C653D22B9E3D6DDCAD054
:10024000D0C7D2EDB5E7D7D3BFC6BCBCD3D0CFDEC5
:10025000B9ABCBBE22207374796C653D226D61729F
:1002600067696E3A3230707820307078203070785C
:10027000203070783B223E0A200A3C2F6469763E8B
:100280000A200A3C64697620636C6173733D226DB9
:10029000656E75223E0A093C756C20636C61737350
:1002A0003D22756C31223E0A20202020093C6C69D9
:1002B00020636C6173733D226C6931223E3C612086
:1002C000687265663D222F696E6465782E68746D6C
:1002D0006C223ED6F7D2B33C2F613E3C2F6C693E78
:1002E0000A20202020202020203C6C6920636C61A3
:1002F00073733D226C6931223E3C612068726566F1
:100300003D222F53544D33325F4C45445F4F464698
:100310005F424545505F4F46462E7368746D6C22B0
:100320003E4C45442F42454550BFD8D6C63C2F6170
:100330003E3C2F6C693E0A20202020202020203CBB
:100340006C6920636C6173733D226C6931223E3CA1
:100350006120687265663D222F53544D33325F41F0
:1003600044435F54454D5045524154452E73687483
:100370006D6C223E4144432FC4DAB2BFCEC2B6C830
:10038000B4ABB8D0C6F73C2F613E3C2F6C693E0A37
:1003900020202020202020203C6C6920636C617389
:1003A000733D226C6931223E3C6120687265663D76
:1003B000222F53544D33325F5254432E7368746D61
:1003C0006C223E525443CAB5CAB1CAB1D6D33C2FEF
:1003D000613E3C2F6C693E0A2020202020202020F6
:1003E0003C6C6920636C6173733D226C6931223E01
:1003F0003C6120687265663D22687474703A2F2FE4
:1004000065626F6172642E74616F62616F2E636FDB
:100410006D2F22207461726765743D225F626C618A
:100420006E6B223EC1AACFB5CED2C3C73C2F613E70
:100430003C2F6C693E0A202020203C2F756C3E0A20
:100440003C2F6469763E0A200A0A3C646976207370
:1004500074796C653D226D617267696E2D746F7081
:100460003A333070783B223E0AB4CBD2B3C3E6D3E2
:10047000C3C0B4CFD4CABEBFAAB7A2B0E5C9CF52D9
:100480005443CAB5CAB1CAB1D6D3CAB1BCE4D6B511
:10049000A1A30A3C2F6469763E0A3C646976207306
:1004A00074796C653D226261636B67726F756E640F
:1004B0002D636F6C6F723A233030363643433B63A3
:1004C0006F6C6F723A236666663B6D617267696E28
:1004D0002D746F703A333070783B2020223E0A2012
:1004E0002020202020202020202020202020203CF0
:1004F00068333E0A20202020202020202020202099
:100500002020202020203C7370616E3E525443CA4C
:10051000B5CAB1CAB1D6D3CFD4CABE3C2F737061AD
:100520006E3E0A2020202020202020202020202075
:100530002020203C2F68333E0A3C2F6469763E0A17
:100540000A3C64697620616C69676E3D2263656E62
:10055000746572223E0A3C7461626C6520626F723F
:100560006465723D2231222063656C6C7061646445
:10057000696E673D223130223E0A3C74626F6479B5
:100580003E3C74723E0A20203C7464207769647497
:10059000683D22323030223EB5B1C7B0CAB1BCE4AA
:1005A0003C2F74643E0A20203C7464207769647494
:1005B000683D22323030223E3C212D2D23682D2DE6
:1005C0003E3C2F74643E0A3C2F74723E2020200A69
:1005D0003C2F74626F64793E3C2F7461626C653E9F
:1005E0000A3C62723E3C62723E0A3C7461626C6517
:1005F00020626F726465723D2231222063656C6CEB
:1006000070616464696E673D223130223E200A3C8D
:1006100074626F64793E3C74723E0A20203C7464BC
:100620002077696474683D22323030223EB5B1C70C
:10063000B0C8D5C6DA3C2F74643E0A20203C7464EE
:100640002077696474683D22323030223E3C212D8F
:100650002D23792D2D3E3C2F74643E0A3C2F74725D
:100660003E0A3C2F74626F64793E3C2F7461626C69
:10067000653E0A3C62723E3C62723E0A200A203CA1
:100680002F6469763E0A200A200A3C2F6469763E70
:100690000A203C64697620616C69676E3D2263655F
:1006A0006E74657222207374796C653D226D61727F
:1006B00067696E2D746F703A323070783B6D61727D
:1006C00067696E2D626F74746F6D3A333070783B6A
:1006D000223E0A2020200A20202020202020202026
:1006E00026233136393B20BFAAD4B4B5E7D7D3CDC2
:1006F000F8284F70656E4564762E636F6D29207CF7
:10070000203C6120687265663D22687474703A2FDF
:100710002F7777772E616C69656E74656B2E636FCA
:100720006D2F22207461726765743D225F626C6177
:100730006E6B223EB9D8D3DACED2C3C73C2F613E0E
:10074000207C203C61207461726765743D225F6289
:100750006C616E6B2220687265663D2268747470ED
:100760003A2F2F7777772E616C69656E74656B2EE3
:10077000636F6D2F223EB9D9B7BDCDF8D5BE3C2FE2
:10078000613E207C203C6120687265663D22687471
:1007900074703A2F2F776569626F2E636F6D2F75B6
:1007A0002F32393733303139333734222074617284
:1007B0006765743D225F626C616E6B223E40D0C201
:1007C000C0CBCEA2B2A93C2F613E207C3C61206808
:1007D0007265663D22687474703A2F2F73686F706B
:1007E00036323035373436392E74616F62616F2E90
:1007F000636F6D2F22207461726765743D225F62A2
:100800006C616E6B223EB9D9B7BDCCD4B1A6B5EA46
:100810003C2F613E207C3C6120687265663D226809
:100820007474703A2F2F7777772E6D6969746265CB
:1008300069616E2E676F762E636E2F22207461724F
:100840006765743D225F626C616E6B222073747900
:100850006C653D22636F6C6F723A233733373537DF
:10086000333B746578742D6465636F726174696F6E
:100870006E3A6E6F6E653B223ED4C1494350B1B8AB
:100880003132303030343138BAC52D313C2F613EF1
:100890002020202020202020202020202020202058
:1008A0003C62723E202020202020202020200A2090
:1008B0003C2F6469763E0A0A3C2F626F64793E3CA5
:1008C0002F68746D6C3E000000000000846F01080A
:1008D000946F0108F163000001000000C8080308DC
:1008E00085D3010899D301088BBD000001000000E9
:1008F000DC0803082491020834910208CF050000A7
:1009000001000000F0080308039702080F9702088F
:10091000F00900000100000004090308FFA002081C
:100920000BA1020858150000010000001809030877
:1009300063B602087FB60208FA0B0000010000004F
:100940002C09030879C2020899C20208780E000037
:10095000010000004009030811D1020831D102084A
:100960007D0E00000100000054090308AEDF0208FC
:10097000CEDF02087C0E00000100000068090308B9
:100980004AEE020866EE02087A0E0000010000003E
:100990007C090308E0FC0208F4FC0208D20B00000A
:1009A00001000000C40B0308CC0B0308F00B030884
:1009B00001000000D00B0308010000001C0C03081C
:1009C00001000000E40B030800000000100C030805
:1009D00000000000400C03080D880008340C0308D8
:1009E0008D0E0008FFFFFFFFFFFF0000000000006A
:1009F00000000000FFFFFFFF1C00200094001C000F
:100A00001000200018001000100008060400060066
:100A10000A0006000F0005000F0008000A000A0087
:100A200003060C18306078007C0C0308A40C030843
:100A3000C40C0308840C0308700C0308580C03084A
:100A4000640C0308B80C0308900C0308980C030806
:100A5000AC0C030801020304050607070707070794
:100A60000700000038020024340200243C02002465
:100A70004002002430313233343536373839414280
:100A800043444546403058003031323334353637F0
:100A9000383961626364656640307800040000089C
:100AA0000000000000000002000100001000000033
:100AB0003F000000646563006964000072756E7435
:100AC000696D650068656C70000000006C69737486
:100AD0000000000068657800766F696420777269AD
:100AE00074655F6164647228753332206164647276
:100AF0002C7533322076616C29000000753332206A
:100B0000726561645F616464722875333220616468
:100B100064722900766F69642064656C61795F6D29
:100B20007328753136206E6D73290000766F696405
:100B30002064656C61795F757328753332206E753A
:100B40007329000041706F6C6C6F2053544D333229
:100B500046342F46372054435020436C69656E74E9
:100B60002073656E6420646174610D0A00000000EA
:100B700041706F6C6C6F2053544D333246342F46A6
:100B80003720544350205365727665722073656E2A
:100B90006420646174610D0A0000000041706F6C94
:100BA0006C6F2053544D333246342F463720554412
:100BB000502064656D6F2073656E6420646174619C
:100BC0000D0A00003C212D2D230000002D2D3E009C
:100BD0002F696E6465782E73736900002E737369D4
:100BE000000000002F696E6465782E68746D6C00DB
:100BF0002F696E6465782E7368746D6C0000000058
:100C00002E7368746D6C00002E786D6C000000000F
:100C10002F696E6465782E68746D00002F696E64AC
:100C200065782E7368746D002E7368746D00000013
:100C3000680000002F626565702E63676900000020
:100C40002F6C6564732E63676900000074000000F8
:100C5000770000007900000046494E5F5741495433
:100C60005F31000046494E5F574149545F320000F2
:100C700045535441424C495348454400434C4F531B
:100C80004544000053594E5F524356440000000053
:100C9000434C4F53494E47004C4153545F41434BE3
:100CA000000000004C495354454E000054494D4546
:100CB0005F57414954000000434C4F53455F574133
:100CC0004954000053594E5F53454E5400000000F4
:100CD000F00C03080000002478020000D402000891
:100CE000A00D0308780200245844030030030008D4
:100CF000113C90D00304B132019A100C312AFF014B
:100D0000811369D914081DDA1408C006122434406E
:100D10001FC02620C086022413E3C112F042201E09
:100D2000B00A0308C4041ACC041AB8041AD4041A6A
:100D3000B4041ABC0413F1E01B08FC081EE92701E7
:100D400008D8081381A21F08140B03089D081A2C49
:100D5000082274180F24411F0108ED180108811999
:100D60000108A10C7A048B01E645440B03085A7074
:100D7000085A9C0801111D0C030828041ADC201ACB
:100D800008081A4C041A50041A30041A5404012694
:100D90000321CDAB22C003436E1919484100000066
:040000050800029954
:00000001FF
