:020000040800F2
:10000000087E00209D0100086D1F0008EF1E0008FB
:10001000691F0008290300083724000800000000B9
:100020000000000000000000000000009720000811
:100030002D0300080000000095200008992000080A
:10004000B7010008B7010008B7010008B7010008B0
:10005000B7010008B7010008B7010008B7010008A0
:10006000B7010008B7010008B7010008B701000890
:10007000B7010008B7010008B7010008B701000880
:10008000B7010008B7010008B7010008B701000870
:10009000B7010008B7010008B7010008B701000860
:1000A000B7010008B7010008B7010008B701000850
:1000B000B7010008B7010008B7010008B701000840
:1000C000B7010008B7010008B7010008B701000830
:1000D000B7010008B7010008B7010008B701000820
:1000E000B7010008B7010008B7010008B701000810
:1000F000B7010008B7010008B7010008B701000800
:10010000B7010008B7010008B7010008B7010008EF
:10011000B7010008B7010008B7010008B7010008DF
:10012000B7010008B7010008B7010008B7010008CF
:10013000B70100083D040008B7010008B701000836
:10014000B7010008B7010008B7010008B7010008AF
:10015000B7010008B7010008B7010008B70100089F
:10016000B7010008B7010008B7010008B70100088F
:10017000B7010008B7010008B7010008000000003F
:10018000B7010008B7010008DFF80CD000F0BAF89A
:100190000048004701740008087E00200648804798
:1001A00006480047FEE7FEE7FEE7FEE7FEE7FEE75C
:1001B000FEE7FEE7FEE7FEE765210008890100088B
:1001C0002DE9F05F0546002092469B46884606468C
:1001D000814640241BE0284641464746224600F01F
:1001E00081F853465A46C01A914110D31146184619
:1001F000224600F068F82D1A67EB01084F462246A8
:100200000120002100F05FF817EB00094E41201E8D
:10021000A4F10104DFDC484631462A464346BDE8E6
:10022000F09F00000649074A0868504343F239022C
:10023000104408604008704701490860704700009A
:10024000D80000206D4EC64110B5431A934209D222
:100250008318881803E010F8011D03F8011D521ED1
:10026000F9D210BD40EA01039B0703D009E008C999
:10027000121F08C0042AFAD203E011F8013B00F86B
:10028000013B521EF9D210BDD2B201E000F8012BA1
:10029000491EFBD270470022F6E710B513460A4606
:1002A00004461946FFF7F0FF204610BD30B504465E
:1002B0000020034600E05B1C934203D2E05CCD5C6F
:1002C000401BF8D030BD202A04DB203A00FA02F1AE
:1002D000002070479140C2F1200320FA03F3194334
:1002E00090407047202A04DB203A21FA02F00021D6
:1002F000704721FA02F3D040C2F120029140084336
:1003000019467047064C074D06E0E06840F00103CF
:1003100094E8070098471034AC42F6D3FFF738FF53
:1003200080000108A000010800BFFEE7704710B57B
:100330000146002226E002EB82040B6903EBC400B5
:100340000023036043608360C360036243624FF035
:100350000043036044F2F8534360436823F00043D2
:10036000436001F1480343F82200032A07D202EB5D
:1003700082040B6903EBC4032833C36001E00B69FB
:10038000C360521C042AD6D30024CC650C668C664C
:10039000CC668C650B6803F580530C69DC6010BD7E
:1003A00010B50146002222E002EB8204CB6803EB89
:1003B000C4000023036043608360C36001F118033D
:1003C00043F82200036843F480130360032A07D232
:1003D00002EB8204CB6803EBC4032833C36001E063
:1003E000CB68C360036843F440030360521C042AD3
:1003F000DAD300248C620B6803F58053CC681C614F
:1004000010BD38B5044600200090206800F58050EB
:10041000806940F48011206800F580508161206877
:1004200000F5805080690090012000F029FB0099C0
:10043000206800F58050816138BD000010B506F0DD
:100440001DFF4FF480310648006800F5805041617F
:1004500040210348006800F58050416110BD000054
:10046000DC33002030B503461479557944EA052081
:10047000084C0C442064D4782406957844EA05445A
:10048000557844EA0524157844EA0500014C0C44EB
:10049000606430BD0080024010B5A4B00446012065
:1004A0008DF83C008DF83D0000200D908DF84B003C
:1004B00001208DF84A0000208DF8480001208DF8B9
:1004C000300000208DF84C008DF83B0014908DF822
:1004D00054001D908DF878001F908DF882008DF8E3
:1004E00080004FF480401090C010119000208DF8D3
:1004F00081000BA9204600F087F901208DF80C003F
:100500008DF80D008DF81D008DF80E00002005906F
:100510008DF81C008DF81E00089001208DF8240035
:100520008DF80400000402908001069040120490AF
:1005300001208DF8250000200A9000906946204691
:1005400000F002F924B010BD70B504460D462B46EC
:1005500022460021044800F0C6FC10B14FF0FF30E5
:1005600070BD0020FCE70000DC33002070B50446BD
:100570000D462E46334622460021044800F0F8FD81
:1005800010B14FF0FF3070BD0020FCE7DC330020DD
:100590002DE9F04F80460C46164608F118031A69FB
:1005A000D3F810904FF0000C53F82210A568E246E3
:1005B000086800F00040B0F1004F04D003F11400CF
:1005C00050F8220010B10220BDE8F08F0CF1010CB0
:1005D0002868886048686FF30C00D5F804B040EADA
:1005E0000B004860207800F0010038B1086820F462
:1005F0004000D4F814B040EA0B000860207800F006
:10060000200038B1086820F04060D4F810B040EA0B
:100610000B000860207800F0040018B1086840F072
:1006200080000860086840F08050086000BF00BF8C
:1006300000BFBFF35F8F00BF00BF00BF086840F07E
:10064000004008605DE0086820F00050086026B1B6
:10065000086840F08040086003E0086820F08040AF
:10066000086000BF521C042A00D3121F00BF53F8B9
:100670002210086820F080500860086800F00040F0
:10068000B0F1004F04D003F1140050F82200E8B19B
:100690004A4653F82210002714E000BF00BF00BFF5
:1006A000BFF35F8F00BF00BF00BF086820F00040AD
:1006B000086000BF521C042A00D3121F00BF53F869
:1006C00022107F1C6745E8D302207DE70CF1010C66
:1006D000AD682868886048686FF30C00D5F804B0EE
:1006E00040EA0B0048600AF1010A00BF00BF00BFEA
:1006F000BFF35F8F00BF00BF00BF086840F000403D
:100700000860A86800289ED126B1086840F08040A3
:10071000086003E0086820F080400860086840F046
:100720000050086003F11400D3F824B040F822B060
:100730001A6172B60AF10100D3F828B058449862E1
:1007400062B6002040E7000070B505460C462868F8
:1007500000F5805086692B480640207B08B90120AF
:1007600000E000208006617B40EA4160617F09B9BA
:10077000012100E0002140EA0150A17B40EA415004
:1007800061690843217F40EAC110A17F40EA8110DE
:10079000216A084394F8241040EA8100064328683F
:1007A00000F580508661286800F580508669012038
:1007B00000F066F9286800F5805086612179A0680C
:1007C00040EA4160A16908432169084394F8251073
:1007D00040EAC110A16A40EA81002168084340F460
:1007E0000001286800F580500160286800F58050FD
:1007F0000668012000F044F9286800F58050066082
:1008000070BD0000233FDEF870B505460C46286831
:1008100006683A480640207C08B9012000E0002024
:10082000C005617C09B9012100E0002140EA815046
:10083000A1680843E17F40EA014061690843A17F64
:1008400009B9012100E0002140EA4130217F40EA5E
:100850000130A1690843217940EA812094F82010F1
:1008600009B9012100E0002140EA4120E17B40EA92
:10087000C110616A084394F8281040EA0110064349
:100880002868066028680668012000F0F9F82868E2
:100890000660286886694FF641700640A06C000427
:1008A00094F84C1009B9012100E0002140EAC11080
:1008B000216D084394F85510012900D100E0002172
:1008C00040EAC10094F85610012900D100E000214F
:1008D00040EA810094F85410012900D100E0002181
:1008E00040EA41000643286886612868866901203D
:1008F00000F0C6F82868866170BD00000F8120FFF7
:100900002DE9F8430446002000904FF00108A66E40
:1009100004F1480050F82650E76E2FE0286A58B9D5
:10092000684600F015FB009810B94FF0000803E08E
:10093000009828620098A860B8F1000F1ED0A06D42
:1009400010B91648686002E044F2F850686000BFD1
:1009500000BF00BFBFF35F8F00BF00BF00BF2868AC
:1009600040F00040286000BF761C042E00D3361FE4
:1009700000BF04F1480050F826507F1E17B1B8F1AF
:10098000000FCBD1E06EB84206D00021206800F500
:1009900080508160A666E766BDE8F883F845008070
:1009A00008B50020009069460120FFF7CDFD69469B
:1009B0000120FFF7C9FD009800F0040008B90120EC
:1009C00008BD69460020FFF7BFFD009800F4805085
:1009D000B0F5805F1FD0009800F40050B0F5005FC4
:1009E00007D1009800F48070B0F5807F01D102201B
:1009F000E6E7009800F40050B0F5005F01D1032055
:100A0000DEE7009800F48070B0F5807F01D104200B
:100A1000D6E70520D4E769461F20FFF795FD00982B
:100A200000F4805008B90620CAE7009800F01C00C6
:100A3000182801D10220C3E7009800F01C00082804
:100A400001D10320BCE7009800F01C00142801D15C
:100A50000420B5E70520B3E710B5044600F0BCFC60
:100A600006490968401A642806D300F0B5FC03491A
:100A70000860204604F098FD10BD0000080000202A
:100A800070B5044600F0A8FC06462546681C10B167
:100A900004480078054400BF00F09EFC801BA8427B
:100AA000FAD370BD14000020024609B90120704736
:100AB00010680068C0F3001081F828001068006812
:100AC00000F06000486210680068C0F3402080F0C9
:100AD000010081F8200010680068C0F30040C8776A
:100AE00010680068C0F3403080F00100887710681B
:100AF0000068C0F3003008771068006800F40060F8
:100B000088611068006800F48040486110680068DF
:100B1000C0F3805080F00100487410680068C0F392
:100B2000C05080F00100087410680068C0F3C01065
:100B3000C8731068006800F460208860106800685E
:100B4000C0F38020087110688069C0F3400081F80C
:100B5000540010688069C0F3C01080F0010081F873
:100B60004C001068806900F03000086510688069EA
:100B7000000C886410688069C0F3800081F856001A
:100B800010688069C0F3C00081F8550000208EE72E
:100B900038B504460CB9012038BDD4F8840028B912
:100BA0002320C4F88400204600F05CF800BF002039
:100BB00000902A48006840F48040284908600846B0
:100BC000006800F48040009000BF00BF2448006827
:100BD00020F400002249086008460068A168084324
:100BE0001F49086008460068206800F580500068CA
:100BF00040F00101206800F58050016000F0ECFB3E
:100C000005460DE000F0E8FB401BB0F5FA7F07D980
:100C10000420C4F88800E020C4F884000120BBE769
:100C2000206800F58050006800F001000028E9D13C
:100C30002046FFF731FC2046FFF7B2FB2046FFF7C6
:100C400076FB002120466268FFF70CFC0020C4F808
:100C500088001020C4F8840000209DE7443802403A
:100C60000438014010B586B0044600BF0020009053
:100C70005748006840F00100554908600846006880
:100C800000F00100009000BF00BF00BF00200090F6
:100C90000846006840F0040008600846006800F05C
:100CA0000400009000BF00BF00BF00200090084675
:100CB000006840F0020008600846006800F002008A
:100CC000009000BF00BF00BF0020009008460068F1
:100CD00040F0400008600846006800F040000090C6
:100CE00000BF00BF00BF00BF0020009008460068A2
:100CF00040F0007008600846006800F00070009046
:100D000000BF00BF00BF002000900846006840F010
:100D1000806008600846006800F08060009000BFB6
:100D200000BF00BF002000900846006840F000604F
:100D300008600846006800F00060009000BF00BF37
:100D400000BF01220421234800F040FB0420019051
:100D500001200290002003900220049001A91D4868
:100D600000F03AFA32200190022002900020039015
:100D7000032004900B20059001A9174800F02CFADD
:100D8000862001900220029000200390032004900E
:100D90000B20059001A9114800F01EFA4FF4D04035
:100DA00001900220029000200390032004900B2069
:100DB000059001A90A4800F00FFA002201213D2008
:100DC00000F094FB3D2000F081FB06B010BD000058
:100DD0003038024000040240000802400000024097
:100DE000001802402DE9F05F04460F464FF000085E
:100DF000C34647B9D4F8880040F00100C4F8880021
:100E00000120BDE8F09FD4F88400232801D0012000
:100E1000F7E7E66D04F1480050F82650E06EC0F1A7
:100E2000040942E0286800F4807018B1A969A1673C
:100E3000E9696167286800F4007008B9E06F40B3A1
:100E4000286800F4007010B1002121666166D4F8B2
:100E500014A0286800F4807040B12868C0F30D40E9
:100E6000A0F1040A296821674FF0010BA8682862E5
:100E70001FFA8AF304F18001081F2A6A00F08CF837
:100E8000206E401C2066606E00EB0A016166002047
:100E9000286200BF761C042E00D3361F00BF04F169
:100EA000480050F8265008F10108286800F000407A
:100EB00020B9C84502D2BBF1000FB3D0E06E00EB01
:100EC0000801E166E06E10B12046FFF719FDE66506
:100ED000BBF1010F05D1E06F38600021E167002010
:100EE0008FE701208DE72DE9F04705460E461746AE
:100EF00098462868046904F01C044FF4784000EA1E
:100F0000C62004434FF4F86000EA8710044324F03D
:100F1000020444F001042868046100F05DFA81468F
:100F20000BE000F059FAA0EB0900B0F5803F02D3C6
:100F30000120BDE8F0872868046904F0010000285A
:100F4000EFD12868406980B2C8F800000020F0E7BF
:100F50007CB504460D4806F04FFF054685B105F106
:100F6000200020600A4828614FF47A7120682B46DF
:100F70004122CDE900010021084607F0C9FD04E047
:100F8000012004490870002020607CBDA0FD0008FD
:100F90009192000804000020F0B504460D46214659
:100FA0002E460020A2F12000002707600781438120
:100FB0000F680FB9086001E0376838603060086872
:100FC00003E007891F44078100680028F9D1F0BDBC
:100FD00070B504460D460DB9012070BDD4F88400EB
:100FE000102805D129462046FFF70EFC0020F4E723
:100FF0000120F2E770B50446D4F8840010283DD1F2
:101000002320C4F884000421E1662046FFF778FC21
:101010002068006840F008002168086020680568C2
:101020000120FFF72DFD206805602068006840F072
:10103000040021680860206805680120FFF720FD92
:10104000206805602046FFF7DCF9206800F5805035
:10105000806940F40051206800F58050816120686B
:1010600000F58050806940F00201206800F5805052
:1010700081612320C4F88400002070BD0120FCE7BA
:101080002DE9F041044688461546B8F1000F08D115
:10109000D4F8880040F00100C4F888000120BDE8C1
:1010A000F081D4F88400232860D1002241462046F4
:1010B000FFF76EFA38B1D4F8880040F00200C4F8A7
:1010C00088000120EBE700BF00BF00BFBFF34F8FD8
:1010D00000BF00BF00BF04F11800A16A50F82170E2
:1010E00000BFA06A401CA062A06A042802D3A06AC4
:1010F000001FA06200BF04F11800A16A50F821107F
:10110000206800F58050416000F066F9064627E04F
:10111000206800F58050406900F4005068B1D4F8B0
:10112000880040F00800C4F88800206800F580506E
:101130004069C4F88C000120B1E7681C80B100F060
:101140004BF9801BA84200D855B9D4F8880040F06C
:101150000400C4F888004FF04050386001209EE73A
:10116000386800F000400028D2D198E7012096E7C7
:101170002DE9F04705460E4617469846286804694B
:1011800004F01C044FF4784000EAC62004434FF4F6
:10119000F86000EA8710044344F0020444F00104BC
:1011A0001FFA88F0296848612868046100F014F982
:1011B00081460BE000F010F9A0EB0900B0F5803F8C
:1011C00002D30120BDE8F0872868046904F001001B
:1011D0000028EFD100BFF5E7F8B502460B46002521
:1011E000002400200021D6E0012606FA01F51E6841
:1011F00006EA0504AC4274D11E7906F00306012EFE
:1012000004D01E7906F00306022E13D190684F0019
:101210000326BE40B0434F00DE68BE4030439060BE
:10122000506801268E40B0431E79C6F300168E40EA
:10123000304350601E7906F00306032E09D0D068B3
:101240004F000326BE40B0434F009E68BE4030436F
:10125000D0601E7906F00306022E13D1CF0802F1EA
:10126000200656F827004E07F70E0F26BE40B04363
:101270004F07FF0E1E69BE403043CF0802F1200623
:1012800046F8270010684F000326BE40B0431E7981
:1012900006F003064F00BE40304310605E6806F45F
:1012A0004036002E76D000BF002600963C4E3668B1
:1012B00046F480463A4F3E603E46366806F4804625
:1012C000009600BF00BF374E8F0856F827008E07E4
:1012D000370F0F26BE40B043334EB24202D1002634
:1012E00024E057E0314EB24201D101261EE0304EDB
:1012F000B24201D1022619E02E4EB24201D103269C
:1013000014E02D4EB24201D104260FE02B4EB24222
:1013100001D105260AE02A4EB24201D1062605E097
:10132000284EB24201D1072600E008268F073F0F62
:10133000BE4030431B4E8F0846F82700224E3068CF
:10134000A0435E6806F4801606B120431E4E30604E
:10135000361D3068A0435E6806F4001606B12043CF
:10136000194E361D3060184E361F3068A0435E6837
:1013700006F4003606B12043134E361F3060361F88
:101380003068A0435E6806F4803606B120430E4EF6
:10139000083E3060491C1029FFF426AFF8BD00005C
:1013A0004438024008380140000002400004024076
:1013B00000080240000C02400010024000140240ED
:1013C00000180240001C0240083C01400AB1816143
:1013D00001E00B048361704701480068704700001A
:1013E0000C000020034800680349097808440149BB
:1013F000086070470C0000201400002010B50D4854
:10140000006840F400700B4908600846006840F42A
:10141000806008600846006840F48070086003201F
:1014200000F0A2F80F2000F007F800F02BF80020E1
:1014300010BD0000003C024070B504460E48007824
:101440004FF47A71B1FBF0F00C490968B1FBF0F58B
:10145000284600F058FC08B1012070BD102C07D2BE
:1014600000222146501E00F041F80548046001E0CA
:101470000120F2E70020F0E714000020180000200F
:101480001000002008B500BF002000900E48006842
:1014900040F480400C4908600846006800F4804031
:1014A000009000BF00BF00BF00200090081F006830
:1014B00040F08050091F08600846006800F0805026
:1014C000009000BF00BF08BD4438024001460846F6
:1014D000002809DB00F01F0301229A4043099B000A
:1014E00003F1E023C3F8002100BF70472DE9F05F4E
:1014F00080460D461646002700F0C4FF07463946D1
:101500002A46334601F00700C0F1070ABAF1040F7A
:1015100002D94FF0040A01E0C0F1070AD14600F1F8
:10152000040ABAF1070F02D24FF0000A01E0A0F15D
:10153000030AD4464FF0010A0AFA09FAAAF1010A8D
:101540000AEA020A0AFA0CFA4FF0010B0BFA0CFB3A
:10155000ABF1010B0BEA030B4AEA0B0421464046B0
:1015600000F098FFBDE8F09F00BF00F00702064BB7
:1015700019684FF6FF031940044B0B4343EA02215D
:10158000014B196000BF70470CED00E00000FA0548
:101590007047000070B504460D460CB9012070BDBF
:1015A0005848006800F00700A84209D255490D705C
:1015B0000846006800F00700A84201D00120EEE7CD
:1015C000207800F0020002281DD1207800F00400ED
:1015D000042805D14C48006840F4E0504A490860AE
:1015E000207800F00800082805D14748006840F43A
:1015F0006040454908604448006820F0F000A16858
:10160000084341490860207800F00100A8B36068F1
:10161000012807D13C4808380068C0F34040B8B9F9
:101620000120BCE76068022802D06068032807D167
:10163000354808380068C0F3406048B90120AEE77B
:10164000314808380068C0F3400008B90120A6E717
:101650002D48006820F00300616808432A490860AB
:10166000FFF7BAFE064609E0FFF7B6FE801B41F21F
:101670008831884202D9032091E707E022480068B8
:1016800000F00C006168B0EB810FEDD11D480068DF
:1016900000F00700A84209D91A490D7008460068F1
:1016A00000F00700A84201D0012078E7207800F080
:1016B0000400042807D11448006820F4E050E168D1
:1016C000084311490860207800F00800082808D174
:1016D0000D48006820F46040216940EAC1000A49D1
:1016E000086000F045F808490968C1F30311074A8A
:1016F000515CC8400649086006480068FFF79CFE38
:1017000000204CE7003C024008380240ACFD0008D5
:10171000180000201000002001200149C864704713
:101720000000474201480068704700001800002090
:1017300000B5FFF7F7FF04490968C1F38221034AA6
:10174000515CC84000BD000008380240BCFD0008E4
:1017500000B5FFF7E7FF04490968C1F34231034AC6
:10176000515CC84000BD000008380240BCFD0008C4
:101770002DE9F047002400250026A14625480068F1
:1017800000F00C0020B1042805D008283AD105E06B
:10179000DFF8849039E0DFF8849036E01D48001FC0
:1017A000006800F03F041B48001F006800F4800040
:1017B00078B11A481749091F0968C1F38811A0FBBD
:1017C00001700146224600233846FEF7F9FC054623
:1017D0000EE011480F49091F0968C1F38811A0FBE9
:1017E00001700146224600233846FEF7E9FC054613
:1017F0000848001F0068C0F30140401C4600B5FBCC
:10180000F6F902E0DFF8109000BF00BF4846BDE8DF
:10181000F0870000083802400024F40000127A002B
:1018200010B50648006800F08000802805D1FFF759
:10183000AFFE80200149891C087010BD0C380240A1
:10184000F8B504460CB90120F8BD207800F001007D
:10185000002874D0F948006800F00C0004280DD06E
:10186000F648006800F00C00082813D1F348001F68
:10187000006800F48000B0F5800F0BD1EF48083805
:101880000068C0F34040002859D06068002856D155
:101890000120D9E700BF6068B0F5803F08D1E74874
:1018A0000838006840F48030E449083908601EE0D8
:1018B0006068B0F5A02F0DD1E0480838006840F40A
:1018C0008020DE49083908600846006840F480300E
:1018D00008600CE0D9480838006820F48030D74907
:1018E000083908600846006820F48020086000BFBE
:1018F000606890B1FFF770FD054606E0FFF76CFDEC
:10190000401B642801D903209EE7CC4808380068B2
:10191000C0F340400028F1D011E0FFF75DFD05461F
:1019200006E0FFF759FD401B642801D903208BE72F
:10193000C24808380068C0F340400028F1D1207840
:1019400000F0020002285FD1BC48006800F00C00E3
:1019500058B1BA48006800F00C0008281CD1B748FC
:10196000001F006800F48000B0B9B448083800686F
:10197000C0F3400020B1E068012801D0012063E7F6
:10198000AE480838006820F0F800216940EAC1003C
:10199000AA490839086037E0E06800B30120A84987
:1019A0000860FFF719FD054606E0FFF715FD401B2F
:1019B000022801D9032047E7A04808380068C0F38F
:1019C00040000028F1D09D480838006820F0F80059
:1019D000216940EAC10099490839086014E00020F3
:1019E00097490860FFF7F8FC054606E0FFF7F4FCAE
:1019F000401B022801D9032026E7904808380068D8
:101A0000C0F340000028F1D1207800F00800082839
:101A10002CD16069A8B101208A490860FFF7DCFC7D
:101A2000054606E0FFF7D8FC401B022801D9032039
:101A30000AE782486C300068C0F340000028F1D00B
:101A400014E000207F490860FFF7C6FC054606E069
:101A5000FFF7C2FC401B022801D90320F4E67748B7
:101A60006C300068C0F340000028F1D1207800F00D
:101A70000400042870D1002770483830006800F056
:101A8000805090B900BF002000906C48383000684A
:101A900040F080506949383108600846006800F01D
:101AA0008050009000BF00BF01276748006800F425
:101AB0008070B0B96448006840F480706249086082
:101AC000FFF78AFC054606E0FFF786FC401B02286C
:101AD00001D90320B8E65C48006800F48070002853
:101AE000F2D000BFA068012808D1544868300068CF
:101AF00040F001005149683108601DE0A0680528E8
:101B00000DD14E486830006840F004004B49683100
:101B100008600846006840F0010008600CE0474893
:101B20006830006820F001004449683108600846C8
:101B3000006820F00400086000BFA068A8B1FFF7AB
:101B40004BFC054609E0FFF747FC401B41F288319A
:101B5000884202D9032077E626E0384868300068DA
:101B6000C0F340000028EED013E0FFF735FC054637
:101B700008E0FFF731FC401B41F28831884201D96F
:101B8000032061E62D4868300068C0F3400000285B
:101B9000EFD1012F07D129483830006820F080505C
:101BA00026493831086000BFA069002845D0234885
:101BB000006800F00C0008285DD0A069022845D11B
:101BC00000201F490866FFF707FC054606E0FFF7FF
:101BD00003FC401B022801D9032035E617480838CA
:101BE0000068C0F340600028F1D1D4E90701084340
:101BF000616A40EA81110122A06AC2EB500041EA09
:101C000000412C20005D41EA00600C49091F08607A
:101C100001200B490866FFF7DFFB054606E0FFF7EA
:101C2000DBFB401B022801D903200DE603480838DE
:101C30000068C0F340600028F1D049E00838024055
:101C400000004742800E47420070004000202149BA
:101C50000866FFF7C1FB054606E0FFF7BDFB401B2A
:101C6000022801D90320EFE51B480068C0F340605B
:101C70000028F2D12CE0A069012800D1E4E5164843
:101C8000001D0668A069012820D006F48001E069E3
:101C900081421BD106F03F01206A814216D147F6EE
:101CA000C0703040616AB0EB811F0FD106F4403143
:101CB0000122A06AC2EB5000B1EB004F06D106F042
:101CC00070612C20005DB1EB006F01D00120BBE5FD
:101CD0000020B9E50000474200380240042808D13E
:101CE0004FF0E021096941F004014FF0E022116159
:101CF00007E04FF0E021096921F004014FF0E022F4
:101D000011617047704770B504462546681EB0F1F2
:101D1000807F01D301200FE0681E4FF0E021486171
:101D20000F214FF0FF3000F0B5FB00204FF0E02115
:101D3000886107200861002070BD10B5FFF7E2FF41
:101D400010BD10B504460CB9012010BDA06900B14A
:101D500000E000BF94F83D0028B9002084F83C0062
:101D6000204600F027F8242084F83D002068C06851
:101D700020F400502168C860204600F0FDF920687A
:101D8000006920F49040216808612068406920F0D3
:101D90002A00216848612068C06840F4005021682A
:101DA000C86000202064202084F83D0084F83E00B4
:101DB0000020CAE710B586B004461549206888425D
:101DC00024D100BF002000901248006840F4002099
:101DD000104908600846006800F40020009000BF29
:101DE00000BF0815019002200290012003900320FB
:101DF00004900820059001A90748FFF7EDF94FF47A
:101E00000060019001A90448FFF7E6F906B010BD93
:101E1000004C004040380240000802402DE9F84FD5
:101E200004460E46174699464FF0000A94F83D00C6
:101E300020285AD106B117B90120BDE8F88F00BF9C
:101E400094F83C00012801D10220F6E7012084F833
:101E50003C0000BF00202064212084F83D00FFF7F3
:101E6000BBFA8246A784E784A068B0F5805F04D1FE
:101E7000206910B90025B04602E035464FF0000851
:101E800000BF002084F83C0000BF1BE05346002246
:101E900080212046CDF8009000F084FA08B103209C
:101EA000CBE745B9B8F80000C0F3080021684860E6
:101EB00008F1020803E02878216848606D1CE08C76
:101EC000401EE084E08C0028E0D1534600224021EF
:101ED0002046CDF8009000F065FA08B10320ACE789
:101EE000202084F83D000020A7E70220A5E700BFDE
:101EF000FEE708B5002000906946FEF725FB009834
:101F000040F480500090009881B20020FEF72EFB34
:101F100008BD000008B500BF002000900F48006811
:101F200040F004000D4908600846006800F0040015
:101F3000009000BF00BF0A480A4908604FF4E13032
:101F40004860002107488160C16001610C21416146
:101F500000218161C161FFF7F4FE08BD3038024005
:101F6000004C0040C434002000BFFEE7FFF758FCDF
:101F700000BFFEE700B587B005F0C4F91B48069026
:101F80006FF07F4005901A48049034200123A82266
:101F9000C021009017A000F051FA0020FF231A463C
:101FA000194600901FA000F049FA01200346A8221C
:101FB000C021009027A000F041FA324832490022A7
:101FC00004ABCDE90021029005AA06A92F4805F02F
:101FD0005FFF2E4806F0CEF92C4803F071FB2C4928
:101FE0002A4806F033FA07B000BD0000C0A801344B
:101FF000C0A80101BEB2CCAC4950B5D8D6B72E2E80
:102000002E2E2E2E2E2E2E2E2E2E2E2E2E2E2E2EF0
:102010002E2E2E2E2E2E25642E25642E25642E2562
:10202000640D0A00D7D3CDF8D1DAC2EB2E2E2E2EB6
:102030002E2E2E2E2E2E2E2E2E2E2E2E2E2E2E2EC0
:102040002E2E2E2E2E2E25642E25642E25642E2532
:10205000640D0A00C4ACC8CFCDF8B9D82E2E2E2EF0
:102060002E2E2E2E2E2E2E2E2E2E2E2E2E2E2E2E90
:102070002E2E2E2E2E2E25642E25642E25642E2502
:10208000640D0A00E554000859580008E0000020DB
:10209000C15600087047704710B5FFF7A3F9FFF766
:1020A0004CFE10BD10B592B000BF002000902B4830
:1020B000006840F08050294908600846006800F038
:1020C0008050009000BF00BF00BF00200090244857
:1020D000006840F48040224908600846006800F427
:1020E0008040009000BF00BF0120069000040790D0
:1020F00002200C9041050D9108210E914FF4A8711A
:102100000F91022110910721119106A8FFF798FB6A
:102110000F20019002200290002003904FF4A05065
:1021200004904FF480500590052101A8FFF732FA82
:10213000FFF7F2FAFFF7F6FA4FF47A71B0FBF1F419
:102140002046FFF7E0FD0420FFF7C8FD00221146FE
:10215000501EFFF7CBF912B010BD0000403802400E
:10216000007000400348006840F4700001490860B6
:102170007047000088ED00E02DE9F84F0446206824
:10218000006920F44050E168084321680861216932
:10219000A068084361690843E1690843009020682A
:1021A000C06849F20C618843009908432168C860FF
:1021B0002068406920F44070A169084321684861A3
:1021C00076492068884203D075492068884203D147
:1021D000FFF7BEFA814602E0FFF7AAFA8146E069FE
:1021E000B0F5004F6CD102206168A0FB015003469E
:1021F0001920A9FB007001462A463846FDF7E0FF8A
:102200006421B0FBF1F04FEA001A02206168A0FBE4
:1022100001510B461920A9FB00712A463846FDF7EB
:10222000CFFF834602206168A0FB015003461920BE
:10223000A9FB00712A463846FDF7C2FF6421B0FBB6
:10224000F1F000EBC00101EB0010ABEB800032219C
:1022500001EBC0006421B0FBF1F000F0F8000AEBE4
:10226000400A02206168A0FB015003461920A9FB27
:10227000007001462A463846FDF7A2FF8346022039
:102280006168A0FB015003461920A9FB00712A4692
:102290003846FDF795FF6421B0FBF1F000EBC0017B
:1022A00001EB0010ABEB8000322101EBC000642198
:1022B000B0FBF1F000F007005044216888606AE04C
:1022C00004206168A0FB015003461920A9FB00709F
:1022D00001462A463846FDF773FF824604206168AE
:1022E000A0FB015003461920A9FB007001462A46B5
:1022F0003846FDF765FF6421B0FBF1F000EBC0014B
:1023000001EB0010AAEB8000322101EB00106421E8
:10231000B0FBF1F000F0F00A04206168A0FB01704E
:1023200003461920A9FB00513A462846FDF748FF0D
:102330006421B0FBF1F00AEB001A04206168A0FBF5
:1023400001510B461920A9FB00712A463846FDF7BA
:1023500037FF834604206168A0FB01500346192023
:10236000A9FB007001462A463846FDF729FF642183
:10237000B0FBF1F000EBC00101EB0010ABEB800013
:10238000322101EB00106421B0FBF1F000F00F00EE
:10239000504421688860BDE8F88F000000100140BB
:1023A000001401402DE9F04104460D4617469846B9
:1023B000069E34E0701C88B32EB1FFF70DF8A0EB39
:1023C0000800B0422BD900BF00BF21680C3151E892
:1023D000001F21F4D07021680C3141E80002002A6E
:1023E000F3D100BF00BF00BF2168143151E8001FC6
:1023F00021F001002168143141E80002002AF3D1E4
:1024000000BF202084F83D0084F83E0000BF00207B
:1024100084F83C0000BF0320BDE8F081FFE720689E
:1024200000682840A84201D1012000E00020B84205
:10243000C0D00020F0E700BFFEE700000FB4054B5E
:1024400010B503A9044A029800F048F810BC5DF8E2
:1024500014FB000011590008DC0000200FB4084BE9
:1024600010B504A902AA039800F038F8044602A99E
:10247000002000F093F9204610BC5DF814FB00002A
:102480009D27000802480068C0F302207047000042
:102490000CED00E010B5002804DB0A07130E054A16
:1024A000135406E00A07140E034A00F00F031B1F23
:1024B000D45410BD00E400E018ED00E002E008C8CC
:1024C000121F08C1002AFAD170477047002001E0AE
:1024D00001C1121F002AFBD1704700002DE9FF4FF8
:1024E0008DB09B460F460446002606E025280BD0FB
:1024F0005A460F999047641C761C20780028F5D125
:1025000011B03046BDE8F08F0025A8460122984959
:1025100000E0054314F8013F203B02FA03F00842B3
:10252000F7D120782E2817D114F8010F45F00405B3
:102530002A280ED06FF02F022078A0F1300109294F
:102540000AD808EB880102EB410100EB0108641C8A
:10255000F2E757F8048B641C20786C280DD004DC5B
:102560004C2812D06A2811D104E074280DD07A28A2
:102570000CD10AE045F4001507E0617845F48015B8
:10258000814202D1641C05F58015641C2278692AF9
:1025900045D008DC002AB3D0582A69D0632A10D06D
:1025A000642A08D13BE0702A67D0732A13D0752AB9
:1025B0005CD0782A5CD010465A460F999047761C1A
:1025C000D3E017F8040B8DF8000000208DF801000F
:1025D000E946012003E057F8049B4FF0FF306907FC
:1025E0004FF0000501D40AE06D1C45450DDA854227
:1025F000FADB19F805100029F6D106E06D1C8542BA
:10260000FCDB19F805100029F8D12E4404E019F874
:10261000010B5A460F9990476D1EF8D2A5E00A208B
:102620000021CDE90801C5F3025002280DD001CFE9
:10263000C117031E71F100030DDA4FF0000CD0EB4F
:102640000C006CEB01012D2308E0FF1D27F00707AC
:10265000F7E80201EDE72B0504D52B238DF8283090
:1026600001233BE0EB0739D02023F7E70A2000E005
:1026700010200021CDE9080107E01020002145F0DD
:102680000405CDE908014FF00808C5F302500228FF
:102690000FD001CF00214FF0000A2B071FD5702A61
:1026A0000DD0DDE908C38CF0100C5CEA030C0CD0F3
:1026B00015E0FF1D27F00707F7E80201EBE74022CE
:1026C0008DF828204FF0010A0BE050EA010306D0F4
:1026D00030238DF828308DF8292002239A46582A75
:1026E00004D024A20DF120090B9209E026A2F9E7FB
:1026F000DDE90823FDF764FD0B9B9B5C09F8013DB8
:1027000050EA0102F4D1ADEB0900203008906807CF
:1027100001D44FF001080899884502DDA8EB0100BB
:1027200000E000208046002506E00AA85A46405DE9
:102730000F9990476D1C761C5545F6DB04E0302060
:102740005A460F999047761CB8F10001A8F101088C
:10275000F5DC05E019F8010B5A460F999047761CF5
:102760000899481E08900029F4DC641CC5E60000A6
:102770000928010030313233343536373839616257
:10278000636465660000000030313233343536371B
:102790003839414243444546000000000A68531C52
:1027A0000B6010707047000070B505460E4600BF04
:1027B000002D09D100BF0CA340F28B3218A11CA040
:1027C000FFF73CFE00BF70BD00BF6C6A4CB1607982
:1027D000082806D13068E169884202D1284600F015
:1027E000E3FA00BFEFE700002E2E5C4D6964646CD5
:1027F0006577617265735C54686972645F50617279
:1028000074795C4C7749505C7372635C636F72657A
:102810005C697076345C646863702E63000000004D
:102820006E6574696620213D204E554C4C000000B9
:10283000417373657274696F6E202225732220665E
:1028400061696C6564206174206C696E6520256423
:1028500020696E2025730A007CB5064600BF002E55
:1028600009D100BF46A340F2154253A159A0FFF77A
:10287000E5FD00BF7CBD00BF746A00BF002C09D11C
:1028800000BF3FA340F217425CA152A0FFF7D6FD64
:1028900000BFEFE700BF00206082A06A401C70B15B
:1028A000A06A1E303C21B0FBF1F5B5F5803F01D3A5
:1028B0004FF6FF75A582A08A08B90120A082E06AC0
:1028C000401C80B1E06A1E303C21B0FBF1F5B5F54B
:1028D000803F01D34FF6FF756581608908B90120FB
:1028E00060816089E081206B401C80B1206B1E30CC
:1028F0003C21B0FBF1F5B5F5803F01D34FF6FF75F4
:10290000A581A08908B90120A081A08920826089C1
:10291000A189884204DBA089002801DD00206081B4
:10292000E07910B1206A01900FE0207F7F2802DC5F
:10293000FF21019108E0C02803DB6FF07F41019186
:1029400002E04FF6FF71019100BF606A00900098AD
:1029500048B900BFE06901990840009000BF0098A5
:1029600040F0807000900A21204601F049FC6B463F
:1029700001AA04F11C01304605F0CCFC00BF79E748
:102980002E2E5C4D6964646C6577617265735C546E
:10299000686972645F50617274795C4C7749505C0D
:1029A0007372635C636F72655C697076345C6468D3
:1029B00063702E6300000000646863705F62696E7C
:1029C000643A206E6574696620213D204E554C4C5A
:1029D00000000000417373657274696F6E202225D8
:1029E0007322206661696C6564206174206C696E75
:1029F0006520256420696E2025730A006468637071
:102A00005F62696E643A206468637020213D204EE5
:102A1000554C4C002DE9F04105466C6A08212046D2
:102A200001F0EEFB002204F11C01284602F004FA3A
:102A30000746A079FF2802DAA079401CA0714FF464
:102A4000FA7606F2F310314690FBF1F02081BDE8F2
:102A5000F081000070B51848056829E06C6A34B34D
:102A6000607920B3A08A68B1608A401C80B260821D
:102A7000A18A884206D1284601F0D0F9284601F003
:102A8000C7FB14E0208A40B1218A481E2082012918
:102A900003D1284601F09DFC09E0E08938B1E189C5
:102AA000481EE081012902D1284601F071FC2D6801
:102AB000002DD3D170BD0000700000202DE9F05F23
:102AC00007460D4616469A4600BF002F0BD100BFA1
:102AD00048A340F2697255A15CA0FFF7AFFC00BFAC
:102AE0000020BDE8F09F00BF00BF002D0AD100BF4D
:102AF00040A340F26A725FA154A0FFF79FFC00BFA1
:102B00000020EEE700BF4FF420724FF49A71362098
:102B100005F052FE8146B9F1000F01D10020E0E737
:102B200000BFB9F80A00B0F59A7F08D200BF31A300
:102B300040F2717257A145A0FFF780FC00BF00BFB3
:102B4000032E02D16879032808D1A87918B9FDF7B6
:102B500069FB604908605F4800682860D9F8044054
:102B60004FF49A712046FDF796FB012020706070AB
:102B700097F83000A070286804F0B0FB6060082E61
:102B80000BD0042E09D0072E07D0032E07D1687969
:102B9000052802D06879042801D17868E0604FF0F8
:102BA00000080BE007F12A0010F8081004F11C00DF
:102BB00000F8081008F101001FFA80F8B8F1060FBC
:102BC000F0D34548C4F8EC000123352204F1F001AC
:102BD000002000F041FB8346324604F1F0015846E4
:102BE00000F08CFB8346BAF1000F01D0AAF800B0C8
:102BF000484676E72E2E5C4D6964646C6577617299
:102C000065735C54686972645F50617274795C4C7E
:102C10007749505C7372635C636F72655C69707650
:102C2000345C646863702E63000000006468637045
:102C30005F6372656174655F6D73673A206E65747A
:102C4000696620213D204E554C4C00004173736550
:102C50007274696F6E2022257322206661696C652B
:102C600064206174206C696E6520256420696E2083
:102C700025730A00646863705F6372656174655FE1
:102C80006D73673A206468637020213D204E554C77
:102C90004C000000646863705F6372656174655F17
:102CA0006D73673A20636865636B20746861742094
:102CB000666972737420706275662063616E206845
:102CC0006F6C642073747275637420646863705FE2
:102CD0006D736700300000206382536310B500BF3E
:102CE0000E480078002807DC00BF0DA3FF221AA1C0
:102CF00022A0FFF7A3FB00BF00BF08480078401EDA
:102D0000064908700846007830B9264800680CF07B
:102D1000B7FD00202349086010BD00002C000020F2
:102D20002E2E5C4D6964646C6577617265735C54CA
:102D3000686972645F50617274795C4C7749505C69
:102D40007372635C636F72655C697076345C64682F
:102D500063702E6300000000646863705F706362DC
:102D60005F726566636F756E7428293A20726566B6
:102D7000636F756E74206572726F72004173736554
:102D80007274696F6E2022257322206661696C65FA
:102D900064206174206C696E6520256420696E2052
:102DA00025730A00280000202DE9FE4F0646746AAC
:102DB0000C21204601F024FA02AB042221463046C1
:102DC000FFF77CFE054665B3D5F804800423322264
:102DD00008F1F001BDF8080000F03EFA0290E06949
:102DE00004F07CFA8246524608F1F001BDF8080072
:102DF00000F0E8FA02902A4608F1F001BDF8080058
:102E000000F0C4FB11484323114A2946CDE9006074
:102E1000104800680CF06AFE0746284606F06AF97A
:102E200001E04FF0FF37A079FF2802DAA079401CBB
:102E3000A07142F2107909F2F3104FF4FA7190FB8D
:102E4000F1F020813846BDE8FE8F0000C4FD000887
:102E5000C8FD0008280000202DE9FE4F07467C6AC7
:102E60004FF0000A0020E0610621204601F0C8F979
:102E700002AB012221463846FFF720FE0546002D11
:102E800042D06E680223392206F1F001BDF8080035
:102E900000F0E2F902903A8D06F1F001BDF8080069
:102EA00000F008FB02900323372206F1F001BDF881
:102EB000080000F0D1F90290D0460DE0224810F849
:102EC000082006F1F001BDF8080000F017FA0290A2
:102ED00008F1010000F0FF08B8F1030FEED32A4615
:102EE00006F1F001BDF8080000F050FB174843233D
:102EF000174A2946CDE90070164800680CF0F6FD27
:102F0000284606F0F7F800BFA079FF2802DAA0797A
:102F1000401CA071A079062803DAA179012088401D
:102F200000E03C2000EB4001C1EBC0104FF6FF7108
:102F300001EAC00909F2F3104FF4FA7190FBF1F0C5
:102F400020815046BDE8FE8F24000020C4FD00080B
:102F5000C8FD00082800002070B50C48056812E084
:102F60006C6A7CB12089012803DD2089401E208104
:102F700008E02089012805D12089401E20812846AB
:102F800001F04BFA2D68002DEAD170BD70000020D1
:102F900070B505460E466C6A0020206260621A48D1
:102FA000C07810B11948C068A0621748007918B1FC
:102FB00016480069E06202E0A06A4008E062124838
:102FC000407918B111484069206304E0A06AC0EB61
:102FD000C000C00820633069E0610B48807938B1D7
:102FE0000A49886904F07AF920620120E07101E061
:102FF0000020E0710448C07920B10449C86904F098
:103000006DF9606270BD00001C00002008350020D2
:1030100070B50446656A0C21284601F0F1F8054BAD
:103020001A461146204605F075F92046FFF714FFB1
:1030300070BD0000C4FD000870B505460E466C6A00
:103040000748807858B1002020810649886804F03C
:1030500045F9A0613069E061284600F0BBFF70BD12
:103060001C0000200835002010B51E4800780028FC
:1030700031D100BF1C480068002807D000BF1BA347
:10308000E52228A131A0FFF7D9F900BF00BF0CF05D
:103090006FFB154908600846006810B94FF0FF3013
:1030A00010BD11480068407A40F020000E490968C0
:1030B000487244222F490C4800680CF047F843221C
:1030C0002C49094800680CF0D3F800222A49064828
:1030D00000680CF087FB03480078401C0149087029
:1030E0000020DDE72C000020280000202E2E5C4D63
:1030F0006964646C6577617265735C546869726455
:103100005F50617274795C4C7749505C7372635C98
:10311000636F72655C697076345C646863702E639B
:1031200000000000646863705F696E635F706362D3
:103130005F726566636F756E7428293A206D656DE0
:103140006F7279206C65616B0000000041737365DC
:103150007274696F6E2022257322206661696C6526
:1031600064206174206C696E6520256420696E207E
:1031700025730A00C4FD0008F53C000870B505463B
:103180006C6A04B970BD6079042809D003DC80B191
:1031900003280FD107E0052803D00A280AD101E04F
:1031A00000BF00BF00BF0020A071284600F016FD40
:1031B00014E013E000BF60790C2808DD00BF09A30C
:1031C00040F26D3215A11AA0FFF738F900BF00BF19
:1031D0000020A0712846FFF73FFE00BF00BF00BFE0
:1031E000D0E700002E2E5C4D6964646C65776172D7
:1031F00065735C54686972645F50617274795C4C89
:103200007749505C7372635C636F72655C6970765A
:10321000345C646863702E6300000000696E766140
:103220006C696420646863702D3E7374617465001A
:10323000417373657274696F6E2022257322206654
:1032400061696C6564206174206C696E6520256419
:1032500020696E2025730A002DE9F04104460D46D1
:1032600017461E4600BFA01C3044442808D900BFA2
:1032700009A340F29A52164916A0FFF7DFF800BFE3
:1032800000BF2046611C8CB22F542046611C8CB2BA
:103290002E542046BDE8F0812E2E5C4D6964646C8E
:1032A0006577617265735C54686972645F506172BE
:1032B00074795C4C7749505C7372635C636F7265C0
:1032C0005C697076345C646863702E630000000093
:1032D000E4FE0008417373657274696F6E202225E5
:1032E0007322206661696C6564206174206C696E6C
:1032F0006520256420696E2025730A0070B5044698
:103300000D46164600BF442C08D300BF07A340F269
:10331000A65214A121A0FFF791F800BF00BF2046DC
:10332000611C8CB22E54204670BD00002E2E5C4DC8
:103330006964646C6577617265735C546869726412
:103340005F50617274795C4C7749505C7372635C56
:10335000636F72655C697076345C646863702E6359
:1033600000000000646863705F6F7074696F6E5F67
:10337000627974653A206F7074696F6E735F6F75F0
:10338000745F6C656E203C20444843505F4F50543E
:10339000494F4E535F4C454E00000000417373652A
:1033A0007274696F6E2022257322206661696C65D4
:1033B00064206174206C696E6520256420696E202C
:1033C00025730A0070B504460D46164600BF201D41
:1033D000442808D900BF10A340F2B7521CA12BA06B
:1033E000FFF72CF800BF00BF320E2046611C8CB2E4
:1033F0002A54C6F307422046611C8CB22A54C6F3F5
:1034000007222046611C8CB22A542046611C8CB2D3
:103410002E54204670BD00002E2E5C4D6964646CF5
:103420006577617265735C54686972645F5061723C
:1034300074795C4C7749505C7372635C636F72653E
:103440005C697076345C646863702E630000000011
:10345000646863705F6F7074696F6E5F6C6F6E67C6
:103460003A206F7074696F6E735F6F75745F6C650F
:103470006E202B2034203C3D20444843505F4F5069
:1034800054494F4E535F4C454E00000041737365E5
:103490007274696F6E2022257322206661696C65E3
:1034A00064206174206C696E6520256420696E203B
:1034B00025730A0070B504460D46164600BFA01CD1
:1034C000442808D900BF0AA340F2AE5216A125A095
:1034D000FEF7B4FF00BF00BF320A2046611C8CB269
:1034E0002A542046611C8CB22E54204670BD000028
:1034F0002E2E5C4D6964646C6577617265735C54F3
:10350000686972645F50617274795C4C7749505C91
:103510007372635C636F72655C697076345C646857
:1035200063702E6300000000646863705F6F7074E6
:10353000696F6E5F73686F72743A206F7074696F31
:103540006E735F6F75745F6C656E202B2032203C4C
:103550003D20444843505F4F5054494F4E535F4CB9
:10356000454E0000417373657274696F6E202225A9
:103570007322206661696C6564206174206C696ED9
:103580006520256420696E2025730A0070B5044605
:103590000D461646FF222046611C8CB22A5404E0D8
:1035A00000222046611C8CB22A54442C02D304F021
:1035B000030008B1442CF3D304F1F00081B230468B
:1035C00005F0A4FE70BD00002DE9F04F8BB08146E0
:1035D000002007900690F748002101604160B9F88B
:1035E0000A002C2803D2881E0BB0BDE8F08FD9F852
:1035F000040005904FF0F00AB9F80800089000BFE9
:103600004C460AE06089AAEB00001FFA80FA618943
:103610000898401A80B20890246814B16089504517
:10362000F0DD14B96FF00100DEE755460898099007
:1036300060680A90A0E10A98405D049000274FF06E
:10364000FF38A81C1FFA80FBAB4501DAB81ECBE798
:103650006189681C814203DD691C0A98465C07E0A9
:10366000206818B120684068007800E00020064615
:103670003746049834284FD007DC78B1012811D0A0
:10368000032822D033287AD133E0352868D0362871
:103690007CD03A2875D03B28F5D19DE00020064625
:1036A0000746B0E000BF042E0BD000BFC2A340F21B
:1036B0002E62CFA1D1A0FEF7C1FE00BF6FF00500C2
:1036C00092E700BF4FF006089DE0042700BFBE420E
:1036D0000BDA00BFB8A340F23362D2A1C7A0FEF755
:1036E000ADFE00BF6FF005007EE700BF4FF007089A
:1036F00089E000BF042E0BD000BFAFA340F24162AF
:10370000BBA1BEA0FEF79AFE00BF6FF005006BE7FD
:1037100000BF4FF0030876E000BF012E0BD000BFC2
:10372000A5A340F24F62C4A1B4A0FEF787FE00BF7C
:103730006FF0050058E700BF00BFBAF1F00F0BD0E3
:1037400000BF9DA340F25162BEA1ACA0FEF776FE81
:1037500000BF6FF0050047E700BF4FF0000852E0E0
:1037600000BF012E0ED000BF93A340F25562B2A15C
:10377000A2A0FEF763FE00BF6FF0050034E73EE055
:1037800004E016E000BF4FF001083CE000BF042E4B
:103790000BD000BF88A340F2596295A197A0FEF715
:1037A0004DFE00BF6FF005001EE700BF4FF002089E
:1037B00029E000BF042E0BD000BF7FA340F25D6262
:1037C0008BA18EA0FEF73AFE00BF6FF005000BE75D
:1037D00000BF4FF0040816E000BF042E0BD000BF5E
:1037E00075A340F2616282A184A0FEF727FE00BFAC
:1037F0006FF00500F8E600BF4FF0050803E0002772
:1038000000BF00BF00BF00BF049810B9681C85B29C
:103810008DE0A819801CB0F5803F02DB6FF001003D
:10382000E2E6A819801C85B2002FF1DD002003908C
:1038300000BF00BFB8F1000F02DBB8F1080F08DBD2
:1038400000BF5DA34FF4CF6284A16CA0FEF7F6FD2C
:1038500000BF00BF574810F80800002866D1042FA9
:1038600001DA384600E0042002905B4603A92046B6
:10387000029A05F09FFB01460298814202D06FF048
:103880000100B1E6042F2FDD00BFF91707EB91719E
:103890008910A7EB810159B100BF47A340F28162B3
:1038A00073A156A0FEF7CAFD00BF6FF005009BE6AE
:1038B00000BF01203F4901F80800039803F00EFD06
:1038C000714941F82800381FC7B20BF1040080B2DB
:1038D00001900198584502DA6FF0010084E6DDF8A6
:1038E00004B008F10108A4E7042F04D1039803F001
:1038F000F5FC039012E000BF012F0BD000BF2EA3F8
:103900004FF4D26261A13DA0FEF798FD00BF6FF0B9
:10391000050069E600BF9DF80C00039001202549D1
:1039200001F808005849039841F8280000BF608951
:10393000A84220DC6089281A85B261890998401A5A
:1039400080B209900998854212DA246800BF5CB9F8
:1039500000BF19A340F29D6251A128A0FEF76EFDA1
:1039600000BF6FF005003FE600BF60680A9002E00C
:103970006FF0010038E600BF3CB10998854204DAD7
:103980000A98405DFF287FF456AE0A48007870B16F
:103990003D4908680021074A1170012802D1012120
:1039A00007918CE0022803D10121069187E087E08E
:1039B00080E000001C0000202E2E5C4D6964646CC9
:1039C0006577617265735C54686972645F50617297
:1039D00074795C4C7749505C7372635C636F726599
:1039E0005C697076345C646863702E63000000006C
:1039F0006C656E203D3D203400000000417373650E
:103A00007274696F6E2022257322206661696C656D
:103A100064206174206C696E6520256420696E20C5
:103A200025730A006C656E203E3D206465636F64FB
:103A3000655F6C656E0000006C656E203D3D203159
:103A4000000000006F7665726C6F616420696E2003
:103A500066696C652F736E616D65000063686563F0
:103A60006B206465636F64655F69647800000000C3
:103A70006465636F64655F6C656E20252520342066
:103A80003D3D20300000000008350020696E766161
:103A90006C6964206465636F64655F6C656E0000CB
:103AA0006E657874207062756620776173206E751C
:103AB0006C6C0000032802D101210691079100BF20
:103AC000079830B1002007904FF06C0AEC20089066
:103AD00096E5069830B1002006904FF02C0A6C2035
:103AE00008908DE500207FE52DE9FC4707467C6ABC
:103AF0000421204600F084FB01AB03222146384616
:103B0000FEF7DCFF0546002D42D06E680223392205
:103B100006F1F001BDF80400FFF79EFB01903A8D1D
:103B200006F1F001BDF80400FFF7C4FC0190032387
:103B3000372206F1F001BDF80400FFF78DFB01907C
:103B40004FF000080DE0224810F8082006F1F001BF
:103B5000BDF80400FFF7D2FB019008F1010000F06E
:103B6000FF08B8F1030FEED32A4606F1F001BDF8C5
:103B70000400FFF70BFD4323164A29461648009719
:103B800000680BF0E7FE8146284605F0B3FA01E035
:103B90004FF0FF39A079FF2802DAA079401CA0710C
:103BA000A0790A2805DAA0794FF47A7110FB01F0A8
:103BB00001E042F210701FFA80FA0AF2F3104FF49B
:103BC000FA7190FBF1F020814846BDE8FC870000C7
:103BD00024000020C8FD0008280000202DE9FC5F1B
:103BE0008046D8F824400321204600F009FB01ABB1
:103BF000032221464046FEF761FF0646002E54D0C0
:103C000075680223392205F1F001BDF80400FFF7C1
:103C100023FB01904FF4107205F1F001BDF8040090
:103C2000FFF748FC01900423322205F1F001BDF8B2
:103C30000400FFF711FB0190E06903F04FFB83469E
:103C40005A4605F1F001BDF80400FFF7BBFB0190F7
:103C50000323372205F1F001BDF80400FFF7FCFA59
:103C6000019000270AE02048C25D05F1F001BDF88F
:103C70000400FFF743FB0190781CC7B2032FF2D377
:103C8000324605F1F001BDF80400FFF77FFC432345
:103C9000164A31461648CDF8008000680BF05AFEEF
:103CA0008146304605F026FA01E04FF0FF39A07951
:103CB000FF2802DAA079401CA071A0790A2805DA51
:103CC000A0794FF47A7110FB01F001E042F210701C
:103CD0001FFA80FA0AF2F3104FF4FA7190FBF1F038
:103CE00020814846BDE8FC9F24000020C8FD000854
:103CF000280000202DE9F05F1646DDF828B0444882
:103D000047687C6AD6F804900CB1207900B97AE053
:103D100000BF00BF70892C2800DA74E099F8000019
:103D2000022800D06FE000250AE007F12A00415D7B
:103D300009F11C00405D814200D064E0681CC5B2FE
:103D400097F83000A84201DD062DEED3D9F8040023
:103D500003F0C4FA2168884200D054E0214630467E
:103D6000FFF732FC00B14EE02A48407800B94AE043
:103D7000D6F804A0284890F80480B8F1050F24D1A3
:103D80006079012810D151463846FFF701F997F8BC
:103D9000310000F0080018B13846FEF73BFE31E074
:103DA0003846FEF759FD2DE06079032805D060798B
:103DB000042802D06079052824D151463846FFF7FF
:103DC000E7F83846FEF748FD1CE0B8F1060F0FD1C2
:103DD0006079032808D06079012805D0607904282B
:103DE00002D06079052803D13846FFF711F909E0C0
:103DF000B8F1020F06D16079062803D15146384642
:103E0000FFF71AF900BF304605F074F9BDE8F09FDE
:103E1000283600201C000020083500202DE9FE4334
:103E20000646746A0CB9BDE8FE83607900B9FAE70A
:103E3000A06902900020A061E061206260622063BE
:103E4000E062A062A08260822082E081304600F0C1
:103E50008BFA88B301AB072221463046FEF72EFECF
:103E6000054645B36F680423362207F1F001BDF81B
:103E70000400FFF7F1F90190029803F02FFA804651
:103E8000424607F1F001BDF80400FFF79BFA0190EC
:103E90002A4607F1F001BDF80400FFF777FB432342
:103EA00002AA29460D48009600680BF053FD2846EB
:103EB00005F020F900BF00BF094B1A4611463046F5
:103EC00004F028FA0021204600F09AF9207918B170
:103ED000FEF704FF0020207100BFA4E728000020A7
:103EE000C4FD00082DE9FC4707467C6A05212046F1
:103EF00000F086F901AB032221463846FEF7DEFDCD
:103F00000546002D43D06E680223392206F1F001E8
:103F1000BDF80400FFF7A0F901903A8D06F1F00119
:103F2000BDF80400FFF7C6FA01900323372206F11B
:103F3000F001BDF80400FFF78FF901904FF0000881
:103F40000DE0224810F8082006F1F001BDF8040049
:103F5000FFF7D4F9019008F1010000F0FF08B8F173
:103F6000030FEED32A4606F1F001BDF80400FFF777
:103F70000DFB432304F118022946154800970068F9
:103F80000BF0E8FC8146284605F0B4F801E04FF05C
:103F9000FF39A079FF2802DAA079401CA071A0792E
:103FA0000A2805DAA0794FF4FA6110FB01F001E06C
:103FB00044F620601FFA80FA0AF2F3104FF4FA7107
:103FC00090FBF1F020814846BDE8FC8724000020EA
:103FD000280000202DE9FE4F074600BF002F0CD11E
:103FE00000BF5DA340F2771269A170A0FEF726FA28
:103FF00000BF6FF00F00BDE8FE8F00BF7C6A00BFFE
:10400000002C0AD100BF54A340F2791271A167A01D
:10401000FEF714FA00BFA01FEDE700BF0121204604
:1040200000F0EEF802AB032221463846FEF746FDCB
:104030000646002E6ED075680223392205F1F00184
:10404000BDF80800FFF708F902903A8D05F1F0017C
:10405000BDF80800FFF72EFA02900423322205F182
:10406000F001BDF80800FFF7F7F80290E06903F0EF
:1040700035F983465A4605F1F001BDF80800FFF70F
:10408000A1F902900423362205F1F001BDF80800E1
:10409000FFF7E2F80290A06903F020F983465A4640
:1040A00005F1F001BDF80800FFF78CF90290032339
:1040B000372205F1F001BDF80800FFF7CDF80290B6
:1040C0004FF000080DE04A4810F8082005F1F00113
:1040D000BDF80800FFF712F9029008F1010000F0A6
:1040E000FF08B8F1030FEED3324605F1F001BDF839
:1040F0000800FFF74BFA3F4843233F4A3146CDE9DA
:1041000000703E4800680BF0F1FC8146304604F038
:10411000F1FF01E04FF0FF39A079FF2802DAA07922
:10412000401CA071A079062803DAA17901208840FB
:1041300000E03C2000EB4001C1EBC0104FF6FF71E6
:1041400001EAC00A0AF2F3104FF4FA7190FBF1F0A1
:10415000208148464FE700002E2E5C4D6964646C58
:104160006577617265735C54686972645F506172EF
:1041700074795C4C7749505C7372635C636F7265F1
:104180005C697076345C646863702E6300000000C4
:10419000646863705F73656C6563743A206E657400
:1041A000696620213D204E554C4C000041737365DB
:1041B0007274696F6E2022257322206661696C65B6
:1041C00064206174206C696E6520256420696E200E
:1041D00025730A00646863705F73656C6563743A85
:1041E000206468637020213D204E554C4C00000037
:1041F00024000020C4FD0008C8FD0008280000209D
:1042000042798A4203D04171002282710281704753
:1042100070B5044600BF002C0BD100BF2DA340F2A7
:10422000E7223AA13DA0FEF709F900BF6FF00F00A9
:1042300070BD00BF00BF94F8310000F001000028FD
:104240000BD100BF23A34FF43A723EA133A0FEF777
:10425000F5F800BF6FF00F00EAE700BF656A208D38
:10426000B0F5107F02DA4FF0FF30E1E74DB93420AE
:1042700003F026FA054615B94FF0FF30D8E765621E
:1042800003E0287908B1FEF729FD34212846FCF720
:1042900002F8FEF7E9FE10B14FF0FF30C8E7012049
:1042A000287194F83100C0F3800028B90221284613
:1042B000FFF7A6FF0020BBE72046FEF7CDFD064630
:1042C0002EB12046FFF7AAFD4FF0FF30B0E7304691
:1042D000AEE700002E2E5C4D6964646C65776172F8
:1042E00065735C54686972645F50617274795C4C88
:1042F0007749505C7372635C636F72655C6970765A
:10430000345C646863702E63000000006E6574693D
:104310006620213D204E554C4C00000041737365D2
:104320007274696F6E2022257322206661696C6544
:1043300064206174206C696E6520256420696E209C
:1043400025730A006E65746966206973206E6F7448
:104350002075702C206F6C64207374796C652070EC
:104360006F72743F00000000014679B1486A68B17D
:104370004A6A50790A2805D05079052802D0507928
:10438000042801D1012070470020FCE70020FAE753
:1043900070B505466C6A6079012805D060790A28F5
:1043A00002D06079052813D12846FFF79BFDA1892B
:1043B000628A881A00EBD0710122B2EB610F07DC30
:1043C000A189628A881A00EBD071C1F34F01E181A3
:1043D00070BD70B505466C6A6079012808D06079B7
:1043E0000A2805D06079052802D06079042813D105
:1043F0002846FFF779FBA18A628A881A00EBD07100
:104400000122B2EB610F07DCA18A628A881A00EBF5
:10441000D071C1F34F01218270BD70B505466C6A41
:1044200060790C2802D06079062803D12846FEF76F
:1044300013FD2BE0607901280DD1A079052803DC5C
:104440002846FFF7C7FD21E02846FFF7E7FC28468E
:10445000FFF7DEFE1AE0607908280AD1A07901286A
:1044600003DC2846FEF7D6FA10E02846FEF7F4F9FA
:104470000CE06079032809D1A079022803DA2846E4
:10448000FFF7ACFB02E02846FEF7E6FC70BD00003B
:1044900070B504460D4600BF05F00300002808D0A3
:1044A00000BF08A34FF4B67212A11AA0FDF7C6FF11
:1044B00000BF00BF2E46A06800683060A06806609C
:1044C00070BD00002E2E5C4D6964646C657761726E
:1044D00065735C54686972645F50617274795C4C96
:1044E0007749505C7372635C636F72655C6D656D78
:1044F000702E63006D656D705F667265653A206D44
:10450000656D2070726F7065726C7920616C69677F
:104510006E656400417373657274696F6E20222545
:104520007322206661696C6564206174206C696E19
:104530006520256420696E2025730A0070B5054644
:10454000A8680468002C13D02068A968086000BF20
:1045500004F00300002808D000BF06A34FF48C72BB
:1045600010A119A0FDF76AFF00BF00BF204670BD73
:104570000020FCE72E2E5C4D6964646C65776172E7
:1045800065735C54686972645F50617274795C4CE5
:104590007749505C7372635C636F72655C6D656DC7
:1045A000702E63006D656D705F6D616C6C6F633A4A
:1045B000206D656D702070726F7065726C7920610E
:1045C0006C69676E65640000417373657274696F2E
:1045D0006E2022257322206661696C6564206174F7
:1045E000206C696E6520256420696E2025730A00A1
:1045F00070B50546002411E004EB4400094901EBC5
:10460000C000067D4EB104EB440001EBC0008068A1
:10461000A84202D1204600F087F9641C0A2CEBDB8B
:1046200070BD0000283500202DE9FF5F0646894651
:1046300017464FF00A0AD346D04600240A200390BA
:10464000002002900190009000BF73E004EB440052
:10465000764901EBC000057DB8F10A0F02D10DB912
:10466000A04665E0002D63D000BF012D0AD0022DC9
:1046700008DA00BF6EA340F223127BA18AA0FDF7E7
:10468000DDFE00BF00BFAEB104EB4401674A02EBA0
:10469000C1013068496888420CD13FB104EB440045
:1046A000114601EBC0008068B84203D1204604B037
:1046B000BDE8F09F012D28D104EB44005B4951F87F
:1046C000300080B104EB440001EBC000418A029845
:1046D00081422DDB039404EB4400544901EBC000FC
:1046E000408A029024E004EB4400504901EBC000F2
:1046F000418A019881421BDBA24604EB44004B49EE
:1047000001EBC000408A019012E0022D10DB04EBA7
:104710004400464901EBC000418A0098814207DB12
:10472000A34604EB4400414901EBC000408A0090DD
:10473000601C04B20A2C89DB09F0020028B9B8F128
:104740000A0F05D109F0010010B94FF0FF30AEE7B4
:10475000B8F10A0F01DA444631E0BBF10A0F11DA71
:104760005C4600BF04EB4400304951F8300040B1D2
:1047700000BF2FA340F26D1255A14BA0FDF75EFEC6
:1047800000BF0CE0BAF10A0F01DA544607E00398C3
:104790000A2801DA039C02E04FF0FF3087E700BFF0
:1047A0000A2C08DB00BF22A340F27F124EA13EA0DC
:1047B000FDF744FE00BF00BF204600F0B5F800BF83
:1047C0000A2C08DB00BF1AA340F2831246A136A0D0
:1047D000FDF734FE00BF00BF00BF04EB44001349E7
:1047E00001EBC000007D40B100BF11A34FF4C272C5
:1047F00042A12DA0FDF722FE00BF00BF36B104EBA1
:1048000044010A4A02EBC10130684860002004EB11
:104810004401064A02EBC101488204EB4400114600
:1048200001EBC0008760204641E7000028350020EA
:104830002E2E5C4D6964646C6577617265735C549F
:10484000686972645F50617274795C4C7749505C3E
:104850007372635C636F72655C697076345C6574F7
:10486000686172702E6300007374617465203D3D51
:10487000204554484152505F53544154455F504580
:104880004E44494E47207C7C207374617465203E01
:104890003D204554484152505F53544154455F5365
:1048A0005441424C45000000417373657274696F56
:1048B0006E2022257322206661696C656420617414
:1048C000206C696E6520256420696E2025730A00BE
:1048D0006172705F7461626C655B695D2E71203D11
:1048E0003D204E554C4C000069203C204152505F09
:1048F0005441424C455F53495A4500006172705F14
:104900007461626C655B695D2E7374617465203DD2
:104910003D204554484152505F53544154455F45F2
:104920004D5054590000000010B5044604EB4400FB
:104930000C4951F8300060B104EB4401094A52F8C7
:10494000310004F0D7FB002004EB4401054A42F893
:104950003100002004EB4401024A02EBC10108755A
:1049600010BD000028350020F0B587B007460D4681
:1049700000BF002D0AD100BF30A340F28A223DA122
:1049800040A0FDF75BFD00BF07B0F0BD00BF7C6835
:104990002088B0F5807F08D12079062805D160797C
:1049A000042802D16088082803D0384604F0A2FB0E
:1049B000EAE7D4F80E000690A0690590686808B987
:1049C000002607E005986968884201D1012000E0CF
:1049D000002006460EB1012000E00220034604F14B
:1049E000080206A9284600F0CFFCE088B0F5807FD9
:1049F00003D0B0F5007F19D113E086B1022206ABD7
:104A000004F10800291DCDE90232CDE9001005F1BD
:104A10002A0302462631284600F060FB00E000BF72
:104A200005E006A92846FDF7BFFE00E000BF00BF75
:104A3000384604F05FFB00BFA6E700002E2E5C4D59
:104A40006964646C6577617265735C5468697264EB
:104A50005F50617274795C4C7749505C7372635C2F
:104A6000636F72655C697076345C657468617270DE
:104A70002E6300006E6574696620213D204E554C02
:104A80004C000000417373657274696F6E202225BB
:104A90007322206661696C6564206174206C696EA4
:104AA0006520256420696E2025730A002DE9FE43E8
:104AB00004460F461546A94600BF002C08D100BF8A
:104AC0005DA340F21E326AA16DA0FDF7B7FC00BFE6
:104AD00000BF00BF47B900BF57A340F21F3272A109
:104AE00067A0FDF7ABFC00BF00BF00BF002D08D1E1
:104AF00000BF51A34FF448726EA161A0FDF79EFC68
:104B000000BF00BF2146286801F01CF910B1DFF892
:104B1000B48186E0287800F0F000E02816D101206A
:104B20008DF8040000208DF805005E208DF8060049
:104B3000687800F07F008DF80700A8788DF80800ED
:104B4000E8788DF809000DF1040869E02868A1688B
:104B50000840D4E90112114088420ED0288880B262
:104B60004FF6A961884208D0E06810B104F10C0941
:104B700003E06FF00300BDE8FE835348007800EBCC
:104B80004000524901EBC000007D02281BDB4E486B
:104B9000007800EB400001EBC0008068A04212D119
:104BA0004949097801EB4101484A02EBC101D9F8B2
:104BB00000004968884206D14348027839462046B9
:104BC00000F086F8D7E7002622E006EB46003F49D2
:104BD00001EBC000007D022818DB06EB460001EB6C
:104BE000C0008068A04211D106EB4601374A02EBB3
:104BF000C101D9F800004968884207D132480670DF
:104C000032463946204600F063F8B4E7701CC6B25D
:104C10000A2EDADB3A464946204600F00DF9AAE7AB
:104C200000BF4FF40060434604F12A023946009069
:104C3000204600F08FFD9EE72E2E5C4D6964646C6B
:104C40006577617265735C54686972645F50617204
:104C500074795C4C7749505C7372635C636F726506
:104C60005C697076345C6574686172702E630000F4
:104C70006E6574696620213D204E554C4C00000045
:104C8000417373657274696F6E20222573222066EA
:104C900061696C6564206174206C696E65202564AF
:104CA00020696E2025730A007120213D204E554C4D
:104CB0004C00000069706164647220213D204E55F3
:104CC0004C4C0000CCFD00083400002028350020AA
:104CD000F8B505460E46144600BF04EB44003149C2
:104CE00001EBC000007D022808DA00BF2EA340F2CD
:104CF000EE223BA146A0FDF7A1FB00BF00BF04EBE5
:104D00004400284901EBC000007D022839D104EBA2
:104D1000440001EBC000408AB0F58E7F11DD04EB4A
:104D200044000A4602EBC000011D284600F09CFA30
:104D300038BB032004EB44011A4A02EBC101087599
:104D40001FE004EB4400174901EBC000408AB0F5B6
:104D5000877F16DB04EB44000B4603EBC00000F139
:104D60000C0204EB440003EBC000011D284600F0D8
:104D700087FA30B9032004EB44010A4A02EBC1016F
:104D800008754FF40060009004EB4400054901EB06
:104D9000C00000F10C0305F12A023146284600F05C
:104DA000D9FCF8BD283500202E2E5C4D6964646C5A
:104DB0006577617265735C54686972645F50617293
:104DC00074795C4C7749505C7372635C636F726595
:104DD0005C697076345C6574686172702E63000083
:104DE0006172705F7461626C655B6172705F69644F
:104DF000785D2E7374617465203E3D2045544841B2
:104E000052505F53544154455F535441424C450006
:104E1000417373657274696F6E2022257322206658
:104E200061696C6564206174206C696E652025641D
:104E300020696E2025730A002DE9FE4F81460F463A
:104E4000164609F12A0A4FF0FF3002900020019027
:104E50004946386800F076FF38B9387800F0F0003D
:104E6000E02802D00FB1386818B96FF00F00BDE824
:104E7000FE8F4A4601213846FFF7D6FB8046B8F13F
:104E8000000F02DA4FFA88F0F1E700BFB8F17F0FA8
:104E900008D300BF5FA340F2C1326CA16FA0FDF741
:104EA000CDFA00BF00BF08F0FF0404EB44007549D1
:104EB00001EBC000007D70B90120019004EB4401BA
:104EC000704A02EBC101087504EB4400114601EB86
:104ED000C000C0F8089000BF04EB4400694901EB32
:104EE000C000007D01280FD004EB440001EBC0009E
:104EF000007D022808DA00BF46A340F2CD3262A14D
:104F000056A0FDF79BFA00BF00BF019800B93EB95B
:104F10003946484600F0A8F902900EB90298A6E773
:104F200000BF46B900BF3BA340F2E13260A14BA0F5
:104F3000FDF784FA00BF00BF04EB4400514901EBC8
:104F4000C000007D022811DB5C4804704FF4006053
:104F5000009004EB440001EBC00000F10C0352464A
:104F60003146484600F0F6FB029050E004EB440066
:104F7000444901EBC000007D012848D14FF0000BEF
:104F8000354618E000BF6889298988420AD1286817
:104F900040B100BF1FA340F2F13249A12FA0FDF79D
:104FA0004DFA00BF00BF287B00F0400010B14FF069
:104FB000010B02E02D68002DE4D100BFBBF1000F12
:104FC00007D032464FF420710E2003F087FE0546CD
:104FD00003E03546284604F04DFAA5B104EB440041
:104FE000284951F8300030B104EB4401254A52F809
:104FF000310004F07FF804EB4400224941F83050BE
:105000000020029002E04FF0FF30029000BF0298B3
:105010002DE700002E2E5C4D6964646C657761722B
:1050200065735C54686972645F50617274795C4C3A
:105030007749505C7372635C636F72655C6970760C
:10504000345C6574686172702E63000074797065F9
:10505000206F766572666C6F770000004173736530
:105060007274696F6E2022257322206661696C65F7
:1050700064206174206C696E6520256420696E204F
:1050800025730A00283500206172705F7461626CBC
:10509000655B695D2E7374617465203D3D205045EC
:1050A0004E44494E47206F7220535441424C4500B4
:1050B0007120213D204E554C4C0000003400002052
:1050C0006E6F207061636B657420717565756573B3
:1050D00020616C6C6F776564210000002DE9FC5F36
:1050E00006460F4690469946DDE90CAB002001903C
:1050F00000BF002E08D100BF31A340F257423EA1AD
:1051000041A0FDF79BF900BF00BF4FF420721C21A6
:105110000E2003F051FB05461DB94FF0FF30BDE8EE
:10512000FC9F00BF68891C2808DA00BF24A340F256
:1051300062423FA134A0FDF781F900BF00BF6C6857
:105140000F9802F0D8F8E08000BF96F830000628EB
:1051500008D000BF1AA340F2694242492AA0FDF7D5
:105160006DF900BF00BFD9F80000A060B9F80400D5
:10517000A081DBF80000C4F81200BBF80400E08254
:10518000DAF80000C4F80E000E980068A0614FF431
:1051900080702080082060800620207104206071CB
:1051A00040F6060043463A4629460090304600F055
:1051B000D1FA284603F09EFF00250198AFE70000D2
:1051C0002E2E5C4D6964646C6577617265735C5406
:1051D000686972645F50617274795C4C7749505CA5
:1051E0007372635C636F72655C697076345C65745E
:1051F000686172702E6300006E6574696620213DDF
:10520000204E554C4C000000417373657274696FF9
:105210006E2022257322206661696C6564206174AA
:10522000206C696E6520256420696E2025730A0054
:10523000636865636B207468617420666972737457
:1052400020706275662063616E20686F6C642073E5
:105250007472756374206574686172705F686472DB
:105260000000000028FF000870B504460D46034A00
:105270002946204600F004F870BD0000CCFD00086F
:105280007FB504460D4616460121074A201D04F14C
:105290002A038DE825000391324619462046FFF780
:1052A0001DFF04B070BD0000D2FD000870B50024E1
:1052B00064E004EB4400334901EBC000057D002DA0
:1052C0005BD004EB440001EBC000408A401C04EBBF
:1052D00044012C4A02EBC101488204EB4400114610
:1052E00001EBC000408AB0F5967F0DDA04EB440074
:1052F00001EBC000007D01280AD104EB440001EB62
:10530000C000408A052803DB2046FFF70DFB34E090
:1053100004EB44001B4901EBC000007D032807D1CA
:10532000042004EB4401174A02EBC101087524E094
:1053300004EB4400134901EBC000007D042807D1B1
:10534000022004EB44010F4A02EBC101087514E08E
:1053500004EB44000B4901EBC000007D01280CD197
:1053600004EB44020B4603EBC202111D04EB4402A2
:1053700003EBC2029068FFF777FF641C0A2C98DBEE
:1053800070BD0000283500202DE9F84305460E4683
:105390001746984600BF95F83000062808D000BF91
:1053A0002EA340F2A9123BA143A0FDF747F800BF8E
:1053B00000BF5EB1306848B12946306800F0C2FCD9
:1053C00020B9307800F0F000E02803D16FF00F0032
:1053D000BDE8F8832A4641463046FFF725F90446E2
:1053E000002C01DA60B2F3E7022004EB44013C4AEE
:1053F00002EBC101087504EB4400114601EBC0004B
:10540000856004EB440001EBC0003968C160B988D5
:105410000182002004EB440102EBC101488204EB4D
:105420004400114651F83000B0B104EB440051F88B
:105430003090002004EB440142F831004FF400604A
:105440003B4605F12A0249460090284600F082F9C1
:10545000484603F04FFE00BF0020B9E72E2E5C4DFA
:105460006964646C6577617265735C5468697264C1
:105470005F50617274795C4C7749505C7372635C05
:10548000636F72655C697076345C657468617270B4
:105490002E6300006E657469662D3E6877616464F2
:1054A000725F6C656E203D3D204554485F48574112
:1054B0004444525F4C454E00417373657274696F8A
:1054C0006E2022257322206661696C6564206174F8
:1054D000206C696E6520256420696E2025730A00A2
:1054E000283500202DE9F04104460E464FF00E0805
:1054F00060890E2800DC4FE0E07B18B996F8340094
:10550000401CE0736568AF89287800F00100B0B1F5
:105510002878012809D1687888B9A8785E280ED142
:10552000607B40F01000607309E006221D492846A8
:10553000FAF7BCFE18B9607B40F008006073082FD2
:1055400003D0B7F5C16F22D110E096F8310000F01A
:10555000080000B920E04146204603F0D9FF00B121
:105560001AE03146204600F07BFD11E096F831004C
:1055700000F0080000B90FE04146204603F0C8FFE4
:1055800000B109E031462046FFF7EEF900E003E004
:1055900000BF0020BDE8F081204603F0ABFD0020F5
:1055A000F8E70000CCFD00082DE9F0419AB0044670
:1055B000642101A8FAF76FFE4FF0000800260027CB
:1055C000FBF7EEF9054694F83100C0F3800078B19E
:1055D000012D0DD82CA0FCF731FF204602F0D0FEA3
:1055E000204602F037FF2E492E4802F02FFF48E0F8
:1055F00094F83100C0F38000002842D1012D40D939
:10560000022D06D0032D0AD0042D0ED0052D17D162
:1056100011E04FF40067FE004FF0010811E0002791
:105620004FF480464FF001080BE04FF4006700266E
:105630004FF0010805E0002700264FF0010800E0C8
:1056400000BF00BFB8F1000F1BD001A91648FBF73F
:105650002BFA079706963246394614A0FCF7EEFE61
:1056600001A91148FBF7B4FC0F48FBF7C3FC204627
:1056700002F0C4FF204602F053FF0949094802F036
:10568000E5FE1AB0BDE8F081B6CFBFAACDF8CFDFF6
:10569000A3ACD0E8D6D8D0C2C1ACBDD30A000000BC
:1056A000C1560008E0000020DC3300206475706CF7
:1056B00065783D25782073706565643D25780A001E
:1056C00030B585B0044694F83100C0F3800080B155
:1056D0000AA0FCF7B3FE0D4801F072F805462A4611
:1056E0000BA16846FCF7BAFE69460AA0FCF7A6FEC5
:1056F00002E00EA0FCF7A2FE05B030BDB3C9B9A60A
:10570000C1ACBDD3CDF8BFA80A000000E400002062
:1057100025730000537461746963204950206164EB
:1057200064726573733A2025730A0000546865201B
:105730006E6574776F726B206361626C652069734C
:10574000206E6F7420636F6E6E6563746564200AEB
:10575000000000002DE9F04705460E461746984622
:10576000DDF82090484601F0C6FD82460E21304605
:1057700002F0A4FF00B122E07468A4F80CA0D8F8ED
:1057800000002060B8F80400A0803868C4F8060063
:10579000B888608100BF95F83000062808D000BFA7
:1057A00008A34FF4997215A121A0FCF747FE00BF92
:1057B00000BF31462846AA699047BDE8F0876FF0E0
:1057C0000100FAE72E2E5C4D6964646C65776172A6
:1057D00065735C54686972645F50617274795C4C83
:1057E0007749505C7372635C6E657469665C65745E
:1057F0006865726E65742E63000000006E657469E2
:10580000662D3E6877616464725F6C656E206D75AD
:105810007374206265203620666F72206574686537
:10582000726E65745F6F757470757421000000008E
:10583000417373657274696F6E202225732220662E
:1058400061696C6564206174206C696E65202564F3
:1058500020696E2025730A0010B5044600BF44B9C4
:1058600000BF0CA340F267120FA113A0FCF7E6FDE6
:1058700000BF00BF732084F832007421332001552B
:10588000174860611748A061204601F009FC00201C
:1058900010BD00002E2E5C5372635C6574686572E7
:1058A0006E657469662E63006E6574696620213DBD
:1058B000204E554C4C000000417373657274696F43
:1058C0006E2022257322206661696C6564206174F4
:1058D000206C696E6520256420696E2025730A009E
:1058E000AD4A0008DD71000870B50446002500BF10
:1058F000204601F061FC05463DB12146284622695B
:10590000904710B1284603F0F5FB002DF0D170BD93
:1059100013B50C464FF6FF73012269460248FCF7A7
:105920007DFA00981CBD0000C434002070B5054607
:105930000C4622460321284600F042F970BD0000C3
:105940002DE9FF5F05468A46694880680390039801
:1059500000780007860E142E00DAC0E0688904285B
:1059600000D2BCE06868047814B1082C73D100E060
:10597000B0E0DFF87C9109F114095D48007D00F08A
:10598000F000E02800D1AEE0594A1168506900F0FB
:10599000D9F900B1A7E02889082800D29FE028465D
:1059A00000F0A5F920B1284603F0A4FBBDE8FF9F55
:1059B00006F10E01284602F081FE002840D0288919
:1059C00030441FFA80FB2889584500DD8BE04FF4F6
:1059D000207259460E2002F0EFFE074607B982E01A
:1059E000798906F10800814203D2384603F082FB30
:1059F00079E0324678680399FAF726FC3146384652
:105A000003F086FD00280DD000BF00BF39A3B622E9
:105A100046A154A0FCF712FD00BF00BF384603F0BA
:105A200069FB60E02946384603F0B0F918B1384602
:105A300003F060FB57E0284603F05CFB3D4612E0B4
:105A400006F10E01284603F063FD60B100BF00BF00
:105A500028A3C72200E02BE04CA142A0FCF7EEFCFB
:105A600000BF00BF3FE0D5F804803146284602F071
:105A700025FEE0B96F68D9F80000F8601C4800699D
:105A80003861002088F80000A8F80200FF20387272
:105A90000020788101200021FF230A46CDE9010A78
:105AA00000914946284600F0D9FB834600BF11E02B
:105AB000032C0ED00B2C0CD00C2C0AD0042C08D0AC
:105AC000052C06D00D2C04D00E2C02D0112C00D0A9
:105AD00000BF00BF00BF284603F00CFB66E7284666
:105AE00003F008FB62E7284603F004FB00BF5DE714
:105AF000283600202E2E5C4D6964646C65776172D7
:105B000065735C54686972645F50617274795C4C4F
:105B10007749505C7372635C636F72655C69707621
:105B2000345C69636D702E630000000069636D7002
:105B30005F696E7075743A206D6F76696E6720725A
:105B40002D3E7061796C6F616420746F2069636DA4
:105B50007020686561646572206661696C65640ABD
:105B600000000000417373657274696F6E20222516
:105B70007322206661696C6564206174206C696EB3
:105B80006520256420696E2025730A0069636D70A5
:105B90005F696E7075743A20726573746F72696EA6
:105BA00067206F726967696E616C20702D3E70614D
:105BB000796C6F6164206661696C65640A0000003D
:105BC0002DE9FF470746884691464FF4207224216D
:105BD000222002F0F1FD05460DB9BDE8FF8700BFA8
:105BE0006889242808D200BF19A34FF4B47226A1F3
:105BF00030A0FCF723FC00BF00BFD7F804A06C68FE
:105C000084F8008084F801900020A080E08079680A
:105C10006A6802F108001C22FAF716FBDAF80C0099
:105C2000039003A800F082FD06465EB1002060806C
:105C300001200021FF2303AACDE901060091284697
:105C400000F00CFB284603F055FA00BFC5E7000042
:105C50002E2E5C4D6964646C6577617265735C546B
:105C6000686972645F50617274795C4C7749505C0A
:105C70007372635C636F72655C697076345C6963D0
:105C80006D702E6300000000636865636B207468AC
:105C90006174206669727374207062756620636136
:105CA0006E20686F6C642069636D70206D6573731E
:105CB00061676500417373657274696F6E20222598
:105CC0007322206661696C6564206174206C696E62
:105CD0006520256420696E2025730A0070B505468D
:105CE0000C4622460B212846FFF76AFF70BDF0B52F
:105CF000064600270024354619E06989686801F0E6
:105D00004FFB0444A0B200EB1444688900EBD0714F
:105D10004910A0EB410149B10FB9012000E000207A
:105D20000746E0B2C4F3072141EA00242D68002DA4
:105D3000E3D127B1E0B2C4F3072141EA0024E043F4
:105D400080B2F0BD18B502460092D04300B10AB946
:105D5000012018BD91F8310000F0020008B90020C0
:105D6000F7E74868904201D10020F2E700988B687D
:105D70001840D1E901342340984208D1886822EACA
:105D800000008C68E343984201D10120E1E7002044
:105D9000DFE700002DE9F74F8CB004460F464FF0C7
:105DA0000008398DA1F11400C11700EB5171C1F346
:105DB000CF0A1420059060680990DDF8249099F8C6
:105DC000000000F00F001421B1EB800F04D06FF041
:105DD00005000FB0BDE8F08F00BF608914280BDA12
:105DE00000BF72A34FF43F727FA186A0FCF726FB91
:105DF00000BF6FF00500ECE700BFB9F8060001F046
:105E00007AFA04900498C0F30C000790049800F408
:105E100000500390208914381FFA80FBBDE04FF634
:105E2000FF7000EACA00584501DD584603E04FF60E
:105E3000FF7000EACA0008904FF4207214210E206F
:105E400002F0BAFC054605B9ADE000BF6889142828
:105E500008DA00BF55A34FF4497274A169A0FCF79A
:105E6000EDFA00BF00BF142268680999FAF7ECF94F
:105E7000D5F8049008980A9054E061890598081AAA
:105E800080B2029000BF61890598814208DA00BFA4
:105E900046A340F22D326DA15AA0FCF7CFFA00BF05
:105EA00000BF02990A98884201DA0A9800E0029835
:105EB0008046B8F1000F03D100200590246831E03E
:105EC00000F0DCFC06461EB9284603F013F96AE030
:105ED000616805980844334641224146CDE90008EF
:105EE000002002F015FE0B900B9830B9304600F000
:105EF000CBFC284603F0FEF855E0204603F0BAFA42
:105F000074615648306128460B9902F02BFE0A98BE
:105F1000A0EB080080B20A900A9810B1002005900A
:105F2000246800BF0A980028A7D10598404480B291
:105F30000590388D1438584501DB012000E0002021
:105F400006900798C0F30C000490069808B10398D7
:105F500018B1049840F400500490049801F0CBF973
:105F6000A9F806000899143188B201F0C4F9A9F81B
:105F700002000020A9F80A007B69294638460E9ADB
:105F80009847284603F0B6F80898ABEB00001FFAD4
:105F900080FB0798504480B20790BBF1000F7FF45C
:105FA0003EAF002015E74FF0FF3012E72E2E5C4D7C
:105FB0006964646C6577617265735C546869726466
:105FC0005F50617274795C4C7749505C7372635CAA
:105FD000636F72655C697076345C6970345F667299
:105FE00061672E63000000006970345F667261674C
:105FF00028293A207062756620746F6F2073686F6D
:1060000072740000417373657274696F6E2022258B
:106010007322206661696C6564206174206C696E0E
:106020006520256420696E2025730A0074686973F1
:10603000206E656564732061207062756620696EEC
:10604000206F6E652070696563652100702D3E6C60
:10605000656E203E3D20706F66660000D96F0008B7
:106060002DE9F04707460E464FF0010A7D68287873
:106070000421B1EB201F05D0384603F03BF8002087
:10608000BDE8F087287800074FEA9068688801F03B
:1060900032F981463989494503DD4946384603F0DE
:1060A00035F97889404505DB3889484502DBB8F188
:1060B000140F04DA384603F01DF80020E0E72869E1
:1060C00057494861E86808610846007D00F0F00023
:1060D000E0280AD196F8310000F0010018B170688C
:1060E00008B134461CE000241AE0304600F09CF869
:1060F00008B1344614E000244948007D7F280FD0C1
:106100004848046809E0B44200D105E0204600F0A8
:106110008BF800B103E000BF2468002CF3D100BF6E
:1061200064B9687A112809D105EB08004188B1F5F6
:10613000884F02D134464FF0000A00BFBAF1000F79
:1061400013D03748006980B1354908693146FFF7F7
:10615000F9FD28B93248007C00F0F000E02804D1B5
:10616000384602F0C7FF00208AE724B9384602F01B
:10617000C1FF002084E7E8884FF63F71084038B13E
:10618000384600F055F907460FB9002078E77D68DA
:10619000234804604660856028780007800E204907
:1061A00088814146384603F0B3F9687A01280DD05A
:1061B000062806D011280ED13146384609F0FEF8DF
:1061C00022E03146384604F00BFC1DE031463846EB
:1061D000FFF7B6FB18E0124948692146FFF7B2FD08
:1061E00070B90F48007D00F0F000E02808D00FFAE9
:1061F00088F1384603F060F802213846FFF796FB35
:10620000384602F077FF00BF00BF00200449086055
:106210004860886088810861486100BF30E70000FD
:10622000283600207000002010B5044694F8310094
:1062300000F0010070B1606860B1074840696168B2
:10624000884205D0044948692146FFF77BFD08B123
:10625000012010BD0020FCE7283600202DE9FE4F6C
:1062600007460C4615469846DDE90C9A0E9EA34655
:1062700025B10CB1206808B906F1040B43462A4643
:1062800059463846CDE9009A029600F003F8BDE879
:10629000FE8F00002DE9F84F05460F4690469A46BE
:1062A000DDF828B00C9E00BFA87B012808D000BFF5
:1062B00037A34FF4557243A145A0FCF7BFF800BFC8
:1062C00000BFB8F1000F46D04FF014091421284642
:1062D00002F0F4F918B16FF00100BDE8F88F6C68B6
:1062E00000BF6889142808D200BF29A34FF4627246
:1062F00041A137A0FCF7A2F800BF00BF84F808A0B6
:106300000B986072D8F80000206148464FEAE971A6
:1063100009EB9171C1F3870141F04001217084F8CC
:1063200001B0288900F0E7FF60800020E0803E484F
:10633000008800F0E0FFA0803B480088401C3A49FC
:1063400008801FB939480068E06001E03868E06003
:106350000020608109E06889142802DA6FF00100EA
:10636000BBE76C6820690090E846308D48B1288909
:10637000318D884205DD424631462846FFF70AFD49
:10638000ABE742462946304673699847A5E70000C7
:106390002E2E5C4D6964646C6577617265735C5424
:1063A000686972645F50617274795C4C7749505CC3
:1063B0007372635C636F72655C697076345C69707C
:1063C000342E6300702D3E726566203D3D20310005
:1063D000417373657274696F6E2022257322206683
:1063E00061696C6564206174206C696E6520256448
:1063F00020696E2025730A00636865636B207468EA
:1064000061742066697273742070627566206361BE
:106410006E20686F6C642073747275637420697089
:106420005F6864720000000036000020C4FD0008B0
:106430002DE9F14F84B004984568287800F00F00EA
:106440001421B1EB800F00D011E1E88800F053FF78
:10645000C0F30C004FF6FF7101EAC00A688800F033
:106460004AFF074628780007810E02910299B94237
:1064700000DDFCE00298381A87B2049802F025FC8F
:1064800006467D48018888190A280ADD31462846D3
:1064900000F044FD20B17848008830440A2800DD2F
:1064A000E5E07648046811E06069E968884209D14E
:1064B000A0692969884205D1A089A988884201D1AB
:1064C000012000E0002000B102E02468002CEBD1A4
:1064D00000BF34B93146284600F006FC044694B9A2
:1064E000C5E0E88800F007FFC0F30C0058B9E08968
:1064F00000F001FFC0F30C0028B11422294604F17A
:106500000800F9F7A1FEE888012121EA5010019066
:10651000019850B10AEB070188B2504503DB4FF6F2
:10652000EB71884200DD80E000BF2046019A0499AB
:1065300000F0F6F983460BF1010000B975E04E4812
:10654000008830444C490880019840B10AEB0701AB
:1065500088B2A083A17F41F00101A17700BFBBF108
:10656000010F60D1A08B143080B200906068406849
:10657000D0F8009060684568142204F108012846AC
:10658000F9F762FE009800F0B6FE68800020E8800F
:106590006881606804900DE0D9F80400039014212C
:1065A000484602F0B5FF4946049802F0DBFA03982A
:1065B000D0F80090B9F1000FEED130480068844265
:1065C00002D14FF000080EE02C48D0F8008006E021
:1065D000D8F80000A04200D104E0D8F80080B8F15B
:1065E000000FF5D100BF4146204600F01BFB049888
:1065F00002F06BFB064600BF1F480088B04208DA75
:1066000000BF1FA340F29B222CA133A0FBF716FF73
:1066100000BF00BF18480088801B174908800498F5
:1066200005B0BDE8F08F0020FAE700BF44B900BF15
:1066300013A34FF42A7232A127A0FBF7FFFE00BF7D
:1066400000BF606890B900BF0C480068844208D061
:1066500000BF0BA340F2AB222CA11FA0FBF7EEFE64
:1066600000BF00BF0021204600F0DCFA00BF049804
:1066700002F040FD0020D3E73C000020380000205D
:106680002E2E5C4D6964646C6577617265735C5431
:10669000686972645F50617274795C4C7749505CD0
:1066A0007372635C636F72655C697076345C697089
:1066B000345F667261672E630000000069705F726C
:1066C000656173735F70627566636F756E74203E8B
:1066D0003D20636C656E0000417373657274696F71
:1066E0006E2022257322206661696C6564206174C6
:1066F000206C696E6520256420696E2025730A0070
:1067000069707220213D204E554C4C006E6F7420F4
:106710006669727374616C74686F756768206A75F6
:10672000737420656E7175657565640010B50246F9
:106730002148016821E091F8310000F00100D8B152
:1067400091F83100C0F38000B0B14868A0B1106882
:106750008B681840D1E901342340984201D10846A2
:1067600010BD91F8310000F0020028B91068CB6824
:10677000984201D10846F3E709680029DBD10F48A8
:106780000068A0B10D48006890F8310000F00100E9
:1067900068B10A48006890F83100C0F3800030B159
:1067A00006480068406810B110787F2801D10020A9
:1067B000D6E702480068D3E770000020740000208C
:1067C00010B5044610220249204600F003F810BD1F
:1067D000183600202DE9FC4706460B4614464FF0BC
:1067E000000C30680190194601AA00273CE0002502
:1067F00000BF10784FF00A0990FBF9FA09FB1A0064
:1068000000F0FF08107890FBF9F0107008F13000EC
:1068100000F0FF0A284605F1010909F0FF050DF80F
:1068200000A010780028E4D10BE060460CF1010CC8
:10683000A04202DB0020BDE8FC871DF8050001F83E
:10684000010B281EA5F1010909F0FF05EDD16046F5
:106850000CF1010CA04201DB0020ECE72E2001F836
:10686000010B521C781CC7B2042FC0DB4FF000098B
:10687000481E014680F800901846DCE710B5052058
:1068800001F062FA10BD000010B5044600BF002CF4
:1068900008D100BF06A34FF4317214A116A0FBF774
:1068A000CDFD00BF00BF2146052001F07FF910BDDE
:1068B0002E2E5C4D6964646C6577617265735C54FF
:1068C000686972645F50617274795C4C7749505C9E
:1068D0007372635C636F72655C697076345C697057
:1068E000345F667261672E63000000007020213DF6
:1068F000204E554C4C000000417373657274696FF3
:106900006E2022257322206661696C6564206174A3
:10691000206C696E6520256420696E2025730A004D
:106920002DE9F74F84B006468846002501200190E6
:10693000D8F8040002900299488800F0DCFC8346F5
:10694000029800780007800E03900398584503DDF5
:10695000681E07B0BDE8F08F0398ABEB00001FFA8C
:1069600080FB0299C88800F0C6FCC0F30C004FF60B
:10697000FF7101EAC00A00BF00BFD8F80440002040
:106980002060A4F804A00AEB0B00E080E0885045EA
:1069900002DA4FF0FF30DCE7D6F804903EE0D9F899
:1069A0000470A088B988884220DAC4F800909DB1AC
:1069B000A088E988884203DBE088B988884202DD44
:1069C0004FF0FF30C5E7C5F80080E888A18888420D
:1069D0000BD00020019008E0E088B988884202DDF1
:1069E0004FF0FF30B5E7C6F804801AE0A088B988F8
:1069F000884202D14FF0FF30ABE7A088F988884287
:106A000002DA4FF0FF30A4E72DB1E888B988884258
:106A100001D000200190D7F800903D46B9F1000F59
:106A2000BDD100BFB9F1000F28D1002D17D000BF94
:106A3000E888A188884208DD00BF3EA34FF4DB72DE
:106A40004BA153A0FBF7FAFC00BF00BFC5F80080C4
:106A5000E888A188884211D0002001900EE000BF94
:106A6000706840B100BF33A34FF4DF7252A148A059
:106A7000FBF7E4FC00BF00BFC6F80480069820B90D
:106A8000B07F00F00100002851D00198002848D0C4
:106A9000706818B170684068808810B1002001905B
:106AA0003FE02546D4F800900BE0D9F80440E88890
:106AB000A188884202D00020019005E02546D4F844
:106AC0000090B9F1000FF0D100BF0198002828D044
:106AD00000BF706840B900BF16A340F2DF1244A1A6
:106AE0002BA0FBF7ABFC00BF00BF00BF7068406885
:106AF000A04208D100BF0FA34FF4F0723CA124A024
:106B0000FBF79CFC00BF00BF00BF206840B100BF86
:106B100008A34FF4F1723AA11DA0FBF78FFC00BF50
:106B200000BF019808B1012013E7002011E7002001
:106B30000FE700002E2E5C4D6964646C657761720E
:106B400065735C54686972645F50617274795C4CFF
:106B50007749505C7372635C636F72655C697076D1
:106B6000345C6970345F667261672E6300000000F8
:106B7000636865636B20667261676D656E74732010
:106B8000646F6E2774206F7665726C617000000010
:106B9000417373657274696F6E20222573222066BB
:106BA00061696C6564206174206C696E6520256480
:106BB00020696E2025730A006E6F207072657669F9
:106BC0006F757320667261676D656E742C207468D2
:106BD0006973206D75737420626520746865206622
:106BE0006972737420667261676D656E742100004E
:106BF00073616E69747920636865636B00000000DF
:106C000076616C69646174655F6461746167726107
:106C10006D3A6E6578745F70627566213D4E554CB5
:106C20004C00000070B504460D460E480068A042B6
:106C300003D10C49206808600EE000BF002D08D188
:106C400000BF09A340F2451216A11DA0FBF7F6FBF9
:106C500000BF00BF206828602146042000F0A6FF86
:106C600070BD0000380000202E2E5C4D6964646CFD
:106C70006577617265735C54686972645F506172B4
:106C800074795C4C7749505C7372635C636F7265B6
:106C90005C697076345C6970345F667261672E631C
:106CA0000000000073616E69747920636865636B2E
:106CB000206C696E6B6564206C6973740000000061
:106CC000417373657274696F6E202225732220668A
:106CD00061696C6564206174206C696E652025644F
:106CE00020696E2025730A0070B505460E46042003
:106CF00001F02AF8044664B93146284600F00EF93E
:106D0000B04203DB042001F01FF804460CB9002058
:106D100070BD20212046F9F7BEFA0F20E077064823
:106D200000682060044804601422294604F1080029
:106D3000F9F78AFA2046EBE7380000202DE9F04702
:106D400004468846002500BFA04507D100BF40A3E8
:106D5000AB224EA150A0FBF771FB00BF00BFB8F102
:106D6000000F0DD000BFD8F80000A04207D000BF30
:106D700037A3AD2252A148A0FBF760FB00BF00BFC4
:106D80006068D0F80490B9F80400002824D167683E
:106D9000D9F800006060142204F108017868F9F75E
:106DA00053FA01213846FEF799FF384601F08DFF6E
:106DB000064600BFA819B0F5803F07DB00BF24A33B
:106DC000BC2244A134A0FBF739FB00BF00BFA819C7
:106DD00085B2384602F08EF967681CE0D7F8049057
:106DE000BA46D9F80070504601F06FFF064600BF62
:106DF000A819B0F5803F07DB00BF15A3CC2235A151
:106E000025A0FBF71BFB00BF00BFA81985B25046A9
:106E100002F070F900BF002FE0D141462046FFF795
:106E200001FF00BF33480088A84207DA00BF08A36B
:106E3000D22231A118A0FBF701FB00BF00BF2D48F3
:106E40000088401B2B4908802846BDE8F0870000D9
:106E50002E2E5C4D6964646C6577617265735C5459
:106E6000686972645F50617274795C4C7749505CF8
:106E70007372635C636F72655C697076345C6970B1
:106E8000345F667261672E63000000007072657681
:106E900020213D2069707200417373657274696FBF
:106EA0006E2022257322206661696C6564206174FE
:106EB000206C696E6520256420696E2025730A00A8
:106EC000707265762D3E6E657874203D3D20697048
:106ED0007200000070627566735F6672656564209B
:106EE0002B20636C656E203C3D20307866666666BC
:106EF000000000003C00002069705F7265617373E0
:106F00005F70627566636F756E74203E3D207062BF
:106F10007566735F66726565640000002DE9F84F61
:106F200005468946002700BF0026B2460020009093
:106F300083461B48046821E06069E968884207D1FC
:106F4000A0692969884203D1A089A988884201D013
:106F5000012000E0002068B10BF1010B1EB92646AC
:106F6000CDF800A006E0E07FF17F884202DC2646F3
:106F7000CDF800A0206800B1A2462468002CDBD127
:106F80002EB130460099FFF7D9FE804647444F4561
:106F900002DABBF1010FC7DC3846BDE8F88F00000C
:106FA0003800002070B500250A4804680FE0E07F33
:106FB000002805DDE07F401EE0772546246806E0D6
:106FC0002646246829463046FFF7B8FE00BF002C4D
:106FD000EDD170BD3800002070B505462C4600BFCD
:106FE000002C08D100BF0FA340F2CE221CA11FA08D
:106FF000FBF724FA00BF00BF00BFAC4208D000BFBF
:1070000008A340F2CF2223A118A0FBF717FA00BF74
:1070100000BF606910B1606902F06CF82046FFF7AC
:1070200033FC70BD2E2E5C4D6964646C65776172B3
:1070300065735C54686972645F50617274795C4C0A
:107040007749505C7372635C636F72655C697076DC
:10705000345C6970345F667261672E630000000003
:1070600070637220213D204E554C4C004173736576
:107070007274696F6E2022257322206661696C65C7
:1070800064206174206C696E6520256420696E201F
:1070900025730A00706372203D3D207000000000DF
:1070A0007CB5044636483749086002208DF8000058
:1070B00000208DF801008DF802008DF803008DF896
:1070C00004008DF80500C1F804D04FF400012D48EC
:1070D00081602D49C1602D4901614FF4C06141615A
:1070E000F9F756FD05464DB929A0FBF7A7F994F825
:1070F000310040F0040084F8310002E028A0FBF7E2
:107100009DF938212A48F9F7C6F821202849086056
:107110004FF44000486100200861264800F0FEFD61
:10712000062084F8300017484068007884F82A0068
:107130001448406841782B200155124840688178F6
:107140002C2001550F484068C1782D2001550D486D
:10715000406801792E2001550A48406841792F2066
:10716000015540F2DC50208594F8310040F00A00CF
:1071700084F83100FAF7BDFE2046FEF715FA7CBD13
:1071800000800240DC3300203C3300209C32002091
:10719000455448B3F5CABCBBAFB3C9B9A60A000091
:1071A000455448B3F5CABCBBAFCAA7B0DC0A00005F
:1071B0008C340020A0FD000838B504460020009063
:1071C0000448007818B969460348F9F70BFE00989F
:1071D00038BD000004000020DC3300202DE9F04120
:1071E0008CB080460E4600240025002730216846DA
:1071F000F9F751F830216846F9F74DF8354629E09E
:10720000042C04D36FF00B000CB0BDE8F08104EB4C
:10721000440168684DF82100688904EB44016A461E
:1072200002EB8101486054B104EB4400694601EB74
:107230008001601E00EB400002EB80008160286846
:1072400030B9002004EB44016A4602EB81018860FA
:10725000641C2D68002DD3D1308906494860C1F8DF
:1072600008D00846466314220348F9F709FF384658
:10727000CAE700008C340020DC33002010B502483F
:10728000FEF732FB10BD0000E00000202DE9F041C8
:10729000044625466868804702F0D2FA06460D4942
:1072A000286809684718B81BB0F1004F01D30120C6
:1072B00000E0002030B1296888192246064902F012
:1072C0002BFB04E022460449384602F025FBBDE8CA
:1072D000F0810000C80000208D72000801460806F9
:1072E00001F47F4240EA022001F47F0240EA1220CA
:1072F00040EA1160704701460806000C40EA112080
:107300007047000008B50020009000BF684680422A
:1073100008D000BF0BA340F25112164916A0FBF78C
:107320008DF800BF00BF00BF00BF00F06FF900F094
:10733000E5FC00F07DFF08F035F803F045FB02F0B6
:107340008BFB08BD2E2E5C4D6964646C65776172A1
:1073500065735C54686972645F50617274795C4CE7
:107360007749505C7372635C636F72655C696E69C8
:10737000742E63006CFF0008417373657274696F4B
:107380006E2022257322206661696C656420617419
:10739000206C696E6520256420696E2025730A00C3
:1073A000F8B505460A462B4600200090002103F060
:1073B000010636B1002A04DD13F8010B8DF8010037
:1073C000521E1C4603E034F8027B3944921E012A07
:1073D000F9DC002A02DD20788DF80000BDF80000FD
:1073E000014488B200EB114188B200EB114126B193
:1073F000C8B2C1F3072747EA002188B2F8BD0000F0
:10740000F9F7FCFFFAF74EFEFAF784FD07A0FBF749
:1074100015F8FAF7AFFD07E00A48FEF765FA02F043
:10742000E5F90848F9F718FBF6E70000D3B2CAAF50
:107430004C77697020BBF9B1BE50494E47B2E2CAE1
:10744000D40A0000E000002070B5054605B970BD03
:1074500005F0030000280DD000BF00BF2BA340F2B1
:10746000732236A13EA0FAF7E9FF00BF00BF00BFBC
:1074700000BFECE7A5F1080443480068844205D347
:1074800005F10C004149096888420DD900BF00BFD1
:107490001EA340F27F223EA131A0FAF7CFFF00BF2A
:1074A00000BF00BF00BFD2E7207900280DD100BF88
:1074B00000BF16A34FF423723CA129A0FAF7BEFF28
:1074C00000BF00BF00BF00BFC1E7204600F0CCF8FE
:1074D00000280DD100BF00BF0CA340F295223DA1B2
:1074E0001FA0FAF7ABFF00BF00BF00BF00BFAEE7B1
:1074F0000020207144480068844201D24248046060
:10750000204602F07FF800BFA1E700002E2E5C4D60
:107510006964646C6577617265735C5468697264F0
:107520005F50617274795C4C7749505C7372635C34
:10753000636F72655C6D656D2E6300006D656D5FD8
:10754000667265653A2073616E6974792063686557
:10755000636B20616C69676E6D656E74000000007E
:10756000417373657274696F6E20222573222066E1
:1075700061696C6564206174206C696E65202564A6
:1075800020696E2025730A0040000020440000207E
:107590006D656D5F667265653A20696C6C656761E3
:1075A0006C206D656D6F7279000000006D656D5F18
:1075B000667265653A20696C6C6567616C206D6503
:1075C0006D6F72793A20646F75626C6520667265C2
:1075D000650000006D656D5F667265653A20696CD7
:1075E0006C6567616C206D656D6F72793A206E6FA6
:1075F0006E2D6C696E6B65643A20646F75626C65A4
:1076000020667265650000004800002010B500BFCC
:1076100000BF114820F003001049086008460468C4
:107620004FF4205020800020608020714FF42050C3
:1076300002F0D4F80A4908600120096808714FF483
:1076400020500749096808800549096848800348AF
:1076500000680449086010BD433600204000002047
:1076600044000020480000202DE9F0410446204657
:1076700000F07AF90546208802F0B0F806466088E6
:1076800002F0ACF807462088B0F5205F10D860887B
:10769000B0F5205F0CD86088A84202D03888A84294
:1076A00006D106480068864205D07088A84202D0FC
:1076B0000020BDE8F0810120FBE70000440000202D
:1076C0002DE9F0478146B9F1000F02D10020BDE855
:1076D000F08709F1030020F0030085B20C2D00D2E1
:1076E0000C25B5F5205F01D84D4501DA0020EEE705
:1076F0005848006800F038F90646A3E0304602F02A
:107700006DF80446207900287ED1218806F1080012
:10771000081AA84278D3218806F10800091A05F151
:107720001400814229D306F1080028441FFA80F88A
:1077300000BFB8F5205F08D100BF47A340F28732F1
:1077400051A156A0FAF77AFE00BF00BF404602F0F2
:1077500045F8074600213971218839807E80A4F8D8
:107760000080012020713888B0F5205F07D038886C
:1077700002F034F8A0F8028001E0012020713548C1
:107780000068844227D13348D0F800A004E0BAF85A
:10779000000002F023F882469AF8040018B1494824
:1077A00000688245F3D12B48C0F800A000BF0068F4
:1077B0004449096888420CD026480068007940B1E5
:1077C00000BF25A340F2B5323FA134A0FAF736FE40
:1077D00000BF00BF00BF00BF04F1080028443949C2
:1077E0000968884208D900BF1BA340F2B9323DA105
:1077F0002AA0FAF723FE00BF00BF00BF04F0030079
:1078000050B100BF14A300E018E040F2BB3241A128
:1078100022A0FAF713FE00BF00BF00BF04F0030070
:1078200040B100BF0CA340F2BD3246A11BA0FAF745
:1078300005FE00BF00BF04F1080048E7304601F034
:10784000CDFF0688C5F52050B0423FF657AF002067
:107850003DE70000480000202E2E5C4D6964646CFA
:107860006577617265735C54686972645F506172B8
:1078700074795C4C7749505C7372635C636F7265BA
:107880005C6D656D2E630000696E76616C696420C5
:107890006E65787420707472000000004173736527
:1078A0007274696F6E2022257322206661696C658F
:1078B00064206174206C696E6520256420696E20E7
:1078C00025730A00440000206D656D5F6D616C6C6E
:1078D0006F633A20216C667265652D3E7573656431
:1078E000000000006D656D5F6D616C6C6F633A2028
:1078F000616C6C6F6361746564206D656D6F727926
:10790000206E6F742061626F76652072616D5F65B5
:107910006E642E006D656D5F6D616C6C6F633A20F7
:10792000616C6C6F6361746564206D656D6F7279F5
:107930002070726F7065726C7920616C69676E651A
:10794000642E00006D656D5F6D616C6C6F633A2035
:1079500073616E69747920636865636B20616C691B
:10796000676E6D656E740000014602480088081A53
:1079700080B27047400000202DE9F84F81468B46C9
:107980000BF1030020F0030085B20C2D00D20C2572
:10799000B5F5205F01D85D4502DA0020BDE8F88F1B
:1079A00000BF56480068814503D3554800688145AB
:1079B00008D300BF53A340F2D1225EA163A0FAF71F
:1079C0003DFD00BF00BF4D480068814503D34C48D2
:1079D0000068814503D300BF00BF4846DEE7A9F138
:1079E00008063046FFF7C0FF07463188C81B083835
:1079F0001FFA80FA00BF554508DD00BF41A34FF4D0
:107A000039725CA151A0FAF719FD00BF00BF5545BE
:107A100001DD0020C2E7554501D14846BEE7308868
:107A200001F0DCFE04462079002833D100BF308805
:107A3000B0F5205F08D100BF32A340F2F52255A176
:107A400042A0FAF7FBFC00BF00BF2088009007F1BE
:107A5000080028441FFA80F853480068A04204D167
:107A6000404601F0BBFE50490860404601F0B6FEBA
:107A7000044600202071009820806780A6F80080CE
:107A80002088B0F5205F04D0208801F0A7FEA0F880
:107A9000028031E005F1140050452DD807F10800AF
:107AA00028441FFA80F800BF3088B0F5205F08D165
:107AB00000BF14A340F2163236A124A0FAF7BEFC90
:107AC00000BF00BF404601F089FE0446364800680A
:107AD000844201D234480460002020713088208024
:107AE0006780A6F800802088B0F5205F04D0208849
:107AF00001F074FEA0F8028048464FE740000020E5
:107B0000440000202E2E5C4D6964646C65776172C0
:107B100065735C54686972645F50617274795C4C1F
:107B20007749505C7372635C636F72655C6D656D01
:107B30002E6300006D656D5F7472696D3A206C652F
:107B400067616C206D656D6F7279000041737365BC
:107B50007274696F6E2022257322206661696C65DC
:107B600064206174206C696E6520256420696E2034
:107B700025730A006D656D5F7472696D2063616EB7
:107B8000206F6E6C7920736872696E6B206D656D05
:107B90006F727900696E76616C6964206E657874C5
:107BA00020707472000000004800002070B5044688
:107BB0000D4600BF092C09DB00BF0AA34FF4D572A4
:107BC00014A11BA0FAF73AFC00BF70BD00BF05B9B5
:107BD000FBE7214951F824002946FCF759FC00BF76
:107BE000F3E700002E2E5C4D6964646C657761726A
:107BF00065735C54686972645F50617274795C4C3F
:107C00007749505C7372635C636F72655C6D656D20
:107C1000702E63006D656D705F667265653A2074E5
:107C2000797065203C204D454D505F4D4158000016
:107C3000417373657274696F6E202225732220660A
:107C400061696C6564206174206C696E65202564CF
:107C500020696E2025730A0044FE000870B50446B2
:107C60000D4600BF002C08D100BF09A340F29512B9
:107C700013A118A0FAF7E2FB00BF00BF04B105B9D9
:107C800070BD29462046FCF703FC00BFF8E7000062
:107C90002E2E5C4D6964646C6577617265735C540B
:107CA000686972645F50617274795C4C7749505CAA
:107CB0007372635C636F72655C6D656D702E6300DB
:107CC000696E76616C696420706F6F6C2064657397
:107CD00063000000417373657274696F6E20222522
:107CE0007322206661696C6564206174206C696E22
:107CF0006520256420696E2025730A0010B50024D4
:107D000006E0054951F8240000F008F8601C84B230
:107D1000092CF6D310BD000044FE000810B5002366
:107D2000846823604368DB1C23F00301002207E022
:107D300083681B680B608368196003881944521CB0
:107D400043889342F4DC10BD70B5044600BF092C93
:107D50000ADB00BF09A340F2571214A11BA0FAF7D7
:107D60006DFB00BF002070BD00BF224951F8240008
:107D7000FCF7E4FB05462846F5E700002E2E5C4D97
:107D80006964646C6577617265735C546869726478
:107D90005F50617274795C4C7749505C7372635CBC
:107DA000636F72655C6D656D702E63006D656D70DF
:107DB0005F6D616C6C6F633A2074797065203C2054
:107DC0004D454D505F4D41580000000041737365B3
:107DD0007274696F6E2022257322206661696C655A
:107DE00064206174206C696E6520256420696E20B2
:107DF00025730A0044FE000810B5044600BF002C9D
:107E000008D100BF07A34FF49E7212A116A0FAF783
:107E100015FB00BF00BF0CB9002010BD2046FCF7C9
:107E20008DFBFAE72E2E5C4D6964646C6577617298
:107E300065735C54686972645F50617274795C4CFC
:107E40007749505C7372635C636F72655C6D656DDE
:107E5000702E6300696E76616C696420706F6F6C60
:107E60002064657363000000417373657274696F09
:107E70006E2022257322206661696C65642061741E
:107E8000206C696E6520256420696E2025730A00C8
:107E90002DE9F05F04460E4617469846DDE90AB91B
:107EA00000BF002C0BD100BF49A340F2271255A1FF
:107EB0005BA0FAF7C3FA00BF0020BDE8F09F00BF47
:107EC00000BFB9F1000F0AD100BF41A34FF4947273
:107ED0005DA153A0FAF7B2FA00BF0020EDE700BFA2
:107EE00006B9624E07B9614FB8F1000F01D1DFF852
:107EF0007C8100206060A060E0605D4860610020DF
:107F0000208584F831006062E061C4F820B05948EF
:107F1000007884F834000C98206143463A46314694
:107F2000204600F0F7F92046C84708B10020C4E712
:107F300000BF94F83400FF2802D1002084F83400F8
:107F40004FF0000A4C48056829E000BFA54208D15F
:107F500000BF1FA340F28B1248A131A0FAF76EFABE
:107F600000BF00BF0AF1010A00BFBAF1FF0F08DD30
:107F700000BF17A340F28D1245A129A0FAF75EFABF
:107F800000BF00BF95F8340094F83410884205D142
:107F900094F83400401C84F8340002E02D68002D71
:107FA000D3D100BF002DC4D194F83400FE2803D1F2
:107FB00000203049087004E094F83400401C2D493A
:107FC00008702D48006820602B480460204674E744
:107FD0002E2E5C4D6964646C6577617265735C54C8
:107FE000686972645F50617274795C4C7749505C67
:107FF0007372635C636F72655C6E657469662E6331
:10800000000000006E657469665F6164643A20690F
:108010006E76616C6964206E6574696600000000AC
:10802000417373657274696F6E2022257322206616
:1080300061696C6564206174206C696E65202564DB
:1080400020696E2025730A006E657469665F61643D
:10805000643A204E6F20696E69742066756E637491
:10806000696F6E20676976656E000000C4FD0008C8
:108070000D83000878000020700000206E65746990
:108080006620616C72656164792061646465640076
:10809000746F6F206D616E79206E65746966732CE4
:1080A000206D61782E20737570706F727465642016
:1080B0006E756D626572206973203235350000007F
:1080C00070B504460D462946204603F093FB294629
:1080D000204607F035FB70BD10B503460868DC6824
:1080E000A04201D1012000E0002030B909B90020F0
:1080F00000E00868D860012010BD0020FCE7000007
:10810000F8B505460C46164600BF002C08D100BF46
:1081100018A340F2CB1224A127A0FAF78FF900BFD1
:1081200000BF00BF46B900BF12A34FF4E6721EA104
:1081300021A0FAF783F900BF00BF20686968884270
:1081400001D1012000E0002090B92068009068680B
:10815000306069463046FFF7B3FF0CB9002000E0FD
:10816000206868600121284600F064F80120F8BD0D
:108170000020FCE72E2E5C4D6964646C65776172AB
:1081800065735C54686972645F50617274795C4CA9
:108190007749505C7372635C636F72655C6E657483
:1081A00069662E6300000000696E76616C69642068
:1081B000706F696E74657200417373657274696F74
:1081C0006E2022257322206661696C6564206174CB
:1081D000206C696E6520256420696E2025730A0075
:1081E00010B5034608689C68A04201D1012000E058
:1081F000002030B909B9002000E00868986001202B
:1082000010BD0020FCE7000002466AB10748016883
:1082100008E091F83400401CC0B2904201D10846F9
:10822000704709680029F4D10020F9E770000020A8
:108230007047000070B504460D4600BF002C08D101
:1082400000BF12A340F26D321DA126A0FAF7F6F886
:1082500000BF00BF94F8310000F0040020B194F892
:10826000310000F0010000B970BD05F0010050B10F
:10827000606840B194F8310000F0080018B1211D89
:108280002046FCF7F1FF00BFEEE700002E2E5C4D0C
:108290006964646C6577617265735C546869726463
:1082A0005F50617274795C4C7749505C7372635CA7
:1082B000636F72655C6E657469662E630000000012
:1082C0006E657469665F69737375655F7265706FFB
:1082D0007274733A20696E76616C6964206E65749D
:1082E00069660000417373657274696F6E202225A0
:1082F0007322206661696C6564206174206C696E0C
:108300006520256420696E2025730A0003466FF0FE
:108310000B0070472DE9F84F80460C4615461E4667
:108320004FF00009CA4604B9114C05B9104D06B901
:108330000F4E0CB1206808B9012000E0002007466C
:1083400027B16A4621464046FFF7DAFE4A462946EB
:108350004046FFF745FF524631464046FFF7BCFE18
:1083600027B96A4621464046FFF7CAFEBDE8F88FA6
:10837000C4FD000801490860704700007400002037
:1083800010B5044600BF002C09D100BF10A340F275
:108390009B321CA123A0FAF751F800BF10BD00BF0B
:1083A00094F8310000F0010078B100BF94F831007A
:1083B00000F0FE0084F8310000BF94F8310000F0B6
:1083C000080010B12046FCF713F900BFE6E70000F3
:1083D0002E2E5C4D6964646C6577617265735C54C4
:1083E000686972645F50617274795C4C7749505C63
:1083F0007372635C636F72655C6E657469662E632D
:10840000000000006E657469665F7365745F646F79
:10841000776E3A20696E76616C6964206E65746966
:1084200066000000417373657274696F6E202225C7
:108430007322206661696C6564206174206C696ECA
:108440006520256420696E2025730A0000B1C16192
:108450007047000010B5044600BF002C09D100BFD2
:108460000FA340F206421BA123A0F9F7E7FF00BFCC
:1084700010BD00BF94F8310000F0040070B100BFDF
:1084800094F8310000F0FB0084F8310000BF00BF19
:10849000E06910B12046E169884700BF00BFE7E707
:1084A0002E2E5C4D6964646C6577617265735C54F3
:1084B000686972645F50617274795C4C7749505C92
:1084C0007372635C636F72655C6E657469662E635C
:1084D000000000006E657469665F7365745F6C69A7
:1084E0006E6B5F646F776E3A20696E76616C69645B
:1084F000206E657469660000417373657274696FFC
:108500006E2022257322206661696C656420617487
:10851000206C696E6520256420696E2025730A0031
:1085200010B5044600BF002C09D100BF13A34FF4BF
:1085300078721FA127A0F9F781FF00BF10BD00BF0F
:1085400094F8310000F00400A8B900BF94F831009D
:1085500040F0040084F8310000BF2046FAF70EFE18
:1085600003212046FFF766FE00BFE06910B12046F8
:10857000E169884700BF00BFE0E700002E2E5C4D98
:108580006964646C6577617265735C546869726470
:108590005F50617274795C4C7749505C7372635CB4
:1085A000636F72655C6E657469662E63000000001F
:1085B0006E657469665F7365745F6C696E6B5F7519
:1085C000703A20696E76616C6964206E65746966C4
:1085D00000000000417373657274696F6E2022257C
:1085E0007322206661696C6564206174206C696E19
:1085F0006520256420696E2025730A0010B50446A5
:1086000000BF002C09D100BF0EA34FF454721AA171
:1086100020A0F9F713FF00BF10BD00BF94F8310090
:1086200000F0010058B900BF94F8310040F001009B
:1086300084F8310000BF03212046FFF7FBFD00BF97
:10864000EAE700002E2E5C4D6964646C6577617208
:1086500065735C54686972645F50617274795C4CD4
:108660007749505C7372635C636F72655C6E6574AE
:1086700069662E63000000006E657469665F73654D
:10868000745F75703A20696E76616C6964206E65FE
:1086900074696600417373657274696F6E20222578
:1086A0007322206661696C6564206174206C696E58
:1086B0006520256420696E2025730A0070B5044684
:1086C0000D4600222946204600F002F870BD000049
:1086D0002DE9F04704460D46904600BF44B900BF5F
:1086E0001CA340F2DF1227A129A0F9F7A7FE00BFC3
:1086F00000BF14B1B5F5803F02D30120BDE8F0877B
:108700000DB90020FAE7AEB22089304480B2B04201
:1087100001DA0120F2E794F80C9009F0800038B1FA
:108720006068471B04F11000874209D20120E5E789
:10873000B8F1000F02D06068471B01E00120DDE7BF
:108740006760608930446081208930442081002046
:10875000D4E700002E2E5C4D6964646C657761720D
:1087600065735C54686972645F50617274795C4CC3
:108770007749505C7372635C636F72655C7062759D
:10878000662E63007020213D204E554C4C000000A9
:10879000417373657274696F6E202225732220669F
:1087A00061696C6564206174206C696E6520256464
:1087B00020696E2025730A002DE9FE4F82460E4681
:1087C00090465746B8F1010F0AD0B8F1410F06D0D4
:1087D000B8F5C17F0BD0B8F5207F7CD168E000BF31
:1087E00042463146002000F035F90446ACE0002452
:1087F00000200290B14600BF0820FFF7A5FA054609
:1088000035B914B1204600F075FC0020BDE8FE8F9C
:10881000F81C20F00300C0F5007080B2484501DD6F
:10882000484605E0F81C20F00300C0F5007080B257
:1088300083460020CDE9008005F110003844C01CBB
:1088400020F003015B464A46284600F04FFD00BF7A
:10885000287900F00300002808D000BF3CA34FF4A3
:10886000807247A152A0F9F7E9FD00BF00BF00BF29
:10887000F81C20F00300C0F50070002808D100BFEC
:1088800033A34FF4817254A149A0F9F7D7FD00BF7B
:1088900000BF0CB92C4601E0029805600295A9EBD7
:1088A0000B001FFA80F90027B9F1000FA4DC4BE0A0
:1088B000F81C20F00301F01C20F00300084485B2EE
:1088C00005F110001FFA80F9F01C20F00300A84207
:1088D00006D8F01C00E02AE020F00300484501D94A
:1088E000002093E74846FEF7EBFE04460CB9002053
:1088F0008CE70020CDE9008004F110003844C01C52
:1089000020F0030133463246204600F0EFFC00BF62
:10891000207900F0030040B100BF0DA34FF4917225
:108920003AA123A0F9F78AFD00BF00BF0CE000BF09
:1089300000BF07A340F227123FA11DA0F9F77EFD5B
:1089400000BF00BF002061E700BF20465EE70000D7
:108950002E2E5C4D6964646C6577617265735C543E
:10896000686972645F50617274795C4C7749505CDD
:108970007372635C636F72655C706275662E630010
:10898000706275665F616C6C6F633A2070627566C9
:1089900020712D3E7061796C6F61642070726F7010
:1089A00065726C7920616C69676E65640000000017
:1089B000417373657274696F6E202225732220667D
:1089C00061696C6564206174206C696E6520256442
:1089D00020696E2025730A00504255465F504F4F64
:1089E0004C5F42554653495A45206D757374206259
:1089F0006520626967676572207468616E204D4505
:108A00004D5F414C49474E4D454E5400706275666E
:108A10005F616C6C6F633A20706275662D3E7061A9
:108A2000796C6F61642070726F7065726C7920610F
:108A30006C69676E65640000706275665F616C6C7E
:108A40006F633A206572726F6E656F75732074790B
:108A5000706500002DE9FC4107460D46144600BF35
:108A6000412C0AD0012C08D000BF0EA34FF4A572F0
:108A700018A11DA0F9F7E2FC00BF00BF0720FFF717
:108A800063F9064616B90020BDE8FC8100202B469C
:108A90002A463946CDE90040304600F027FC3046F2
:108AA000F2E700002E2E5C4D6964646C657761729C
:108AB00065735C54686972645F50617274795C4C70
:108AC0007749505C7372635C636F72655C7062754A
:108AD000662E6300696E76616C69642070627566EB
:108AE0005F74797065000000417373657274696F1B
:108AF0006E2022257322206661696C656420617492
:108B0000206C696E6520256420696E2025730A003B
:108B10002DE9FC5F05460C4617469846DDE90C9B9F
:108B2000AA460AF1030020F003002044584502D968
:108B30000020BDE8FC9FB9F1000F06D00AF1030048
:108B400020F0030000EB090600E000260220234687
:108B500022463146CDE90070404600F0C7FB404652
:108B6000E7E7000070B506460D4600BF0EB1002DC8
:108B700009D100BF1BA340F2593226A133A0F9F757
:108B80005DFC00BF70BD00BF344604E02089298928
:108B900008442081246820680028F7D100BF20897C
:108BA0006189884208D000BF0EA340F2623231A131
:108BB00026A0F9F743FC00BF00BF00BF206840B10A
:108BC00000BF08A340F2633236A120A0F9F736FCBB
:108BD00000BF00BF2089298908442081256000BF8B
:108BE000D0E700002E2E5C4D6964646C657761727D
:108BF00065735C54686972645F50617274795C4C2F
:108C00007749505C7372635C636F72655C70627508
:108C1000662E6300286820213D204E554C4C2920AB
:108C2000262620287420213D204E554C4C292028F2
:108C300070726F6772616D6D65722076696F6C61BD
:108C40007465732041504929000000004173736529
:108C50007274696F6E2022257322206661696C65CB
:108C600064206174206C696E6520256420696E2023
:108C700025730A00702D3E746F745F6C656E203D25
:108C80003D20702D3E6C656E20286F66206C6173F0
:108C900074207062756620696E20636861696E2950
:108CA00000000000702D3E6E657874203D3D204E22
:108CB000554C4C0070B505460C4621462846FFF73A
:108CC00051FF204600F0D6FB70BD0146002002E0B7
:108CD000421C90B209680029FAD170472DE9F04191
:108CE00080460E461446218932464046FFF764FD11
:108CF000074617B90020BDE8F0812146384600F04C
:108D000045F8054600BF45B100BF05A340F2245217
:108D10000FA114A0F9F792FB00BF00BF3846EAE7A5
:108D20002E2E5C4D6964646C6577617265735C546A
:108D3000686972645F50617274795C4C7749505C09
:108D40007372635C636F72655C706275662E63003C
:108D5000706275665F636F7079206661696C6564C7
:108D600000000000417373657274696F6E202225E4
:108D70007322206661696C6564206174206C696E81
:108D80006520256420696E2025730A002DE9F041D5
:108D900005460C460026002700BF25B11CB12889D6
:108DA000218988420CDA00BF44A340F2C9324FA1A6
:108DB0005AA0F9F743FB00BF6FF00F00BDE8F08148
:108DC00000BF00BF6889801B6189C91B884203D32B
:108DD0006089A0EB070802E06889A0EB06086268DA
:108DE000D1196A6890194246F7F72EFA464447446B
:108DF00000BF6889B04208D200BF30A340F2D93228
:108E000050A146A0F9F71AFB00BF00BF00BF608960
:108E1000B84208D200BF29A340F2DA324FA13FA0E6
:108E2000F9F70CFB00BF00BF6089B84201D80027EA
:108E300024686889B04211D100262D6800BF65B949
:108E40005CB100BF1DA34FF479724BA133A0F9F7B9
:108E5000F5FA00BF6FF00F00B0E700BF002C13D091
:108E60006089218988420FD100BF206858B100BFB6
:108E700012A340F2E93244A128A0F9F7DFFA00BFBB
:108E80006FF005009AE700BF002D13D0688929898B
:108E900088420FD100BF286858B100BF07A340F235
:108EA000EE3239A11DA0F9F7C9FA00BF6FF0050035
:108EB00084E700BF002C85D100207FE72E2E5C4D7B
:108EC0006964646C6577617265735C546869726427
:108ED0005F50617274795C4C7749505C7372635C6B
:108EE000636F72655C706275662E63007062756692
:108EF0005F636F70793A20746172676574206E6F7A
:108F0000742062696720656E6F75676820746F20D2
:108F1000686F6C6420736F7572636500417373656D
:108F20007274696F6E2022257322206661696C65F8
:108F300064206174206C696E6520256420696E2050
:108F400025730A006F66667365745F746F203C3D1D
:108F500020705F746F2D3E6C656E00006F666673E7
:108F600065745F66726F6D203C3D20705F66726F46
:108F70006D2D3E6C656E0000705F746F20213D208A
:108F80004E554C4C00000000706275665F636F7058
:108F900079282920646F6573206E6F7420616C6C72
:108FA0006F77207061636B6574207175657565738B
:108FB000210000002DE9F05F8046894616461D46D7
:108FC0004FF0000AD34600BFB8F1000F0BD100BF2D
:108FD00021A340F20A422CA133A0F9F72FFA00BFD7
:108FE0000020BDE8F09F00BF00BFB9F1000F0AD11B
:108FF00000BF19A340F20B4235A12BA0F9F71EFACE
:1090000000BF0020EDE700BF444620E035B1608995
:10901000A84203DC6089281A85B217E06089401BEA
:1090200087B2B74200DD37466268511909EB0A0082
:109030003A46F7F709F90BEB07001FFA80FB0AEB3A
:1090400007001FFA80FAF01B86B2002524680EB1D3
:10905000002CDBD15846C4E72E2E5C4D6964646C4D
:109060006577617265735C54686972645F506172A0
:1090700074795C4C7749505C7372635C636F7265A2
:109080005C706275662E6300706275665F636F70F8
:10909000795F7061727469616C3A20696E76616C97
:1090A0006964206275660000417373657274696F4C
:1090B0006E2022257322206661696C6564206174CC
:1090C000206C696E6520256420696E2025730A0076
:1090D000706275665F636F70795F706172746961E9
:1090E0006C3A20696E76616C6964206461746170A9
:1090F000747200002DE9F0470446002C0ED100BF29
:1091000044B900BF35A34FF4377240A142A0F9F72C
:1091100095F900BF00BF0020BDE8F087002658E0A9
:1091200000BFA07B002808DC00BF2CA340F2F12286
:1091300043A139A0F9F782F900BF00BFA07B401E10
:1091400000F0FF0884F80E80B8F1000F3FD12768C7
:10915000207B00F00F05607B00F00200002814D097
:10916000A14600BFD9F81000002808D100BF1BA3FA
:1091700040F2FF2238A128A0F9F760F900BF00BF34
:109180002046D9F8101088471DE0022D04D1214651
:109190000820FEF70BFD16E0012D04D12146072023
:1091A000FEF704FD0FE01DB92046FEF74DF90AE079
:1091B00000BF00BF09A340F20F3230A116A0F9F79B
:1091C0003DF900BF00BF701CC6B23C4600E0002461
:1091D00000BF002CA4D130469EE700002E2E5C4D2F
:1091E0006964646C6577617265735C546869726404
:1091F0005F50617274795C4C7749505C7372635C48
:10920000636F72655C706275662E63007020213D2D
:10921000204E554C4C000000417373657274696FA9
:109220006E2022257322206661696C65642061745A
:10923000206C696E6520256420696E2025730A0004
:10924000706275665F667265653A20702D3E726564
:1092500066203E203000000070632D3E63757374FD
:109260006F6D5F667265655F66756E6374696F6E5C
:1092700020213D204E554C4C00000000696E766167
:109280006C696420706275662074797065000000F6
:1092900070B50446254629460548FEF7DFFC05481B
:1092A0000078012802D100200249087070BD00003A
:1092B000A0FD00080400002070B504460D46012200
:1092C0002946204600F001F870BD70B505460C46F1
:1092D0001646002C04DA6142284600F019F970BDE8
:1092E000324621462846FFF7F3F9F8E770B5DDE985
:1092F0000445002606604160028143810473457382
:10930000012686730026C67370BD00002DE9F0416A
:1093100006460F4600BF002E08D100BF2CA34FF415
:10932000CC7237A13CA0F9F789F800BF00BF3089A3
:10933000B84201DCBDE8F0813089C01B1FFA80F81B
:109340003D46344613E06089281A85B22089A0EB97
:1093500008002081246800BF44B900BF1CA340F26C
:10936000AF1237A12CA0F9F769F800BF00BF6089E0
:10937000A842E8DB207B00F00F0000281BD16089A9
:10938000A84218D0607B00F00200002813D1A0880A
:10939000001B284481B22046FEF7EEFA044600BFC7
:1093A00044B900BF0AA340F2BD122BA11AA0F9F7DD
:1093B00045F800BF00BF658160892081206810B139
:1093C0002068FFF797FE0020206000BFB2E7000092
:1093D0002E2E5C4D6964646C6577617265735C54B4
:1093E000686972645F50617274795C4C7749505C53
:1093F0007372635C636F72655C706275662E630086
:10940000706275665F7265616C6C6F633A20702084
:10941000213D204E554C4C00417373657274696F49
:109420006E2022257322206661696C656420617458
:10943000206C696E6520256420696E2025730A0002
:10944000706275665F7265616C6C6F633A20712043
:10945000213D204E554C4C006D656D5F7472696DF9
:109460002072657475726E65642071203D3D204EDA
:10947000554C4C0010B50446002C12D000BFA07B08
:10948000401CA07300BF00BFA07B002808DC00BF09
:1094900004A340F242320FA113A0F8F7CFFF00BFA0
:1094A00000BF10BD2E2E5C4D6964646C65776172DF
:1094B00065735C54686972645F50617274795C4C66
:1094C0007749505C7372635C636F72655C70627540
:1094D000662E63007062756620726566206F766521
:1094E00072666C6F77000000417373657274696F08
:1094F0006E2022257322206661696C656420617488
:10950000206C696E6520256420696E2025730A0031
:109510002DE9F04104460D4600BF44B900BF18A331
:1095200040F24B2222A125A0F8F788FF00BF00BF20
:1095300014B1B5F5803F02D30120BDE8F0810DB92B
:109540000020FAE7AEB200BF6089B0420ADA00BF7D
:109550000BA340F2552223A118A0F8F76FFF00BF1C
:109560000120EAE700BF676860682844606060899E
:10957000801B60812089801B20810020DDE70000A6
:109580002E2E5C4D6964646C6577617265735C5402
:10959000686972645F50617274795C4C7749505CA1
:1095A0007372635C636F72655C706275662E6300D4
:1095B0007020213D204E554C4C00000041737365D6
:1095C0007274696F6E2022257322206661696C6552
:1095D00064206174206C696E6520256420696E20AA
:1095E00025730A00696E6372656D656E745F6D61E7
:1095F000676E6974756465203C3D20702D3E6C6516
:109600006E0000002DE9F041044600BF3B480068B1
:10961000844208D200BF3AA340F2DF1244A14AA01C
:10962000F8F70CFF00BF00BF00BF5148006884423C
:1096300008D300BF32A34FF4F0724EA142A0F8F756
:10964000FDFE00BF00BF00BF2079002808D000BF8A
:109650002BA340F2E1124EA13BA0F8F7EFFE00BFB2
:1096600000BF00BF2088B0F5205F08D900BF24A349
:109670004FF4F2724DA134A0F8F7E0FE00BF00BF36
:10968000208800F0ABF80546AC4219D02879B8B96B
:1096900037480068854213D04F480068A84201D17E
:1096A0004D480460288820802888B0F5205F07D0C6
:1096B0002046FEF759F90746288800F08FF84780C2
:1096C000608800F08BF80646A64215D0307998B92C
:1096D00041480068A04201D13F48066020883080A0
:1096E0002088B0F5205F07D03046FEF73DF90746E9
:1096F000208800F073F84780BDE8F081400000202A
:109700002E2E5C4D6964646C6577617265735C5480
:10971000686972645F50617274795C4C7749505C1F
:109720007372635C636F72655C6D656D2E630000C0
:10973000706C75675F686F6C65733A206D656D203E
:109740003E3D2072616D0000417373657274696FF4
:109750006E2022257322206661696C656420617425
:10976000206C696E6520256420696E2025730A00CF
:1097700044000020706C75675F686F6C65733A20F9
:109780006D656D203C2072616D5F656E6400000048
:10979000706C75675F686F6C65733A206D656D2DD1
:1097A0003E75736564203D3D20300000706C756728
:1097B0005F686F6C65733A206D656D2D3E6E6578E0
:1097C00074203C3D204D454D5F53495A455F414C07
:1097D00049474E4544000000480000200146024829
:1097E0000068084470470000400000202DE9F04167
:1097F00000F026F8074600BF0F4804680CB9BDE822
:10980000F0816068381AB0F1004F01D3012000E008
:10981000002000B1F3E7084920680860A568E66801
:1098200006496068086021460620FEF7BFF90DB1C1
:109830003046A847E0E70000C4000020C800002030
:1098400010B5F7F7C9FD10BD2DE9F04104460E46ED
:10985000174600BFB4F1804F08D300BF09A340F200
:10986000291215A122A0F8F7E9FD00BF00BFFFF7FC
:10987000E7FF05193A463146284600F04DF8BDE8A5
:10988000F08100002E2E5C4D6964646C6577617216
:1098900065735C54686972645F50617274795C4C82
:1098A0007749505C7372635C636F72655C74696D59
:1098B000656F7574732E630054696D656F757420E0
:1098C00074696D6520746F6F206C6F6E672C206DEE
:1098D0006178206973204C5749505F55494E543385
:1098E000325F4D41582F34206D7365637300000063
:1098F000417373657274696F6E202225732220662E
:1099000061696C6564206174206C696E65202564F2
:1099100020696E2025730A002DE9F04106460F46A6
:1099200090460620FEF710FA0446002C0CD100BF2A
:1099300007D100BF20A3BE222CA13CA0F8F77EFDDA
:1099400000BF00BFBDE8F08100202060A760C4F820
:109950000C8066603F48006810B93E480460F1E73B
:109960003C49606809684968401AB0F1004F01D36A
:10997000012000E0002028B136480068206035480A
:10998000046017E03348056811E0286850B160684A
:1099900029684968401AB0F1004F01D3012000E066
:1099A000002018B1286820602C6002E02D68002D8E
:1099B000EBD100BF00BFC5E72E2E5C4D6964646C1F
:1099C0006577617265735C54686972645F50617237
:1099D00074795C4C7749505C7372635C636F726539
:1099E0005C74696D656F7574732E63007379735F52
:1099F00074696D656F75743A2074696D656F7574FF
:109A000020213D204E554C4C2C20706F6F6C204D0A
:109A1000454D505F5359535F54494D454F55542060
:109A2000697320656D70747900000000417373657F
:109A30007274696F6E2022257322206661696C65DD
:109A400064206174206C696E6520256420696E2035
:109A500025730A00C400002010B5012408E006495F
:109A600001EBC40251F834000449FFF7EDFE641C19
:109A7000052CF4D310BD0000B8FE00088D7200085C
:109A80002DE9FF5F04460E4600BF002C0AD100BF3F
:109A900040A340F23D224BA151A0F8F7CFFC00BFFC
:109AA000BDE8FF9F00BF00BF207D012808D100BF97
:109AB00038A34FF4107254A149A0F8F7BFFC00BFBF
:109AC00000BF207D0A2807D121465C4802F0BCFD7A
:109AD000204600F0F5FD5AE04FF0000AD346276D0E
:109AE000D4F82480D4F88C50D4F81090207DE8B9B4
:109AF000E08A38B300BF52480068A04205D1504800
:109B00000068C0684E4908600DE04D49086806E0ED
:109B1000C168A14202D1E168C16002E0C0680028CA
:109B2000F6D100BF00BF0020E0600BE0B246B4F801
:109B300016B000BF2146434802F086FD012042498D
:109B4000087000BF206F10B1206F04F0B6FAE06E0D
:109B500010B1E06E04F0B1FABAF1000F0AD0208B18
:109B6000211D23464246CDE9001B0290394620467E
:109B700004F002FA207D0390204600F0A1FD00BF12
:109B80001DB16FF00C014846A84700BF00BF00BFE1
:109B900086E700002E2E5C4D6964646C6577617207
:109BA00065735C54686972645F50617274795C4C6F
:109BB0007749505C7372635C636F72655C74637049
:109BC0002E6300007463705F6162616E646F6E3A51
:109BD00020696E76616C6964207063620000000029
:109BE000417373657274696F6E202225732220663B
:109BF00061696C6564206174206C696E6520256400
:109C000020696E2025730A00646F6E2774206361DB
:109C10006C6C207463705F61626F72742F74637018
:109C20005F6162616E646F6E20666F72206C697333
:109C300074656E2D70636273000000009000002058
:109C4000840000208C0000209400002010B5044601
:109C500001212046FFF714FF10BD000070B5054636
:109C60000120FEF771F804461CBB00F093FE01F0E2
:109C70003FFC0120FEF768F80446CCB9092001F04A
:109C8000CFFB0120FEF760F8044684B9082001F0FC
:109C9000C7FB0120FEF758F804463CB9284601F0FE
:109CA0008BFB0120FEF750F8044600BF00BF00BF49
:109CB00000BF3CB398212046F6F7EDFA14346570E6
:109CC00041F2D060A4F850004010E082A082FF2052
:109CD00004F8090C4FF40670E0830620A085608527
:109CE000C01FA0830120A08607480068E0600748E5
:109CF0000078A07241F2D060E0860548E066054831
:109D0000E067143C204670BD8000002096000020D3
:109D100039D8000800DD6D0010B5044600BF002CE6
:109D20000BD100BF0CA34FF4F47217A11CA0F8F7DD
:109D300085FB00BF6FF00F0010BD00BF207D012824
:109D400005D000BF608B40F01000608300BF012190
:109D5000204600F039F8EFE72E2E5C4D6964646C04
:109D60006577617265735C54686972645F50617293
:109D700074795C4C7749505C7372635C636F726595
:109D80005C7463702E6300007463705F636C6F7348
:109D9000653A20696E76616C6964207063620000C8
:109DA000417373657274696F6E2022257322206679
:109DB00061696C6564206174206C696E652025643E
:109DC00020696E2025730A003EB504460D4600BF8B
:109DD000002C08D100BF55A34FF4AF725FA167A05C
:109DE000F8F72CFB00BF00BF002D57D0207D0428C2
:109DF00002D0207D072851D1606F20B9208D40F618
:109E0000683188424AD000BFA07E00F0100040B9FF
:109E100000BF46A34FF4B27262A158A0F8F70EFB40
:109E200000BF00BF208BE18A221DCDE900210290F6
:109E300023462046626A216D04F09EF8204602F017
:109E400099FB00BF00BF5E480068A04205D15C4896
:109E50000068C0685A4908600DE05949086806E082
:109E6000C168A14202D1E168C16002E0C068002877
:109E7000F6D100BF00BF0020E06000BF01205149C3
:109E8000087000BF50480068A04202D104F0F4FFFF
:109E900002E0204600F014FC00203EBD207D20B1F1
:109EA000012824D002283AD12CE0E08AD8B100BFA2
:109EB00046480068A04205D144480068C06843494C
:109EC00008600DE04149086806E0C168A14202D17E
:109ED000E168C16002E0C0680028F6D100BF00BFA1
:109EE0000020E06000BF204600F0EAFB1BE02046B7
:109EF00001F01CFB2146364802F0A6FB204600F08C
:109F0000D7FC10E000BF21462D4802F09DFB012048
:109F10002C49087000BF204600F0D2FB03E0204629
:109F200000F058F8B9E700BF0020B6E72E2E5C4DD0
:109F30006964646C6577617265735C5468697264A6
:109F40005F50617274795C4C7749505C7372635CEA
:109F5000636F72655C7463702E6300007463705F7E
:109F6000636C6F73655F73687574646F776E3A20A6
:109F7000696E76616C696420706362004173736519
:109F80007274696F6E2022257322206661696C6588
:109F900064206174206C696E6520256420696E20E0
:109FA00025730A007063622D3E666C61677320261C
:109FB0002054465F5258434C4F5345440000000024
:109FC0008C00002094000020C000002084000020AD
:109FD0008800002070B5054600BF45B900BF1EA32C
:109FE0004FF4CE7228A12BA0F8F728FA00BF00BFCB
:109FF000287D032804D004280AD0072818D10FE0B0
:10A00000284604F007F904460CB90520287511E02C
:10A01000284604F0FFF804460CB90520287509E02D
:10A02000284604F0F7F804460CB90920287501E029
:10A03000002070BD00BF1CB9284601F0C1FC09E03A
:10A04000601C38B900BF688B40F00800688300BF0F
:10A050000020EEE72046ECE72E2E5C4D6964646C30
:10A060006577617265735C54686972645F50617290
:10A0700074795C4C7749505C7372635C636F726592
:10A080005C7463702E63000070636220213D204E7B
:10A09000554C4C00417373657274696F6E202225B4
:10A0A0007322206661696C6564206174206C696E3E
:10A0B0006520256420696E2025730A002DE9F05F74
:10A0C00080460D4691469A460A9F00BFB8F1000FA0
:10A0D00007D100BF40A3A3224CA154A0F8F7AEF9CA
:10A0E00000BF00BF00BF002D07D100BF3AA3A422CC
:10A0F00058A14EA0F8F7A2F900BF00BF07F0010079
:10A1000008B1042000E0002007F0020109B100219D
:10A1100000E00021084407F0080109B1002100E037
:10A120000021084407F0100109B1002100E00021DE
:10A1300046180320FDF708FE041E05D12846FEF749
:10A14000D9FF0020BDE8F09FA77200202060656065
:10A1500000BF2889B04207DA00BF1FA3B02246A182
:10A1600032A0F8F76BF900BF00BF2889801B20815F
:10A1700014212846FEF7A2FA20B1204603F090FFF2
:10A180000020DFE760684068E060B8F81600FDF77F
:10A19000B2F8E1680880B8F81800FDF7ACF8E1689B
:10A1A00048805046FDF79AF8E1684860B346F117D9
:10A1B00006EB91718910491D4FF6FF7202EA0131D9
:10A1C00041EA0900FDF797F8E16888810020E1681D
:10A1D00048822046B6E700002E2E5C4D6964646C10
:10A1E0006577617265735C54686972645F5061720F
:10A1F00074795C4C7749505C7372635C636F726511
:10A200005C7463705F6F75742E6300007463705FBD
:10A210006372656174655F7365676D656E743A201E
:10A22000696E76616C696420706362004173736566
:10A230007274696F6E2022257322206661696C65D5
:10A2400064206174206C696E6520256420696E202D
:10A2500025730A007463705F6372656174655F7370
:10A2600065676D656E743A20696E76616C6964200D
:10A270007062756600000000702D3E746F745F6C34
:10A28000656E203E3D206F70746C656E00000000AE
:10A290002DE9F04106460D46174600BF002F08D1B4
:10A2A00000BF10A340F6C5021AA124A0F8F7C6F813
:10A2B00000BF00BF15B93046BDE8F0812C8D74B1E8
:10A2C0002820844202DD211A89B200E0002188465C
:10A2D000464501DA314600E041460E4600BF3046B1
:10A2E000EAE700002E2E5C4D6964646C657761724C
:10A2F00065735C54686972645F50617274795C4C18
:10A300007749505C7372635C636F72655C746370F1
:10A310002E6300007463705F6566665F73656E64CC
:10A320005F6D73735F6E657469663A20696E7661FE
:10A330006C6964206473745F6970000041737365B5
:10A340007274696F6E2022257322206661696C65C4
:10A3500064206174206C696E6520256420696E201C
:10A3600025730A002DE9F84304460D460027B94637
:10A3700000BF05F0030040B900BF60A340F21142E6
:10A380006B496CA0F8F75AF800BF00BF00BF002C63
:10A3900008D100BF59A340F2134270A165A0F8F79D
:10A3A0004DF800BF00BF05F0020000B1012707F023
:10A3B000010008B1042000E0002007F0020109B10B
:10A3C000002100E00021084407F0080109B1002144
:10A3D00000E00021084407F0100109B1002100E06D
:10A3E000002100EB01094FF4207249463620FEF7A8
:10A3F000E3F9B0F1000809D100BF608B40F08000A4
:10A40000608300BF4FF0FF30BDE8F88300BFB8F8AD
:10A410000A00484508DA00BF38A340F2394257A184
:10A4200044A0F8F70BF800BF00BF00972A4641464A
:10A430002046E36DFFF742FE061E07D100BF608B8A
:10A4400040F08000608300BF701EDDE700BF307BFE
:10A4500000F0030040B100BF28A340F2424256A1E1
:10A4600034A0F7F7EBFF00BF00BF00BF308940B159
:10A4700000BF22A340F2434255A12EA0F7F7DEFF12
:10A4800000BF00BFE06E08B9E66607E0E06E00E0DE
:10A49000006801680029FBD1066000BF0020A4F815
:10A4A000680005F0020010B905F0010010B1E06D80
:10A4B000401CE06505F0010028B100BF608B40F052
:10A4C0002000608300BF7068FEF7FFFB34F8661F52
:10A4D0000844208034F8660970B100BF206F50B97D
:10A4E000E06E40B900BF05A340F2654243A111A050
:10A4F000F7F7A4FF00BF00BF002085E72E2E5C4DBC
:10A500006964646C6577617265735C5468697264D0
:10A510005F50617274795C4C7749505C7372635C14
:10A52000636F72655C7463705F6F75742E63000097
:10A5300028000108417373657274696F6E202225CB
:10A540007322206661696C6564206174206C696E99
:10A550006520256420696E2025730A007463705F8E
:10A56000656E71756575655F666C6167733A2069C4
:10A570006E76616C69642070636200007463705F62
:10A58000656E71756575655F666C6167733A2063AA
:10A590006865636B207468617420666972737420E7
:10A5A000706275662063616E20686F6C64206F70E6
:10A5B000746C656E000000007365672D3E746370F7
:10A5C000686472206E6F7420616C69676E656400E8
:10A5D0007463705F656E71756575655F666C6167E4
:10A5E000733A20696E76616C6964207365676D6586
:10A5F0006E74206C656E6774680000007463705F31
:10A60000656E71756575655F666C6167733A206923
:10A610006E76616C6964207175657565206C656E18
:10A620006774680070B523480078401C21490870A1
:10A6300000BF2148046839E0A07F1E49097888429C
:10A6400033D01C480078A077A07E00F0010078B1DC
:10A6500000BF608B40F00200608300BF204601F025
:10A66000AFF900BF608B4FF6FC710840608300BFFC
:10A67000A07E00F0080048B100BF608B4FF6F77174
:10A680000840608300BF2046FFF7A4FCE568606FC8
:10A6900048B1002009490870204602F049FC0748EB
:10A6A000007800B1C5E72C4600E0E468002CC3D177
:10A6B00070BD0000960000208C0000209400002057
:10A6C00010B5044600BF207D012807D100BF06A3B6
:10A6D000D42211A115A0F7F7B1FE00BF00BF21469B
:10A6E0000120FDF763FA10BD2E2E5C4D6964646C89
:10A6F0006577617265735C54686972645F506172FA
:10A7000074795C4C7749505C7372635C636F7265FB
:10A710005C7463702E6300007463705F66726565BD
:10A720003A204C495354454E000000004173736574
:10A730007274696F6E2022257322206661696C65D0
:10A7400064206174206C696E6520256420696E2028
:10A7500025730A002DE9F04705460C4691469846B8
:10A7600035E0264624687068FEF7AFFA074600BF5A
:10A77000B5F86600B84208DA00BF22A340F257429B
:10A780002DA137A0F7F75AFE00BF00BF35F8660FBE
:10A79000C01B288030893C49098808443A49088010
:10A7A000304603F07DFC35F8660900280FD000BF65
:10A7B000002C0BD1B8F1000F08D100BF11A340F25B
:10A7C000614232A126A0F7F739FE00BF00BFB4B145
:10A7D000E1684868FCF782FD8246E1688889FCF7F9
:10A7E0008AFD00F0030008B1012000E0002021896B
:10A7F000084450442D490968401A0028B1DD20461C
:10A80000BDE8F0872E2E5C4D6964646C65776172DB
:10A8100065735C54686972645F50617274795C4CF2
:10A820007749505C7372635C636F72655C746370CC
:10A830005F696E2E630000007063622D3E736E646C
:10A840005F71756575656C656E203E3D2070627543
:10A85000665F636C656E286E6578742D3E702900A6
:10A86000417373657274696F6E20222573222066AE
:10A8700061696C6564206174206C696E6520256473
:10A8800020696E2025730A00B40000207463705F95
:10A89000726563656976653A2076616C69642071DA
:10A8A00075657565206C656E67746800B000002082
:10A8B00010B5044600BF207D012807D100BF06A3C4
:10A8C000DF2211A117A0F7F7B9FD00BF00BF214695
:10A8D0000220FDF76BF910BD2E2E5C4D6964646C8F
:10A8E0006577617265735C54686972645F50617208
:10A8F00074795C4C7749505C7372635C636F72650A
:10A900005C7463702E6300007463705F66726565CB
:10A910005F6C697374656E3A20214C495354454EFF
:10A9200000000000417373657274696F6E20222508
:10A930007322206661696C6564206174206C696EA5
:10A940006520256420696E2025730A000D48018862
:10A950000088401C0B4A10800B48006818B10B4857
:10A960000088814205DA0A48006800F11402505C50
:10A97000704706480078081AC2B203480068805C35
:10A98000F6E70000A8000020A4000020A20000209C
:10A990009C00002070B50B48046810E0E568A07EBC
:10A9A00000F0080048B100BF608B4FF6F771084017
:10A9B000608300BF2046FFF70DFB2C4600BF002C34
:10A9C000ECD170BD8C00002010B5F5F72BFCC0F366
:10A9D0000D0000F540400149088010BD7C000020BA
:10A9E0002DE9FE4F05468B4600BF002D07D100BF65
:10A9F000E2A38322EEA1F4A0F7F720FD00BF00BF81
:10AA0000FB49686808606889142800DAC7E3F94AD6
:10AA100011685069FBF796F928B9F648007D00F0F7
:10AA2000F000E02800D1BAE3F14909688889FCF711
:10AA300062FC00138700142F02DB2889B84200DA79
:10AA4000ADE3A7F11400EC4908800020EB49086051
:10AA50006889B84208DBE8480088E9490880394637
:10AA60002846FEF755FD4AE000BF286838B900BF08
:10AA7000C2A3C222E3A1D4A0F7F7E0FC00BF00BF4D
:10AA800014212846FEF744FD6889DD490880DA482C
:10AA900000880988401A1FFA80FAD9480188284698
:10AAA000FEF736FD28684089504500DA77E32868CC
:10AAB0004068D249086051462868FEF729FD288978
:10AAC000A0EB0A00288100BF688938B100BFABA3A2
:10AAD000DF22D0A1BCA0F7F7B1FC00BF00BF00BFD0
:10AAE000288929680989884207D000BFA3A3E022EA
:10AAF000CBA1B5A0F7F7A2FC00BF00BF00BFBC49C7
:10AB000009680888FCF7F7FBB94909680880B84963
:10AB100009684888FCF7EFFBB54909684880B449E3
:10AB200009684868FCF7DAFBB14909684860C4491C
:10AB30000860AF4909688868FCF7D0FBAC49096830
:10AB40008860C0490860AA490968C889FCF7D3FB36
:10AB5000A7490968C881A64909688889FCF7CBFB21
:10AB600000F03F00B84908702889B8490880B64805
:10AB7000007800F0030040B108460088401C0880BF
:10AB800028890988884200DD09E34FF00009B048B0
:10AB9000046873E000BF207D38B900BF77A3FB22B3
:10ABA000ACA189A0F7F74AFC00BF00BF00BF207D21
:10ABB0000A2807D100BF71A3FC22B0A182A0F7F739
:10ABC0003DFC00BF00BF00BF207D012807D100BFB2
:10ABD0006AA3FD22B4A17CA0F7F730FC00BF00BF40
:10ABE000207A50B1217A8348406890F83400401CA4
:10ABF000C0B2814201D0A1463FE0208B7C49096868
:10AC00000988884237D1E08A7949096849888842A9
:10AC100031D178496068096988422CD1754920682A
:10AC20004969884227D100BFE068A04208D100BF2F
:10AC300052A340F20D12A6A163A0F7F7FFFB00BFDD
:10AC400000BFB9F1000F07D0E068C9F80C008048D8
:10AC50000068E0607E48046000BFE068A04208D160
:10AC600000BF46A340F21512A4A157A0F7F7E6FBD8
:10AC700000BF00BF04E0A14600BFE468002C89D1FA
:10AC800000BF002C78D1A848046839E000BF207DBF
:10AC90000A2808D000BF39A340F21F12A3A14AA07E
:10ACA000F7F7CCFB00BF00BF207A48B1217A5148AA
:10ACB000406890F83400401CC0B2814200D01EE0D1
:10ACC000208B4B4909680988884217D1E08A484996
:10ACD00009684988884211D14649606809698842F3
:10ACE0000CD1444920684969884207D1204604F0C4
:10ACF0000FF82846FEF7FEF9BDE8FE8F00BFE468B6
:10AD0000002CC3D1A146954806681FE0307A50B1A7
:10AD1000317A3848406890F83400401CC0B2814213
:10AD200001D0B14611E0F08A31490968498888426A
:10AD300009D1304930684969884200D108E00EB134
:10AD4000306800B904E0B14600BFF668002EDDD1DE
:10AD500000BF8EB1B9F1000F07D0F068C9F80C0040
:10AD60007E480068F0607D480660304600F048FC90
:10AD70002846FEF7BFF9BFE7F2E000002E2E5C4D3B
:10AD80006964646C6577617265735C546869726448
:10AD90005F50617274795C4C7749505C7372635C8C
:10ADA000636F72655C7463705F696E2E6300000090
:10ADB0007463705F696E7075743A20696E76616C49
:10ADC0006964207062756600417373657274696F9F
:10ADD0006E2022257322206661696C65642061748F
:10ADE000206C696E6520256420696E2025730A0039
:10ADF0009C00002028360020A0000020A400002095
:10AE0000A2000020702D3E6E65787420213D204EFA
:10AE1000554C4C00702D3E6C656E203D3D20300041
:10AE2000702D3E746F745F6C656E203D3D20702DFB
:10AE30003E6E6578742D3E746F745F6C656E0000B5
:10AE4000AC000020B0000020B8000020B6000020B8
:10AE50008C0000207463705F696E7075743A2061B5
:10AE60006374697665207063622D3E7374617465E6
:10AE700020213D20434C4F53454400007463705FD4
:10AE8000696E7075743A20616374697665207063C9
:10AE9000622D3E737461746520213D2054494D45F7
:10AEA0002D574149540000007463705F696E7075DE
:10AEB000743A20616374697665207063622D3E7315
:10AEC0007461746520213D204C495354454E000067
:10AED0007463705F696E7075743A207063622D3EA2
:10AEE0006E65787420213D2070636220286265665B
:10AEF0006F72652063616368652900007463705F29
:10AF0000696E7075743A207063622D3E6E65787458
:10AF100020213D2070636220286166746572206381
:10AF20006163686529000000900000207463705F11
:10AF3000696E7075743A2054494D452D57414954F6
:10AF4000207063622D3E7374617465203D3D205412
:10AF5000494D452D5741495400000000880000200C
:10AF6000002C71D00020904908602889088108468B
:10AF700045608E480068C86000208D4908608D4992
:10AF800008708D4908808D48007800F0080018B1DD
:10AF9000687B40F001006873606F80B1204601F06B
:10AFA000C7FF0D3028B1606F48B185480088002880
:10AFB00005DD608D10B9204603F08CF8BBE08148B8
:10AFC0000460204601F012FC804608F10D000028C4
:10AFD00016D07848007800F0080090B100BFD4F88F
:10AFE0008C0028B16FF00D01D4F88C2020699047B7
:10AFF00000BF2146744801F027FB2046FFF760FBA5
:10B0000098E04FF000086C480088002817DD6A4877
:10B01000B0F800A000BFE06F30B152462146E36FA8
:10B0200020699847804601E04FF0000800BF08F112
:10B030000D0000B97FE000205F49088000BF204676
:10B0400000F0D8F808B176E085E059480068A8B368
:10B0500000BF606F50B100BFAFF2E0234FF4F37256
:10B060005AA1AFF29C20F7F7E9F900BF00BFA07E1C
:10B0700000F0100038B14E480068FEF73BF820465B
:10B08000FEF7E4FD57E000BFD4F8800048B100238C
:10B090004749D4F880C020690A682146E0478046C5
:10B0A00007E00023424821460268184602F0C4FB2C
:10B0B000804600BF08F10D0008B93CE005E0B8F19A
:10B0C000000F02D03A48006860673A48007800F004
:10B0D000200020B3606F30B1606F407B40F02000F3
:10B0E000616F48731BE0208D40F66831884202D0C2
:10B0F000208D401C208500BFD4F8800040B1002383
:10B100001A462146D4F880C02069E047804601E015
:10B110004FF0000800BF08F10D0000B90BE000205F
:10B1200028490860204600F065F800B103E0204699
:10B1300000F046FC00BF0020224908601C4908605E
:10B140001948406840B318494868FDF7D3FF00200C
:10B150001549486020E0154909688889FCF7CBF853
:10B1600000F00400A8B91148006800880F49096878
:10B1700049881D4ACDE9002102901C480068104909
:10B1800009884218184B1B1D19480168002002F05D
:10B19000F3FE2846FDF7AEFF00BF00BFACE5284632
:10B1A000FDF7A8FF00BFA7E5F47900209C00002070
:10B1B000BC000020B9000020B4000020B80000202E
:10B1C000B6000020C00000208C0000207063622DBB
:10B1D0003E726566757365645F64617461203D3DB0
:10B1E000204E554C4C00000038360020AC000020AA
:10B1F000B000002010B5044600BF002C08D100BFED
:10B2000013A340F25A221FA128A0F7F717F900BF95
:10B2100000BF3048007800F01000B8B1A07E00F008
:10B22000100050B900BFD4F88C0028B16FF00E01A7
:10B23000D4F88C202069904700BF2146264801F0B1
:10B2400003FA2046FFF73CFA012010BD0020FCE77E
:10B250002E2E5C4D6964646C6577617265735C5415
:10B26000686972645F50617274795C4C7749505CB4
:10B270007372635C636F72655C7463705F696E2E7A
:10B28000630000007463705F696E7075745F64655D
:10B290006C617965645F636C6F73653A20696E7683
:10B2A000616C696420706362000000004173736523
:10B2B0007274696F6E2022257322206661696C6545
:10B2C00064206174206C696E6520256420696E209D
:10B2D00025730A00B90000208C0000202DE9F04100
:10B2E0000446002600BF002C08D100BF14A340F67E
:10B2F000240220A126A0F7F7A1F800BF00BF216D0E
:10B30000481EFBF7EBFF80464346002231462046AD
:10B3100000F008FD05461DB94FF0FF30BDE8F08193
:10B32000334600222946204600F07AFE231D22469D
:10B330002946204600F0F6FD07463846EEE70000B5
:10B340002E2E5C4D6964646C6577617265735C5424
:10B35000686972645F50617274795C4C7749505CC3
:10B360007372635C636F72655C7463705F6F757436
:10B370002E6300007463705F6B656570616C697645
:10B38000653A20696E76616C6964207063620000C2
:10B39000417373657274696F6E2022257322206673
:10B3A00061696C6564206174206C696E6520256438
:10B3B00020696E2025730A002DE9F04107467F2F92
:10B3C00001DD7F2000E0384606460EB9BDE8F08179
:10B3D000701EC6B24FF0000800250F48046813E045
:10B3E000607DB04208DB607DB0420CD10B49206A21
:10B3F0000968081A404506D30849206A0968A1EB84
:10B4000000082546667DE468002CE9D115B1284680
:10B41000FEF71CFC00BFD9E78C0000208000002054
:10B420002DE9F041054600BF082D0AD0092D08D0AE
:10B4300000BF13A340F2DD621DA121A0F6F7FEFFBD
:10B4400000BF00BF00270026274804680EE0207DCB
:10B45000A8420AD12549206A0968081AB84204D3CB
:10B460002249206A09680F1A2646E468002CEED1AA
:10B470001EB100213046FEF703FBBDE8F08100005D
:10B480002E2E5C4D6964646C6577617265735C54E3
:10B49000686972645F50617274795C4C7749505C82
:10B4A0007372635C636F72655C7463702E6300001B
:10B4B000696E76616C696420737461746500000064
:10B4C000417373657274696F6E2022257322206642
:10B4D00061696C6564206174206C696E6520256407
:10B4E00020696E2025730A008C0000208000002057
:10B4F00070B5002600250B4804680BE00A49206A55
:10B500000968081AB04204D30749206A09680E1A6C
:10B510002546E468002CF1D115B12846FEF796FBCC
:10B5200070BD0000900000208000002070B504462F
:10B5300000BF44B900BF12A340F211121CA11FA00A
:10B54000F6F77CFF00BF00BF00BF207D012808D0B8
:10B5500000BF0BA34FF4897222A118A0F6F76EFF6B
:10B5600000BF00BF012507E0244951F825100868F5
:10B57000214602F053FA6D1C042DF5D370BD000076
:10B580002E2E5C4D6964646C6577617265735C54E2
:10B59000686972645F50617274795C4C7749505C81
:10B5A0007372635C636F72655C7463702E6300001A
:10B5B00070636220213D204E554C4C0041737365F1
:10B5C0007274696F6E2022257322206661696C6532
:10B5D00064206174206C696E6520256420696E208A
:10B5E00025730A007063622D3E7374617465203D9B
:10B5F0003D204C495354454E00000000A8FE000871
:10B600002DE9FE4305465448007800F0040008B1D7
:10B61000BDE8FE8300BF002D08D100BF4FA340F25C
:10B6200081225BA162A0F6F709FF00BF00BF4A4874
:10B63000007800F01000B0B16748006800886649E3
:10B6400009684988654ACDE900210290644800688C
:10B65000644909884218614B1B1D634801682846EC
:10B6600002F08AFC75E03C48007800F002000028F7
:10B670006FD0687DFEF7F2FA044674B900BFA8697E
:10B6800038B14FF0FF320021AB69286998478046F6
:10B6900001E06FF00F0800BFBAE75048103840696A
:10B6A00020604E48103800696060E88AE0824A48AD
:10B6B0000068008820830320207549480068401CEA
:10B6C0006062606AE062204600F022F90646A665E4
:10B6D00026656664E66542480068401E6065286924
:10B6E0002061A567687A00F00C006072287A2072E9
:10B6F00000BF00BF3D480068E0603C48046003F0C4
:10B70000EBFA00BF01203A49087000BF204600F064
:10B7100099FE31480068C08924F8600F2088608055
:10B72000603C201DFBF702F88046608E221D4146DA
:10B73000FEF7AEFD608612212046FEF713FE074697
:10B7400027B100212046FEF79BF961E7204600F073
:10B7500037F900BF5CE70000B80000202E2E5C4DDA
:10B760006964646C6577617265735C54686972645E
:10B770005F50617274795C4C7749505C7372635CA2
:10B78000636F72655C7463705F696E2E63000000A6
:10B790007463705F6C697374656E5F696E707574E5
:10B7A0003A20696E76616C69642070636200000003
:10B7B000417373657274696F6E202225732220664F
:10B7C00061696C6564206174206C696E6520256414
:10B7D00020696E2025730A009C0000203836002066
:10B7E000AC000020B6000020B00000208C0000203B
:10B7F0009400002070B506460D46D6B13068C0B141
:10B800000C480168304600F01BF80B4801683046D0
:10B8100000F016F86DB1286858B10848046806E0D1
:10B8200020683168884201D128682060E468002CD3
:10B83000F6D170BD8C00002084000020880000201C
:10B840002DE9F04105460E46344600BF002D08D1D3
:10B8500000BF0CA34FF4106216A123A0F6F7EEFD73
:10B8600000BF00BF0AE020682968884205D1E76868
:10B870002046FEF7EBF93C4600E0E468002CF2D1EC
:10B88000BDE8F0812E2E5C4D6964646C6577617251
:10B8900065735C54686972645F50617274795C4C62
:10B8A0007749505C7372635C636F72655C7463703C
:10B8B0002E6300007463705F6E657469665F697003
:10B8C0005F616464725F6368616E6765645F706323
:10B8D000626C6973743A20696E76616C6964206F7A
:10B8E0006C645F6164647200417373657274696F44
:10B8F0006E2022257322206661696C656420617464
:10B90000206C696E6520256420696E2025730A000D
:10B9100010B5044600BF002C08D100BF09A340F6B3
:10B92000AF0214A11AA0F6F789FD00BF00BF22489C
:10B9300000682249096808441F49086008460068F1
:10B9400010BD00002E2E5C4D6964646C65776172D9
:10B9500065735C54686972645F50617274795C4CA1
:10B960007749505C7372635C636F72655C7463707B
:10B970002E6300007463705F6E6578745F69737323
:10B980003A20696E76616C69642070636200000021
:10B99000417373657274696F6E202225732220666D
:10B9A00061696C6564206174206C696E6520256432
:10B9B00020696E2025730A00980000208000002076
:10B9C0002DE9F84F044600BF002C08D100BFA7A303
:10B9D00040F2E142B2A1B8A0F6F730FD00BF00BFCF
:10B9E00000BF207D012808D100BFA0A340F2E342A0
:10B9F000BBA1B1A0F6F722FD00BF00BFC24800689E
:10BA0000A04202D10020BDE8F88FB4F86000B4F87D
:10BA10004810884202DAB4F8600001E0B4F8480047
:10BA20008146E56E45B9A07E00F0020018B12046BF
:10BA300002F050FBE7E710E1221D2146204602F00C
:10BA40008BFA074617B96FF00300DCE70CB12068EA
:10BA500058B90FB1381D00E00020014611B96FF050
:10BA60000300D0E70868206000BFE9684868FBF77A
:10BA700035FC616C401A29890844484519D9B4F845
:10BA8000600048450CD1206F50B994F8950038B942
:10BA9000002004F8940F012060700020A070943CF6
:10BAA000A07E00F0020018B1204602F013FBAAE7C6
:10BAB000D3E0002084F89500266F26B100E03668B8
:10BAC00030680028FBD1B5E000BFE9688889FBF742
:10BAD00012FC00F0040040B100BF64A340F23652F3
:10BAE0008AA175A0F6F7AAFC00BF00BF206FA0B125
:10BAF000A07E00F0440080B9E06E38B1E06E0068CE
:10BB000058B9E06E0089618E884206DAB4F86400A4
:10BB100018B1B4F86600082801DB012000E000201D
:10BB200020B9A07E00F0A00000B98FE0207D02289F
:10BB300007D01020FBF7DFFBE96889890843E96833
:10BB400088813A462146284600F0FCFA0090009889
:10BB500038B100BF608B40F08000608300BF009868
:10BB600051E72868E066207D022806D000BF608B80
:10BB70004FF6FC710840608300BFE9684868FBF736
:10BB8000ADFB8046E9688889FBF7B5FB00F0030050
:10BB900008B1012000E000202989084408EB000AD0
:10BBA000206DB0EB0A0001D5C4F850A0E96888897F
:10BBB000FBF7A1FB00F0030008B1012000E000202A
:10BBC0002989084488B300202860206F10B92567B0
:10BBD0002E462EE0E9684868FBF780FB8046F16856
:10BBE0004868FBF77BFBB8EB00001BD504F170083D
:10BBF00001E0D8F80080D8F8000068B1D8F800104B
:10BC0000C9684868FBF76AFB8346E9684868FBF740
:10BC100065FBBBEB0000ECD4D8F800002860C8F846
:10BC2000005006E03560366803E0FFE7284602F082
:10BC300037FAE56E55B1E9684868FBF74FFB616C70
:10BC4000401A2989084448457FF63EAF00BFE06EA0
:10BC500010B90020A4F8680000BF00BF608B4FF649
:10BC60007F710840608300BF0020CCE62E2E5C4D23
:10BC70006964646C6577617265735C546869726449
:10BC80005F50617274795C4C7749505C7372635C8D
:10BC9000636F72655C7463705F6F75742E63000010
:10BCA0007463705F6F75747075743A20696E766135
:10BCB0006C69642070636200417373657274696FAC
:10BCC0006E2022257322206661696C656420617490
:10BCD000206C696E6520256420696E2025730A003A
:10BCE000646F6E27742063616C6C207463705F6F87
:10BCF000757470757420666F72206C697374656EEC
:10BD00002D70636273000000C00000205253542065
:10BD10006E6F742065787065637465642068657201
:10BD2000652100002DE9FF4104460E46174698465E
:10BD300000BF002C08D100BF10A340F242721CA12A
:10BD400025A0F6F77BFB00BF00BF608D1023218B81
:10BD5000E28ACDE901130092039043463A46314608
:10BD6000606A00F04DF805461DB1618D606A0844B7
:10BD7000E062284604B0BDE8F08100002E2E5C4D44
:10BD80006964646C6577617265735C546869726438
:10BD90005F50617274795C4C7749505C7372635C7C
:10BDA000636F72655C7463705F6F75742E630000FF
:10BDB0007463705F6F75747075745F616C6C6F63C2
:10BDC0005F6865616465723A20696E76616C69646A
:10BDD0002070636200000000417373657274696FC4
:10BDE0006E2022257322206661696C65642061746F
:10BDF000206C696E6520256420696E2025730A0019
:10BE00002DE9F05F82460D4617469846DDF830B0C2
:10BE100005F11400384481B24FF420722220FCF75F
:10BE2000CBFC0646002E34D000BF718905F114000A
:10BE3000814208DA00BF18A340F2237223A12FA089
:10BE4000F6F7FCFA00BF00BF74680A98FBF753FAD4
:10BE500020800B98FBF74FFA6080C4F804805046AE
:10BE6000FBF73CFAA060A946E91705EB9171891030
:10BE7000491D4FF6FF7202EA013141EA0B00FBF760
:10BE80003AFAA0810D98FBF736FAE0810020208273
:10BE900060823046BDE8F09F2E2E5C4D6964646C74
:10BEA0006577617265735C54686972645F50617232
:10BEB00074795C4C7749505C7372635C636F726534
:10BEC0005C7463705F6F75742E63000063686563F4
:10BED0006B20746861742066697273742070627577
:10BEE000662063616E20686F6C6420737472756382
:10BEF00074207463705F686472000000417373653E
:10BF00007274696F6E2022257322206661696C65E8
:10BF100064206174206C696E6520256420696E2040
:10BF200025730A002DE9FE4F04460E4692469B46B5
:10BF300000BF002E08D100BF17A340F2877223A1D3
:10BF40002DA0F6F77BFA00BF00BF5A4651462046A7
:10BF500002F002F8054615B96FF0030715E024B1A9
:10BF600094F80B8094F80A9003E04FF0FF084FF02C
:10BF70000009062043465A465146CDE900900295F5
:10BF80003046FAF76BF9074600BF3046FDF7B2F8C6
:10BF90003846BDE8FE8F00002E2E5C4D6964646C4F
:10BFA0006577617265735C54686972645F50617231
:10BFB00074795C4C7749505C7372635C636F726533
:10BFC0005C7463705F6F75742E6300007463705FE0
:10BFD0006F75747075745F636F6E74726F6C5F737E
:10BFE00065676D656E743A20696E76616C69642070
:10BFF0007062756600000000417373657274696F4A
:10C000006E2022257322206661696C65642061744C
:10C01000206C696E6520256420696E2025730A00F6
:10C020002DE9F04781460D4614469A464FF0000828
:10C0300000BF002D08D100BF1CA340F2567228A1FA
:10C0400031A0F6F7FBF900BF00BF6E6806F11407D8
:10C0500000BF384600EB880004F0010109B104215B
:10C0600000E00021084404F0020109B1002100E0D1
:10C070000021084404F0080109B1002100E000217A
:10C08000084404F0100109B1002100E00021084437
:10C09000B84208D000BF05A340F2757224A11AA0CF
:10C0A000F6F7CCF900BF00BFBDE8F0872E2E5C4D3F
:10C0B0006964646C6577617265735C546869726405
:10C0C0005F50617274795C4C7749505C7372635C49
:10C0D000636F72655C7463705F6F75742E630000CC
:10C0E0007463705F6F75747075745F66696C6C5F94
:10C0F0006F7074696F6E733A20696E76616C6964F3
:10C100002070627566000000417373657274696F18
:10C110006E2022257322206661696C65642061743B
:10C12000206C696E6520256420696E2025730A00E5
:10C130006F7074696F6E73206E6F742066696C6CBB
:10C14000656400002DE9FE4F04460D46164600BF0B
:10C15000002C08D100BF58A34FF4B76263A16BA0B5
:10C16000F6F76CF900BF00BF00BF002D08D100BF7B
:10C1700051A340F2B9526FA164A0F6F75FF900BF76
:10C1800000BF00BF002E08D100BF4BA340F2BA523F
:10C1900070A15EA0F6F752F900BF00BF204600F084
:10C1A000F7F810B10020BDE8FE8F686AFBF796F83B
:10C1B000E1688860688DFBF79EF8E168C881698D49
:10C1C000686A0844E862E06800F11407A07A00F0A9
:10C1D000010068B12A1D314640F2B450FEF758F80C
:10C1E00082464AF00170FBF779F838603F1D00BFC6
:10C1F000B5F93000002801DA00202886686B38B9CC
:10C200005D4800686863E1684868FBF767F8A86301
:10C21000A08961688988401A1FFA80F8606840899F
:10C22000A0EB08006168488160680089A0EB080005
:10C23000616808816168E06848600020E168088200
:10C2400000BFE0681430A17A01F0010109B10421B6
:10C2500000E000210844A17A01F0020109B10021A7
:10C2600000E000210844A17A01F0080109B1002191
:10C2700000E000210844A17A01F0100109B1002179
:10C2800000E000210844B84208D000BF0AA340F2F1
:10C290001C623AA11DA0F6F7D1F800BF00BF06212D
:10C2A000A87A8DE84300EB7A2A1D29466068F9F7E1
:10C2B000D5FF8146484676E72E2E5C4D6964646C56
:10C2C0006577617265735C54686972645F5061720E
:10C2D00074795C4C7749505C7372635C636F726510
:10C2E0005C7463705F6F75742E6300007463705FBD
:10C2F0006F75747075745F7365676D656E743A20E1
:10C30000696E76616C69642073656700417373655B
:10C310007274696F6E2022257322206661696C65D4
:10C3200064206174206C696E6520256420696E202C
:10C3300025730A007463705F6F75747075745F7332
:10C3400065676D656E743A20696E76616C6964200C
:10C35000706362007463705F6F75747075745F737F
:10C3600065676D656E743A20696E76616C696420EC
:10C370006E65746966000000800000206F7074694B
:10C380006F6E73206E6F742066696C6C656400005C
:10C3900010B5044600BF002C08D100BF08A340F22E
:10C3A0009A5214A11DA0F6F749F800BF00BF6068BB
:10C3B000807B012801D0012010BD0020FCE7000097
:10C3C0002E2E5C4D6964646C6577617265735C5494
:10C3D000686972645F50617274795C4C7749505C33
:10C3E0007372635C636F72655C7463705F6F7574A6
:10C3F0002E6300007463705F6F75747075745F7383
:10C4000065676D656E745F627573793A20696E76E3
:10C41000616C696420736567000000004173736597
:10C420007274696F6E2022257322206661696C65C3
:10C4300064206174206C696E6520256420696E201B
:10C4400025730A002DE9F041054600BF002D08D1F3
:10C4500000BF28A340F27D7233A13AA0F5F7EEFFAA
:10C4600000BF00BF41480088002841D0002040495B
:10C47000088037E0FEF76AFA074627B1012F04D09B
:10C48000022F20D102E0BDE8F08129E0FEF75EFA3C
:10C49000042806D136480088801C3449098888421F
:10C4A00000DDF0E7FEF752FA0602FEF74FFA064308
:10C4B00040F2B450864200DC16B940F2B45000E0BD
:10C4C000304668860CE0FEF741FA0446022C00DA9A
:10C4D000D9E7A01E2649098808442549088000BFDD
:10C4E00000BF00BF22480088204909888842C1DB7C
:10C4F00000BFC8E72E2E5C4D6964646C657761727D
:10C5000065735C54686972645F50617274795C4CE5
:10C510007749505C7372635C636F72655C746370BF
:10C520005F696E2E630000007463705F70617273E8
:10C53000656F70743A20696E76616C69642070630F
:10C5400062000000417373657274696F6E2022256A
:10C550007322206661696C6564206174206C696E69
:10C560006520256420696E2025730A00A000002044
:10C57000A800002010B5044600BF002C09D100BF60
:10C5800014A340F651021FA125A0F5F757FF00BFE5
:10C5900010BD00BF207DD0B1207D0A2817D0207D9E
:10C5A000012814D0606F20B1606FFCF7A3FD00205C
:10C5B00060674FF0FF302086E06E01F07EFD206F57
:10C5C00001F07BFD0020E0662067A4F8680000BF52
:10C5D000DEE700002E2E5C4D6964646C6577617245
:10C5E00065735C54686972645F50617274795C4C05
:10C5F0007749505C7372635C636F72655C746370DF
:10C600002E6300007463705F7063625F70757267A1
:10C61000653A20696E76616C69642070636200001F
:10C62000417373657274696F6E20222573222066D0
:10C6300061696C6564206174206C696E6520256495
:10C6400020696E2025730A0070B505460C4600BFB0
:10C65000002C08D100BF33A340F683023DA144A0C3
:10C66000F5F7ECFE00BF00BF00BF002D08D100BFF2
:10C670002CA340F6840248A13DA0F5F7DFFE00BFE1
:10C6800000BF00BF2868A04203D12868C0682860A6
:10C690000CE0286806E0C168A14202D1E168C160EF
:10C6A00002E0C0680028F6D100BF00BF0020E060B3
:10C6B00000BF2046FFF75EFF207D0A280FD0207DB7
:10C6C00001280CD0A07E00F0010040B100BF608BBB
:10C6D00040F00200608300BF2046FFF771F9207D23
:10C6E000012819D000BFE06E40B100BF0DA340F695
:10C6F000930231A11EA0F5F7A1FE00BF00BF00BF4D
:10C70000206F40B100BF07A340F6940230A118A0EB
:10C71000F5F794FE00BF00BF00202075E08200BF47
:10C7200000BF70BD2E2E5C4D6964646C65776172CC
:10C7300065735C54686972645F50617274795C4CB3
:10C740007749505C7372635C636F72655C7463708D
:10C750002E6300007463705F7063625F72656D6F5B
:10C7600076653A20696E76616C6964207063620058
:10C77000417373657274696F6E202225732220667F
:10C7800061696C6564206174206C696E6520256444
:10C7900020696E2025730A007463705F7063625FA6
:10C7A00072656D6F76653A20696E76616C6964209A
:10C7B0007063626C69737400756E73656E74207358
:10C7C00065676D656E7473206C65616B696E67007B
:10C7D000756E61636B6564207365676D656E7473F8
:10C7E000206C65616B696E67000000002DE9FE43F7
:10C7F00004460027002600BF002C08D100BFE5A397
:10C800004FF44772F0A1F7A0F5F718FE00BF00BF84
:10C81000FE48007800F00400002845D0207D022862
:10C8200006D1FB49206D096888421BD1012719E018
:10C83000F849606A0968884201D1012712E0F54988
:10C84000606A0968081A0DD4218D606A0844F149AC
:10C850000968081A002805DC00BF608B40F0020060
:10C86000608300BF002F1DD000BF207D40B900BFF6
:10C87000C8A34FF44E72E8A1DAA0F5F7DFFD00BFC0
:10C8800000BFED48007840F00800EB49087000BF99
:10C89000608B4FF6FE710840608300BF6FF00D00A3
:10C8A000BDE8FE830020FBE7D848007800F00200D6
:10C8B00068B1207D02280AD0207D032807D000BF60
:10C8C000608B40F00200608300BF0020E8E7A07E9C
:10C8D00000F0100010B9D94800682062002084F8E8
:10C8E000970084F896002046FFF7ACFD207D801E5F
:10C8F000082875D2DFE800F004CDF4F3F2F1F0EF90
:10C90000C248007800F0100000286AD0BF480078C4
:10C9100000F002000028F8D0606C401CBC49096897
:10C9200088425ED1BB480068401C6062606AE06279
:10C93000B74800686064C2480068C089A4F8600015
:10C94000B4F86000A4F86200B2480068401E606558
:10C9500004202075201DF9F7E9FE8046608E221D17
:10C960004146FDF795FC6086608E8100400041F2F3
:10C970001C12904202D9608E400001E041F21C106E
:10C98000814202D2608E80000AE0608E400041F257
:10C990001C11884202D9608E400001E041F21C1057
:10C9A000A4F8480000BFB4F86600002808DC00BF07
:10C9B00078A34FF45B72A3A18AA0F5F73FFD00BFF7
:10C9C00000BFB4F86600401EA4F86600256F95B954
:10C9D000E56E00BF5DB900BF6EA34FF45D7201E06C
:10C9E0008DE231E09DA17FA0F5F728FD00BF00BFDB
:10C9F0002868E06601E028682067284601F050FBBF
:10CA0000206F18B94FF0FF30208603E00020208609
:10CA100084F8420000BFD4F8840038B100222146D7
:10CA2000D4F8843020699847064600E0002600BF0D
:10CA300006F10D0010B96FF00C0031E700BF608BFC
:10CA400040F00200608323E07048007800F010009E
:10CA5000F0B17B4800680088794909684988844AB0
:10CA6000CDE9002102906B4800688249098842188C
:10CA70007F4B1B1D66480168204601F07DFA94F843
:10CA80004200062804DA00202086204601F028F91A
:10CA900036E25E48007800F01000002876D0606C26
:10CAA000401C5B490968081A71D45949206D09680E
:10CAB000081A00286BDC04202075A06F10B96FF0F5
:10CAC000050623E000BFA06F806978B900BF31A3DD
:10CAD0004FF46A7205E0FCE1BCE107E17CE117E19B
:10CAE00005E165A13FA0F5F7A9FC00BF00BF00BFAD
:10CAF000A06F806938B1A16F206900228B6921463F
:10CB00009847064601E06FF00F0600BF46B106F1F8
:10CB10000D0010B12046FDF799F86FF00C00BFE64C
:10CB2000204600F0A1FA5C48008820B15A480088ED
:10CB3000401E59490880608E8100400041F21C125D
:10CB4000904202D9608E400001E041F21C10814207
:10CB500002D2608E80000AE0608E400041F21C111B
:10CB6000884202D9608E400001E041F21C10A4F816
:10CB700048003148007800F0200048B100BF608BC9
:10CB800040F00200608300BF072087E09FE087E05D
:10CB9000ABE000002E2E5C4D6964646C65776172B9
:10CBA00065735C54686972645F50617274795C4C3F
:10CBB0007749505C7372635C636F72655C74637019
:10CBC0005F696E2E630000007463705F70726F6344
:10CBD0006573733A20696E76616C69642070636274
:10CBE00000000000417373657274696F6E20222526
:10CBF0007322206661696C6564206174206C696EC3
:10CC00006520256420696E2025730A00B800002085
:10CC1000B0000020AC0000207463705F696E707516
:10CC2000743A207063622D3E737461746520213DF7
:10CC300020434C4F53454400B900002080000020A1
:10CC40009C0000207063622D3E736E645F71756599
:10CC500075656C656E203E20300000006E6F20739D
:10CC600065676D656E7420746F206672656500007F
:10CC700038360020B60000207063622D3E6C697368
:10CC800074656E65722D3E61636365707420213D2D
:10CC9000204E554C4C000000B4000020207524E0CC
:10CCA000994800680188984800684088974ACDE90B
:10CCB0000020029196480068964909884218934BD3
:10CCC0001B1D95480168204601F056F90DE0934878
:10CCD000007800F0020040B1606A401E8C4909688B
:10CCE000884202D1204600F0F3FE09E100BF204651
:10CCF00000F0BAF98A48007800F0200038B100BF8F
:10CD0000608B40F00200608300BF07202075F7E0D1
:10CD1000204600F0A9F98248007800F02000E8B32E
:10CD20007E48007800F01000C8B37B49206D096888
:10CD3000884239D1E06E90BB00BF608B40F00200AA
:10CD4000608300BF2046FFF715FC00BF00BF754899
:10CD50000068A04205D173480068C0687149086046
:10CD60000DE07049086806E0C168A14202D1E1689F
:10CD7000C16002E0C0680028F6D100BF00BF0020FB
:10CD8000E06000BF01206849087000BF0A202075DC
:10CD900000BF66480068E060644801E00DE003E021
:10CDA000046001F099FF16E000BF608B40F00200C4
:10CDB000608300BF082020750DE05848007800F01F
:10CDC000100040B15449206D0968884203D1E06EDB
:10CDD00008B90620207593E0204600F045F9504838
:10CDE000007800F02000A0B300BF608B40F002008C
:10CDF000608300BF2046FFF7BDFB00BF00BF49486E
:10CE00000068A04205D147480068C06845490860ED
:10CE10000DE04449086806E0C168A14202D1E1681A
:10CE2000C16002E0C0680028F6D100BF00BF00204A
:10CE3000E06000BF01203C49087000BF0A20207557
:10CE400000BF3A480068E0603848046001F044FFE1
:10CE500000BF55E0204600F007F93048007800F0A8
:10CE60001000A8B32C49206D0968884230D1E06ECB
:10CE700070BB2046FFF77EFB00BF00BF294800685B
:10CE8000A04205D127480068C068264908600DE027
:10CE90002449086806E0C168A14202D1E168C16086
:10CEA00002E0C0680028F6D100BF00BF0020E060AB
:10CEB00000BF01201C49087000BF0A20207500BF78
:10CEC0001A480068E0601948046001F005FF00BFDF
:10CED00016E0204600F0C8F81048007800F0100076
:10CEE00060B10D49206D0968884207D1E06E28B90C
:10CEF0000B48007840F010000949087000E000BFBE
:10CF000000BF0020CCE400009C0000203836002048
:10CF1000AC000020B6000020B0000020B8000020C7
:10CF2000B90000208C000020940000209000002018
:10CF30002DE9F041044600BF002C0CD100BF2AA30C
:10CF400040F2096234A13EA0F5F778FA00BF6FF015
:10CF50000F00BDE8F08100BF606F477B666F002067
:10CF6000606700BFD4F8800040B1002332462146FC
:10CF7000D4F880C02069E047054606E00023324629
:10CF80002146184600F058FC054600BFFDB907F0E1
:10CF9000200030B3208D40F66831884202D0208DC9
:10CFA000401C208500BFD4F8800040B100231A4601
:10CFB0002146D4F880C02069E047054600E00025FE
:10CFC00000BF05F10D0060B96FF00C00C1E705F17D
:10CFD0000D0010B96FF00C00BBE766676FF004003E
:10CFE000B7E70020B5E700002E2E5C4D6964646C45
:10CFF0006577617265735C54686972645F506172D1
:10D0000074795C4C7749505C7372635C636F7265D2
:10D010005C7463702E6300007463705F70726F6382
:10D020006573735F726566757365645F646174616F
:10D030003A20696E76616C6964207063620000005A
:10D04000417373657274696F6E20222573222066A6
:10D0500061696C6564206174206C696E652025646B
:10D0600020696E2025730A002DE9F05F04464FF019
:10D07000000A00BF002C08D100BFE5A340F27B42AC
:10D08000F0A1F7A0F5F7DAF900BF00BF00BF207DDF
:10D09000042808DA00BFDEA340F27C42FAA1F0A027
:10D0A000F5F7CCF900BF00BFFE48007800F0100093
:10D0B000002870D0B4F86000A16D00EB0108FA49B7
:10D0C000606D0968401A15D4F749606D0968884297
:10D0D00004D1F649A06D0968401A0BD4F349A06D3C
:10D0E000096888421AD1F2480068C089B4F8601013
:10D0F000884213D9EE480068C08924F8600F608820
:10D1000034F86019884203DAB4F86000A4F86200C9
:10D11000E54800686065E5480068A065E349606C23
:10D120000968081A00284ADCE248008890BBB4F875
:10D130006010A06D084440453AD1B4F93000002891
:10D1400036DBDA49606C0968884231D14FF0010A58
:10D1500094F84300401CC0B294F84310884204DDA8
:10D1600094F84300401C84F8430094F843000328DB
:10D1700017DD00BFB4F84800618E084480B2B4F8EF
:10D180004810884208DBB4F84800618E0844A4F8CF
:10D19000480005E00CE02AE14FF6FF70A4F84800D3
:10D1A00000BF94F84300032802DB204600F012FD84
:10D1B000BAF1000F02D1002084F84300EBE0606C6C
:10D1C000401CBA490968081A7ED4B849206D09681C
:10D1D000081A002878DCA07E00F0040060B100BFCF
:10D1E000608B4FF6FB710840608300BF4834608855
:10D1F000208000206084483C00202434A077608B8D
:10D20000B4F9181000EBE10000B2A083208CA7490C
:10D210000988081A85B20020E077A44800682062D7
:10D2200014F8100C243C042865DBB4F84800B4F86A
:10D230004A10884227DA628B02F400620AB10122A6
:10D2400000E002221146628E4A4392B2AA4201DDF8
:10D250002A4602E0628E4A4392B2104600BFB4F8FA
:10D260004820024492B2B4F848309A4205DBB4F840
:10D2700048200244A4F8482003E04FF6FF72A4F8C7
:10D28000482000BF37E000BFB4F86A00284480B2ED
:10D29000B4F86A10884205DBB4F86A002844A4F8A0
:10D2A0006A0003E04FF6FF70A4F86A0000BFB4F80C
:10D2B0006A00B4F8481088421DDB4834608C21882D
:10D2C000401A6084483C00E062E000BFB4F84800C7
:10D2D000618E084480B2B4F84810884206DBB4F886
:10D2E0004800618E0844A4F8480003E04FF6FF7040
:10D2F000A4F8480000BF70A22046D4E91B31FDF716
:10D3000029FA20676EA22046D4E91B13FDF722FA02
:10D31000E066206F18B94FF0FF30208601E0002052
:10D32000208600202077E06E10B90020A4F8680065
:10D33000B4F86400644909880844A4F86400608B68
:10D3400000F4006018B3206F88B9E06E40B1E16E60
:10D35000C9684868F9F7C2FFE16C081A002816DCB2
:10D3600000BF608B4FF2FF71084060830FE0216FB8
:10D37000C9684868F9F7B2FFE16C081A002806DCB2
:10D3800000BF608B4FF2FF710840608300BF02E076
:10D39000204600F09FFE606B48B34449A06B0968CB
:10D3A000401A24D5A08E49490988081A06B2B4F952
:10D3B0003C00A6EBE00006B2A08F304400B2A0878C
:10D3C000002E01DA704206B2B4F93E00A6EBA000CE
:10D3D00006B2E08F304400B2E087E08FB4F93C1031
:10D3E00000EBE10000B2A4F8400000206063314887
:10D3F000008800286CDD207D072869DA2A48616AE8
:10D400000068401C081A7CD42748616A006860E004
:10D410002E2E5C4D6964646C6577617265735C5433
:10D42000686972645F50617274795C4C7749505CD2
:10D430007372635C636F72655C7463705F696E2E98
:10D44000630000007463705F726563656976653AB6
:10D4500020696E76616C6964207063620000000070
:10D46000417373657274696F6E2022257322206682
:10D4700061696C6564206174206C696E6520256447
:10D4800020696E2025730A007463705F726563659E
:10D490006976653A2077726F6E6720737461746580
:10D4A00000000000B8000020AC000020B000002008
:10D4B0009C000020B6000020756E61636B656400FF
:10D4C000756E73656E740000B4000020800000204B
:10D4D0004DE1B24A12881044401E081A00285FDC51
:10D4E000AF484768AF49606A0968A0EB010900BF0F
:10D4F000AB48406860B900BFAFF2EC0340F2945211
:10D5000000E04DE0A8A1AFF2A800F4F797FF00BF3C
:10D5100000BF00BF4FF6FF7081450AD300BFAFF2D6
:10D52000101340F29552A4A1AFF2CC00F4F786FF9D
:10D5300000BF00BF1FFA89F500BF99484068008905
:10D54000A8420ADA00BFAFF2381340F297529EA108
:10D55000AFF2F400F4F772FF00BF00BF90480089FB
:10D56000401B8F490881084640680089401B1FFA0C
:10D5700080FB07E07889281A85B2A7F808B0002058
:10D5800078813F687889A842F4DB29463846FBF762
:10D59000BFFF8449606A08608149C96848600AE041
:10D5A0008049606A0968081A05D500BF608B40F0A1
:10D5B0000200608300BF7B49606A0968081A7DD455
:10D5C000218D606A0844401E76490968081A0028BF
:10D5D00074DC7449606A0968884270D17049C9680E
:10D5E0008889F9F788FE00F0030008B1012000E007
:10D5F00000206B490989084468490880208D098802
:10D60000884256DA6649C9688889F9F774FE00F0DD
:10D61000010098B16249C9688889F9F76CFE00F089
:10D620003E052846F9F767FE5D49C96889894CF2CD
:10D63000FF02114008435A49C9688881208D584922
:10D640000881C9688889F9F756FE00F0020020B108
:10D6500053480089401E52490881514A1189506837
:10D66000FBF754FE4E49C9688889F9F744FE00F07B
:10D67000030008B1012000E000204949098908445D
:10D680004649088000BF218D606A01444548006812
:10D69000424A1288104481420AD000BFAFF2902360
:10D6A00040F2CB524CA1AFF24820F4F7C7FE00BFC6
:10D6B00000BF3C4800683949098801E053E04EE06A
:10D6C0000844606200BF208D3449098888420ADA24
:10D6D00000BFAFF2C42340F207624DA1AFF2802039
:10D6E000F4F7ACFE00BF00BF208D2C490988401A1A
:10D6F0002085204601F0CAFB29484068008900289F
:10D7000006DD274840684A490860002024494860EF
:10D710002349C9688889F9F7EEFD00F0010028B1B6
:10D720004448007840F020004249087000BFA07EC5
:10D7300000F0010060B100BF608B4FF6FE71084041
:10D74000608300BF00BF608B40F00200608305E093
:10D7500000BF608B40F00100608300BF1BE02046EB
:10D7600000F0B8FC17E0204600F0B4FC13E00D49CF
:10D77000606A0968081A08D4218D606A0844401E4E
:10D7800008490968081A002805DD00BF608B40F0D1
:10D790000200608300BFBDE8F09F0000B6000020DB
:10D7A000F4790020AC000020696E7365672E70204C
:10D7B000213D204E554C4C00696E73616E65206FA3
:10D7C00066667365742100007062756620746F6F01
:10D7D0002073686F727421007463705F7265636593
:10D7E0006976653A207365676D656E74206E6F7437
:10D7F000207472696D6D656420636F727265637405
:10D800006C7920746F207263765F776E640A000013
:10D810007463705F726563656976653A20746370DE
:10D820006C656E203E207263765F776E640A00003E
:10D83000BC000020B90000202DE9F04107460D464C
:10D8400014461E4600BF002D0CD100BF0EA34FF49E
:10D85000D36219A11FA0F4F7F1FD00BF6FF00F0014
:10D86000BDE8F08100BF3CB12189284600F046F8B0
:10D870002046FBF73FFC04E01EB92846FCF74CFAB3
:10D88000EEE70020ECE700002E2E5C4D6964646C2E
:10D890006577617265735C54686972645F50617228
:10D8A00074795C4C7749505C7372635C636F72652A
:10D8B0005C7463702E6300007463705F72656376DE
:10D8C0005F6E756C6C3A20696E76616C696420706D
:10D8D00063620000417373657274696F6E20222564
:10D8E0007322206661696C6564206174206C696EC6
:10D8F0006520256420696E2025730A002DE9F0411A
:10D9000004460F4600BF002C0AD100BF1DA340F201
:10D91000CF3228A12DA0F4F791FD00BFBDE8F08122
:10D9200000BF00BF207D012808D100BF15A340F231
:10D93000D23230A125A0F4F781FD00BF00BF208DB9
:10D94000384485B240F66830854202DC208DA8421A
:10D9500003DD40F66830208500E02585204601F093
:10D9600095FA064640F2DA20864208D300BF608B63
:10D9700040F00200608300BF2046FEF721F800BFA0
:10D98000CCE700002E2E5C4D6964646C6577617293
:10D9900065735C54686972645F50617274795C4C41
:10D9A0007749505C7372635C636F72655C7463701B
:10D9B0002E6300007463705F7265637665643A205D
:10D9C000696E76616C69642070636200417373658F
:10D9D0007274696F6E2022257322206661696C65FE
:10D9E00064206174206C696E6520256420696E2056
:10D9F00025730A00646F6E27742063616C6C207459
:10DA000063705F72656376656420666F72206C690F
:10DA10007374656E2D7063627300000070B5064606
:10DA20000D4600BF002D07D100BF09A3FF2214A19E
:10DA30001DA0F4F703FD00BF00BF344605E0A06F52
:10DA4000A84201D10020A067E468002CF7D170BD86
:10DA50002E2E5C4D6964646C6577617265735C54ED
:10DA6000686972645F50617274795C4C7749505C8C
:10DA70007372635C636F72655C7463702E63000025
:10DA80007463705F72656D6F76655F6C69737465E2
:10DA90006E65723A20696E76616C6964206C697398
:10DAA00074656E6572000000417373657274696F0E
:10DAB0006E2022257322206661696C656420617482
:10DAC000206C696E6520256420696E2025730A002C
:10DAD0002DE9F041044600BF002C08D100BF20A36F
:10DAE00040F2C1622BA131A0F4F7A8FC00BF00BF37
:10DAF000206F18B96FF00500BDE8F081256F28464A
:10DB0000FEF746FC10B16FF00500F5E728682067C6
:10DB100004F16C0600E03668306858B13168C968B5
:10DB20004868F9F7DBFB0746E9684868F9F7D6FB70
:10DB3000381AF0D4306828603560286810B90020A1
:10DB4000A4F8680094F84200FF2804DA94F8420030
:10DB5000401C84F842000020606300BFCCE7000056
:10DB60002E2E5C4D6964646C6577617265735C54DC
:10DB7000686972645F50617274795C4C7749505C7B
:10DB80007372635C636F72655C7463705F6F7574EE
:10DB90002E6300007463705F7265786D69743A205B
:10DBA000696E76616C6964207063620041737365AD
:10DBB0007274696F6E2022257322206661696C651C
:10DBC00064206174206C696E6520256420696E2074
:10DBD00025730A0010B5044600BF002C08D100BF11
:10DBE00020A340F2F9622CA133A0F4F727FC00BF78
:10DBF00000BF206FA0B3A07E00F0040080BB2046D1
:10DC0000FFF766FF60BBB4F84810B4F8602091429B
:10DC100002DAB4F8481001E0B4F86010084601EBED
:10DC2000D071C1F34F01A4F84A10B4F84A00618ED4
:10DC30004900884204D2608E4004000CA4F84A00D7
:10DC4000B4F84A00618E032202FB0100A4F84800E8
:10DC500000BF608B40F00400608300BF002020867E
:10DC600010BD00002E2E5C4D6964646C6577617296
:10DC700065735C54686972645F50617274795C4C5E
:10DC80007749505C7372635C636F72655C74637038
:10DC90005F6F75742E6300007463705F7265786DDA
:10DCA00069745F666173743A20696E76616C696449
:10DCB0002070636200000000417373657274696FC5
:10DCC0006E2022257322206661696C656420617470
:10DCD000206C696E6520256420696E2025730A001A
:10DCE00010B5044600BF002C08D100BF08A340F2C5
:10DCF000AD6214A11AA0F4F7A1FB00BF00BF20463B
:10DD000000F09EF810B9204600F03EF810BD00006B
:10DD10002E2E5C4D6964646C6577617265735C542A
:10DD2000686972645F50617274795C4C7749505CC9
:10DD30007372635C636F72655C7463705F6F75743C
:10DD40002E6300007463705F7265786D69745F7232
:10DD5000746F3A20696E76616C696420706362004A
:10DD6000417373657274696F6E2022257322206679
:10DD700061696C6564206174206C696E652025643E
:10DD800020696E2025730A0010B5044600BF002CE0
:10DD900008D100BF0AA34FF4D36216A11EA0F4F766
:10DDA0004DFB00BF00BF94F84200FF2804DA94F84E
:10DDB0004200401C84F842002046FDF701FE10BDE1
:10DDC0002E2E5C4D6964646C6577617265735C547A
:10DDD000686972645F50617274795C4C7749505C19
:10DDE0007372635C636F72655C7463705F6F75748C
:10DDF0002E6300007463705F7265786D69745F7282
:10DE0000746F5F636F6D6D69743A20696E76616CD3
:10DE10006964207063620000417373657274696F96
:10DE20006E2022257322206661696C65642061740E
:10DE3000206C696E6520256420696E2025730A00B8
:10DE400070B5044600BF002C08D100BF22A340F2E9
:10DE500063622EA136A0F4F7F1FA00BF00BF206F75
:10DE600010B96FF0050070BD256F07E02846FEF77A
:10DE70008FFA10B16FF00500F5E72D6828680028CB
:10DE8000F4D12846FEF784FA10B16FF00500EAE7F6
:10DE9000E06E2860206FE0660020206700BF608B86
:10DEA00040F40060608300BFE9684868F9F716FA3B
:10DEB0000646E9688889F9F71EFA00F0030008B100
:10DEC000012000E00020298908443044E06400205B
:10DED000606300BFC7E700002E2E5C4D6964646C70
:10DEE0006577617265735C54686972645F506172D2
:10DEF00074795C4C7749505C7372635C636F7265D4
:10DF00005C7463705F6F75742E6300007463705F80
:10DF10007265786D69745F72746F5F70726570613D
:10DF200072653A20696E76616C6964207063620084
:10DF3000417373657274696F6E20222573222066A7
:10DF400061696C6564206174206C696E652025646C
:10DF500020696E2025730A0070B504460E461546EA
:10DF60002CB1207A18B1207AFAF74EF970BD284604
:10DF7000F8F7DCFBFAE700002DE9F04F85B08346A7
:10DF80000F4690461D46DDF8389000BF002D08D1A1
:10DF900000BF1EA340F2C47229A130A0F4F74EFACC
:10DFA00000BF00BF00BFB9F1000F08D100BF17A329
:10DFB00040F2C57233A129A0F4F740FA00BF00BFB8
:10DFC000002646F60B0A3846F9F788F91422049021
:10DFD000DDE90F018DE80704002231464046049B2D
:10DFE000FDF70EFF044614B905B0BDE8F08F3346C7
:10DFF000002221465846FEF713F84B462A46214692
:10E000005846FDF78FFF00BFEEE700002E2E5C4D57
:10E010006964646C6577617265735C546869726485
:10E020005F50617274795C4C7749505C7372635CC9
:10E03000636F72655C7463705F6F75742E6300004C
:10E040007463705F7273743A20696E76616C696490
:10E05000206C6F63616C5F697000000041737365D1
:10E060007274696F6E2022257322206661696C6567
:10E0700064206174206C696E6520256420696E20BF
:10E0800025730A007463705F7273743A20696E7648
:10E09000616C69642072656D6F74655F6970000002
:10E0A00010B5044644B1606810B16068FBF722F80F
:10E0B00021460320F9F77AFD10BD70B5044605E04E
:10E0C00025682046FFF7ECFF2C4600BF002CF7D157
:10E0D00070BD00002DE9F04704460025A94600BFA9
:10E0E000002C08D100BF2CA340F2EA7237A13FA058
:10E0F000F4F7A4F900BF00BF05F0010008B1042047
:10E1000000E0002005F0020109B1002100E000213B
:10E11000084405F0080109B1002100E0002108448D
:10E1200005F0100109B1002100E0002100EB010819
:10E13000206DF9F7D3F88246534600224146204627
:10E14000FDF7F0FD06464EB900BF608B40F00300BE
:10E15000608300BF6FF00100BDE8F0874B462A46A0
:10E1600031462046FDF75CFF231D224631462046FE
:10E17000FDF7D8FE07462FB100BF608B40F00300CB
:10E18000608306E000BF608B4FF6FC71084060833F
:10E1900000BF3846E0E700002E2E5C4D6964646CD9
:10E1A0006577617265735C54686972645F5061720F
:10E1B00074795C4C7749505C7372635C636F726511
:10E1C0005C7463705F6F75742E6300007463705FBE
:10E1D00073656E645F656D7074795F61636B3A201F
:10E1E000696E76616C696420706362004173736567
:10E1F0007274696F6E2022257322206661696C65D6
:10E2000064206174206C696E6520256420696E202D
:10E2100025730A0070B5044600BF002C08D100BF6A
:10E2200016A340F2EB3222A128A0F4F707F900BFB1
:10E2300000BFE06EE8B1E56E00E02D6828680028B8
:10E24000FBD1E9688889F9F756F800F0070078B93A
:10E250000120F9F750F8E96889890843E96888815D
:10E2600000BF608B40F02000608300BF002070BDC5
:10E2700000BF01212046FCF775F8F8E72E2E5C4D13
:10E280006964646C6577617265735C546869726413
:10E290005F50617274795C4C7749505C7372635C57
:10E2A000636F72655C7463705F6F75742E630000DA
:10E2B0007463705F73656E645F66696E3A20696E41
:10E2C00076616C696420706362000000417373655D
:10E2D0007274696F6E2022257322206661696C65F5
:10E2E00064206174206C696E6520256420696E204D
:10E2F00025730A002DE9F04F85B04FF00009E94879
:10E300000068401CE7490860E7480078401CE6497F
:10E31000087000BF0025E5480468D4E200BF207DF6
:10E32000002808D100BFE2A340F2BE42ECA1F7A052
:10E33000F4F784F800BF00BF00BF207D012808D19A
:10E3400000BFDBA340F2BF42FAA1F0A0F4F776F8D9
:10E3500000BF00BF00BF207D0A2808D100BFD4A3A2
:10E360004FF49862FEA1E9A0F4F768F800BF00BF7F
:10E37000A07FCD490978884202D12546E468A2E20F
:10E38000C9480078A0770026B046207D022806D133
:10E3900094F84200062802DB701CC6B2D1E094F863
:10E3A00042000C2802DB701CC6B2CAE094F895004B
:10E3B00000285DDD00BF206F002808D000BFBCA38F
:10E3C00040F2D442F2A1D1A0F4F738F800BF00BF68
:10E3D00000BFE06E002808D100BFB5A340F2D542CF
:10E3E000F8A1CAA0F4F72AF800BF00BF94F896007D
:10E3F0000C2802DB701CC6B2A3E094F89500401E06
:10E40000FE490F5C94F89400B84204DA94F8940042
:10E41000401C84F8940094F89400B84227DB4FF035
:10E42000010AB4F8600030B9204600F0BBFD70B1BD
:10E430004FF0000A0BE0B4F86010204600F0E4FA58
:10E4400028B92046FDF7BCFA08B94FF0000ABAF126
:10E45000000F0BD0002084F8940094F89500072852
:10E4600004D294F89500401C84F8950000BF68E041
:10E47000B4F93000002809DBB4F9300047F6FF7129
:10E48000884203DA208E401C00B22086B4F93000A6
:10E49000B4F94010884254DB2046FFF7D1FC18B194
:10E4A000206F70BBE06E60B3207D02281ED094F810
:10E4B00042200C2A02D294F8422000E00C2211469D
:10E4C000B4F93E20B4F93C3002EBE302CC4B5B5C88
:10E4D00002FA03F047F6FF72904201DA024601E0C9
:10E4E00047F6FF7212B2A4F8402000BF0020208639
:10E4F000B4F84800B4F86010884203DAB4F8480071
:10E5000002E01EE0B4F86000049004984010A4F803
:10E510004A00B4F84A00618E4FF6FF7202EA4101E8
:10E52000884205DA608E114601EA4000A4F84A00EC
:10E53000608EA4F848000020A4F86A002046FFF787
:10E5400023FC207D06280BD1A07E00F0100038B1FE
:10E550005449206A0968081A282801D9701CC6B2D3
:10E56000607A00F00800D0B3207D042802D0207D1E
:10E57000072834D1A349D4F8900008444FF4FA7125
:10E58000B0FBF1F0474A216A1268511A884206D25C
:10E59000701CC6B208F1010000F0FF081FE094F8FB
:10E5A000971042F29F4211FB02F1D4F8900000EB69
:10E5B000C1004FF4FA71B0FBF1F03A4A216A1268D7
:10E5C000511A88420BD22046FCF788FE8146B9F1E9
:10E5D000000F04D194F89700401C84F89700207D28
:10E5E000032807D12F49206A0968081A282801D969
:10E5F000701CC6B2207D092807D12A49206A096803
:10E60000081AF02801D9701CC6B2002E48D0D4F8E0
:10E610008CA02046FDF7AEFF8DB100BF23480068F7
:10E62000844208D100BF22A340F26D5276A137A0E8
:10E63000F3F704FF00BF00BFE068E86011E000BF2F
:10E640001A480068A04208D000BF19A340F27152D6
:10E6500078A12EA0F3F7F2FE00BF00BF1349E068D7
:10E660000860B8F1000F0BD0208BE18A221DCDE9A4
:10E670000021029023462046626A216DFFF77CFC50
:10E68000D4F810B0207D03902746E4683846FCF7A4
:10E6900017F800207249087000BFBAF1000FE1E0DE
:10E6A000EBE0000080000020960000208C0000209D
:10E6B0002E2E5C4D6964646C6577617265735C5481
:10E6C000686972645F50617274795C4C7749505C20
:10E6D0007372635C636F72655C7463702E630000B9
:10E6E0007463705F736C6F77746D723A20616374DA
:10E6F000697665207063622D3E73746174652021B4
:10E700003D20434C4F5345440A000000417373655C
:10E710007274696F6E2022257322206661696C65B0
:10E7200064206174206C696E6520256420696E2008
:10E7300025730A007463705F736C6F77746D723A3F
:10E7400020616374697665207063622D3E73746125
:10E75000746520213D204C495354454E0A00000069
:10E760007463705F736C6F77746D723A2061637459
:10E77000697665207063622D3E7374617465202133
:10E780003D2054494D452D574149540A0000000091
:10E790007463705F736C6F7774696D723A20706523
:10E7A0007273697374207469636B696E672077692B
:10E7B000746820696E2D666C696768742064617482
:10E7C000610000007463705F736C6F7774696D72C1
:10E7D0003A2070657273697374207469636B696E33
:10E7E00067207769746820656D7074792073656E31
:10E7F000642062756666657200000000A1FE000874
:10E8000094FE0008B84C0A007463705F736C6F77F5
:10E81000746D723A206D6964646C65207463702055
:10E82000213D207463705F6163746976655F706316
:10E83000627300007463705F736C6F77746D723A0B
:10E8400020666972737420706362203D3D2074639A
:10E85000705F6163746976655F7063627300000066
:10E860009400002003D06FF00C015846D04700BF41
:10E870004248007800B14DE524E02546E468287F51
:10E88000401C2877287F697F88421BDB002028777F
:10E890003A49087000BFD5F8880030B12946D5F84C
:10E8A000882028699047814601E04FF0000900BFA9
:10E8B0003248007800B12DE5B9F1000F02D12846A9
:10E8C000FDF77EF800BF002C7FF428AD00252C4812
:10E8D00004684EE000BF207D0A280AD000BFAFF2D6
:10E8E000302340F2A15227A1AFF2E010F3F7A6FDCA
:10E8F00000BF00BF00262F49206A0968081AF028C7
:10E9000001D9701CC6B2002E31D02046FDF732FE70
:10E910009DB100BF1A48006884420AD100BFAFF21F
:10E92000702340F2AF5224A1AFF22020F3F786FD0E
:10E9300000BF00BFE068E86013E000BF1048006857
:10E94000A0420AD000BFAFF2982340F2B35224A1F4
:10E95000AFF24820F3F772FD00BF00BF0849E0683E
:10E9600008602746E4683846FBF7AAFE01E0254622
:10E97000E468002CAED105B0BDE8F08F9400002013
:10E98000900000207463705F736C6F77746D723ADF
:10E990002054494D452D57414954207063622D3E06
:10E9A0007374617465203D3D2054494D452D574198
:10E9B00049540000800000207463705F736C6F77AF
:10E9C000746D723A206D6964646C652074637020A4
:10E9D000213D207463705F74775F70636273000021
:10E9E0007463705F736C6F77746D723A20666972CE
:10E9F000737420706362203D3D207463705F747790
:10EA00005F706362730000002DE9F04F85B005462A
:10EA10000E4600270024A34600BF002D08D100BFEA
:10EA200079A340F24B3285A18DA0F3F707FD00BF1B
:10EA300000BFEC6E24B94FF0FF3005B0BDE8F08F99
:10EA4000002E0CD100BF00BF6FA340F253328EA145
:10EA500083A0F3F7F3FC00BF00BFB01FEDE72089F0
:10EA6000B04201DC0020E8E700BF688EB04208DA5F
:10EA700000BF65A340F25B328CA179A0F3F7DEFC06
:10EA800000BF00BF00BF2089002808DC00BF5EA3D4
:10EA90004FF4577289A172A0F3F7D0FC00BF00BFFA
:10EAA00094F80A8008F0010008B1042000E000207A
:10EAB00008F0020109B1002100E00021084408F03B
:10EAC000080109B1002100E00021084408F010010C
:10EAD00009B1002100E00021084404902089801B36
:10EAE0001FFA80FA0498504481B24FF42072362005
:10EAF000F9F762FE8346BBF1000F00D16EE060685B
:10EB000000892189401A304480B20290DBF8043039
:10EB1000049A991860685246029BFAF74BFA5045DE
:10EB200000D05BE0E1688889F8F7E5FB00F03F0979
:10EB30000020039009F0080028B129F00809039883
:10EB400040F00800039009F0010028B129F0010904
:10EB5000039840F001000390E1684868F8F7BEFBB5
:10EB600030440346CDE9008059462846039AFBF716
:10EB7000A5FA074607B931E06068FAF7A6F835F854
:10EB8000661F081A288062681289A2EB0A0291B2F5
:10EB90006068FAF7BBFB2089A0EB0A002081484699
:10EBA000F8F7A9FBE16889890843E1688881606812
:10EBB000FAF78BF82988084428807868FAF785F8EE
:10EBC0002988084425F86609206838602760386875
:10EBD00010B90020A5F8680000202EE700BF47B15B
:10EBE00000BF09A34FF4767238A11DA0F3F726FCED
:10EBF00000BF00BFBBF1000F02D05846FAF77AFA07
:10EC00004FF0FF3019E700002E2E5C4D6964646CF4
:10EC10006577617265735C54686972645F50617294
:10EC200074795C4C7749505C7372635C636F726596
:10EC30005C7463705F6F75742E6300007463705F43
:10EC400073706C69745F756E73656E745F736567FE
:10EC50003A20696E76616C6964207063620000001E
:10EC6000417373657274696F6E202225732220666A
:10EC700061696C6564206174206C696E652025642F
:10EC800020696E2025730A0043616E27742073701B
:10EC90006C6974207365676D656E7420696E746F3E
:10ECA000206C656E677468203000000073706C69BA
:10ECB00074203C3D206D7373000000007573656720
:10ECC0002D3E6C656E203E2030000000736567208D
:10ECD0003D3D204E554C4C0010B50948006868B9C0
:10ECE0000848006810B90848006838B10120044994
:10ECF000086000220549FA20FAF7A6FD10BD0000C1
:10ED0000CC0000208C0000209000002015F10008AD
:10ED10003EB504462948007800F0040000B13EBD2D
:10ED200000BF002C08D100BF25A340F2EE2231A184
:10ED300038A0F3F783FB00BF00BF2048007800F045
:10ED4000020018B33D49606A0968081A26D4218D6B
:10ED5000606A084439490968081A00281EDC3848E6
:10ED600000680088364909684988364ACDE900219B
:10ED7000029032480068344909884218314B1B1D03
:10ED8000324801682046FFF7F7F8C8E70B480078DB
:10ED900000F0010010B12E48006820622A48008867
:10EDA000002808DD00BF608B40F00200608300BFD8
:10EDB0002046FCF705FE00BFB1E70000B8000020C8
:10EDC0002E2E5C4D6964646C6577617265735C546A
:10EDD000686972645F50617274795C4C7749505C09
:10EDE0007372635C636F72655C7463705F696E2ECF
:10EDF000630000007463705F74696D6577616974A6
:10EE00005F696E7075743A20696E76616C69642012
:10EE100070636200417373657274696F6E2022259E
:10EE20007322206661696C6564206174206C696E70
:10EE30006520256420696E2025730A00AC0000203F
:10EE40009C00002038360020B6000020B0000020D2
:10EE50008000002010B5FBF7E5FB06480078401C59
:10EE6000C0B20449087000F0010008B1FFF742FA8F
:10EE700010BD0000950000200348007840F010000D
:10EE80000149087070470000B900002070B50446C1
:10EE900000BF002C08D100BF1CA340F2A63227A15E
:10EEA0002FA0F3F7CBFA00BF00BF218D606A451891
:10EEB000608E40F2B452E16A904201DD104600E0FB
:10EEC000608E0844281A04D4208D6085E06A281AD0
:10EED00070BDE16A606A401A002802DD002060858A
:10EEE00012E0616AE06A461A00BFB6F5803F08D3B7
:10EEF00000BF06A340F2B63223A119A0F3F79EFA91
:10EF000000BF00BF668500BF0020E1E72E2E5C4DEC
:10EF10006964646C6577617265735C546869726476
:10EF20005F50617274795C4C7749505C7372635CBA
:10EF3000636F72655C7463702E6300007463705F4E
:10EF40007570646174655F7263765F616E6E5F7722
:10EF50006E643A20696E76616C6964207063620049
:10EF6000417373657274696F6E2022257322206667
:10EF700061696C6564206174206C696E652025642C
:10EF800020696E2025730A006E65775F7263765F75
:10EF9000616E6E5F776E64203C3D203078666666F9
:10EFA000660000002DE9FC5F04464FF0000A00BF38
:10EFB000002C08D100BF37A340F64F0242A14BA05E
:10EFC000F3F73CFA00BF00BFE56E15B90020BDE8BD
:10EFD000FC9F94F89600FF2804DA94F89600401CF1
:10EFE00084F89600E9688889F8F785F900F001004F
:10EFF00018B1288908B9012000E000208146B9F144
:10F00000000F01D1012000E000208346E86843683A
:10F010005A4651462046FCF785FE064616B94FF083
:10F02000FF30D4E77768B9F1000F09D01120F8F765
:10F0300062F9B9894CF2FF0211400843B8810DE032
:10F04000706814300090696809892A89891A8BB21E
:10F05000012268680099F9F7ADFF00BFE9684868C8
:10F06000F8F73CF900F10108206DB0EB080001D57C
:10F07000C4F850805346002231462046FCF7D0FFAA
:10F08000231D224631462046FCF74CFF0190019893
:10F090009DE700002E2E5C4D6964646C657761729B
:10F0A00065735C54686972645F50617274795C4C1A
:10F0B0007749505C7372635C636F72655C746370F4
:10F0C0005F6F75742E6300007463705F7A65726F92
:10F0D0005F77696E646F775F70726F62653A2069FF
:10F0E0006E76616C696420706362000041737365C1
:10F0F0007274696F6E2022257322206661696C65C7
:10F1000064206174206C696E6520256420696E201E
:10F1100025730A0010B50446FFF79CFE07480068F7
:10F1200010B90748006828B100220649FA20FAF70A
:10F130008BFB02E000200449086010BD8C00002019
:10F140009000002015F10008CC0000202DE9F041CE
:10F1500005460E46174606B9274E00BF002D0CD1B6
:10F1600000BF26A340F2B73230A136A0F3F766F90C
:10F1700000BF6FF00F00BDE8F08100BF4FF0000846
:10F180003A48046805E0A54202D14FF0010802E0C8
:10F19000E468002CF7D100BF37B900F0F7FA074652
:10F1A000D7B96FF00700E6E73048046812E0A542DF
:10F1B0000FD0608AB8420CD120683168884205D0EF
:10F1C00026B1306810B10CB1206810B96FF007009B
:10F1D000D1E7E468002CEAD10EB9002000E03068E5
:10F1E00028606F82B8F1000F04D120480068E86001
:10F1F0001E4805600020BEE7C4FD00082E2E5C4DB1
:10F200006964646C6577617265735C546869726483
:10F210005F50617274795C4C7749505C7372635CC7
:10F22000636F72655C7564702E6300007564705F57
:10F2300062696E643A20696E76616C6964207063FD
:10F2400062000000417373657274696F6E2022253D
:10F250007322206661696C6564206174206C696E3C
:10F260006520256420696E2025730A00D4000020E3
:10F270002DE9F04104460D46174600BF002C0CD185
:10F2800000BF23A340F235422DA134A0F3F7D6F8F6
:10F2900000BF6FF00F00BDE8F08100BF00BF002D80
:10F2A0000BD100BF1AA340F2364236A12BA0F3F7D0
:10F2B000C5F800BF6FF00F00EDE700BF608A58B9D6
:10F2C000628A21462046FFF741FF8046B8F1000FD1
:10F2D00001D04046DFE700BF0DB9002000E02868FC
:10F2E0006060A782207C40F0040020742C480668EF
:10F2F00004E0B44201D10020CDE7F668002EF8D139
:10F3000027480068E060264804600020C3E700004A
:10F310002E2E5C4D6964646C6577617265735C5414
:10F32000686972645F50617274795C4C7749505CB3
:10F330007372635C636F72655C7564702E6300004A
:10F340007564705F636F6E6E6563743A20696E7684
:10F35000616C696420706362000000004173736532
:10F360007274696F6E2022257322206661696C6554
:10F3700064206174206C696E6520256420696E20AC
:10F3800025730A007564705F636F6E6E6563743A0F
:10F3900020696E76616C69642069706164647200D2
:10F3A000D400002010B5F0F73DFFC0F30D0000F5CC
:10F3B00040400149088010BDD00000202DE9FE4FDB
:10F3C00005460E460020019000BF002D07D100BF6A
:10F3D00061A3CF226CA172A0F3F730F800BF00BF89
:10F3E00000BF002E07D100BF5BA3D02276A16CA086
:10F3F000F3F724F800BF00BF6889082803DA28461D
:10F40000F9F778FEA6E0D5F804A0764A11685069AD
:10F41000F6F798FC8146BAF80000F7F76CFF8346D0
:10F42000BAF80200F7F767FF029000240027A04611
:10F430006D48046838E0618A0298814232D14A46B8
:10F440003146204600F0E0F860B3207C00F0040074
:10F45000A8B9B8F1000F01D1A04610E0B9F1000F32
:10F460000DD060484069401C48B9D8F80000716868
:10F47000884204D020687168884200D1A046A08AE2
:10F4800058450FD1606820B15649606809698842C3
:10F4900008D137B1E068F86053480068E06052482E
:10F4A000046003E02746E468002CC4D100BF04B91F
:10F4B000444614B10120019008E04A497068496946
:10F4C000884201D1012000E000200190019800282D
:10F4D0003CD008212846FAF71BF870B100BF00BFE6
:10F4E0001DA34FF4B87241A12DA0F2F7A7FF00BFF2
:10F4F00000BF2846F9F7FEFD2CE07CB1A06948B1B9
:10F50000CDF800B0374B10332A462146D4E906C067
:10F51000E0471EE02846F9F7EDFD1BE0B9F1000FCA
:10F5200010D13048007D00F0F000E0280AD02D48CE
:10F530008089083001B22846F9F7BEFE032128462B
:10F54000F6F7F4F92846F9F7D5FD02E02846F9F771
:10F55000D1FD00BFBDE8FE8F2E2E5C4D6964646C4A
:10F560006577617265735C54686972645F5061723B
:10F5700074795C4C7749505C7372635C636F72653D
:10F580005C7564702E6300007564705F696E7075E1
:10F59000743A20696E76616C6964207062756600E9
:10F5A000417373657274696F6E2022257322206621
:10F5B00061696C6564206174206C696E65202564E6
:10F5C00020696E2025730A007564705F696E70751E
:10F5D000743A20696E76616C6964206E6574696640
:10F5E0000000000028360020D400002070627566FC
:10F5F0005F72656D6F76655F6865616465722066D0
:10F6000061696C65640A000070B504460D461646D3
:10F6100000BF002C07D100BF1FA387222AA133A05F
:10F62000F2F70CFF00BF00BF00BF002D07D100BFE5
:10F6300019A3882237A12DA0F2F700FF00BF00BF59
:10F64000207A50B1217A3D48406890F83400401C3F
:10F65000C0B2814201D0002070BD8EB174B120686B
:10F6600060B136484069401C40B12068A968084034
:10F6700032494969AA68114088420BD10120EBE761
:10F6800034B1206820B12D4920684969884201D1F0
:10F690000120E1E70020DFE72E2E5C4D6964646CF9
:10F6A0006577617265735C54686972645F506172FA
:10F6B00074795C4C7749505C7372635C636F7265FC
:10F6C0005C7564702E6300007564705F696E7075A0
:10F6D000745F6C6F63616C5F6D617463683A20691D
:10F6E0006E76616C696420706362000041737365BB
:10F6F0007274696F6E2022257322206661696C65C1
:10F7000064206174206C696E6520256420696E2018
:10F7100025730A007564705F696E7075745F6C6F35
:10F7200063616C5F6D617463683A20696E76616CC9
:10F730006964206E65746966000000002836002048
:10F7400010B5024682B1136873B169B10B685BB141
:10F75000064B186806E003681468A34201D10B68E1
:10F760000360C0680028F6D110BD0000D40000205E
:10F7700010B50020F8F7E8FA04462CB12021204605
:10F78000F0F789FDFF20E072204610BD10B5002281
:10F7900000BF124803880088401C104C20804FF6A0
:10F7A000FF70834203D14FF44040234618800C4839
:10F7B00001680EE0488A094B1B88984208D1501C0A
:10F7C00080B20246B0F5804F01DB002010BDE0E7BB
:10F7D000C9680029EED101480088F7E7D000002071
:10F7E000D400002070B504460E46154600BF002C1C
:10F7F00009D100BF06A340F28A4211A116A0F2F778
:10F800001DFE00BF70BD00BFA661E56100BFF9E746
:10F810002E2E5C4D6964646C6577617265735C540F
:10F82000686972645F50617274795C4C7749505CAE
:10F830007372635C636F72655C7564702E63000045
:10F840007564705F726563763A20696E76616C6983
:10F850006420706362000000417373657274696FA5
:10F860006E2022257322206661696C6564206174B4
:10F87000206C696E6520256420696E2025730A005E
:10F8800070B5054600BF002D09D100BF14A340F29A
:10F89000A1421FA124A0F2F7D1FD00BF70BD00BF9F
:10F8A0002B480068A84205D129480068C06828494B
:10F8B00008600EE02648046808E0E06828B1E068C7
:10F8C000A84202D1E868E06002E0E468002CF4D1CC
:10F8D00000BF29460020F8F769F900BFDEE7000005
:10F8E0002E2E5C4D6964646C6577617265735C543F
:10F8F000686972645F50617274795C4C7749505CDE
:10F900007372635C636F72655C7564702E63000074
:10F910007564705F72656D6F76653A20696E7661A9
:10F920006C69642070636200417373657274696FFF
:10F930006E2022257322206661696C6564206174E3
:10F94000206C696E6520256420696E2025730A008D
:10F95000D40000202DE9FC4704460F469046994606
:10F960000A9D00BF002C0CD100BF2CA34FF42072C5
:10F9700036A13DA0F2F762FD00BF6FF00F00BDE8B9
:10F98000FC8700BF00BF002F0BD100BF23A340F2B4
:10F9900081223FA134A0F2F751FD00BF6FF00F00AC
:10F9A000EDE700BF00BFB8F1000F0BD100BF1BA3F4
:10F9B00040F282223DA12CA0F2F740FD00BF6FF083
:10F9C0000F00DCE700BF00BF002D0BD100BF13A369
:10F9D00040F283223DA124A0F2F730FD00BF6FF07A
:10F9E0000F00CCE700BF34B1206820B1207800F0D0
:10F9F000F000E02801D12E1D07E0206869688842E8
:10FA000002D06FF00300BAE726464B46424639461D
:10FA10002046CDE9005600F069F8B0E72E2E5C4D87
:10FA20006964646C6577617265735C54686972645B
:10FA30005F50617274795C4C7749505C7372635C9F
:10FA4000636F72655C7564702E6300007564705F2F
:10FA500073656E64746F5F69663A20696E76616C77
:10FA60006964207063620000417373657274696F2A
:10FA70006E2022257322206661696C6564206174A2
:10FA8000206C696E6520256420696E2025730A004C
:10FA90007564705F73656E64746F5F69663A206940
:10FAA0006E76616C69642070627566007564705F63
:10FAB00073656E64746F5F69663A20696E76616C17
:10FAC0006964206473745F69700000007564705F1E
:10FAD00073656E64746F5F69663A20696E76616CF7
:10FAE0006964206E65746966000000002DE9FF4FAF
:10FAF00085B004460D469146DDE912AB00BF002CEF
:10FB00000DD100BF59A340F2D12264A16BA0F2F73E
:10FB100095FC00BF6FF00F0009B0BDE8F08F00BF8B
:10FB200000BF002D0BD100BF50A340F2D2226DA127
:10FB300062A0F2F783FC00BF6FF00F00ECE700BF9C
:10FB400000BFB9F1000F0BD100BF48A340F2D32290
:10FB50006CA15AA0F2F772FC00BF6FF00F00DBE758
:10FB600000BF00BFBBF1000F0BD100BF3FA34FF49C
:10FB700035726DA151A0F2F761FC00BF6FF00F006C
:10FB8000CAE700BF00BFBAF1000F0BD100BF37A317
:10FB900040F2D5226DA149A0F2F750FC00BF6FF0F2
:10FBA0000F00B9E700BF608A50B9628A214620463B
:10FBB000FFF7CCFA8046B8F1000F01D04046ABE722
:10FBC0002889083080B22989884202DA4FF0FF3054
:10FBD000A2E708212846F8F771FD88B14FF420729A
:10FBE00008212220F8F7E8FD064616B94FF0FF304D
:10FBF00092E7288928B129463046F9F75BF800E0FA
:10FC00002E4600BF7089082808D200BF17A340F213
:10FC10000D3257A129A0F2F711FC00BF00BF776891
:10FC2000608AF7F768FB38800898F7F764FB7880FC
:10FC30000020F8803089F7F75EFBB880112004902F
:10FC4000E07A0390A17A0498CDE9010A00914A462E
:10FC500059463046039BF6F71DFB8046AE4203D063
:10FC60003046F9F747FA0026404655E72E2E5C4D00
:10FC70006964646C6577617265735C546869726409
:10FC80005F50617274795C4C7749505C7372635C4D
:10FC9000636F72655C7564702E6300007564705FDD
:10FCA00073656E64746F5F69665F7372633A20692F
:10FCB0006E76616C696420706362000041737365E5
:10FCC0007274696F6E2022257322206661696C65EB
:10FCD00064206174206C696E6520256420696E2043
:10FCE00025730A007564705F73656E64746F5F6975
:10FCF000665F7372633A20696E76616C6964207026
:10FD0000627566007564705F73656E64746F5F69B9
:10FD1000665F7372633A20696E76616C6964206411
:10FD200073745F69700000007564705F73656E6462
:10FD3000746F5F69665F7372633A20696E76616C97
:10FD40006964207372635F69700000007564705F9E
:10FD500073656E64746F5F69665F7372633A20697E
:10FD60006E76616C6964206E6574696600000000DF
:10FD7000636865636B20746861742066697273746C
:10FD800020706275662063616E20686F6C642073FA
:10FD90007472756374207564705F6864720000002B
:10FDA00020040C00180100200000002000000000CA
:10FDB000000000000102030406070809000000001B
:10FDC0000102030400000000FFFFFFFFFFFFFFFF31
:10FDD000FFFF00000000000020000600535E00202E
:10FDE0004C00002098000A00165F00205000002000
:10FDF0001C000500096500205400002010000800C8
:10FE00009865002058000020200005001B66002097
:10FE10005C00002018000F00BE660020600000207B
:10FE200010000A00296800206400002010000A0069
:10FE3000CC68002068000020100208006F690020D4
:10FE40006C000020D8FD0008E4FD0008F0FD00086B
:10FE5000FCFD000808FE000814FE000820FE000853
:10FE60002CFE000838FE0008D4FF0008FCFF000844
:10FE70001C000108DCFF0008C8FF0008B0FF0008F4
:10FE8000BCFF000810000108E8FF0008F0FF0008B0
:10FE90000400010801020304050607070707070716
:10FEA0000703060C183060788800002084000020CA
:10FEB0008C00002090000020FA00000055EE0008A1
:10FEC000E8030000A56F0008E8030000AD52000839
:10FED00060EA0000552A0008F4010000592F0008CC
:10FEE00005000000646863705F6F7074696F6E3A3C
:10FEF000206F7074696F6E735F6F75745F6C656E81
:10FF0000202B2032202B206F7074696F6E5F6C6520
:10FF10006E203C3D20444843505F4F5054494F4E63
:10FF2000535F4C454E0000006E657469662D3E6857
:10FF300077616464725F6C656E206D7573742062A6
:10FF400065207468652073616D6520617320455478
:10FF5000485F4857414444525F4C454E20666F729B
:10FF60002065746861727021000000004C57495090
:10FF70005F434F4E53545F43415354206E6F742080
:10FF8000696D706C656D656E74656420636F727207
:10FF90006563746C792E20436865636B20796F7597
:10FFA00072206C77495020706F72742E0000000030
:10FFB00046494E5F574149545F31000046494E5F04
:10FFC000574149545F32000045535441424C495314
:10FFD00048454400434C4F534544000053594E5F3D
:10FFE0005243564400000000434C4F53494E4700D3
:10FFF0004C4153545F41434B000000004C49535463
:020000040801F1
:10000000454E000054494D455F574149540000009A
:10001000434C4F53455F57414954000053594E5F7D
:1000200053454E54000000007463705F656E717537
:100030006575655F666C6167733A206E65656420FF
:10004000656974686572205443505F53594E206F40
:1000500072205443505F46494E20696E20666C61A1
:100060006773202870726F6772616D6D657220769C
:10007000696F6C617465732041504929000000006C
:10008000A000010800000020E0000000BC240008DF
:1000900080010108E0000020287D0000CC24000839
:1000A0000000000000000000000000000000000050
:1000B00010000000010000000024F4000000000017
:1000C0000000000001031C00000000000000000010
:1000D0000000000000000000000000000000000020
:1000E0000000000000000000000000000000000010
:1000F0000000000000000000000000000000000000
:1001000000000000000000000000000000000000EF
:1001100000000000000000000000000000C000001F
:1001200000000000000000000000000000000000CF
:1001300000000000000000006E1900000000000038
:1001400000000000000000000000000000000000AF
:10015000000000000000000000000000000000009F
:10016000000000000000000000000000000000008F
:1001700000C00000000000000000000000000000BF
:040000050800018965
:00000001FF
